010100001;860;589;0;797;0;271;0;0;271;1;2;2;0;5;266;214;52;
010100002;700;443;0;689;0;257;0;0;257;12;0;0;0;12;245;176;69;
010100003;830;577;0;776;1;253;1;0;253;2;0;6;0;8;245;186;59;
010100004;1000;763;1;936;0;236;0;0;236;9;0;0;0;9;227;162;65;
010100005;750;486;0;845;0;264;0;0;264;1;0;0;0;1;263;201;62;
010100006;610;433;0;567;1;177;1;0;177;0;0;0;0;0;177;135;42;
010100007;720;513;0;636;2;207;2;0;207;1;6;1;0;8;199;157;42;
010100008;705;512;2;676;2;191;2;1;191;4;0;0;0;4;187;139;48;
010100009;1000;754;1;978;4;245;4;0;245;0;2;7;0;9;236;191;45;
010100010;900;615;0;831;0;285;0;0;285;0;3;10;0;13;272;219;53;
010100011;900;588;0;813;1;312;1;0;312;0;0;0;0;0;312;189;123;
010100012;1000;729;0;878;0;271;0;0;271;3;1;5;0;9;262;163;99;
010100013;740;475;0;710;0;265;0;0;265;2;0;1;0;3;262;163;99;
010100014;85;42;1;83;0;42;0;8;42;1;0;2;0;3;39;35;4;
010100015;100;22;0;113;0;78;0;0;78;1;0;0;0;1;77;67;10;
010100016;110;62;0;119;6;48;6;0;48;0;1;0;0;1;47;33;14;
010100017;270;144;0;277;4;126;4;0;126;9;1;0;0;10;116;100;16;
010100018;200;79;0;205;1;121;1;1;121;2;1;0;0;3;118;64;54;
010100019;470;110;0;474;0;360;0;3;360;0;0;0;0;0;360;352;8;
010200001;630;345;2;627;0;283;0;0;283;1;2;0;0;3;280;217;63;
010200002;720;392;2;717;0;326;0;0;326;0;5;0;0;5;321;271;50;
010200003;780;407;3;780;0;370;0;0;370;3;4;9;0;16;354;302;52;
010200004;670;346;1;669;0;323;0;1;323;0;1;0;0;1;322;289;33;
010200005;570;194;0;574;0;376;0;6;376;0;2;0;0;2;374;372;2;
010200006;980;426;1;914;0;553;0;7;553;0;0;1;0;1;552;547;5;
010200007;980;389;1;913;0;590;0;8;590;14;0;0;0;14;576;573;3;
010200008;980;371;1;910;0;608;0;6;608;4;2;0;0;6;602;599;3;
010200009;110;52;1;111;0;57;0;9;57;0;0;0;0;0;57;56;1;
010200010;200;48;2;200;0;150;0;7;150;0;0;0;0;0;150;147;3;
010200011;700;307;3;690;0;390;0;6;390;1;1;0;0;2;388;380;8;
010200012;80;41;1;83;0;38;0;7;38;0;0;0;0;0;38;38;0;
010200013;220;61;1;221;0;158;0;5;158;0;1;0;0;1;157;157;0;
010200014;200;46;1;169;0;153;0;4;153;4;0;0;0;4;149;148;1;
010200015;250;85;0;237;0;165;0;7;165;1;2;0;0;3;162;160;2;
010200016;180;67;1;180;0;112;0;5;112;0;1;0;0;1;111;109;2;
010300001;521;308;1;640;7;212;7;0;212;1;3;0;0;4;208;147;61;
010300002;500;248;0;610;10;252;10;9;252;6;0;0;0;6;246;188;58;
010300003;600;350;0;723;19;250;19;0;250;2;1;1;4;8;242;157;85;
010300004;750;490;0;738;1;260;1;0;260;5;0;0;0;5;255;178;77;
010300005;510;272;0;643;0;238;0;5;238;0;9;0;0;9;229;172;57;
010300006;510;264;0;640;0;246;0;4;246;1;1;0;2;4;242;173;69;
010300007;630;293;2;794;5;335;5;0;335;1;0;0;0;1;334;318;16;
010300008;615;418;1;779;1;196;1;4;196;1;1;1;0;3;193;146;47;
010300009;610;324;0;768;0;286;0;4;286;2;0;3;0;5;281;244;37;
010300010;600;381;0;758;0;219;0;2;219;1;0;0;0;1;218;172;46;
010300011;500;247;0;632;7;253;7;0;253;0;0;0;0;0;253;179;74;
010300012;614;372;0;775;3;242;3;0;242;0;3;0;0;3;239;165;74;
010300013;470;245;0;588;7;225;7;0;225;2;0;0;0;2;223;158;65;
010300014;510;289;0;637;0;221;0;0;221;2;1;0;0;3;218;147;71;
010300015;470;260;0;589;0;210;0;0;210;1;3;3;0;7;203;135;68;
010300016;400;193;1;486;3;206;3;6;206;1;3;0;0;4;202;151;51;
010300017;400;210;1;480;6;189;6;8;189;2;4;2;0;8;181;121;60;
010300018;500;248;2;628;10;250;10;8;250;1;3;2;0;6;244;187;57;
010300019;650;379;0;815;17;271;17;0;271;0;3;0;0;3;268;195;73;
010300020;500;281;0;630;7;219;7;0;219;1;2;2;0;5;214;160;54;
010300021;550;288;0;696;7;262;7;0;262;0;3;0;0;3;259;191;68;
010300022;540;319;0;675;1;221;1;4;221;2;1;0;0;3;218;164;54;
010300023;220;109;0;274;13;111;13;0;111;2;0;0;0;2;109;59;50;
010300024;400;217;0;500;1;183;1;0;183;2;2;0;0;4;179;131;48;
010300025;310;175;2;389;0;133;0;0;133;1;2;0;0;3;130;89;41;
010300026;550;324;0;682;1;226;1;0;226;2;5;0;0;7;219;160;59;
010300027;520;234;3;627;34;283;34;0;283;7;0;0;0;7;276;226;50;
010300028;350;187;1;162;27;162;27;11;162;4;2;0;0;6;156;122;34;
010300029;510;261;0;637;19;249;19;2;249;1;0;3;1;5;244;178;66;
010300030;420;233;1;524;8;186;8;2;186;0;1;0;0;1;185;138;47;
010300031;470;244;1;593;0;225;0;0;225;0;4;0;0;4;221;169;52;
010300032;300;199;0;357;0;101;0;0;101;0;1;0;0;1;100;68;32;
010300033;170;32;0;45;122;138;122;0;138;0;0;0;0;0;138;125;13;
010300034;530;293;0;663;0;237;0;4;237;2;2;5;0;9;228;163;65;
010300035;480;235;0;602;1;245;1;1;245;3;2;0;0;5;240;149;91;
010300036;450;250;0;550;4;200;4;0;200;3;5;0;0;8;192;141;51;
010300037;380;190;0;467;3;190;3;0;190;1;2;1;0;4;186;137;49;
010300038;350;197;0;416;2;153;2;0;153;0;2;2;0;4;149;103;46;
010300039;350;185;0;409;0;165;0;0;165;0;2;0;0;2;163;124;39;
010300040;470;287;1;582;4;182;4;3;182;1;2;0;0;3;179;131;48;
010300041;650;354;0;802;2;296;2;0;296;0;2;3;0;5;291;222;69;
010300042;580;310;0;733;9;270;9;5;270;3;3;4;0;10;260;176;84;
010300043;530;277;2;677;4;251;4;2;251;1;7;0;1;9;242;173;69;
010300044;540;262;0;693;0;278;0;0;278;1;2;0;0;3;275;214;61;
010300045;610;250;2;774;61;358;61;0;358;1;2;0;0;3;355;273;82;
010300046;480;256;0;608;8;224;8;0;224;0;7;0;0;7;217;152;65;
010300047;570;338;0;709;11;232;11;0;232;0;4;0;0;4;228;166;62;
010300048;500;216;1;617;2;283;2;0;283;0;5;0;0;5;278;219;59;
010300049;580;297;0;727;0;283;0;0;283;3;4;0;0;7;276;208;68;
010300050;600;306;0;757;1;294;1;0;294;2;4;0;0;6;288;203;85;
010300051;520;243;1;662;8;276;8;3;276;0;8;0;0;8;268;188;80;
010300052;530;270;0;674;1;260;1;5;260;0;3;0;0;3;257;203;54;
010300053;360;211;0;446;16;149;16;0;149;0;0;0;0;0;149;92;57;
010300054;450;237;0;558;14;213;14;0;213;0;0;0;0;0;213;120;93;
010300055;480;279;0;610;0;201;0;4;201;0;1;0;0;1;200;120;80;
010300056;430;249;0;536;1;181;1;0;181;0;1;5;0;6;175;119;56;
010300057;400;221;0;512;3;179;3;3;179;1;0;0;0;1;178;114;64;
010300058;500;252;0;614;0;248;0;0;248;0;2;0;0;2;246;140;106;
010300059;540;358;0;685;0;182;0;0;182;0;0;0;8;8;174;147;27;
010300060;410;224;0;517;0;186;0;6;186;1;0;0;0;1;185;139;46;
010300061;620;384;0;781;0;236;0;0;236;0;12;0;0;12;224;151;73;
010300062;500;318;0;624;0;182;0;0;182;6;1;0;0;7;175;145;30;
010300063;550;374;0;688;0;176;0;6;176;1;3;1;0;5;171;134;37;
010300064;600;353;0;733;0;247;0;0;247;0;2;3;0;5;242;191;51;
010300065;600;390;0;749;5;210;5;0;210;0;3;0;0;3;207;141;66;
010300066;550;295;0;710;1;255;1;0;255;0;3;0;0;3;252;182;70;
010300067;470;325;0;588;0;145;0;0;145;1;1;0;0;2;143;112;31;
010300068;440;278;0;554;1;162;1;0;162;1;1;0;0;2;160;123;37;
010300069;500;326;1;610;0;173;0;3;173;1;1;1;0;3;170;129;41;
010300070;500;323;0;638;0;177;0;0;177;0;1;0;0;1;176;125;51;
010300071;500;333;0;622;0;167;0;0;167;2;2;2;0;6;161;99;62;
010300072;430;283;0;547;0;147;0;0;147;1;0;1;0;2;145;104;41;
010300073;550;370;0;688;1;180;1;2;180;1;0;0;0;1;179;120;59;
010300074;430;285;0;556;0;145;0;0;145;5;0;0;0;5;140;104;36;
010300075;620;371;0;785;1;249;1;7;249;1;2;1;0;4;245;171;74;
010300076;600;321;0;737;1;279;1;0;279;0;3;0;0;3;276;233;43;
010300077;650;477;0;635;0;173;0;0;173;2;1;0;0;3;170;108;62;
010300078;500;317;1;643;0;182;0;0;182;0;2;0;0;2;180;125;55;
010300079;480;295;0;573;2;185;2;0;185;0;3;0;0;3;182;125;57;
010300080;400;251;0;501;0;149;0;4;149;0;3;0;0;3;146;93;53;
010300081;370;239;1;472;7;130;7;0;130;0;1;0;0;1;129;83;46;
010300082;570;361;1;693;1;208;1;5;208;2;2;0;0;4;204;155;49;
010300083;650;475;0;817;0;175;0;0;175;1;2;1;0;4;171;115;56;
010300084;460;262;3;582;0;195;0;0;195;0;1;0;0;1;194;118;76;
010300085;520;326;0;648;1;194;1;3;194;5;2;1;0;8;186;127;59;
010300086;550;358;0;695;0;192;0;7;192;4;0;0;0;4;188;125;63;
010300087;400;248;0;508;0;152;0;0;152;0;6;0;0;6;146;101;45;
010300088;470;316;0;590;0;154;0;0;154;0;0;1;1;2;152;105;47;
010300089;500;305;0;637;3;195;3;0;195;1;3;0;0;4;191;137;54;
010300090;480;302;0;598;0;178;0;7;178;0;0;9;0;9;169;124;45;
010300091;500;348;0;618;0;152;0;4;152;2;2;0;0;4;148;106;42;
010300092;420;295;0;517;5;125;5;0;125;0;3;0;0;3;122;94;28;
010300093;370;252;0;461;0;118;0;0;118;1;0;3;0;4;114;75;39;
010300094;340;236;0;436;0;104;0;0;104;0;1;0;0;1;103;72;31;
010300095;480;294;0;597;13;186;13;9;186;0;1;0;0;1;185;134;51;
010300096;430;260;0;551;3;170;3;0;170;0;1;0;0;1;169;115;54;
010300097;100;47;0;86;0;53;0;5;53;0;0;0;0;0;53;44;9;
010300098;70;39;0;65;0;31;0;5;31;1;1;0;0;2;29;26;3;
010300099;91;18;0;94;0;73;0;0;73;0;0;0;0;0;73;60;13;
010300100;80;49;0;76;8;31;8;0;31;2;0;0;0;2;29;28;1;
010300101;421;236;0;419;3;185;3;0;185;1;0;0;0;1;184;120;64;
010300102;481;246;0;488;10;235;10;0;235;4;0;12;0;16;219;194;25;
010300103;700;466;0;702;6;234;6;0;234;2;2;3;0;7;227;139;88;
010300104;40;21;0;34;3;19;3;0;19;2;0;0;0;2;17;17;0;
010300105;600;434;0;605;5;166;5;0;166;1;3;3;0;7;159;119;40;
010300107;55;21;0;49;0;34;0;0;34;0;0;0;0;0;34;28;6;
010300108;35;16;0;17;2;19;2;2;19;0;0;0;0;0;19;19;0;
010300109;150;92;0;147;1;58;1;4;58;0;0;0;0;0;58;45;13;
010300110;60;19;0;57;5;41;5;0;41;0;0;1;0;1;40;34;6;
010300111;600;373;0;702;1;227;1;4;227;2;2;1;0;5;222;162;60;
010300112;600;400;0;679;4;200;4;0;200;1;1;0;0;2;198;139;59;
010300113;100;60;0;97;0;40;0;0;40;0;0;0;0;0;40;28;12;
010300114;190;82;0;184;0;108;0;0;108;3;3;0;0;6;102;77;25;
010300115;230;123;0;223;5;107;5;0;107;0;0;0;0;0;107;84;23;
010300116;100;60;0;108;5;40;5;0;40;0;0;1;0;1;39;36;3;
010300117;250;89;0;251;0;161;0;3;161;3;2;2;0;7;154;137;17;
010300118;90;21;0;85;6;69;6;0;69;15;0;0;0;15;54;46;8;
010300119;240;98;1;236;3;141;3;0;141;1;1;0;0;2;139;120;19;
010300120;55;11;1;51;1;43;1;0;43;1;0;0;0;1;42;34;8;
010300121;123;57;0;128;1;66;1;6;66;0;0;0;0;0;66;49;17;
011100001;800;426;0;1020;0;374;0;0;374;0;2;0;0;2;372;200;172;
011100002;800;481;0;968;0;319;0;0;319;7;2;0;0;9;310;138;172;
011100003;630;359;2;697;0;269;0;0;269;6;0;0;0;6;263;133;130;
011100004;650;341;0;772;1;309;1;0;309;5;7;4;0;16;293;196;97;
011100005;650;369;0;723;2;281;2;1;281;2;2;0;0;4;277;166;111;
011100006;600;321;0;696;0;279;0;4;279;2;8;0;0;10;269;184;85;
011100007;576;297;0;608;1;279;1;0;279;1;12;4;1;18;261;156;105;
011100008;650;292;0;781;0;358;0;0;358;5;6;0;0;11;347;204;143;
011100009;650;399;0;626;0;251;0;0;251;1;9;0;0;10;241;156;85;
011100010;600;379;0;653;0;221;0;0;221;1;4;0;0;5;216;124;92;
011100011;600;340;0;679;0;260;0;2;260;5;0;4;0;9;251;159;92;
011100012;600;356;0;694;2;244;2;0;244;0;2;1;0;3;241;148;93;
011100013;650;432;0;743;0;218;0;0;218;0;1;3;0;4;214;121;93;
011100014;650;432;0;734;0;218;0;0;218;0;1;6;0;7;211;125;86;
011100015;750;487;0;806;0;263;0;0;263;0;0;4;0;4;259;157;102;
011100016;601;400;0;648;0;201;0;0;201;0;0;0;0;0;201;128;73;
011100017;700;481;0;817;0;219;0;0;219;0;3;1;0;4;215;138;77;
011100018;700;335;1;842;7;364;7;0;364;17;0;4;0;21;343;298;45;
011100019;700;281;0;841;0;419;0;0;419;1;1;17;1;20;399;393;6;
011100020;644;369;1;765;0;274;0;0;274;0;3;1;0;4;270;136;134;
011100021;700;383;11;828;0;306;0;0;306;0;11;0;0;11;295;164;131;
011100022;700;415;0;843;0;285;0;0;285;0;4;0;0;4;281;156;125;
011100023;58;35;0;38;0;23;0;0;23;0;1;0;0;1;22;21;1;
011100024;450;206;0;644;0;244;0;0;244;0;2;0;0;2;242;152;90;
011100025;450;251;0;606;0;199;0;0;199;0;19;0;0;19;180;90;90;
011100026;350;185;0;499;0;165;0;0;165;0;1;2;0;3;162;89;73;
011100027;350;172;0;486;0;178;0;0;178;4;1;1;0;6;172;105;67;
011100028;350;163;0;454;0;187;0;0;187;0;4;0;0;4;183;105;78;
011100029;400;197;0;541;5;203;5;4;203;3;1;0;0;4;199;114;85;
011100030;300;97;0;339;2;203;2;0;203;0;0;0;0;0;203;197;6;
011100031;600;76;1;660;7;523;7;6;523;0;0;8;0;8;515;514;1;
011100032;550;31;20;619;0;499;0;0;499;1;1;0;0;2;497;490;7;
011100033;600;130;0;617;0;470;0;0;470;0;1;0;0;1;469;454;15;
011100034;700;199;0;709;0;501;0;2;501;0;1;0;0;1;500;485;15;
011100035;711;190;3;693;2;518;2;0;518;1;1;1;0;3;515;505;10;
011100036;400;143;0;421;0;257;0;4;257;3;2;0;0;5;252;241;11;
011100037;450;156;0;477;0;294;0;4;294;0;1;9;0;10;284;277;7;
011100038;450;155;0;485;0;295;0;0;295;1;0;0;0;1;294;289;5;
011100039;550;56;1;610;0;493;0;4;493;0;0;0;0;0;493;490;3;
011100040;550;127;0;594;0;423;0;0;423;2;0;0;0;2;421;420;1;
011100041;40;13;0;43;0;27;0;0;27;3;0;0;0;3;24;14;10;
011100042;70;20;0;75;4;50;4;0;50;1;1;0;0;2;48;44;4;
011300001;600;275;3;623;0;322;0;0;322;4;6;1;0;11;311;247;64;
011300002;800;432;0;820;1;368;1;0;368;0;4;0;0;4;364;209;155;
011300003;200;122;0;200;0;78;0;0;78;0;0;0;0;0;78;47;31;
011300004;800;139;0;790;1;661;1;0;661;0;0;0;0;0;661;661;0;
011300005;800;143;1;784;0;656;0;0;656;0;1;0;0;1;655;655;0;
011300006;1000;264;0;904;0;736;0;0;736;0;5;0;0;5;731;727;4;
011300007;900;291;0;906;0;609;0;3;609;0;2;0;0;2;607;605;2;
011300008;700;358;0;735;0;342;0;0;342;1;9;0;0;10;332;310;22;
011300009;600;299;0;631;0;301;0;0;301;0;1;0;0;1;300;291;9;
011300010;55;16;0;55;0;39;0;0;39;0;0;0;0;0;39;29;10;
011300011;200;30;0;202;0;170;0;0;170;0;0;0;0;0;170;169;1;
011300012;150;65;0;148;0;85;0;0;85;1;4;0;0;5;80;45;35;
011300013;700;447;3;648;0;250;0;0;250;2;1;5;0;8;242;191;51;
011300014;700;469;0;632;0;231;0;0;231;0;7;0;0;7;224;164;60;
011300015;300;19;0;299;0;281;0;0;281;0;0;0;0;0;281;280;1;
011300016;500;132;0;455;1;368;1;0;368;0;0;0;0;0;368;363;5;
011300017;900;108;0;883;0;792;0;0;792;1;2;0;0;3;789;789;0;
011300018;1000;48;0;1031;0;952;0;0;952;0;4;0;0;4;948;948;0;
011300019;250;35;0;237;0;215;0;1;215;0;0;0;0;0;215;214;1;
011300020;500;99;0;661;0;401;0;0;401;0;0;0;0;0;401;401;0;
012800001;700;436;0;677;1;264;1;0;264;13;0;0;1;14;250;156;94;
012800002;660;450;0;653;0;210;0;0;210;1;2;0;0;3;207;159;48;
012800003;930;542;0;924;2;388;2;0;388;10;3;3;0;16;372;190;182;
012800004;900;631;0;900;0;269;0;0;269;0;2;13;0;15;254;137;117;
012800005;600;357;1;580;0;242;0;0;242;0;0;0;0;0;242;133;109;
012800006;600;367;0;593;1;233;1;1;233;1;1;0;0;2;231;130;101;
012800007;530;330;0;516;0;200;0;0;200;0;11;0;0;11;189;138;51;
012800008;80;28;0;79;8;52;8;0;52;0;0;0;0;0;52;31;21;
012800009;80;41;0;68;5;39;5;0;39;0;0;0;0;0;39;25;14;
013300001;830;602;1;816;8;227;8;0;227;2;0;2;0;4;223;116;107;
013300002;760;497;2;747;0;261;0;0;261;0;1;7;0;8;253;132;121;
013300003;890;539;0;877;0;351;0;0;351;4;10;0;0;14;337;173;164;
013300004;1050;713;1;1034;0;336;0;0;336;3;5;0;0;8;328;172;156;
013300005;910;566;0;896;0;344;0;0;344;5;0;0;0;5;339;205;134;
013300006;950;622;0;935;1;328;1;0;328;2;2;0;0;4;324;156;168;
013300007;920;564;1;903;0;355;0;1;355;0;7;0;0;7;348;184;164;
013300008;900;602;0;886;0;298;0;0;298;1;2;0;0;3;295;159;136;
013300009;950;620;0;926;0;330;0;1;330;0;2;6;0;8;322;109;213;
013300010;1000;676;0;986;0;324;0;0;324;5;0;0;0;5;319;117;202;
013300011;920;653;1;901;0;266;0;0;266;1;3;0;0;4;262;112;150;
013300012;810;547;1;796;3;262;3;0;262;0;0;0;0;0;262;133;129;
013300013;920;608;0;906;2;312;2;2;312;0;1;13;0;14;298;127;171;
013300014;770;500;2;758;3;268;3;0;268;0;3;2;0;5;263;146;117;
013300015;950;709;0;928;3;241;3;0;241;1;1;3;0;5;236;129;107;
013300016;940;620;1;931;0;319;0;5;319;1;1;0;0;2;317;142;175;
013300017;870;626;2;847;6;242;6;0;242;2;0;1;0;3;239;126;113;
013300018;900;596;1;883;5;303;5;0;303;1;0;2;0;3;300;134;166;
013300019;780;509;2;767;0;269;0;0;269;1;5;0;0;6;263;138;125;
013300020;760;471;2;741;0;287;0;0;287;0;4;1;0;5;282;171;111;
013300021;810;514;1;796;0;295;0;1;295;0;0;4;0;4;291;159;132;
013300022;770;486;1;762;0;283;0;0;283;5;0;1;0;6;277;139;138;
013300023;870;619;0;863;0;251;0;5;251;1;5;0;0;6;245;108;137;
013300024;1000;671;1;979;0;328;0;0;328;2;3;0;0;5;323;122;201;
013300025;500;340;0;483;5;160;5;5;160;0;0;0;0;0;160;156;4;
013300026;510;300;0;502;0;210;0;0;210;3;1;0;0;4;206;203;3;
013300027;500;368;0;484;3;132;3;0;132;0;0;0;0;0;132;127;5;
013300028;600;360;3;589;0;237;0;0;237;1;2;3;0;6;231;186;45;
013300029;700;513;0;687;0;187;0;4;187;0;1;0;0;1;186;104;82;
013300030;700;556;1;683;0;143;0;0;143;2;2;2;0;6;137;73;64;
013300031;900;609;2;873;0;289;0;2;289;3;0;0;0;3;286;151;135;
013300032;670;469;1;653;6;200;6;0;200;0;1;0;0;1;199;85;114;
013300033;450;296;0;435;4;154;4;0;154;0;3;0;0;3;151;94;57;
013300034;660;319;0;656;0;341;0;0;341;0;7;0;0;7;334;124;210;
013300035;273;143;0;265;0;130;0;0;130;0;0;0;0;0;130;88;42;
013300036;240;148;0;216;2;92;2;0;92;0;0;0;0;0;92;37;55;
013300037;560;354;0;547;5;206;5;0;206;7;0;0;0;7;199;88;111;
013300038;580;362;0;558;0;218;0;0;218;0;0;0;1;1;217;111;106;
013300039;150;80;0;136;3;70;3;0;70;0;0;0;1;1;69;49;20;
013300040;200;134;0;188;1;66;1;1;66;0;1;1;0;2;64;55;9;
013300041;170;87;0;163;0;83;0;0;83;0;2;0;0;2;81;59;22;
013300042;600;374;0;590;2;226;2;0;226;3;0;0;0;3;223;177;46;
013300043;390;222;1;377;0;167;0;5;167;0;2;0;0;2;165;101;64;
013300044;360;224;0;344;2;136;2;0;136;0;0;0;0;0;136;88;48;
013300045;140;86;0;125;3;54;3;0;54;0;1;0;0;1;53;40;13;
013300046;300;142;0;278;0;158;0;0;158;0;1;7;1;9;149;97;52;
013300047;210;98;0;193;1;112;1;0;112;0;9;0;0;9;103;67;36;
013300048;820;534;0;811;3;286;3;0;286;0;0;0;0;0;286;174;112;
013300049;730;463;0;722;1;267;1;2;267;0;4;0;0;4;263;180;83;
013300050;510;315;0;494;0;195;0;0;195;0;1;5;0;6;189;91;98;
013300051;1000;833;1;427;2;166;2;2;166;0;2;0;0;2;164;81;83;
013300052;590;284;3;573;3;303;3;0;303;5;0;0;0;5;298;168;130;
013300053;520;277;0;504;4;243;4;0;243;3;1;0;0;4;239;124;115;
013300054;500;318;0;483;6;182;6;0;182;0;3;0;0;3;179;101;78;
013300055;180;108;0;164;0;72;0;1;72;0;0;0;0;0;72;49;23;
013300056;910;620;0;903;5;290;5;0;290;3;1;0;0;4;286;155;131;
013300057;860;653;0;854;0;207;0;0;207;0;10;0;0;10;197;120;77;
013300058;880;632;3;861;2;245;2;0;245;0;3;0;0;3;242;134;108;
013300059;610;352;0;595;6;258;6;0;258;0;0;0;0;0;258;163;95;
013300060;580;318;2;570;0;260;0;0;260;0;1;0;0;1;259;93;166;
013300061;330;214;0;317;2;116;2;0;116;6;3;0;0;9;107;71;36;
013300062;210;156;0;203;0;54;0;0;54;0;0;0;0;0;54;41;13;
013300063;110;66;0;96;0;44;0;0;44;0;3;1;0;4;40;30;10;
013300064;100;28;0;83;5;72;5;0;72;0;4;0;0;4;68;62;6;
013300065;210;132;0;200;0;78;0;1;78;5;0;0;0;5;73;59;14;
013300066;290;169;0;282;0;121;0;1;121;0;2;2;1;5;116;81;35;
013300067;100;58;0;92;2;42;2;2;42;0;1;2;0;3;39;34;5;
013300068;80;56;0;65;0;24;0;1;24;0;0;0;0;0;24;23;1;
013300069;70;40;0;60;0;30;0;0;30;0;0;0;0;0;30;15;15;
013300070;330;200;1;317;0;129;0;0;129;3;3;0;0;6;123;99;24;
013300071;50;25;0;41;0;25;0;1;25;0;0;0;1;1;24;22;2;
013300072;70;48;1;57;0;21;0;0;21;0;0;0;0;0;21;11;10;
013300073;40;18;0;24;0;22;0;0;22;0;0;0;0;0;22;19;3;
013300074;90;49;0;82;2;41;2;2;41;0;0;0;0;0;41;39;2;
013300075;100;71;0;84;0;29;0;0;29;2;0;0;0;2;27;9;18;
013300076;90;44;0;82;5;46;5;0;46;0;0;0;0;0;46;34;12;
013300077;80;27;0;69;0;53;0;0;53;0;0;0;0;0;53;38;15;
013300078;140;69;0;129;5;71;5;0;71;2;0;0;0;2;69;49;20;
013300079;50;20;0;42;2;30;2;0;30;0;0;0;0;0;30;22;8;
013300080;476;295;0;460;0;181;0;0;181;1;2;2;0;5;176;99;77;
013300081;500;331;0;488;0;169;0;0;169;0;8;0;0;8;161;90;71;
013300082;870;551;0;867;2;319;2;0;319;0;1;0;0;1;318;216;102;
013300083;870;520;0;855;3;350;3;0;350;2;2;1;0;5;345;223;122;
013300084;750;506;0;728;0;244;0;0;244;2;3;0;0;5;239;126;113;
013300085;300;187;0;277;1;113;1;0;113;1;0;1;0;2;111;102;9;
013300086;770;415;1;763;2;354;2;0;354;1;3;0;0;4;350;299;51;
013300087;470;346;0;450;0;124;0;0;124;0;0;7;0;7;117;72;45;
013300088;420;294;0;405;1;126;1;1;126;0;2;3;0;5;121;84;37;
013300089;500;362;0;478;2;138;2;0;138;0;6;0;0;6;132;92;40;
013300090;430;346;0;415;4;84;4;0;84;3;1;0;0;4;80;39;41;
013300091;582;404;0;587;0;178;0;3;178;2;0;0;0;2;176;111;65;
013300092;61;52;0;61;0;9;0;0;9;1;0;0;0;1;8;6;2;
013700001;770;461;0;679;0;309;0;6;309;5;1;0;0;6;303;234;69;
013700002;650;386;0;649;0;264;0;0;264;2;2;0;0;4;260;216;44;
013700003;760;425;0;766;0;335;0;0;335;6;2;2;0;10;325;245;80;
013700004;760;463;0;763;0;297;0;0;297;4;4;9;0;17;280;208;72;
013700005;596;376;0;597;4;220;4;0;220;1;3;0;0;4;216;160;56;
013700006;590;354;0;588;0;236;0;0;236;4;6;0;0;10;226;184;42;
013700007;570;320;1;574;0;249;0;0;249;1;3;2;0;6;243;192;51;
013700008;940;532;0;945;1;408;1;2;408;1;4;1;0;6;402;265;137;
013700009;750;422;0;744;1;328;1;0;328;4;4;0;0;8;320;251;69;
013700010;700;462;0;704;0;238;0;0;238;1;5;2;0;8;230;169;61;
013700011;530;303;0;531;0;227;0;0;227;1;0;0;0;1;226;165;61;
013700012;690;373;0;691;1;317;1;0;317;1;4;0;0;5;312;210;102;
013700013;540;320;0;544;0;220;0;0;220;1;6;1;0;8;212;162;50;
013700014;650;419;0;650;3;231;3;0;231;3;3;1;0;7;224;179;45;
013700015;550;258;0;552;0;292;0;1;292;0;0;0;0;0;292;290;2;
013700016;440;175;0;443;5;265;5;0;265;0;0;0;0;0;265;258;7;
013700017;720;449;0;725;2;271;2;0;271;2;4;0;0;6;265;200;65;
013700018;720;448;0;720;2;272;2;0;272;1;4;0;0;5;267;224;43;
013700019;500;299;0;497;3;201;3;0;201;2;1;5;0;8;193;164;29;
013700020;730;464;0;736;0;266;0;2;266;2;4;0;0;6;260;212;48;
013700021;660;449;1;663;0;210;0;0;210;0;5;0;0;5;205;172;33;
013700022;900;601;0;894;4;299;4;0;299;16;1;1;0;18;281;237;44;
013700023;550;308;0;556;0;242;0;0;242;1;1;0;0;2;240;191;49;
013700024;890;488;0;891;2;402;2;0;402;13;1;0;0;14;388;247;141;
013700025;550;301;0;553;2;249;2;1;249;0;7;0;1;8;241;162;79;
013700026;790;471;0;790;0;319;0;1;319;11;2;0;0;13;306;208;98;
013700027;590;389;0;586;0;201;0;1;201;0;2;0;0;2;199;131;68;
013700028;60;14;0;62;0;46;0;2;46;0;0;1;0;1;45;38;7;
014000001;670;443;1;702;5;226;5;5;226;3;0;0;0;3;223;135;88;
014000002;760;498;1;776;0;261;0;0;261;3;0;0;0;3;258;151;107;
014000003;1100;770;0;930;0;330;0;0;330;0;4;0;0;4;326;186;140;
014000004;920;638;0;935;0;282;0;0;282;0;0;1;0;1;281;170;111;
014000005;740;492;2;721;0;246;0;0;246;0;1;0;0;1;245;158;87;
014000006;940;694;0;904;0;246;0;0;246;3;3;0;0;6;240;142;98;
014000007;860;551;0;834;0;309;0;6;309;3;1;0;0;4;305;195;110;
014000008;730;508;1;708;0;221;0;1;221;0;5;0;0;5;216;132;84;
014000009;480;319;0;467;0;161;0;0;161;0;0;1;0;1;160;121;39;
014000010;500;385;0;488;0;115;0;1;115;0;0;0;0;0;115;64;51;
014000011;800;533;0;774;0;267;0;1;267;1;3;0;0;4;263;162;101;
014000012;770;509;1;751;0;260;0;4;260;6;8;0;0;14;246;127;119;
014000013;930;608;0;904;0;322;0;0;322;1;16;0;0;17;305;185;120;
014000014;940;708;0;915;0;232;0;2;232;0;1;3;0;4;228;113;115;
014000015;590;410;0;583;3;180;3;0;180;1;0;0;0;1;179;95;84;
014000016;780;466;0;759;3;314;3;1;314;0;2;0;0;2;312;152;160;
014000017;780;477;2;760;0;301;0;1;301;1;1;0;0;2;299;170;129;
014000018;850;558;1;822;2;291;2;2;291;1;6;0;0;7;284;165;119;
014000019;740;472;0;721;0;268;0;2;268;1;0;0;0;1;267;165;102;
014000020;760;503;0;740;0;257;0;0;257;1;0;0;0;1;256;152;104;
014000021;720;451;0;700;0;269;0;0;269;0;2;0;0;2;267;158;109;
014000022;440;275;0;420;4;165;4;0;165;0;9;0;0;9;156;89;67;
014000023;800;566;0;789;0;234;0;0;234;0;3;0;0;3;231;139;92;
014000024;650;486;0;633;0;164;0;0;164;0;1;0;0;1;163;96;67;
014000025;750;510;1;736;1;239;1;0;239;0;4;0;0;4;235;160;75;
014000026;550;334;0;544;0;216;0;0;216;1;0;4;0;5;211;155;56;
014000027;950;645;0;927;0;305;0;0;305;0;0;0;0;0;305;197;108;
014000028;830;549;0;812;10;281;10;0;281;17;0;0;0;17;264;224;40;
014000029;740;519;0;733;0;221;0;0;221;3;1;1;1;6;215;159;56;
014000030;970;670;0;960;0;300;0;0;300;18;0;0;0;18;282;239;43;
014000031;780;507;1;759;0;272;0;4;272;2;0;11;0;13;259;228;31;
014000032;30;23;0;24;0;7;0;0;7;1;0;0;0;1;6;6;0;
014000033;320;181;0;319;4;139;4;0;139;0;0;0;0;0;139;63;76;
014000034;340;194;0;334;5;146;5;0;146;0;0;0;0;0;146;95;51;
014000035;30;6;0;25;0;24;0;5;24;0;0;0;0;0;24;15;9;
014000036;320;180;0;311;4;140;4;0;140;0;0;0;0;0;140;118;22;
014000037;520;340;0;514;1;180;1;0;180;6;0;0;0;6;174;80;94;
014000038;340;201;0;335;0;139;0;2;139;6;0;0;0;6;133;86;47;
014000039;280;200;0;275;4;80;4;0;80;0;0;0;0;0;80;42;38;
014000041;70;38;0;66;0;32;0;0;32;0;0;0;0;0;32;28;4;
014000042;470;303;0;455;10;167;10;0;167;0;2;2;0;4;163;91;72;
014000043;440;306;0;427;0;134;0;0;134;0;2;4;0;6;128;85;43;
014000044;550;309;3;549;0;238;0;4;238;2;0;0;0;2;236;170;66;
014000045;660;357;0;648;2;303;2;0;303;6;0;0;0;6;297;163;134;
014000046;510;322;0;503;5;188;5;0;188;0;3;0;0;3;185;122;63;
014000047;550;319;0;535;4;231;4;0;231;0;0;0;0;0;231;176;55;
014000048;560;384;0;541;3;176;3;0;176;5;0;0;0;5;171;79;92;
014000049;450;359;0;448;0;91;0;0;91;3;0;0;0;3;88;47;41;
014000050;630;467;0;608;0;163;0;0;163;0;0;0;0;0;163;129;34;
014000051;570;409;0;554;5;161;5;0;161;0;1;0;0;1;160;93;67;
014000052;190;123;0;188;0;67;0;0;67;0;4;0;0;4;63;50;13;
014000053;40;18;0;34;0;22;0;5;22;1;0;0;1;2;20;17;3;
014000054;119;55;0;118;1;64;1;0;64;0;0;0;0;0;64;55;9;
014000055;110;60;0;110;0;50;0;0;50;1;0;0;0;1;49;35;14;
014000056;110;62;0;83;3;48;3;0;48;1;1;0;0;2;46;38;8;
014000057;94;67;0;80;0;27;0;0;27;1;0;0;0;1;26;21;5;
014000058;110;44;0;98;3;66;3;0;66;3;0;0;0;3;63;51;12;
014000059;260;144;3;255;0;113;0;0;113;1;0;0;2;3;110;104;6;
014000060;660;392;1;658;0;267;0;0;267;0;2;1;0;3;264;193;71;
014000061;240;140;0;224;1;100;1;0;100;1;0;1;0;2;98;75;23;
014000062;51;11;0;45;1;40;1;0;40;0;0;0;0;0;40;30;10;
014000063;40;20;0;35;2;20;2;2;20;0;2;0;0;2;18;16;2;
014000065;50;30;0;48;5;20;5;0;20;0;0;0;0;0;20;13;7;
014000066;40;18;0;35;5;22;5;5;22;0;0;0;0;0;22;17;5;
014000067;50;32;0;51;0;18;0;0;18;0;0;0;0;0;18;16;2;
014000068;384;230;0;154;0;154;0;0;154;0;5;0;0;5;149;83;66;
014000069;410;253;0;397;2;157;2;0;157;1;2;0;0;3;154;84;70;
014000070;590;353;0;569;2;237;2;0;237;0;1;0;0;1;236;114;122;
014000072;180;120;0;170;1;60;1;0;60;1;0;0;0;1;59;41;18;
014000073;340;214;0;339;2;126;2;0;126;0;2;0;0;2;124;58;66;
014000074;320;226;0;317;0;94;0;3;94;1;0;2;0;3;91;61;30;
014000075;80;26;0;82;0;54;0;0;54;0;0;0;0;0;54;46;8;
014000076;260;155;0;256;0;105;0;0;105;0;1;0;0;1;104;59;45;
014000078;110;70;0;101;2;40;2;2;40;1;0;0;0;1;39;28;11;
014000079;255;140;0;257;0;115;0;2;115;0;1;0;0;1;114;99;15;
014000081;80;52;0;80;3;28;3;3;28;1;0;0;0;1;27;21;6;
014000082;155;86;0;153;1;69;1;0;69;1;0;0;0;1;68;56;12;
014000083;30;15;0;29;0;15;0;0;15;0;0;0;0;0;15;6;9;
014000084;90;71;0;84;0;19;0;0;19;0;0;0;0;0;19;14;5;
014200001;300;58;0;316;0;242;0;0;242;0;0;0;0;0;242;242;0;
014200002;400;158;0;429;0;242;0;0;242;0;0;0;0;0;242;238;4;
014200003;500;194;0;475;0;306;0;0;306;0;0;0;0;0;306;304;2;
014200004;550;45;0;563;0;505;0;0;505;0;0;0;0;0;505;505;0;
014200005;600;94;1;622;0;505;0;0;505;0;0;0;0;0;505;504;1;
014200006;550;160;1;589;1;389;1;0;389;1;2;2;0;5;384;380;4;
014200007;750;296;0;783;0;454;0;0;454;0;2;2;0;4;450;444;6;
014200008;300;150;0;318;0;150;0;0;150;0;0;1;0;1;149;137;12;
014200009;250;82;0;264;0;168;0;0;168;2;0;0;0;2;166;163;3;
014200010;700;265;2;743;0;433;0;1;433;0;1;0;0;1;432;428;4;
014200011;700;364;0;694;0;336;0;0;336;3;0;0;0;3;333;325;8;
014200012;800;326;1;818;0;473;0;0;473;3;0;0;0;3;470;459;11;
014200013;300;27;1;311;0;272;0;0;272;0;0;0;0;0;272;272;0;
014200014;400;47;1;456;0;352;0;0;352;0;1;0;0;1;351;351;0;
014200015;700;224;0;737;0;476;0;0;476;1;0;0;0;1;475;462;13;
014200016;650;288;1;692;0;361;0;0;361;0;0;0;0;0;361;352;9;
014200017;900;438;0;930;2;462;2;0;462;2;0;9;0;11;451;421;30;
014200018;750;349;1;784;1;400;1;0;400;3;1;0;0;4;396;363;33;
014200019;650;232;1;702;0;417;0;0;417;0;0;0;1;1;416;414;2;
014200020;700;315;4;716;0;381;0;0;381;0;0;0;0;0;381;380;1;
014200021;600;193;3;608;0;404;0;0;404;0;0;0;0;0;404;403;1;
014200022;300;69;0;340;0;231;0;0;231;1;0;0;1;2;229;226;3;
014400001;580;345;0;608;1;235;1;0;235;2;2;0;0;4;231;143;88;
014400002;636;312;2;760;0;322;0;2;322;0;2;0;0;2;320;217;103;
014400003;500;268;0;538;1;232;1;3;232;2;2;1;0;5;227;157;70;
014400004;600;249;0;672;1;351;1;0;351;2;5;9;0;16;335;318;17;
014400005;750;423;1;732;0;326;0;0;326;2;5;13;0;20;306;205;101;
014400006;610;318;0;625;0;292;0;3;292;5;6;0;0;11;281;194;87;
014400007;600;400;0;653;4;200;4;0;200;0;1;0;0;1;199;113;86;
014400008;600;351;0;624;0;249;0;0;249;0;6;1;0;7;242;165;77;
014400009;500;303;0;563;1;197;1;0;197;6;0;0;1;7;190;129;61;
014400010;300;169;0;340;0;131;0;0;131;6;0;0;0;6;125;88;37;
014400011;415;248;0;420;2;167;2;0;167;6;0;0;0;6;161;106;55;
014400012;40;26;0;25;0;14;0;8;14;0;0;0;0;0;14;10;4;
014400013;600;274;1;649;0;325;0;0;325;3;1;9;0;13;312;303;9;
014400014;290;152;1;308;0;137;0;0;137;0;0;2;0;2;135;133;2;
014400015;190;95;0;177;0;95;0;0;95;0;0;0;0;0;95;76;19;
014400016;270;155;0;274;2;115;2;0;115;0;2;0;1;3;112;87;25;
014400017;100;54;0;99;1;46;1;0;46;0;0;0;0;0;46;38;8;
014400018;700;495;0;715;1;205;1;0;205;0;0;2;0;2;203;116;87;
014400019;588;379;8;591;3;201;3;2;201;1;5;0;1;7;194;137;57;
014400020;450;330;0;460;1;120;1;3;120;0;0;0;0;0;120;69;51;
014400021;52;17;0;42;1;35;1;1;35;0;0;0;0;0;35;32;3;
014400022;600;381;1;637;0;218;0;0;218;1;2;0;1;4;214;119;95;
014400023;580;362;0;598;0;218;0;1;218;2;3;0;0;5;213;155;58;
014400024;130;97;0;124;0;33;0;0;33;0;0;0;0;0;33;21;12;
014400025;120;91;0;51;3;29;3;0;29;0;2;0;0;2;27;23;4;
014400026;490;299;0;500;1;191;1;0;191;1;0;0;0;1;190;142;48;
014400027;400;267;0;396;0;133;0;0;133;3;2;1;0;6;127;93;34;
014900001;340;216;2;342;0;122;0;2;122;1;3;1;0;5;117;85;32;
014900002;470;282;0;471;0;188;0;1;188;2;1;0;0;3;185;139;46;
014900003;950;556;3;947;0;391;0;0;391;0;1;0;0;1;390;301;89;
014900004;730;439;1;722;0;290;0;0;290;5;3;0;0;8;282;203;79;
014900005;360;214;1;362;0;145;0;0;145;2;1;0;0;3;142;70;72;
014900006;430;280;1;425;0;149;0;0;149;1;1;0;0;2;147;87;60;
014900007;140;69;1;142;0;70;0;0;70;0;1;0;0;1;69;44;25;
014900008;62;29;0;62;0;33;0;0;33;0;0;0;0;0;33;29;4;
014900009;360;235;2;367;0;123;0;4;123;2;0;2;0;4;119;98;21;
014900010;119;73;0;118;0;46;0;2;46;0;0;0;0;0;46;36;10;
014900011;55;19;0;56;0;36;0;6;36;0;0;0;0;0;36;29;7;
014900012;55;31;0;55;0;24;0;0;24;0;1;0;0;1;23;20;3;
014900013;260;174;0;256;0;86;0;5;86;1;1;0;0;2;84;76;8;
014900014;230;138;0;232;0;92;0;3;92;0;1;0;0;1;91;80;11;
014900015;285;149;1;288;1;135;1;0;135;1;2;0;0;3;132;113;19;
014900016;40;5;1;35;0;34;0;0;34;0;0;0;0;0;34;33;1;
014900017;60;23;1;55;0;36;0;0;36;0;0;1;0;1;35;30;5;
014900018;90;22;0;87;0;68;0;3;68;1;0;0;0;1;67;54;13;
014900019;70;32;0;66;0;38;0;4;38;0;0;0;0;0;38;35;3;
014900020;130;60;1;130;0;69;0;4;69;0;1;0;0;1;68;59;9;
014900021;120;60;0;116;1;60;1;0;60;0;1;0;0;1;59;46;13;
015200001;668;307;0;743;0;361;0;0;361;1;0;0;4;5;356;231;125;
015200002;743;314;0;825;0;429;0;0;429;0;3;0;0;3;426;279;147;
015200003;703;320;0;786;0;383;0;0;383;4;3;0;0;7;376;214;162;
015200004;513;154;0;524;0;359;0;0;359;2;3;0;0;5;354;353;1;
015200005;149;65;0;168;0;84;0;0;84;0;0;0;0;0;84;71;13;
015200006;326;92;0;371;0;234;0;0;234;0;2;0;0;2;232;232;0;
015200007;485;49;0;551;0;436;0;0;436;0;2;0;0;2;434;434;0;
015200008;384;221;0;389;1;163;1;1;163;0;0;0;0;0;163;114;49;
015200009;87;33;1;97;0;53;0;1;53;0;2;0;0;2;51;41;10;
015200010;89;47;0;98;1;42;1;0;42;0;0;0;0;0;42;35;7;
015200011;567;338;0;632;0;229;0;2;229;1;2;6;0;9;220;153;67;
015200012;477;298;0;530;0;179;0;0;179;5;0;0;0;5;174;109;65;
015200013;674;59;0;753;0;615;0;0;615;0;2;0;0;2;613;611;2;
015200014;597;32;0;663;0;565;0;0;565;0;0;0;0;0;565;565;0;
015200015;585;6;0;653;0;579;0;0;579;0;0;0;0;0;579;579;0;
015200016;117;10;9;129;0;98;0;0;98;9;0;0;0;9;89;79;10;
015200017;58;8;0;66;3;50;3;0;50;0;0;0;0;0;50;38;12;
015200018;230;121;0;255;0;109;0;0;109;0;0;0;0;0;109;68;41;
015200019;420;312;1;421;1;107;1;1;107;2;2;1;0;5;102;50;52;
015300001;667;339;0;669;1;328;1;2;328;0;0;0;0;0;328;287;41;
015300002;559;206;1;565;0;352;0;0;352;10;0;0;0;10;342;331;11;
015300003;695;332;0;699;2;363;2;0;363;4;0;0;0;4;359;275;84;
015300004;899;392;0;900;0;507;0;0;507;2;2;8;0;12;495;442;53;
015300005;695;291;0;698;0;404;0;0;404;2;1;2;0;5;399;361;38;
015300006;726;247;0;733;7;479;7;0;479;3;3;0;0;6;473;459;14;
015300007;698;246;2;703;1;450;1;0;450;0;0;13;0;13;437;433;4;
015300008;573;204;0;580;0;369;0;0;369;7;5;1;0;13;356;347;9;
015300009;478;186;0;478;0;292;0;8;292;5;1;0;0;6;286;283;3;
015300010;439;169;0;446;0;270;0;0;270;0;0;0;0;0;270;267;3;
015300011;797;334;0;797;4;463;4;0;463;0;8;0;0;8;455;452;3;
015300012;425;120;1;436;0;304;0;0;304;2;0;2;0;4;300;297;3;
015300013;342;135;1;351;0;206;0;9;206;0;0;0;0;0;206;204;2;
015300014;920;355;0;920;0;565;0;0;565;0;0;0;0;0;565;561;4;
020100001;600;230;0;786;1;370;1;2;370;4;1;6;1;12;358;304;54;
020100002;600;221;0;723;0;379;0;6;379;3;1;0;0;4;375;346;29;
020100003;496;214;1;609;0;281;0;0;281;2;1;3;0;6;275;233;42;
020100004;300;148;0;410;0;152;0;0;152;1;0;1;0;2;150;113;37;
020100005;300;110;0;496;0;190;0;0;190;0;1;0;0;1;189;145;44;
020100006;400;140;0;580;0;260;0;0;260;0;0;0;0;0;260;190;70;
020100007;300;89;0;476;0;211;0;6;211;3;0;0;0;3;208;160;48;
020100008;495;243;0;523;0;252;0;0;252;2;0;0;0;2;250;199;51;
020100009;600;198;0;807;0;402;0;0;402;1;0;3;0;4;398;292;106;
020100010;400;184;1;571;0;215;0;0;215;0;0;1;0;1;214;163;51;
020100011;300;116;0;438;0;184;0;6;184;2;4;0;0;6;178;137;41;
020100012;700;394;0;716;0;306;0;0;306;6;2;2;0;10;296;229;67;
020100013;498;232;0;605;2;266;2;0;266;1;1;0;0;2;264;185;79;
020100014;400;193;0;544;0;207;0;0;207;1;0;0;0;1;206;149;57;
020100015;300;121;0;459;0;179;0;6;179;4;2;0;0;6;173;139;34;
020100016;500;209;0;671;0;291;0;1;291;3;1;0;0;4;287;234;53;
020100017;600;210;3;785;0;387;0;4;387;0;3;0;0;3;384;336;48;
020100018;600;265;0;795;0;335;0;0;335;1;0;0;0;1;334;265;69;
020100019;300;158;1;369;0;141;0;6;141;1;1;0;0;2;139;105;34;
020100020;600;226;0;714;0;374;0;8;374;7;0;0;0;7;367;344;23;
020100021;500;227;0;642;0;273;0;0;273;1;1;0;0;2;271;249;22;
020100022;300;160;3;300;0;137;0;0;137;1;2;0;0;3;134;112;22;
020100023;500;168;0;674;0;332;0;0;332;0;0;0;0;0;332;262;70;
020100024;600;264;0;831;0;336;0;0;336;3;0;0;0;3;333;254;79;
020100025;500;170;7;683;0;323;0;8;323;2;2;2;3;9;314;298;16;
020100026;398;187;0;574;0;211;0;1;211;7;1;3;0;11;200;197;3;
020100027;400;172;0;539;0;228;0;0;228;0;2;6;0;8;220;188;32;
020100028;600;339;1;760;0;260;0;0;260;1;0;3;0;4;256;171;85;
020100029;500;237;0;682;0;263;0;0;263;1;2;0;0;3;260;257;3;
020100030;50;26;0;37;0;24;0;0;24;0;0;0;0;0;24;22;2;
020100031;200;105;0;154;1;95;1;0;95;1;0;2;0;3;92;72;20;
020100032;200;49;1;226;0;150;0;0;150;1;0;0;0;1;149;149;0;
020100033;400;156;0;402;0;244;0;0;244;1;0;1;1;3;241;235;6;
020100034;300;112;0;474;0;188;0;0;188;1;0;0;0;1;187;159;28;
020100035;200;56;2;300;6;142;6;0;142;0;0;0;0;0;142;124;18;
020100036;800;167;0;1012;0;633;0;7;633;0;0;0;0;0;633;624;9;
020100037;200;109;1;156;0;90;0;0;90;0;0;0;0;0;90;83;7;
020100038;600;127;1;687;0;472;0;0;472;1;1;0;0;2;470;465;5;
020100039;300;105;0;325;0;195;0;0;195;0;0;4;0;4;191;189;2;
020100040;400;110;1;497;0;289;0;6;289;2;1;1;0;4;285;205;80;
020100041;700;347;1;538;1;352;1;0;352;1;2;2;0;5;347;341;6;
020100042;300;37;1;345;0;262;0;7;262;2;0;0;0;2;260;258;2;
020100043;400;105;0;461;10;295;10;0;295;0;2;1;0;3;292;289;3;
020100044;500;146;1;507;1;353;1;0;353;0;2;0;0;2;351;336;15;
020100045;200;99;0;156;0;101;0;0;101;3;0;0;0;3;98;91;7;
020100046;800;307;1;857;0;492;0;0;492;1;3;3;0;7;485;448;37;
020100047;50;22;0;29;6;28;6;0;28;0;0;0;0;0;28;23;5;
020100048;700;309;0;598;0;391;0;0;391;8;0;0;0;8;383;380;3;
020400001;500;253;3;643;1;244;1;29;244;2;1;0;0;3;241;129;112;
020400002;500;305;0;589;1;195;1;4;195;2;4;0;0;6;189;108;81;
020400003;500;290;1;549;1;209;1;1;209;0;2;1;0;3;206;133;73;
020400004;400;187;0;523;0;213;0;0;213;0;1;1;1;3;210;103;107;
020400005;500;262;9;406;5;229;5;0;229;0;3;6;0;9;220;113;107;
020400006;600;334;0;693;0;266;0;0;266;0;3;0;0;3;263;142;121;
020400007;500;248;0;633;0;252;0;0;252;5;6;4;0;15;237;129;108;
020400008;400;255;1;474;1;144;1;0;144;2;1;1;0;4;140;77;63;
020400009;500;276;0;575;1;224;1;0;224;4;1;2;0;7;217;136;81;
020400010;600;264;0;744;0;336;0;3;336;4;8;5;0;17;319;213;106;
020400011;500;275;1;614;1;224;1;0;224;1;4;0;0;5;219;119;100;
020400012;400;207;3;504;0;190;0;0;190;3;4;6;0;13;177;70;107;
020400013;500;261;2;637;7;237;7;3;237;0;1;3;0;4;233;122;111;
020400014;600;304;1;718;1;295;1;0;295;2;4;4;0;10;285;171;114;
020400015;400;209;0;548;1;191;1;6;191;1;5;0;0;6;185;111;74;
020400016;400;220;0;505;2;180;2;6;180;2;1;4;1;8;172;81;91;
020400017;600;331;0;666;0;269;0;0;269;9;0;0;0;9;260;140;120;
020400018;400;194;0;538;13;206;13;0;206;0;4;0;0;4;202;104;98;
020400019;400;215;0;514;0;185;0;5;185;0;6;0;0;6;179;134;45;
020400020;500;254;0;633;0;246;0;6;246;3;2;4;0;9;237;138;99;
020400021;400;178;0;546;5;222;5;7;222;0;0;0;0;0;222;133;89;
020400022;500;213;0;637;0;287;0;6;287;2;1;2;1;6;281;168;113;
020400023;600;257;0;754;5;343;5;0;343;1;6;1;0;8;335;218;117;
020400024;601;324;1;718;3;276;3;6;276;5;4;2;0;11;265;196;69;
020400025;500;259;1;606;0;240;0;1;240;5;0;0;0;5;235;142;93;
020400026;400;231;0;465;0;169;0;0;169;0;1;0;0;1;168;107;61;
020400027;700;363;0;806;3;337;3;8;337;0;4;6;0;10;327;214;113;
020400028;600;253;0;671;18;347;18;9;347;0;4;0;0;4;343;248;95;
020400029;501;289;0;578;1;212;1;0;212;2;9;1;0;12;200;127;73;
020400030;400;243;0;445;1;157;1;4;157;1;2;0;0;3;154;89;65;
020400031;400;186;2;521;0;212;0;4;212;1;0;8;0;9;203;128;75;
020400032;601;351;0;679;0;250;0;9;250;0;3;4;1;8;242;150;92;
020400033;500;304;2;546;0;194;0;6;194;1;3;2;0;6;188;131;57;
020400034;400;226;0;471;1;174;1;5;174;0;0;2;0;2;172;96;76;
020400035;600;325;1;785;0;274;0;6;274;0;3;6;0;9;265;132;133;
020400036;500;235;0;614;0;265;0;4;265;0;8;0;0;8;257;137;120;
020400037;400;189;0;520;1;211;1;5;211;3;1;0;0;4;207;100;107;
020400038;400;239;2;484;0;159;0;10;159;1;3;0;0;4;155;83;72;
020400039;500;254;0;610;0;246;0;2;246;0;1;0;0;1;245;126;119;
020400040;400;231;0;542;0;169;0;0;169;1;1;0;0;2;167;103;64;
020400041;400;219;0;530;1;181;1;14;181;0;0;4;0;4;177;105;72;
020400042;600;351;1;713;0;248;0;0;248;0;1;4;1;6;242;151;91;
020400043;700;417;0;816;0;283;0;0;283;2;2;0;0;4;279;146;133;
020400044;600;390;0;702;7;210;7;0;210;0;7;0;0;7;203;109;94;
020400045;600;361;0;805;2;239;2;0;239;6;0;0;1;7;232;139;93;
020400046;500;295;0;204;1;205;1;0;205;0;1;4;0;5;200;121;79;
020400047;601;360;1;723;0;240;0;4;240;0;1;3;0;4;236;128;108;
020400048;500;287;0;589;0;213;0;5;213;0;6;0;0;6;207;117;90;
020400049;700;410;0;812;0;290;0;3;290;3;3;3;0;9;281;159;122;
020400050;700;419;0;797;0;281;0;5;281;1;1;3;0;5;276;153;123;
020400051;600;330;0;769;0;270;0;6;270;2;2;0;0;4;266;174;92;
020400052;600;306;2;770;1;292;1;3;292;10;0;0;0;10;282;166;116;
020400053;500;257;1;653;2;242;2;0;242;3;0;0;0;3;239;142;97;
020400054;500;297;0;640;0;203;0;3;203;5;0;0;0;5;198;117;81;
020400055;601;356;1;675;0;244;0;0;244;2;3;0;0;5;239;163;76;
020400056;401;194;1;538;0;206;0;4;206;3;2;1;0;6;200;129;71;
020400057;405;254;1;521;1;150;1;6;150;1;2;0;0;3;147;93;54;
020400058;600;236;1;712;5;363;5;0;363;1;0;0;0;1;362;129;233;
020400059;600;322;3;778;0;275;0;0;275;3;0;0;0;3;272;124;148;
020400060;600;294;6;719;0;300;0;6;300;1;1;11;0;13;287;211;76;
020400061;700;313;2;845;0;385;0;0;385;3;22;2;0;27;358;289;69;
020400062;500;196;3;579;0;301;0;7;301;3;3;14;0;20;281;270;11;
020400063;400;152;1;479;0;247;0;0;247;0;3;0;0;3;244;213;31;
020400064;400;119;2;512;0;279;0;0;279;2;0;14;0;16;263;251;12;
020400065;399;182;1;506;0;216;0;0;216;6;0;0;0;6;210;182;28;
020400066;400;161;4;505;0;235;0;4;235;0;2;0;0;2;233;195;38;
020400067;500;226;0;656;1;274;1;4;274;1;1;0;0;2;272;75;197;
020400068;500;230;0;651;0;270;0;2;270;1;3;0;0;4;266;205;61;
020400069;500;248;0;635;0;252;0;1;252;0;0;0;0;0;252;212;40;
020400070;600;318;2;714;0;280;0;2;280;0;1;0;0;1;279;109;170;
020400071;500;254;0;575;0;246;0;5;246;2;2;0;0;4;242;79;163;
020400072;600;307;2;754;0;291;0;3;291;0;3;7;0;10;281;124;157;
020400073;700;433;0;827;0;267;0;0;267;8;1;0;0;9;258;150;108;
020400074;600;283;0;773;0;317;0;0;317;7;0;0;0;7;310;104;206;
020400075;700;378;0;806;8;322;8;6;322;0;2;3;1;6;316;119;197;
020400076;700;458;0;809;0;242;0;4;242;1;0;0;0;1;241;79;162;
020400077;700;416;0;777;0;284;0;3;284;1;0;3;0;4;280;116;164;
020400078;150;87;0;158;0;63;0;5;63;0;0;0;0;0;63;36;27;
020400079;700;337;1;362;0;362;0;16;362;1;0;10;0;11;351;195;156;
020400080;700;371;0;918;1;329;1;1;329;1;2;10;0;13;316;199;117;
020400081;700;405;2;854;0;293;0;0;293;1;2;0;0;3;290;183;107;
020400082;589;330;1;677;0;258;0;0;258;0;4;2;0;6;252;173;79;
020400083;500;298;1;570;0;201;0;2;201;1;2;1;0;4;197;104;93;
020400084;400;221;0;518;0;179;0;5;179;0;0;0;0;0;179;104;75;
020400085;406;228;0;519;0;178;0;4;178;0;0;0;0;0;178;115;63;
020400086;401;217;0;527;0;184;0;5;184;1;0;0;0;1;183;99;84;
020400087;606;347;2;700;0;257;0;0;257;0;0;2;0;2;255;190;65;
020400088;600;330;2;765;0;268;0;0;268;1;0;4;0;5;263;181;82;
020400089;500;292;0;580;0;208;0;4;208;1;0;0;1;2;206;150;56;
020400090;600;345;0;700;0;255;0;1;255;2;0;2;0;4;251;159;92;
020400091;400;277;0;527;0;123;0;6;123;0;0;0;0;0;123;84;39;
020400092;400;240;11;504;0;149;0;3;149;0;0;0;0;0;149;107;42;
020400093;600;399;1;683;0;200;0;0;200;2;1;0;1;4;196;110;86;
020400094;600;350;0;779;0;250;0;0;250;0;0;0;0;0;250;153;97;
020400095;501;301;0;200;12;200;12;6;200;0;2;0;0;2;198;114;84;
020400096;500;306;2;600;1;192;1;1;192;0;4;0;0;4;188;106;82;
020400097;500;278;0;588;1;222;1;0;222;0;0;4;0;4;218;119;99;
020400098;500;308;0;561;2;192;2;2;192;1;1;0;0;2;190;106;84;
020400099;500;279;1;614;0;220;0;3;220;0;3;0;0;3;217;117;100;
020400100;400;234;0;540;0;166;0;0;166;1;0;0;0;1;165;95;70;
020400101;500;297;0;646;1;203;1;0;203;0;1;0;0;1;202;107;95;
020400102;500;287;0;660;0;213;0;3;213;7;4;0;0;11;202;118;84;
020400103;500;302;0;651;0;198;0;0;198;2;0;0;0;2;196;108;88;
020400104;600;381;1;737;0;218;0;5;218;11;2;0;0;13;205;103;102;
020400105;500;326;0;599;0;174;0;3;174;0;0;0;0;0;174;85;89;
020400106;505;335;0;547;0;170;0;0;170;4;0;0;0;4;166;68;98;
020400107;600;359;0;729;2;241;2;0;241;1;0;2;0;3;238;116;122;
020400108;600;386;1;726;0;213;0;0;213;0;0;3;0;3;210;124;86;
020400109;500;326;0;637;0;174;0;0;174;0;0;3;0;3;171;83;88;
020400110;600;386;0;719;1;214;1;1;214;0;0;2;0;2;212;97;115;
020400111;600;374;0;672;0;226;0;0;226;2;2;5;0;9;217;113;104;
020400112;600;383;0;697;0;217;0;0;217;0;0;0;0;0;217;97;120;
020400113;600;375;2;729;1;223;1;3;223;1;0;0;0;1;222;96;126;
020400114;600;361;0;744;2;239;2;0;239;12;0;0;0;12;227;92;135;
020400115;600;333;0;739;0;267;0;0;267;0;6;0;0;6;261;138;123;
020400116;600;389;0;705;1;211;1;0;211;2;0;1;0;3;208;96;112;
020400117;700;442;3;795;0;255;0;4;255;1;1;0;1;3;252;143;109;
020400118;600;337;0;724;2;263;2;0;263;1;4;4;0;9;254;139;115;
020400119;500;267;1;596;0;232;0;0;232;1;1;0;0;2;230;200;30;
020400120;600;282;6;739;0;312;0;2;312;0;0;15;0;15;297;254;43;
020400121;500;237;0;610;3;263;3;20;263;1;6;2;0;9;254;168;86;
020400122;500;206;3;661;1;291;1;0;291;1;2;0;2;5;286;197;89;
020400123;497;295;0;547;0;202;0;0;202;0;1;0;0;1;201;139;62;
020400124;500;226;1;643;0;273;0;3;273;1;0;0;0;1;272;186;86;
020400125;597;343;1;654;0;253;0;2;253;0;2;2;0;4;249;178;71;
020400126;596;340;0;256;1;256;1;0;256;0;1;6;1;8;248;159;89;
020400127;501;302;2;582;1;197;1;1;197;0;0;2;0;2;195;130;65;
020400128;400;208;0;496;0;192;0;3;192;3;1;1;0;5;187;133;54;
020400129;400;239;0;513;0;161;0;0;161;0;2;0;0;2;159;96;63;
020400130;591;312;1;795;0;278;0;9;278;2;2;6;0;10;268;182;86;
020400131;401;238;0;481;3;163;3;4;163;0;1;0;0;1;162;108;54;
020400132;500;251;1;644;1;248;1;4;248;5;3;0;0;8;240;170;70;
020400133;500;290;0;623;0;210;0;25;210;2;0;0;0;2;208;141;67;
020400134;500;275;1;643;2;224;2;0;224;0;1;1;0;2;222;146;76;
020400135;400;223;0;474;0;177;0;1;177;0;4;1;0;5;172;121;51;
020400136;400;222;0;503;0;178;0;0;178;0;3;2;0;5;173;122;51;
020400137;400;188;0;531;2;212;2;0;212;0;4;2;0;6;206;121;85;
020400138;600;309;0;290;1;291;1;3;291;0;0;0;0;0;291;220;71;
020400139;400;207;0;482;2;193;2;1;193;0;1;0;0;1;192;144;48;
020400140;400;222;0;478;0;178;0;0;178;0;1;0;1;2;176;123;53;
020400141;500;271;0;568;1;229;1;0;229;0;2;1;0;3;226;140;86;
020400142;500;255;0;571;0;245;0;0;245;0;4;0;0;4;241;157;84;
020400143;600;343;0;699;0;257;0;8;257;0;5;0;0;5;252;163;89;
020400144;600;361;0;672;0;239;0;0;239;0;2;0;0;2;237;152;85;
020400145;598;378;0;690;1;220;1;0;220;0;4;0;0;4;216;155;61;
020400146;595;393;0;671;6;202;6;0;202;0;3;1;1;5;197;145;52;
020400147;597;315;0;802;1;282;1;18;282;0;1;2;0;3;279;208;71;
020400148;600;354;0;736;2;246;2;0;246;1;0;1;0;2;244;167;77;
020400149;500;293;0;646;0;207;0;12;207;0;3;4;0;7;200;118;82;
020400150;594;341;0;764;0;253;0;0;253;0;8;0;0;8;245;166;79;
020400151;600;292;0;781;0;308;0;1;308;0;2;2;0;4;304;198;106;
020400152;400;82;0;483;133;318;133;0;318;1;0;6;0;7;311;227;84;
020400153;400;219;0;518;0;181;0;5;181;0;1;0;0;1;180;119;61;
020400154;500;315;0;563;0;185;0;0;185;1;4;0;0;5;180;125;55;
020400155;500;313;0;566;0;187;0;4;187;1;0;3;0;4;183;120;63;
020400156;497;303;0;633;2;194;2;0;194;0;0;5;0;5;189;125;64;
020400157;600;301;0;755;1;299;1;4;299;3;7;0;0;10;289;207;82;
020400158;500;286;0;635;0;214;0;5;214;0;3;2;0;5;209;141;68;
020400159;598;355;0;703;0;243;0;0;243;0;0;0;0;0;243;158;85;
020400160;500;235;0;644;13;265;13;3;265;0;1;2;0;3;262;202;60;
020400161;497;252;0;615;3;245;3;0;245;0;5;0;1;6;239;181;58;
020400162;695;379;0;864;0;316;0;1;316;0;0;6;0;6;310;239;71;
020400163;600;326;1;774;1;273;1;1;273;0;1;0;0;1;272;194;78;
020400164;300;136;0;415;0;164;0;0;164;0;1;0;0;1;163;139;24;
020400165;400;205;1;553;0;194;0;0;194;2;0;0;0;2;192;123;69;
020400166;600;297;1;715;5;302;5;0;302;0;7;0;0;7;295;223;72;
020400167;500;217;0;646;0;283;0;0;283;3;3;0;0;6;277;199;78;
020400168;500;271;0;656;0;229;0;0;229;2;2;0;0;4;225;151;74;
020400169;400;210;0;481;1;190;1;0;190;3;0;5;0;8;182;116;66;
020400170;400;176;0;522;0;224;0;9;224;2;4;0;0;6;218;137;81;
020400171;400;201;1;470;0;198;0;0;198;3;3;0;0;6;192;141;51;
020400172;402;190;1;509;0;211;0;0;211;3;1;1;0;5;206;152;54;
020400173;500;223;0;624;0;277;0;0;277;0;2;3;0;5;272;183;89;
020400174;400;233;0;490;0;167;0;3;167;2;0;0;0;2;165;115;50;
020400175;600;334;1;730;0;265;0;6;265;0;0;0;0;0;265;158;107;
020400176;600;319;0;775;0;281;0;0;281;0;1;1;0;2;279;185;94;
020400177;500;237;0;668;0;263;0;6;263;2;1;1;0;4;259;178;81;
020400178;400;242;0;492;0;158;0;5;158;0;2;0;0;2;156;92;64;
020400179;600;299;1;678;0;300;0;0;300;5;1;0;0;6;294;206;88;
020400180;500;232;0;268;0;268;0;6;268;0;1;0;0;1;267;187;80;
020400181;600;334;0;780;0;266;0;0;266;0;1;2;0;3;263;179;84;
020400182;400;193;2;530;0;205;0;6;205;1;2;0;0;3;202;130;72;
020400183;500;256;0;676;0;244;0;4;244;1;5;0;0;6;238;160;78;
020400184;598;333;1;733;0;264;0;5;264;2;2;8;0;12;252;163;89;
020400185;398;200;1;504;0;197;0;0;197;2;1;2;0;5;192;142;50;
020400186;600;300;2;721;0;298;0;0;298;1;0;0;0;1;297;185;112;
020400187;600;277;3;800;1;320;1;2;320;2;3;0;0;5;315;198;117;
020400188;700;322;0;882;0;378;0;2;378;0;4;0;0;4;374;286;88;
020400189;500;293;0;593;0;207;0;5;207;1;2;2;0;5;202;139;63;
020400190;600;341;1;752;0;258;0;4;258;0;2;4;0;6;252;166;86;
020400191;499;254;2;652;0;243;0;2;243;2;0;0;0;2;241;192;49;
020400192;600;395;1;698;2;204;2;10;204;1;1;0;1;3;201;138;63;
020400193;500;224;0;680;2;276;2;0;276;2;0;0;0;2;274;203;71;
020400194;600;339;0;763;0;261;0;0;261;2;1;0;0;3;258;182;76;
020400195;600;374;0;693;1;226;1;3;226;3;0;4;0;7;219;137;82;
020400196;600;357;0;700;3;243;3;0;243;0;7;0;0;7;236;163;73;
020400197;710;395;10;822;6;305;6;0;305;1;4;0;0;5;300;213;87;
020400198;500;308;3;586;0;189;0;3;189;1;1;0;0;2;187;125;62;
020400199;500;265;0;644;0;235;0;4;235;1;4;1;1;7;228;143;85;
020400200;500;227;0;686;1;273;1;11;273;0;2;2;0;4;269;174;95;
020400201;599;328;0;798;0;271;0;0;271;1;1;4;0;6;265;189;76;
020400202;600;367;3;761;0;230;0;2;230;0;3;2;0;5;225;163;62;
020400203;500;276;0;622;0;224;0;0;224;0;5;2;0;7;217;120;97;
020400204;400;229;0;433;0;171;0;0;171;0;2;0;0;2;169;106;63;
020400205;500;304;0;630;0;196;0;2;196;3;0;1;0;4;192;103;89;
020400206;502;268;0;614;0;234;0;5;234;0;2;0;0;2;232;146;86;
020400207;600;355;0;739;0;245;0;1;245;3;0;0;0;3;242;174;68;
020400208;500;283;1;664;0;216;0;0;216;6;3;0;0;9;207;151;56;
020400209;150;94;0;164;0;56;0;0;56;0;1;0;0;1;55;45;10;
020400210;400;218;1;515;0;181;0;0;181;0;0;2;0;2;179;82;97;
020400211;500;248;0;625;2;252;2;0;252;0;1;4;0;5;247;135;112;
020400212;502;234;1;600;0;267;0;0;267;1;2;0;0;3;264;140;124;
020400213;500;237;2;655;5;261;5;0;261;3;1;0;0;4;257;134;123;
020400214;400;213;0;513;2;187;2;0;187;0;1;4;0;5;182;107;75;
020400215;400;235;0;453;0;165;0;2;165;1;1;1;0;3;162;91;71;
020400216;500;306;0;584;0;194;0;3;194;0;1;0;1;2;192;121;71;
020400217;600;308;0;781;1;292;1;1;292;1;2;2;0;5;287;188;99;
020400218;500;278;0;581;1;222;1;8;222;0;6;0;0;6;216;132;84;
020400219;700;398;0;810;4;302;4;0;302;1;2;3;0;6;296;189;107;
020400220;600;287;1;748;1;312;1;0;312;3;6;0;0;9;303;222;81;
020400221;500;217;0;679;7;283;7;0;283;3;0;0;0;3;280;189;91;
020400222;701;364;0;910;7;337;7;3;337;1;3;7;0;11;326;209;117;
020400223;400;194;0;494;2;206;2;0;206;2;1;2;0;5;201;129;72;
020400224;600;319;1;278;2;280;2;0;280;1;6;0;0;7;273;186;87;
020400225;500;245;1;639;0;254;0;3;254;0;0;0;0;0;254;167;87;
020400226;509;257;3;663;0;249;0;3;249;0;2;1;0;3;246;161;85;
020400227;500;258;0;670;3;242;3;2;242;0;0;4;0;4;238;156;82;
020400228;400;235;0;478;0;165;0;0;165;0;0;0;0;0;165;110;55;
020400229;500;260;0;645;0;240;0;0;240;1;1;2;0;4;236;131;105;
020400230;500;236;0;663;4;264;4;0;264;2;7;0;0;9;255;181;74;
020400231;700;322;0;863;5;378;5;56;378;2;1;0;0;3;375;275;100;
020400232;700;399;2;815;8;299;8;2;299;2;4;0;0;6;293;103;190;
020400233;500;271;0;670;0;229;0;1;229;1;0;4;0;5;224;144;80;
020400234;400;199;0;525;0;201;0;5;201;2;2;4;0;8;193;136;57;
020400235;700;404;0;815;0;296;0;5;296;0;3;2;0;5;291;176;115;
020400236;600;321;0;725;0;279;0;2;279;1;1;0;0;2;277;189;88;
020400237;600;351;0;743;1;249;1;4;249;0;2;1;0;3;246;173;73;
020400238;600;337;0;746;2;263;2;5;263;0;2;0;0;2;261;170;91;
020400239;500;266;1;594;0;233;0;8;233;2;2;0;0;4;229;138;91;
020400240;500;288;0;587;1;212;1;0;212;1;2;2;0;5;207;133;74;
020400241;600;327;0;715;1;273;1;0;273;6;0;0;0;6;267;183;84;
020400242;500;264;0;661;1;236;1;0;236;0;4;0;0;4;232;160;72;
020400243;500;245;10;624;4;245;4;0;245;1;6;2;1;10;235;150;85;
020400244;600;357;0;698;0;243;0;4;243;1;7;0;0;8;235;171;64;
020400245;400;243;0;470;0;157;0;1;157;2;0;0;0;2;155;103;52;
020400246;600;325;0;696;4;275;4;0;275;7;2;7;0;16;259;181;78;
020400247;601;329;0;815;5;272;5;5;272;0;2;5;0;7;265;181;84;
020400248;500;248;0;653;0;252;0;5;252;1;2;1;0;4;248;164;84;
020400249;500;274;1;608;0;225;0;9;225;3;1;0;0;4;221;158;63;
020400250;400;225;0;469;0;175;0;1;175;1;0;0;0;1;174;129;45;
020400251;400;166;0;549;9;234;9;0;234;0;2;3;0;5;229;153;76;
020400252;700;463;0;710;0;237;0;2;237;3;6;0;0;9;228;182;46;
020400253;700;466;1;240;0;233;0;1;233;0;2;1;0;3;230;193;37;
020400254;700;434;0;734;2;266;2;2;266;15;0;0;0;15;251;205;46;
020400255;700;505;0;756;0;195;0;0;195;1;3;2;1;7;188;158;30;
020400256;500;323;0;589;1;177;1;0;177;1;0;0;0;1;176;144;32;
020400257;600;443;0;658;0;157;0;1;157;0;0;1;0;1;156;124;32;
020400258;600;361;0;603;2;239;2;0;239;0;2;0;0;2;237;101;136;
020400259;600;327;2;628;1;271;1;0;271;3;0;2;0;5;266;134;132;
020400260;200;80;0;196;2;120;2;0;120;0;1;1;0;2;118;88;30;
020400261;200;70;0;236;0;130;0;0;130;0;0;0;0;0;130;117;13;
020400262;700;379;1;744;2;320;2;0;320;1;5;1;0;7;313;258;55;
020400263;700;457;0;745;0;243;0;0;243;0;8;0;0;8;235;185;50;
020400264;330;18;1;343;3;311;3;0;311;0;0;0;0;0;311;310;1;
020400265;250;30;4;274;0;216;0;0;216;0;0;3;0;3;213;203;10;
020400266;800;462;0;807;5;338;5;4;338;2;3;12;0;17;321;127;194;
020400267;900;539;0;910;0;361;0;4;361;2;4;0;0;6;355;169;186;
020400268;100;59;0;83;0;41;0;6;41;0;1;0;0;1;40;18;22;
020400269;110;26;0;124;3;84;3;0;84;2;0;0;0;2;82;70;12;
020400270;460;289;0;491;1;171;1;0;171;2;0;0;0;2;169;138;31;
020400271;580;327;0;602;0;253;0;0;253;1;3;0;0;4;249;217;32;
020400272;570;290;0;588;1;280;1;2;280;3;2;6;0;11;269;97;172;
020400273;550;255;0;559;0;295;0;1;295;3;0;0;1;4;291;167;124;
020400274;760;378;2;775;0;380;0;2;380;26;1;5;0;32;348;345;3;
020400275;651;321;0;655;0;330;0;1;330;13;0;1;0;14;316;301;15;
020400276;500;305;0;502;0;195;0;0;195;10;0;0;0;10;185;87;98;
020400277;500;305;0;486;0;195;0;1;195;1;2;5;0;8;187;114;73;
020400278;700;388;0;702;0;312;0;0;312;1;1;9;0;11;301;135;166;
020400279;860;477;1;866;4;382;4;3;382;2;15;0;0;17;365;217;148;
020400280;350;178;0;358;0;172;0;0;172;0;2;0;0;2;170;74;96;
020400281;100;17;0;106;1;83;1;0;83;0;0;0;0;0;83;59;24;
020400282;100;35;0;102;0;65;0;6;65;4;0;0;0;4;61;42;19;
020400283;50;7;0;43;0;43;0;4;43;0;0;0;0;0;43;31;12;
020400284;80;49;0;54;0;31;0;6;31;0;0;0;0;0;31;22;9;
020400285;50;19;0;31;2;31;2;0;31;0;1;0;0;1;30;23;7;
020400286;150;80;0;124;0;70;0;0;70;2;1;1;0;4;66;47;19;
020400287;40;8;0;33;0;32;0;0;32;0;0;0;0;0;32;25;7;
020400288;150;41;1;117;0;108;0;0;108;3;2;0;0;5;103;77;26;
020600001;500;256;1;544;3;243;3;1;243;2;1;0;0;3;240;136;104;
020600002;550;342;0;628;0;208;0;0;208;1;1;1;0;3;205;132;73;
020600003;450;208;0;506;0;242;0;0;242;1;0;4;0;5;237;144;93;
020600004;550;251;0;648;0;299;0;0;299;2;4;2;0;8;291;186;105;
020600005;700;390;0;770;0;310;0;0;310;0;4;0;0;4;306;192;114;
020600006;750;391;3;846;2;356;2;0;356;1;0;4;1;6;350;247;103;
020600007;500;274;0;568;0;226;0;0;226;0;0;12;0;12;214;151;63;
020600008;500;213;0;598;0;287;0;0;287;0;0;0;0;0;287;171;116;
020600009;52;17;0;50;1;35;1;8;35;0;1;0;0;1;34;16;18;
020600010;40;5;0;37;2;35;2;8;35;0;0;0;0;0;35;22;13;
020600011;143;63;0;135;0;80;0;0;80;0;0;2;0;2;78;68;10;
020600012;94;40;0;92;0;54;0;8;54;1;0;1;0;2;52;35;17;
020600013;31;15;0;28;0;16;0;7;16;1;0;0;0;1;15;9;6;
020600014;144;34;0;110;0;110;0;7;110;0;0;3;0;3;107;86;21;
020600015;100;28;1;96;1;71;1;8;71;1;2;1;0;4;67;50;17;
020600016;55;23;0;51;6;32;6;6;32;0;0;0;0;0;32;19;13;
020600017;600;401;0;615;6;199;6;4;199;0;3;0;0;3;196;106;90;
020600018;598;381;0;622;0;217;0;3;217;1;4;2;0;7;210;123;87;
020600019;44;13;0;38;5;31;5;0;31;0;0;0;0;0;31;29;2;
020600020;104;54;1;103;1;49;1;8;49;0;2;0;0;2;47;39;8;
020600021;314;110;1;312;0;203;0;0;203;1;0;0;0;1;202;173;29;
020600022;447;156;0;437;8;291;8;0;291;1;3;0;0;4;287;226;61;
020600023;400;149;0;394;2;251;2;0;251;3;9;4;0;16;235;210;25;
020600024;265;105;0;260;0;160;0;4;160;1;0;0;0;1;159;147;12;
020600025;52;20;0;48;2;32;2;0;32;1;0;0;0;1;31;27;4;
020600026;29;13;0;16;4;16;4;0;16;0;1;0;0;1;15;11;4;
020600027;50;19;0;36;0;31;0;5;31;0;0;0;0;0;31;27;4;
020600028;92;28;2;87;0;62;0;4;62;1;0;0;0;1;61;41;20;
020600029;86;24;0;83;0;62;0;7;62;1;2;0;0;3;59;51;8;
020600030;238;74;0;233;3;164;3;0;164;0;0;0;0;0;164;155;9;
020600031;132;38;0;127;1;94;1;0;94;2;1;0;0;3;91;58;33;
020600032;47;11;0;41;2;36;2;5;36;0;0;0;0;0;36;28;8;
020600033;98;54;0;92;0;44;0;0;44;2;0;0;0;2;42;38;4;
020600034;209;94;0;198;4;115;4;0;115;4;0;0;0;4;111;89;22;
020600035;110;40;0;107;0;70;0;0;70;0;0;0;1;1;69;61;8;
020600036;35;10;0;25;0;25;0;6;25;1;1;0;0;2;23;19;4;
020600037;38;14;0;28;4;24;4;0;24;0;1;0;0;1;23;19;4;
020600038;150;68;1;139;0;81;0;6;81;1;0;6;0;7;74;63;11;
020600039;372;163;0;364;1;209;1;0;209;9;0;0;0;9;200;160;40;
020600040;850;435;1;972;0;414;0;0;414;0;2;1;0;3;411;379;32;
020600041;500;276;0;598;0;224;0;0;224;2;5;2;0;9;215;150;65;
020600042;728;414;1;832;0;313;0;0;313;2;2;0;0;4;309;185;124;
020600043;380;196;1;374;0;183;0;4;183;1;1;0;0;2;181;141;40;
020800001;680;473;1;612;0;206;0;1;206;0;2;1;0;3;203;164;39;
020800002;681;440;3;630;0;238;0;8;238;1;2;4;0;7;231;199;32;
020800003;600;404;5;549;0;191;0;0;191;0;2;8;0;10;181;161;20;
020800004;760;518;1;688;0;241;0;0;241;2;0;2;0;4;237;196;41;
020800005;841;548;2;755;0;291;0;0;291;2;0;1;0;3;288;252;36;
020800006;610;375;2;557;0;233;0;0;233;3;2;0;1;6;227;186;41;
020800007;600;354;0;538;1;246;1;1;246;3;7;0;0;10;236;154;82;
020800008;140;75;1;121;0;64;0;0;64;0;2;0;0;2;62;50;12;
020800009;190;82;0;169;0;108;0;1;108;0;0;0;0;0;108;105;3;
020800010;471;268;2;434;1;201;1;6;201;3;2;5;0;10;191;158;33;
020800011;300;119;0;266;1;181;1;3;181;1;0;0;0;1;180;90;90;
020800012;260;131;0;231;0;129;0;0;129;4;1;0;0;5;124;68;56;
020800013;400;193;1;365;0;206;0;3;206;0;1;0;0;1;205;107;98;
020800014;430;268;5;388;1;157;1;0;157;2;3;0;0;5;152;90;62;
020800015;520;310;1;465;0;209;0;0;209;1;1;1;0;3;206;124;82;
020800016;350;192;2;317;1;156;1;2;156;0;1;0;0;1;155;133;22;
020800017;420;177;0;375;0;243;0;0;243;2;1;0;0;3;240;129;111;
020800018;410;236;2;370;4;172;4;0;172;0;0;2;0;2;170;123;47;
020800019;510;247;1;465;1;262;1;0;262;14;0;3;0;17;245;202;43;
020800020;550;273;0;496;2;277;2;0;277;1;2;0;0;3;274;148;126;
020900001;680;355;0;688;0;325;0;0;325;2;3;3;0;8;317;187;130;
020900002;930;578;0;939;0;352;0;5;352;3;5;11;0;19;333;228;105;
020900003;660;384;0;274;2;276;2;0;276;2;1;0;0;3;273;188;85;
020900004;700;409;0;701;5;291;5;3;291;0;9;0;0;9;282;175;107;
020900005;770;475;0;780;0;295;0;0;295;0;0;4;0;4;291;180;111;
020900006;620;366;0;623;0;254;0;0;254;4;0;17;0;21;233;223;10;
020900007;740;437;0;744;1;303;1;1;303;1;12;0;0;13;290;190;100;
020900008;560;333;1;559;0;226;0;0;226;3;0;0;0;3;223;155;68;
020900009;720;457;0;723;1;263;1;0;263;3;4;1;0;8;255;190;65;
020900010;550;305;1;552;0;244;0;0;244;2;0;2;0;4;240;180;60;
020900011;510;254;1;516;1;255;1;0;255;4;1;4;0;9;246;159;87;
020900012;660;400;1;665;1;259;1;1;259;3;2;2;0;7;252;146;106;
020900013;930;534;0;932;0;396;0;0;396;2;8;0;0;10;386;254;132;
020900014;730;396;0;732;0;334;0;0;334;0;0;10;0;10;324;203;121;
020900015;610;360;0;614;0;250;0;0;250;1;1;0;0;2;248;140;108;
020900016;480;267;0;483;0;213;0;0;213;0;2;2;0;4;209;116;93;
020900017;530;295;0;536;1;235;1;6;235;1;3;0;0;4;231;132;99;
020900018;650;391;3;658;0;256;0;6;256;0;1;0;0;1;255;204;51;
020900019;730;403;2;746;0;325;0;0;325;3;1;0;0;4;321;250;71;
020900020;560;370;0;569;0;190;0;0;190;4;3;0;0;7;183;172;11;
020900021;570;387;1;574;0;182;0;0;182;1;0;7;0;8;174;95;79;
020900022;650;351;8;655;0;291;0;3;291;1;7;3;0;11;280;256;24;
020900023;260;132;0;256;0;128;0;0;128;2;0;0;0;2;126;66;60;
020900024;720;502;0;717;0;218;0;8;218;2;0;6;0;8;210;158;52;
020900025;550;387;0;552;0;163;0;0;163;0;6;0;0;6;157;146;11;
020900026;620;394;1;615;7;225;7;0;225;0;0;0;0;0;225;136;89;
020900028;400;205;0;395;5;195;5;0;195;2;9;0;0;11;184;159;25;
020900029;440;223;2;439;5;215;5;0;215;4;9;0;0;13;202;178;24;
020900030;320;150;0;322;1;170;1;0;170;1;1;5;0;7;163;133;30;
020900031;140;52;0;139;0;88;0;0;88;3;0;0;0;3;85;68;17;
020900032;160;69;0;156;0;91;0;0;91;6;0;0;0;6;85;72;13;
020900033;180;74;0;172;0;106;0;2;106;0;0;6;0;6;100;71;29;
020900034;190;105;1;178;0;84;0;0;84;2;0;0;0;2;82;60;22;
020900035;180;95;1;179;2;84;2;3;84;0;1;0;0;1;83;66;17;
020900036;140;66;1;141;0;73;0;2;73;1;0;2;0;3;70;57;13;
020900037;110;44;1;111;0;65;0;2;65;1;2;0;0;3;62;51;11;
020900038;370;165;0;367;1;205;1;3;205;0;6;0;0;6;199;174;25;
020900039;120;48;0;103;1;72;1;3;72;2;1;1;0;4;68;57;11;
020900040;220;94;0;219;0;126;0;0;126;2;0;0;0;2;124;69;55;
020900041;120;47;2;101;0;71;0;7;71;1;0;4;0;5;66;53;13;
020900042;300;143;2;274;0;155;0;0;155;2;1;4;0;7;148;137;11;
020900043;230;37;0;233;0;193;0;0;193;0;1;0;0;1;192;192;0;
020900044;100;36;0;83;2;64;2;0;64;1;0;0;0;1;63;43;20;
020900045;160;95;0;149;0;65;0;4;65;0;1;0;0;1;64;43;21;
020900046;680;297;0;679;1;383;1;3;383;0;8;0;0;8;375;350;25;
020900047;270;137;1;258;0;132;0;2;132;2;1;0;0;3;129;122;7;
020900048;59;14;2;53;1;43;1;0;43;0;0;0;0;0;43;36;7;
020900049;180;80;1;167;0;99;0;4;99;2;0;3;0;5;94;86;8;
020900050;180;83;0;173;0;97;0;0;97;0;4;0;0;4;93;67;26;
020900051;200;74;0;197;0;126;0;3;126;1;0;0;0;1;125;114;11;
020900052;200;99;1;194;0;100;0;3;100;3;1;0;0;4;96;75;21;
020900053;220;76;0;219;0;144;0;1;144;1;0;0;0;1;143;112;31;
020900054;220;87;0;215;0;133;0;5;133;3;1;0;0;4;129;107;22;
020900055;250;123;0;234;0;127;0;0;127;0;10;1;0;11;116;97;19;
020900056;400;247;2;380;0;151;0;2;151;2;1;0;0;3;148;115;33;
020900057;100;29;1;90;2;70;2;2;70;0;0;1;0;1;69;61;8;
020900058;180;93;2;168;0;85;0;3;85;2;0;0;0;2;83;60;23;
021200001;450;221;0;461;2;229;2;0;229;2;6;0;0;8;221;147;74;
021200002;500;173;0;650;1;327;1;0;327;3;3;0;0;6;321;228;93;
021200003;500;201;1;690;1;298;1;0;298;6;0;2;0;8;290;207;83;
021200004;500;196;0;572;0;304;0;0;304;2;2;3;0;7;297;213;84;
021200005;50;17;0;39;3;33;3;0;33;0;0;0;0;0;33;32;1;
021200007;400;98;0;395;1;302;1;0;302;1;1;0;0;2;300;267;33;
021200008;60;31;0;38;1;29;1;3;29;0;0;0;0;0;29;26;3;
021200009;80;46;0;56;2;34;2;0;34;0;0;0;0;0;34;24;10;
021200010;60;30;0;42;0;30;0;0;30;0;0;0;0;0;30;23;7;
021200011;131;69;0;109;4;62;4;0;62;0;0;0;0;0;62;51;11;
021200012;70;28;0;49;4;42;4;0;42;0;3;0;0;3;39;29;10;
021200013;310;141;0;293;3;169;3;0;169;0;0;1;0;1;168;154;14;
021200014;60;30;0;47;0;30;0;0;30;0;0;0;0;0;30;28;2;
021200016;60;27;0;49;3;33;3;3;33;1;0;1;0;2;31;25;6;
021300001;600;329;0;271;0;271;0;1;271;1;2;0;0;3;268;202;66;
021300002;736;430;0;722;2;306;2;4;306;3;3;0;0;6;300;206;94;
021300003;892;566;0;869;1;326;1;0;326;1;1;5;0;7;319;202;117;
021300004;847;500;1;831;0;346;0;0;346;3;8;1;0;12;334;204;130;
021300005;286;156;0;280;1;130;1;0;130;0;1;0;0;1;129;87;42;
021300006;828;508;0;815;2;320;2;9;320;4;3;1;0;8;312;197;115;
021300007;866;530;0;846;1;336;1;5;336;1;1;1;0;3;333;275;58;
021300008;37;13;1;32;0;23;0;0;23;1;0;0;0;1;22;19;3;
021300009;441;243;0;432;1;198;1;0;198;4;0;0;0;4;194;122;72;
021300010;75;26;0;71;1;49;1;0;49;3;0;0;0;3;46;39;7;
021300011;51;16;0;49;1;35;1;7;35;1;0;0;0;1;34;23;11;
021300012;495;285;0;474;1;210;1;0;210;3;4;7;0;14;196;181;15;
021300013;530;303;1;514;2;226;2;0;226;0;3;0;0;3;223;189;34;
021300014;61;27;0;57;0;34;0;6;34;0;0;0;0;0;34;29;5;
021300015;216;95;0;207;1;121;1;0;121;0;9;0;0;9;112;98;14;
021300016;335;141;0;328;1;194;1;1;194;1;0;0;1;2;192;160;32;
021300017;304;154;0;297;0;150;0;0;150;2;0;7;0;9;141;105;36;
021300018;209;104;0;203;0;105;0;3;105;1;0;1;0;2;103;91;12;
021300019;36;12;0;32;1;24;1;0;24;0;0;0;0;0;24;12;12;
021300020;132;55;0;128;0;77;0;5;77;2;0;0;0;2;75;51;24;
021500001;500;263;1;497;0;236;0;0;236;1;1;0;0;2;234;145;89;
021500002;500;227;1;508;1;272;1;0;272;3;3;0;0;6;266;142;124;
021500003;500;246;1;496;1;253;1;6;253;1;3;2;0;6;247;144;103;
021500004;670;339;1;660;2;330;2;0;330;0;2;0;0;2;328;172;156;
021500005;670;372;1;662;0;297;0;0;297;2;5;0;0;7;290;160;130;
021500006;720;390;1;713;1;329;1;0;329;1;3;2;0;6;323;181;142;
021500007;700;410;2;664;1;288;1;3;288;1;1;1;0;3;285;183;102;
021500008;700;414;1;681;0;285;0;0;285;2;1;0;0;3;282;182;100;
021500009;720;391;3;721;2;326;2;6;326;1;1;3;0;5;321;192;129;
021500010;700;400;2;684;1;298;1;1;298;0;1;0;0;1;297;166;131;
021500011;700;393;1;698;0;306;0;0;306;3;2;0;0;5;301;149;152;
021500012;700;459;1;684;0;240;0;1;240;0;3;0;1;4;236;149;87;
021500013;700;475;1;664;0;224;0;1;224;4;0;0;0;4;220;116;104;
021500014;250;89;0;223;0;161;0;0;161;0;15;0;0;15;146;105;41;
021500015;600;386;0;576;2;214;2;0;214;3;1;0;0;4;210;164;46;
021500016;650;389;0;655;3;261;3;0;261;2;6;0;0;8;253;180;73;
021500017;650;438;1;635;4;211;4;0;211;2;2;0;0;4;207;146;61;
021500018;400;114;0;384;0;286;0;0;286;4;3;1;1;9;277;251;26;
021500019;400;185;2;390;3;213;3;0;213;1;2;0;0;3;210;128;82;
021500020;400;179;5;375;0;216;0;0;216;2;1;0;0;3;213;148;65;
021500021;500;287;1;498;1;212;1;0;212;1;2;0;0;3;209;114;95;
021500022;360;163;3;192;2;194;2;0;194;2;4;0;0;6;188;146;42;
021500023;600;304;1;556;0;295;0;0;295;0;2;1;0;3;292;172;120;
021500024;750;367;0;745;0;383;0;0;383;3;0;0;0;3;380;238;142;
021500025;100;41;0;80;2;59;2;1;59;0;1;0;0;1;58;49;9;
021500026;50;19;0;42;0;31;0;0;31;0;1;0;0;1;30;22;8;
021500027;500;232;1;496;0;267;0;1;267;0;0;0;0;0;267;118;149;
021500028;520;222;1;505;0;297;0;0;297;4;1;0;0;5;292;233;59;
021500029;120;54;1;93;0;65;0;0;65;0;0;0;0;0;65;49;16;
021500030;800;458;0;779;1;342;1;0;342;2;8;0;0;10;332;156;176;
021500031;800;453;2;762;0;345;0;0;345;1;3;0;0;4;341;171;170;
021500032;800;295;0;803;3;505;3;0;505;3;3;0;0;6;499;398;101;
021700001;80;41;0;68;1;39;1;4;39;1;0;0;0;1;38;28;10;
021700002;540;337;0;529;1;203;1;0;203;0;1;0;0;1;202;88;114;
021700003;420;275;0;403;0;145;0;0;145;0;0;2;0;2;143;52;91;
021700004;460;273;1;453;0;186;0;0;186;2;0;3;0;5;181;55;126;
021700005;430;259;0;432;0;171;0;0;171;2;3;0;0;5;166;51;115;
021700006;450;211;1;442;3;238;3;4;238;6;0;3;0;9;229;179;50;
021700007;350;161;1;346;0;188;0;0;188;0;3;0;0;3;185;154;31;
021700008;380;50;0;365;0;330;0;0;330;1;0;5;0;6;324;321;3;
021700009;430;72;0;419;1;358;1;0;358;1;0;0;0;1;357;355;2;
021700010;470;227;2;460;0;241;0;0;241;2;0;13;0;15;226;218;8;
021700011;440;189;4;434;0;247;0;0;247;4;0;12;0;16;231;206;25;
021700012;800;274;3;798;1;523;1;3;523;2;1;3;0;6;517;514;3;
021700013;280;179;0;262;2;101;2;0;101;0;0;4;0;4;97;61;36;
021700014;520;241;0;510;0;279;0;0;279;0;1;0;0;1;278;250;28;
021700015;450;317;0;433;0;133;0;0;133;0;1;0;0;1;132;114;18;
021700016;650;435;2;632;0;213;0;0;213;3;1;2;0;6;207;147;60;
021700017;600;401;3;599;0;196;0;1;196;10;2;0;0;12;184;119;65;
021700018;700;442;1;699;0;257;0;8;257;1;3;5;0;9;248;141;107;
021700019;440;261;1;428;0;178;0;0;178;2;4;2;0;8;170;114;56;
021700020;580;389;1;572;0;190;0;1;190;3;0;3;0;6;184;103;81;
021700021;480;318;1;470;0;161;0;0;161;0;2;0;0;2;159;89;70;
021700022;520;317;1;513;0;202;0;1;202;0;0;0;0;0;202;121;81;
021700023;540;332;0;536;0;208;0;0;208;1;3;0;0;4;204;123;81;
021700024;550;332;0;538;0;218;0;2;218;1;1;2;0;4;214;110;104;
021700025;750;452;1;739;0;297;0;0;297;0;1;0;0;1;296;157;139;
021700026;600;393;1;596;0;206;0;0;206;3;1;0;0;4;202;118;84;
021700027;240;140;0;227;0;100;0;0;100;0;1;0;0;1;99;66;33;
021700028;520;294;1;503;0;225;0;0;225;0;0;0;0;0;225;140;85;
021700029;800;449;0;791;2;351;2;0;351;6;3;3;0;12;339;164;175;
021700030;460;276;0;454;0;184;0;3;184;0;0;3;0;3;181;95;86;
021700031;580;365;1;575;0;214;0;0;214;0;1;4;0;5;209;113;96;
021700032;650;336;1;651;0;313;0;9;313;0;3;0;0;3;310;308;2;
021700033;430;229;0;429;0;201;0;8;201;3;0;0;0;3;198;128;70;
021700034;120;61;0;113;0;59;0;0;59;0;0;0;0;0;59;24;35;
021700035;280;159;1;277;2;120;2;0;120;4;1;0;0;5;115;77;38;
021700036;430;255;1;441;0;174;0;0;174;0;0;0;0;0;174;75;99;
021700037;580;357;0;575;0;223;0;6;223;1;2;1;0;4;219;95;124;
021700038;570;423;0;565;0;147;0;0;147;1;0;3;0;4;143;82;61;
021700039;620;408;1;615;0;211;0;1;211;0;3;1;0;4;207;127;80;
021700040;770;412;3;769;0;355;0;0;355;0;0;13;0;13;342;342;0;
021700041;230;131;0;219;0;99;0;0;99;1;1;0;0;2;97;73;24;
021700042;50;25;1;43;1;24;1;1;24;0;0;1;0;1;23;12;11;
021700043;610;330;1;606;4;279;4;0;279;20;1;0;0;21;258;180;78;
021700044;680;289;1;668;1;390;1;0;390;1;2;0;0;3;387;325;62;
021700045;390;94;1;375;0;295;0;0;295;1;1;0;0;2;293;285;8;
021700046;530;112;2;526;0;416;0;3;416;2;3;1;0;6;410;406;4;
021700047;200;45;0;194;5;155;5;0;155;0;0;0;0;0;155;153;2;
021700048;50;21;0;34;0;29;0;0;29;0;0;0;0;0;29;21;8;
021700049;160;52;0;111;12;108;12;3;108;2;0;0;0;2;106;71;35;
021800001;622;333;3;453;0;286;0;2;286;1;2;0;0;3;283;251;32;
021800002;531;150;0;468;0;381;0;0;381;5;0;0;0;5;376;364;12;
021800003;591;164;4;421;2;423;2;2;423;0;2;0;0;2;421;403;18;
021800004;721;254;0;627;0;467;0;1;467;0;2;0;0;2;465;464;1;
021800005;289;89;0;249;0;200;0;3;200;0;0;0;0;0;200;200;0;
021800006;724;207;0;669;0;517;0;0;517;0;0;0;0;0;517;507;10;
021800007;707;135;0;656;0;572;0;0;572;0;4;0;0;4;568;568;0;
021800008;566;87;0;508;2;479;2;2;479;0;0;0;0;0;479;478;1;
021800009;342;33;0;330;2;309;2;2;309;0;0;0;0;0;309;309;0;
021800010;341;128;1;283;0;212;0;0;212;0;1;0;0;1;211;208;3;
021800011;654;195;1;623;3;458;3;0;458;0;1;0;0;1;457;440;17;
021800012;506;105;0;474;1;401;1;0;401;0;0;0;0;0;401;400;1;
021800013;996;140;0;938;0;856;0;0;856;0;1;0;1;2;854;853;1;
021800015;198;28;0;193;0;170;0;5;170;0;1;3;1;5;165;161;4;
021800016;512;142;0;485;1;370;1;3;370;0;0;0;0;0;370;368;2;
021800017;510;232;0;427;6;278;6;0;278;2;0;2;0;4;274;271;3;
021800018;716;339;1;622;0;376;0;0;376;3;0;0;0;3;373;321;52;
021800019;812;403;2;630;0;407;0;1;407;0;1;9;0;10;397;384;13;
021800020;506;254;0;413;0;252;0;0;252;0;0;0;0;0;252;221;31;
021800021;456;81;0;408;0;375;0;0;375;0;0;0;0;0;375;374;1;
021800022;676;128;2;624;0;546;0;0;546;0;0;3;0;3;543;542;1;
021800023;744;212;2;663;0;530;0;2;530;2;2;0;1;5;525;521;4;
021800024;365;93;0;330;0;272;0;2;272;0;0;0;0;0;272;270;2;
021800025;470;138;0;432;0;332;0;0;332;0;0;3;0;3;329;321;8;
021800026;389;73;0;360;0;316;0;2;316;0;1;3;0;4;312;310;2;
021800027;577;233;1;536;0;343;0;0;343;0;0;3;0;3;340;304;36;
021800028;629;262;1;605;0;366;0;0;366;4;5;1;0;10;356;297;59;
021800029;899;349;0;755;8;550;8;0;550;2;1;0;0;3;547;543;4;
021800030;750;118;0;705;0;632;0;1;632;0;3;0;0;3;629;629;0;
021800031;381;89;0;343;4;292;4;0;292;0;0;2;0;2;290;285;5;
021800032;208;30;0;187;0;178;0;3;178;0;0;0;0;0;178;178;0;
021800033;558;236;2;462;0;320;0;3;320;0;2;4;0;6;314;312;2;
021800034;639;233;1;545;0;405;0;0;405;0;1;1;0;2;403;401;2;
021800035;387;95;1;341;0;291;0;0;291;0;2;1;0;3;288;284;4;
021800036;364;81;0;327;0;283;0;0;283;0;0;0;0;0;283;283;0;
021800037;641;156;0;547;0;485;0;0;485;0;0;0;0;0;485;481;4;
021800038;373;80;1;351;0;292;0;2;292;1;0;0;0;1;291;286;5;
021800039;927;126;0;877;0;801;0;1;801;1;1;0;0;2;799;795;4;
021800041;623;218;0;572;0;405;0;1;405;1;0;2;0;3;402;401;1;
021800042;339;62;0;298;0;277;0;2;277;0;0;0;0;0;277;276;1;
021800043;606;111;2;562;0;493;0;0;493;0;0;0;0;0;493;493;0;
021800044;362;46;0;330;0;316;0;0;316;0;2;0;0;2;314;314;0;
021800045;453;65;0;421;0;388;0;1;388;0;0;0;0;0;388;388;0;
021800046;823;301;1;687;0;521;0;0;521;2;0;12;0;14;507;504;3;
021800047;610;228;0;487;0;382;0;0;382;7;0;0;0;7;375;373;2;
021800048;674;169;0;623;0;505;0;0;505;0;4;4;0;8;497;497;0;
021800049;395;181;0;322;0;214;0;2;214;0;1;2;0;3;211;211;0;
021800051;992;304;0;907;0;688;0;0;688;0;0;0;0;0;688;682;6;
021800052;457;110;1;406;1;346;1;1;346;0;1;0;0;1;345;345;0;
022100001;568;275;1;560;2;292;2;3;292;1;3;7;0;11;281;152;129;
022100002;550;258;0;525;0;292;0;1;292;4;5;4;0;13;279;158;121;
022100003;780;412;1;762;0;367;0;3;367;2;2;1;0;5;362;156;206;
022100004;1000;520;0;1001;1;480;1;0;480;1;4;6;0;11;469;247;222;
022100005;870;502;2;861;1;366;1;2;366;1;3;0;0;4;362;153;209;
022100006;200;100;0;201;1;100;1;0;100;3;1;0;0;4;96;73;23;
022100007;450;244;0;468;3;206;3;0;206;3;1;2;0;6;200;130;70;
022100010;150;40;0;139;0;110;0;2;110;1;0;2;0;3;107;77;30;
022100011;220;103;1;115;1;116;1;6;116;0;1;0;0;1;115;73;42;
022100012;1000;492;2;935;0;506;0;0;506;0;1;17;0;18;488;375;113;
022100014;469;234;0;461;2;235;2;0;235;0;2;2;0;4;231;133;98;
022100015;270;108;0;258;0;162;0;0;162;0;0;0;0;0;162;88;74;
022100016;650;302;2;630;5;346;5;1;346;2;2;18;0;22;324;246;78;
022100017;130;54;1;121;1;75;1;0;75;0;1;3;0;4;71;60;11;
022100018;450;209;0;418;1;241;1;3;241;0;0;3;0;3;238;160;78;
022100019;770;489;0;768;1;281;1;0;281;0;0;10;0;10;271;242;29;
022100020;680;289;2;664;0;389;0;0;389;2;3;2;0;7;382;272;110;
022100021;370;187;1;349;2;182;2;0;182;5;0;0;0;5;177;97;80;
022100022;900;491;1;891;2;408;2;0;408;2;1;2;0;5;403;155;248;
022100023;800;430;1;794;4;369;4;2;369;2;3;0;0;5;364;160;204;
022300001;671;393;1;672;0;277;0;0;277;1;1;0;0;2;275;212;63;
022300002;679;370;0;677;1;309;1;0;309;2;2;0;0;4;305;210;95;
022300003;656;362;1;658;1;293;1;0;293;1;4;1;0;6;287;151;136;
022300004;805;466;1;807;1;338;1;0;338;2;4;2;0;8;330;264;66;
022300005;87;35;1;89;1;51;1;0;51;0;0;0;0;0;51;40;11;
022300006;110;65;0;110;0;45;0;0;45;0;0;2;0;2;43;43;0;
022300007;114;52;0;111;5;62;5;0;62;0;2;0;0;2;60;45;15;
022300008;363;141;1;361;0;221;0;0;221;10;0;0;1;11;210;177;33;
022300009;141;49;1;142;0;91;0;0;91;0;0;0;0;0;91;79;12;
022300010;93;13;0;94;0;80;0;0;80;0;0;0;0;0;80;80;0;
022300011;263;97;1;263;2;165;2;0;165;13;0;0;0;13;152;138;14;
022300012;546;280;0;540;0;266;0;0;266;10;2;14;0;26;240;211;29;
022300013;56;5;1;56;0;50;0;0;50;1;0;0;0;1;49;43;6;
022300014;107;34;0;110;0;73;0;0;73;1;0;0;0;1;72;60;12;
022300015;128;53;0;127;0;75;0;0;75;0;0;0;0;0;75;64;11;
022300016;160;89;0;160;0;71;0;0;71;0;0;0;0;0;71;71;0;
022300017;300;93;0;299;0;207;0;1;207;1;0;5;0;6;201;194;7;
022300018;318;144;1;324;2;173;2;1;173;4;0;0;0;4;169;169;0;
022300019;373;129;3;375;1;241;1;0;241;8;0;0;1;9;232;187;45;
022300020;382;178;1;383;0;203;0;1;203;4;2;1;0;7;196;124;72;
022300021;552;206;1;554;0;345;0;0;345;2;0;2;0;4;341;341;0;
022300022;547;197;1;549;0;349;0;0;349;3;1;1;0;5;344;342;2;
022300023;303;98;1;304;2;204;2;0;204;0;1;0;0;1;203;147;56;
022300024;276;119;0;278;3;157;3;0;157;6;3;0;0;9;148;95;53;
022300025;339;105;0;339;0;234;0;0;234;1;1;0;0;2;232;170;62;
022300026;243;81;1;243;0;161;0;0;161;2;1;4;0;7;154;115;39;
022300027;174;61;2;177;1;111;1;0;111;1;1;0;0;2;109;76;33;
022300028;589;271;2;593;5;316;5;2;316;3;2;0;0;5;311;284;27;
022300029;182;84;2;184;0;96;0;2;96;0;0;0;0;0;96;86;10;
022300030;711;250;0;711;0;461;0;0;461;0;0;0;0;0;461;457;4;
022300031;155;62;2;159;0;91;0;0;91;2;0;3;0;5;86;68;18;
022300032;363;143;1;366;3;219;3;0;219;1;4;5;0;10;209;150;59;
022300033;35;13;1;39;0;21;0;0;21;0;1;0;0;1;20;18;2;
022300034;355;129;0;365;0;226;0;0;226;17;0;0;0;17;209;190;19;
022300035;32;8;1;32;0;23;0;0;23;0;0;0;0;0;23;22;1;
022700001;800;486;2;839;3;312;3;3;312;3;0;0;0;3;309;178;131;
022700002;950;673;1;963;1;276;1;0;276;1;0;8;0;9;267;129;138;
022700003;750;510;1;755;2;239;2;0;239;1;2;1;0;4;235;128;107;
022700004;600;221;0;625;4;379;4;0;379;3;0;3;0;6;373;247;126;
022700005;100;26;0;109;1;74;1;0;74;1;0;0;0;1;73;23;50;
022700006;500;193;0;507;1;307;1;0;307;1;2;0;0;3;304;167;137;
022700007;50;34;0;23;0;16;0;1;16;1;0;0;0;1;15;14;1;
022700008;850;523;0;837;2;327;2;0;327;1;3;0;0;4;323;152;171;
022700009;500;177;0;497;3;323;3;0;323;3;4;2;1;10;313;146;167;
030100001;640;332;2;622;2;306;2;0;306;3;3;0;0;6;300;222;78;
030100002;410;213;0;398;6;197;6;0;197;1;2;0;0;3;194;184;10;
030100003;585;319;0;570;1;266;1;0;266;2;6;0;0;8;258;151;107;
030100004;125;34;0;121;0;91;0;0;91;3;0;0;0;3;88;84;4;
030100005;1015;540;0;984;1;475;1;0;475;6;0;0;0;6;469;438;31;
030100006;240;107;1;231;6;132;6;0;132;1;2;0;0;3;129;81;48;
030100007;210;63;0;204;0;147;0;0;147;0;0;0;0;0;147;137;10;
030100008;185;66;0;178;3;119;3;0;119;0;0;0;0;0;119;83;36;
030100009;75;24;1;70;1;50;1;0;50;0;0;0;0;0;50;33;17;
030100010;545;300;1;529;2;244;2;0;244;0;2;6;0;8;236;156;80;
030100011;140;56;0;132;3;84;3;0;84;5;0;0;0;5;79;60;19;
030100012;225;99;1;215;0;125;0;0;125;0;0;2;0;2;123;104;19;
030100013;840;436;1;813;1;403;1;0;403;0;2;0;0;2;401;344;57;
030100014;470;246;1;456;1;223;1;0;223;1;7;0;0;8;215;181;34;
030100015;565;343;1;548;2;221;2;0;221;3;2;0;0;5;216;146;70;
030100016;105;44;1;101;2;60;2;0;60;0;0;0;1;1;59;54;5;
030200001;700;433;1;698;2;266;2;1;266;0;3;0;0;3;263;178;85;
030200002;849;537;0;850;0;312;0;2;312;6;4;0;0;10;302;200;102;
030200003;882;511;3;874;0;368;0;0;368;6;0;0;1;7;361;226;135;
030200004;882;553;1;883;1;328;1;0;328;1;3;2;0;6;322;203;119;
030200005;805;528;3;803;0;274;0;0;274;0;0;0;0;0;274;200;74;
030200006;700;405;0;704;0;295;0;5;295;0;1;0;0;1;294;212;82;
030200007;975;651;2;973;0;322;0;1;322;0;3;1;0;4;318;226;92;
030200008;530;263;2;529;6;265;6;6;265;3;2;23;0;28;237;224;13;
030200009;685;388;1;689;0;296;0;6;296;2;3;1;0;6;290;274;16;
030200010;90;37;0;92;2;53;2;0;53;2;0;0;0;2;51;40;11;
030200011;70;29;0;66;5;41;5;0;41;0;6;0;0;6;35;25;10;
030200012;520;359;0;509;0;161;0;0;161;0;5;0;0;5;156;119;37;
030200013;540;392;0;541;0;148;0;4;148;0;4;0;0;4;144;118;26;
030200014;570;382;3;572;0;185;0;3;185;3;0;1;0;4;181;154;27;
030200015;620;468;0;618;1;152;1;0;152;1;0;12;0;13;139;126;13;
030200016;530;408;1;526;0;121;0;0;121;0;0;0;0;0;121;114;7;
030200017;510;279;0;507;0;231;0;5;231;2;2;0;0;4;227;162;65;
030200018;200;84;0;196;8;116;8;0;116;0;0;1;0;1;115;88;27;
030200019;690;412;0;682;0;278;0;0;278;0;4;2;0;6;272;162;110;
030200020;220;78;1;222;0;141;0;0;141;1;0;0;0;1;140;103;37;
030200021;115;46;0;112;3;69;3;0;69;0;2;1;0;3;66;33;33;
030200022;235;89;0;232;8;146;8;0;146;3;0;0;1;4;142;56;86;
030200023;80;30;0;79;4;50;4;0;50;0;0;1;0;1;49;30;19;
030200024;175;80;1;94;0;94;0;4;94;0;1;0;0;1;93;69;24;
030200025;400;284;0;116;2;116;2;6;116;0;4;3;0;7;109;91;18;
030200026;220;105;1;222;0;114;0;3;114;0;2;0;0;2;112;76;36;
030200027;150;63;2;151;5;85;5;0;85;2;0;0;0;2;83;58;25;
030200028;100;44;0;103;3;56;3;0;56;0;3;0;0;3;53;48;5;
030200029;155;85;1;154;0;69;0;2;69;1;2;0;0;3;66;53;13;
030200030;40;11;1;44;1;28;1;6;28;1;0;0;0;1;27;25;2;
030200031;885;566;0;893;7;319;7;4;319;0;1;0;0;1;318;290;28;
030200032;85;21;1;89;5;63;5;0;63;0;5;2;0;7;56;46;10;
030200033;55;16;0;57;0;39;0;0;39;1;0;1;0;2;37;24;13;
030400001;733;396;1;677;0;336;0;0;336;2;2;0;0;4;332;321;11;
030400002;784;412;1;728;0;371;0;1;371;0;2;0;0;2;369;292;77;
030400003;903;538;2;845;0;363;0;0;363;7;0;0;0;7;356;232;124;
030400004;842;541;2;787;0;299;0;4;299;2;2;1;0;5;294;186;108;
030400005;708;428;2;651;3;278;3;0;278;2;1;0;0;3;275;162;113;
030400006;608;367;2;553;0;239;0;0;239;0;6;0;0;6;233;145;88;
030400007;693;437;0;634;0;256;0;1;256;3;0;2;0;5;251;181;70;
030400008;662;464;0;602;0;198;0;0;198;4;0;0;0;4;194;123;71;
030400009;486;333;1;427;2;152;2;0;152;1;1;3;0;5;147;81;66;
030400010;569;336;1;509;6;232;6;0;232;0;5;0;1;6;226;120;106;
030400011;452;240;1;393;0;211;0;0;211;3;5;1;0;9;202;101;101;
030400012;734;385;2;673;0;347;0;0;347;0;2;1;0;3;344;193;151;
030400013;663;373;2;606;0;288;0;1;288;2;2;0;0;4;284;199;85;
030400014;732;362;2;677;1;368;1;0;368;1;0;0;0;1;367;315;52;
030500001;879;484;0;879;0;395;0;0;395;0;5;0;0;5;390;250;140;
030500002;842;518;0;840;2;324;2;0;324;1;2;0;0;3;321;230;91;
030500003;89;31;1;93;0;57;0;4;57;0;0;3;0;3;54;35;19;
030500004;319;115;1;305;3;203;3;3;203;2;1;0;0;3;200;151;49;
030500005;226;57;0;226;4;169;4;0;169;3;0;0;0;3;166;139;27;
030500006;335;125;0;331;2;210;2;4;210;3;2;4;1;10;200;192;8;
030600364;650;419;2;600;3;229;3;3;229;1;2;3;0;6;223;124;99;
030600365;530;334;1;482;1;195;1;1;195;2;0;0;0;2;193;108;85;
030600366;640;387;1;587;1;252;1;3;252;3;4;0;0;7;245;154;91;
030600367;690;402;3;636;1;285;1;3;285;2;2;0;0;4;281;180;101;
030600368;300;170;1;278;0;129;0;0;129;1;3;0;0;4;125;87;38;
030600369;500;305;1;404;0;194;0;9;194;1;1;0;0;2;192;111;81;
030600370;1000;417;0;909;0;583;0;0;583;5;3;0;0;8;575;572;3;
030600371;800;493;0;662;2;307;2;0;307;4;6;0;0;10;297;161;136;
030600372;2200;1886;1;956;0;313;0;0;313;2;2;13;0;17;296;130;166;
030601001;650;416;2;621;2;232;2;5;232;2;3;0;1;6;226;158;68;
030601002;800;506;0;764;1;294;1;3;294;0;10;0;0;10;284;181;103;
030601003;750;437;12;731;11;301;11;0;301;2;5;4;1;12;289;207;82;
030601004;800;495;1;805;14;304;14;0;304;1;5;0;0;6;298;204;94;
030601005;700;435;2;674;2;263;2;0;263;7;3;0;0;10;253;182;71;
030601006;600;373;2;559;2;225;2;5;225;3;2;0;0;5;220;142;78;
030601007;700;477;5;693;4;218;4;4;218;4;8;0;0;12;206;144;62;
030601008;700;481;0;642;16;219;16;5;219;3;2;1;0;6;213;139;74;
030601009;600;413;0;597;15;187;15;5;187;2;0;0;0;2;185;125;60;
030601010;650;431;1;619;0;218;0;0;218;1;1;1;0;3;215;134;81;
030601011;700;460;0;687;1;240;1;6;240;5;5;0;0;10;230;170;60;
030601012;700;451;4;705;8;245;8;3;245;2;0;6;0;8;237;158;79;
030601013;800;500;1;780;0;299;0;6;299;8;0;0;0;8;291;201;90;
030601014;699;465;0;693;3;234;3;2;234;1;1;0;0;2;232;164;68;
030601015;800;525;1;788;0;274;0;8;274;1;3;0;0;4;270;189;81;
030601016;850;559;2;828;1;289;1;7;289;0;1;3;0;4;285;206;79;
030601017;900;633;1;900;4;266;4;4;266;8;2;0;0;10;256;163;93;
030601018;900;554;1;891;5;345;5;6;345;1;3;0;0;4;341;205;136;
030601019;898;573;0;878;13;325;13;7;325;1;2;0;0;3;322;221;101;
030601020;800;500;1;800;1;299;1;0;299;0;4;0;0;4;295;227;68;
030601021;1000;681;0;921;0;319;0;0;319;2;1;2;0;5;314;199;115;
030601022;800;506;0;762;3;294;3;3;294;1;4;2;0;7;287;193;94;
030601023;900;588;1;311;12;311;12;0;311;1;9;0;0;10;301;214;87;
030601024;1000;659;0;934;3;341;3;3;341;7;1;0;0;8;333;213;120;
030601025;750;484;0;722;5;266;5;6;266;3;4;1;0;8;258;160;98;
030601026;650;402;1;618;16;247;16;7;247;5;3;0;1;9;238;152;86;
030601027;800;514;2;784;4;284;4;2;284;2;0;0;0;2;282;192;90;
030601028;900;614;0;849;6;286;6;0;286;0;1;1;0;2;284;181;103;
030601029;750;481;3;711;1;266;1;0;266;1;2;0;0;3;263;180;83;
030601030;900;534;0;859;25;366;25;0;366;6;0;0;0;6;360;271;89;
030601031;600;380;1;215;4;219;4;0;219;0;3;0;2;5;214;161;53;
030601032;400;246;1;370;4;153;4;0;153;1;0;0;0;1;152;87;65;
030601033;600;367;1;587;2;232;2;6;232;0;7;0;0;7;225;147;78;
030601034;800;495;1;762;13;304;13;4;304;2;4;1;0;7;297;195;102;
030601035;800;539;3;745;2;258;2;3;258;2;2;0;0;4;254;157;97;
030601036;600;343;3;605;15;254;15;6;254;3;6;2;0;11;243;163;80;
030601037;650;429;1;617;8;220;8;0;220;1;2;0;0;3;217;164;53;
030601038;800;513;1;722;11;286;11;0;286;10;1;0;0;11;275;187;88;
030601039;900;515;2;843;9;383;9;3;383;3;12;0;0;15;368;264;104;
030601040;650;409;1;613;12;240;12;0;240;2;8;0;0;10;230;152;78;
030601041;500;325;0;493;12;175;12;5;175;0;4;0;0;4;171;101;70;
030601042;500;305;3;466;1;192;1;7;192;1;1;0;0;2;190;127;63;
030601043;400;254;0;366;0;146;0;0;146;1;4;0;0;5;141;94;47;
030601044;750;418;1;708;7;331;7;0;331;0;7;0;0;7;324;243;81;
030601045;798;488;0;773;9;310;9;0;310;2;5;0;0;7;303;193;110;
030601046;1000;624;0;944;2;376;2;11;376;0;1;0;0;1;375;225;150;
030601047;1000;618;0;960;4;382;4;0;382;0;4;0;0;4;378;253;125;
030601048;1050;645;0;1026;12;405;12;0;405;0;6;0;0;6;399;246;153;
030601049;1000;647;1;956;3;352;3;0;352;2;1;3;0;6;346;230;116;
030601050;1000;631;2;932;0;367;0;0;367;0;7;0;0;7;360;258;102;
030601051;1000;681;0;934;2;319;2;0;319;2;8;1;0;11;308;183;125;
030601052;1000;621;2;954;1;377;1;0;377;14;0;0;0;14;363;220;143;
030601053;1050;693;1;1020;0;356;0;0;356;2;0;0;0;2;354;238;116;
030601054;1050;650;2;1017;1;398;1;8;398;1;7;1;3;12;386;260;126;
030601055;1100;693;0;1036;13;407;13;5;407;4;8;0;0;12;395;283;112;
030601056;1000;630;0;997;13;370;13;3;370;5;5;0;0;10;360;245;115;
030601057;1000;688;0;995;0;312;0;1;312;3;0;0;0;3;309;223;86;
030601058;1000;662;0;945;1;338;1;0;338;0;5;0;0;5;333;235;98;
030601059;1100;756;2;1043;8;342;8;4;342;6;5;0;0;11;331;221;110;
030601060;950;658;0;916;2;292;2;0;292;0;5;0;0;5;287;198;89;
030601061;799;522;0;743;0;277;0;0;277;0;2;0;0;2;275;163;112;
030601062;900;578;1;882;1;321;1;0;321;0;5;2;0;7;314;211;103;
030601063;900;579;0;879;0;321;0;0;321;3;0;0;0;3;318;201;117;
030601064;800;526;0;759;4;274;4;9;274;1;5;2;0;8;266;153;113;
030601065;800;554;1;718;7;245;7;0;245;0;5;0;0;5;240;154;86;
030601066;850;543;1;814;11;306;11;0;306;0;1;0;0;1;305;196;109;
030601067;800;565;6;717;2;229;2;0;229;1;4;1;0;6;223;146;77;
030601068;1000;669;11;923;1;320;1;0;320;5;3;0;3;11;309;210;99;
030601069;800;573;0;763;1;227;1;0;227;2;5;2;0;9;218;139;79;
030601070;1000;607;11;952;7;382;7;0;382;0;11;0;0;11;371;258;113;
030601071;700;458;1;669;2;241;2;1;241;5;0;0;0;5;236;127;109;
030601072;850;548;2;809;0;300;0;0;300;2;4;0;0;6;294;199;95;
030601073;600;425;0;558;0;175;0;0;175;4;0;0;0;4;171;122;49;
030601074;450;325;2;412;0;123;0;7;123;1;0;1;0;2;121;77;44;
030601075;750;481;1;726;0;268;0;7;268;3;1;1;0;5;263;236;27;
030601076;900;637;1;887;0;262;0;8;262;1;0;0;0;1;261;256;5;
030601077;950;666;1;912;0;283;0;0;283;1;0;3;0;4;279;180;99;
030601078;1000;708;1;937;0;291;0;2;291;1;9;0;0;10;281;161;120;
030601079;950;539;1;987;0;410;0;0;410;0;2;0;0;2;408;283;125;
030601080;1000;700;0;929;1;300;1;4;300;1;1;0;0;2;298;173;125;
030601081;1000;728;1;927;10;271;10;6;271;9;0;0;0;9;262;168;94;
030601082;850;583;0;810;0;267;0;0;267;2;6;0;0;8;259;179;80;
030601083;650;439;0;608;0;211;0;0;211;2;2;0;0;4;207;150;57;
030602084;700;410;0;752;5;290;5;4;290;0;4;0;0;4;286;174;112;
030602085;700;376;0;678;1;324;1;0;324;3;0;4;0;7;317;257;60;
030602086;600;276;2;682;12;322;12;0;322;1;10;0;0;11;311;215;96;
030602087;800;440;1;856;22;359;22;4;359;0;11;0;0;11;348;247;101;
030602088;900;551;0;930;8;349;8;4;349;1;0;0;2;3;346;210;136;
030602089;700;427;1;279;12;272;12;0;272;1;1;1;0;3;269;178;91;
030602090;894;477;2;984;4;415;4;4;415;0;2;0;0;2;413;303;110;
030602091;600;365;0;646;3;235;3;5;235;2;1;0;1;4;231;157;74;
030602092;900;501;0;1003;16;399;16;2;399;1;6;0;1;8;391;251;140;
030602093;900;588;2;897;2;310;2;0;310;2;3;0;0;5;305;208;97;
030602094;900;565;0;978;5;335;5;0;335;6;3;0;0;9;326;228;98;
030602095;800;353;2;859;135;445;135;0;445;3;4;7;0;14;431;327;104;
030602096;900;601;3;884;9;296;9;3;296;0;0;0;0;0;296;198;98;
030602097;700;352;4;719;1;344;1;6;344;5;0;0;0;5;339;264;75;
030602098;600;316;1;602;2;283;2;3;283;1;1;0;0;2;281;217;64;
030602099;497;356;1;456;0;140;0;5;140;1;0;0;0;1;139;88;51;
030602100;800;470;1;818;1;329;1;5;329;3;5;0;0;8;321;201;120;
030602101;700;427;0;712;6;273;6;0;273;2;1;5;0;8;265;166;99;
030602102;800;500;14;831;11;286;11;0;286;0;3;0;0;3;283;198;85;
030602103;400;149;0;322;237;251;237;0;251;2;0;0;0;2;249;186;63;
030602104;900;506;2;943;23;392;23;7;392;0;2;0;0;2;390;266;124;
030602105;800;469;1;829;4;330;4;5;330;1;2;1;0;4;326;238;88;
030602106;600;343;2;580;3;255;3;0;255;0;3;5;0;8;247;164;83;
030602107;900;541;1;871;1;358;1;0;358;0;6;0;0;6;352;236;116;
030602108;800;527;1;753;1;272;1;5;272;8;0;0;0;8;264;175;89;
030602109;797;531;2;824;0;264;0;3;264;3;1;0;0;4;260;160;100;
030602110;800;511;1;811;8;288;8;3;288;0;0;9;0;9;279;183;96;
030602111;898;589;1;898;6;308;6;0;308;0;2;3;0;5;303;188;115;
030602112;900;528;2;1064;3;370;3;0;370;4;4;0;0;8;362;237;125;
030602113;900;562;4;868;17;334;17;7;334;1;1;1;1;4;330;219;111;
030602114;900;553;0;976;8;347;8;0;347;4;0;0;0;4;343;208;135;
030602115;700;360;1;769;5;339;5;5;339;2;1;0;0;3;336;247;89;
030602116;800;456;1;791;5;343;5;1;343;0;1;0;0;1;342;244;98;
030602117;698;422;0;754;5;276;5;0;276;1;0;1;0;2;274;159;115;
030602118;795;473;0;864;0;322;0;2;322;0;8;0;0;8;314;219;95;
030602119;800;495;0;850;2;305;2;0;305;1;1;0;0;2;303;208;95;
030602120;900;582;0;921;7;318;7;3;318;0;3;6;0;9;309;201;108;
030602121;800;487;1;306;6;312;6;7;312;2;0;2;0;4;308;199;109;
030602122;873;518;2;895;2;353;2;0;353;0;4;0;0;4;349;238;111;
030602123;600;387;3;620;8;210;8;0;210;0;2;0;0;2;208;131;77;
030602124;600;393;2;680;0;205;0;3;205;1;0;2;0;3;202;134;68;
030602125;800;499;1;837;2;300;2;4;300;0;1;1;0;2;298;183;115;
030602126;800;556;0;863;1;244;1;6;244;1;2;1;0;4;240;133;107;
030602127;797;459;0;869;16;338;16;0;338;0;17;0;0;17;321;223;98;
030602128;796;471;0;933;10;325;10;3;325;2;3;1;0;6;319;220;99;
030602129;796;424;1;907;8;371;8;0;371;1;7;6;0;14;357;252;105;
030602130;700;151;2;745;275;547;275;0;547;2;1;11;0;14;533;422;111;
030602131;700;353;2;795;73;345;73;4;345;1;7;0;0;8;337;256;81;
030602132;698;315;2;758;81;381;81;2;381;1;5;3;0;9;372;270;102;
030602133;700;355;2;754;53;343;53;2;343;5;5;0;0;10;333;243;90;
030602134;900;508;2;965;6;390;6;6;390;0;12;0;0;12;378;241;137;
030602135;900;477;0;996;19;423;19;0;423;0;2;0;0;2;421;294;127;
030602136;800;460;0;836;5;340;5;6;340;1;6;4;0;11;329;233;96;
030602137;900;477;0;957;33;423;33;4;423;2;7;0;0;9;414;263;151;
030602138;700;422;0;775;6;278;6;2;278;1;5;6;0;12;266;187;79;
030602139;800;498;0;859;25;302;25;0;302;0;2;1;0;3;299;205;94;
030602140;600;261;0;670;16;339;16;0;339;2;1;4;0;7;332;263;69;
030602141;798;434;9;811;15;355;15;4;355;0;1;6;2;9;346;271;75;
030602142;695;424;1;744;1;270;1;0;270;0;3;0;0;3;267;184;83;
030602143;700;390;0;782;15;310;15;7;310;2;1;0;0;3;307;215;92;
030602144;700;379;1;786;10;320;10;3;320;0;4;1;0;5;315;219;96;
030602145;700;396;0;720;16;304;16;0;304;7;0;0;0;7;297;201;96;
030602146;700;432;1;714;5;267;5;4;267;2;0;3;0;5;262;168;94;
030602147;800;449;2;935;8;349;8;5;349;1;2;0;0;3;346;235;111;
030602148;600;357;0;682;3;243;3;0;243;6;0;0;0;6;237;156;81;
030602149;900;498;4;1051;1;398;1;0;398;0;4;9;0;13;385;241;144;
030602150;500;241;0;301;129;259;129;6;259;0;4;0;0;4;255;200;55;
030602151;700;440;0;755;20;260;20;0;260;0;5;0;0;5;255;201;54;
030602152;600;402;1;661;1;197;1;2;197;2;1;0;0;3;194;137;57;
030602153;598;323;1;639;22;274;22;0;274;0;4;0;0;4;270;180;90;
030602154;600;255;1;737;23;344;23;0;344;0;1;0;0;1;343;248;95;
030602155;700;401;1;680;0;298;0;5;298;5;3;0;0;8;290;217;73;
030602156;600;287;1;698;0;312;0;0;312;5;2;0;0;7;305;234;71;
030602157;500;217;1;585;11;282;11;0;282;2;5;8;0;15;267;168;99;
030602158;600;286;2;765;3;312;3;6;312;2;2;7;0;11;301;223;78;
030602159;601;281;2;752;6;318;6;2;318;1;0;0;0;1;317;230;87;
030602160;600;290;3;758;3;307;3;5;307;3;3;0;0;6;301;208;93;
030602161;600;326;2;659;0;272;0;0;272;0;1;0;0;1;271;195;76;
030602162;695;317;1;835;1;377;1;4;377;0;5;0;0;5;372;277;95;
030602163;600;315;1;686;2;284;2;8;284;2;7;1;1;11;273;180;93;
030602164;700;410;1;792;16;289;16;4;289;1;2;3;0;6;283;179;104;
030602165;673;347;2;732;0;324;0;6;324;1;0;0;0;1;323;233;90;
030602166;600;331;1;660;11;268;11;0;268;0;1;0;0;1;267;189;78;
030602167;800;370;0;906;10;430;10;0;430;6;8;0;0;14;416;297;119;
030602168;795;496;0;947;16;299;16;2;299;3;2;1;0;6;293;197;96;
030602169;800;506;1;853;0;293;0;5;293;1;2;0;0;3;290;159;131;
030602170;600;380;0;705;3;220;3;6;220;2;4;3;0;9;211;107;104;
030602171;700;472;0;783;0;228;0;0;228;2;0;9;0;11;217;125;92;
030602172;200;176;0;124;0;24;0;8;24;1;0;1;0;2;22;14;8;
030602173;700;439;7;716;2;254;2;4;254;3;2;6;1;12;242;123;119;
030602174;700;419;1;685;1;280;1;0;280;4;3;0;3;10;270;135;135;
030602175;800;501;0;785;0;299;0;0;299;2;0;0;0;2;297;138;159;
030602176;700;461;3;701;0;236;0;0;236;3;0;0;0;3;233;120;113;
030602177;900;545;0;970;0;355;0;4;355;0;4;11;1;16;339;178;161;
030602178;898;518;2;968;0;378;0;1;378;3;0;0;0;3;375;180;195;
030602373;400;236;0;200;8;164;8;7;164;3;0;0;0;3;161;108;53;
030602374;300;244;0;94;0;56;0;3;56;1;0;0;0;1;55;42;13;
030602375;300;268;1;136;9;31;9;5;31;0;0;0;0;0;31;23;8;
030602376;200;172;0;56;0;28;0;8;28;0;1;1;0;2;26;23;3;
030602377;200;174;0;34;0;26;0;4;26;2;0;0;0;2;24;20;4;
030602379;300;178;3;150;1;119;1;0;119;6;2;3;0;11;108;69;39;
030602400;700;362;0;722;16;338;16;0;338;13;0;0;3;16;322;224;98;
030602401;900;532;1;1029;3;367;3;4;367;1;2;3;0;6;361;246;115;
030602402;498;389;0;288;26;109;26;0;109;2;0;0;0;2;107;74;33;
030602403;500;439;0;243;0;61;0;5;61;0;0;0;0;0;61;50;11;
030603179;749;428;3;835;3;318;3;2;318;0;3;0;0;3;315;239;76;
030603180;494;281;0;564;1;213;1;11;213;0;3;0;0;3;210;124;86;
030603181;721;445;1;809;0;275;0;5;275;3;1;0;0;4;271;176;95;
030603182;760;467;0;848;1;293;1;4;293;0;1;0;0;1;292;215;77;
030603183;687;456;2;770;2;229;2;2;229;2;1;0;0;3;226;138;88;
030603184;741;446;5;830;0;290;0;4;290;0;3;3;0;6;284;175;109;
030603185;763;500;0;847;3;263;3;0;263;13;0;0;0;13;250;173;77;
030603186;793;463;3;889;0;327;0;4;327;1;2;0;0;3;324;217;107;
030603187;825;517;2;917;0;306;0;1;306;2;1;4;0;7;299;209;90;
030603188;812;551;1;905;0;260;0;1;260;0;3;0;0;3;257;176;81;
030603189;735;435;0;821;5;300;5;0;300;1;6;0;0;7;293;196;97;
030603190;767;465;2;858;0;300;0;0;300;2;0;0;0;2;298;188;110;
030603191;843;481;0;940;0;362;0;0;362;7;0;0;0;7;355;238;117;
030603192;842;482;1;945;0;359;0;3;359;4;6;3;0;13;346;186;160;
030603193;737;425;13;829;2;299;2;9;299;3;0;10;0;13;286;178;108;
030603194;757;447;1;846;0;309;0;1;309;0;8;0;0;8;301;194;107;
030603195;789;470;0;882;0;319;0;5;319;0;8;0;0;8;311;210;101;
030603196;830;486;0;929;0;344;0;0;344;1;1;2;0;4;340;221;119;
030603197;701;446;0;782;0;255;0;0;255;2;2;0;0;4;251;148;103;
030603198;711;455;2;796;0;254;0;0;254;0;1;0;0;1;253;173;80;
030603199;432;276;1;478;2;155;2;0;155;0;2;0;0;2;153;100;53;
030603200;526;344;0;584;0;182;0;0;182;0;1;0;0;1;181;119;62;
030603201;513;270;0;582;12;243;12;7;243;0;2;0;0;2;241;154;87;
030603202;810;439;0;912;13;371;13;0;371;0;4;0;0;4;367;255;112;
030603203;431;219;1;484;3;211;3;3;211;2;2;1;0;5;206;155;51;
030603204;367;181;0;413;0;186;0;2;186;2;1;6;0;9;177;124;53;
030603205;796;481;0;892;0;315;0;0;315;0;5;4;0;9;306;188;118;
030603206;520;273;2;579;0;245;0;4;245;1;1;0;0;2;243;154;89;
030603207;520;325;0;582;0;195;0;5;195;0;0;6;0;6;189;121;68;
030603208;587;377;1;656;0;209;0;2;209;3;1;0;0;4;205;130;75;
030603209;400;204;1;450;0;195;0;4;195;0;2;8;0;10;185;116;69;
030603210;432;288;0;480;0;144;0;0;144;0;2;0;0;2;142;101;41;
030603211;324;171;3;365;0;150;0;3;150;0;0;2;0;2;148;129;19;
030603212;381;207;1;429;0;173;0;5;173;0;3;0;0;3;170;117;53;
030603213;627;363;1;698;2;263;2;0;263;1;1;5;0;7;256;156;100;
030603214;558;312;0;625;1;246;1;4;246;2;3;0;0;5;241;174;67;
030603215;687;406;0;281;0;281;0;0;281;2;3;0;0;5;276;196;80;
030603216;398;217;4;448;0;177;0;5;177;1;0;0;0;1;176;132;44;
030603217;596;351;0;669;0;245;0;0;245;2;0;6;0;8;237;169;68;
030603218;614;345;2;688;0;267;0;1;267;1;0;2;0;3;264;176;88;
030603219;602;377;1;676;0;224;0;7;224;1;1;3;0;5;219;147;72;
030603220;725;416;1;811;0;308;0;6;308;0;0;0;2;2;306;198;108;
030603221;710;426;4;801;0;280;0;0;280;2;2;4;0;8;272;186;86;
030603222;534;311;1;594;5;222;5;7;222;1;2;0;0;3;219;142;77;
030603223;554;342;1;616;6;211;6;6;211;3;0;0;0;3;208;145;63;
030603224;879;545;0;981;1;334;1;3;334;2;1;0;0;3;331;226;105;
030603225;567;333;1;637;1;233;1;0;233;0;3;1;0;4;229;156;73;
030603226;610;351;2;685;0;257;0;5;257;1;3;2;0;6;251;162;89;
030603227;725;405;2;808;0;318;0;2;318;7;1;0;0;8;310;232;78;
030603228;636;312;2;714;1;322;1;0;322;1;4;1;0;6;316;222;94;
030603229;658;344;2;734;4;312;4;0;312;0;1;0;0;1;311;232;79;
030603230;733;378;3;819;0;352;0;0;352;0;3;2;0;5;347;253;94;
030603231;707;378;1;791;0;328;0;0;328;2;1;3;0;6;322;237;85;
030603232;794;495;0;887;5;299;5;3;299;0;5;0;0;5;294;201;93;
030603233;498;274;1;560;6;223;6;5;223;6;1;1;0;8;215;157;58;
030603234;367;203;0;407;3;164;3;0;164;0;2;0;0;2;162;97;65;
030603235;604;298;0;676;4;306;4;0;306;5;0;0;0;5;301;202;99;
030603236;432;206;1;489;0;225;0;7;225;1;1;0;0;2;223;167;56;
030603237;632;348;1;707;0;283;0;3;283;2;3;0;0;5;278;177;101;
030603238;748;429;1;837;0;318;0;0;318;1;2;2;0;5;313;205;108;
030603239;454;234;0;508;0;220;0;2;220;0;3;0;0;3;217;157;60;
030603240;602;336;2;675;0;264;0;4;264;3;2;1;0;6;258;188;70;
030603241;393;212;0;437;0;181;0;0;181;0;1;2;0;3;178;128;50;
030603242;491;296;1;555;0;194;0;8;194;1;2;0;0;3;191;124;67;
030603243;473;251;2;537;2;220;2;9;220;1;0;0;0;1;219;150;69;
030603244;568;325;0;637;0;243;0;0;243;0;7;0;0;7;236;152;84;
030603245;772;433;0;857;8;339;8;1;339;2;7;0;0;9;330;243;87;
030603246;498;256;0;558;0;242;0;4;242;1;5;0;0;6;236;145;91;
030603247;629;364;0;708;3;265;3;7;265;2;2;2;0;6;259;155;104;
030603248;801;428;2;900;1;371;1;4;371;1;6;0;0;7;364;248;116;
030603249;763;451;0;854;3;312;3;0;312;4;8;0;0;12;300;209;91;
030603250;702;419;1;786;0;282;0;5;282;1;1;3;0;5;277;196;81;
030603251;710;431;1;791;0;278;0;0;278;0;3;0;0;3;275;188;87;
030603252;344;217;0;388;0;127;0;3;127;2;3;0;0;5;122;78;44;
030603253;774;463;2;865;0;309;0;2;309;0;1;1;0;2;307;207;100;
030603254;599;380;0;669;0;219;0;1;219;0;0;1;0;1;218;152;66;
030603255;690;402;3;769;0;285;0;1;285;5;2;0;0;7;278;156;122;
030603256;662;437;3;741;0;222;0;0;222;7;2;0;1;10;212;132;80;
030603257;570;348;2;643;1;220;1;0;220;2;2;4;0;8;212;134;78;
030603258;799;447;3;900;2;349;2;0;349;2;8;0;0;10;339;218;121;
030603259;600;387;0;666;5;213;5;0;213;11;0;0;0;11;202;131;71;
030603260;684;483;1;769;9;200;9;9;200;0;4;0;0;4;196;156;40;
030603261;757;511;2;845;0;244;0;0;244;8;0;0;0;8;236;131;105;
030603262;798;391;0;898;0;407;0;0;407;0;9;10;0;19;388;354;34;
030603263;725;488;1;732;0;236;0;4;236;3;0;9;0;12;224;188;36;
030603264;684;402;0;769;0;282;0;0;282;0;3;0;0;3;279;191;88;
030603265;626;418;2;697;7;206;7;5;206;3;0;0;0;3;203;115;88;
030603266;757;499;0;847;2;258;2;1;258;0;2;0;0;2;256;166;90;
030603267;654;447;0;737;0;207;0;6;207;11;2;1;0;14;193;139;54;
030603268;457;269;0;513;3;188;3;1;188;4;2;0;0;6;182;104;78;
030603269;618;341;3;698;0;274;0;0;274;2;1;0;0;3;271;173;98;
030603270;563;309;2;627;10;252;10;0;252;0;4;3;0;7;245;163;82;
030603271;596;301;1;764;0;294;0;0;294;1;6;0;0;7;287;158;129;
030603272;604;333;1;676;8;270;8;6;270;1;2;3;0;6;264;148;116;
030603273;302;201;0;322;0;101;0;0;101;0;0;0;0;0;101;59;42;
030603274;455;244;2;510;0;209;0;6;209;3;0;0;0;3;206;155;51;
030603275;523;300;0;586;0;223;0;2;223;0;7;0;0;7;216;148;68;
030603276;401;231;0;450;0;170;0;9;170;4;3;3;0;10;160;124;36;
030603277;458;236;2;520;12;220;12;9;220;0;0;6;0;6;214;150;64;
030603380;195;48;1;160;0;146;0;0;146;18;0;0;0;18;128;82;46;
030603381;60;6;0;59;0;54;0;0;54;0;0;0;0;0;54;27;27;
030604278;554;353;2;537;0;199;0;6;199;1;0;2;0;3;196;123;73;
030604279;604;379;0;576;0;225;0;3;225;0;2;0;0;2;223;147;76;
030604280;573;352;0;556;3;221;3;7;221;0;1;0;0;1;220;144;76;
030604281;695;413;0;667;0;282;0;3;282;2;1;0;0;3;279;176;103;
030604282;512;342;1;492;0;169;0;2;169;0;1;1;0;2;167;106;61;
030604283;484;312;1;469;1;171;1;5;171;0;1;0;0;1;170;108;62;
030604284;771;526;2;742;0;243;0;0;243;2;3;0;0;5;238;153;85;
030604285;460;216;1;456;0;243;0;7;243;3;8;0;0;11;232;217;15;
030604286;869;574;0;830;0;295;0;2;295;1;2;0;0;3;292;188;104;
030604287;751;431;1;726;0;319;0;0;319;3;2;6;0;11;308;278;30;
030604288;688;448;0;663;0;240;0;0;240;3;0;0;0;3;237;138;99;
030604289;651;452;0;621;0;199;0;1;199;0;0;0;0;0;199;125;74;
030604290;422;234;0;403;0;188;0;0;188;0;4;1;0;5;183;129;54;
030604291;696;416;2;671;0;278;0;0;278;3;1;1;0;5;273;170;103;
030604292;464;303;0;448;0;161;0;5;161;1;0;1;0;2;159;105;54;
030604293;484;320;3;466;0;161;0;0;161;0;0;0;0;0;161;110;51;
030604294;796;525;0;763;0;271;0;0;271;0;4;0;0;4;267;180;87;
030604295;505;215;1;491;0;289;0;6;289;9;2;15;1;27;262;258;4;
030604296;824;580;1;789;0;243;0;1;243;5;1;0;0;6;237;134;103;
030604297;832;527;2;848;0;303;0;0;303;0;2;0;1;3;300;196;104;
030604298;934;598;1;885;0;335;0;1;335;4;0;9;0;13;322;215;107;
030604299;553;369;8;528;0;176;0;1;176;0;0;0;0;0;176;125;51;
030604300;806;545;0;774;0;261;0;2;261;2;3;0;0;5;256;170;86;
030604301;797;555;0;759;0;242;0;2;242;2;1;2;0;5;237;136;101;
030604302;942;619;1;901;0;322;0;1;322;1;1;0;0;2;320;197;123;
030604303;693;471;0;661;0;222;0;0;222;0;1;1;0;2;220;147;73;
030604304;704;456;2;674;0;246;0;1;246;0;3;0;0;3;243;138;105;
030604305;784;534;0;750;0;250;0;2;250;5;0;0;0;5;245;153;92;
030604306;664;428;1;651;3;235;3;14;235;2;3;2;0;7;228;140;88;
030604307;812;518;3;776;1;291;1;6;291;1;2;0;0;3;288;187;101;
030604308;636;411;1;610;0;224;0;3;224;4;1;1;0;6;218;138;80;
030604309;632;429;1;604;0;202;0;1;202;0;0;5;0;5;197;112;85;
030604310;647;446;0;620;1;201;1;0;201;3;0;0;0;3;198;141;57;
030604311;944;673;2;899;0;269;0;0;269;0;1;0;0;1;268;173;95;
030604312;803;551;6;765;0;246;0;2;246;6;0;0;0;6;240;153;87;
030604313;962;569;0;917;1;393;1;1;393;2;0;0;0;2;391;278;113;
030604314;678;421;0;652;0;257;0;0;257;0;1;0;0;1;256;165;91;
030604315;373;228;1;362;0;144;0;6;144;2;0;0;0;2;142;84;58;
030604316;513;313;0;493;0;200;0;2;200;2;0;0;0;2;198;134;64;
030604317;453;288;0;437;0;165;0;0;165;0;3;0;0;3;162;107;55;
030604318;553;354;2;528;0;197;0;0;197;0;5;0;0;5;192;113;79;
030604319;666;414;1;641;0;251;0;4;251;6;0;0;0;6;245;151;94;
030604320;794;504;1;766;0;289;0;7;289;4;2;0;0;6;283;189;94;
030604321;586;384;1;561;0;201;0;1;201;0;1;0;0;1;200;133;67;
030604322;490;307;1;474;1;182;1;6;182;0;1;0;0;1;181;117;64;
030604323;683;493;1;660;0;189;0;8;189;0;1;3;0;4;185;141;44;
030604324;541;364;2;517;2;175;2;2;175;0;2;0;0;2;173;108;65;
030604325;781;533;1;748;0;247;0;0;247;1;0;1;0;2;245;126;119;
030604326;456;305;1;443;0;150;0;9;150;0;4;0;0;4;146;97;49;
030604327;519;345;1;499;0;173;0;5;173;0;0;0;0;0;173;114;59;
030604328;901;608;2;863;0;291;0;0;291;1;9;1;0;11;280;184;96;
030604329;464;305;0;445;0;159;0;0;159;3;0;0;0;3;156;96;60;
030604330;488;340;0;465;0;148;0;1;148;0;2;6;0;8;140;102;38;
030604331;434;308;2;419;0;124;0;5;124;0;0;1;0;1;123;93;30;
030604332;771;565;1;741;1;205;1;4;205;1;0;0;0;1;204;112;92;
030604333;530;375;2;509;0;153;0;0;153;0;0;0;0;0;153;116;37;
030604334;819;591;0;783;1;228;1;3;228;0;0;0;0;0;228;139;89;
030604335;502;319;3;480;0;180;0;2;180;0;2;0;0;2;178;95;83;
030604336;530;371;1;510;1;158;1;0;158;2;0;0;0;2;156;99;57;
030604337;743;462;3;718;0;278;0;5;278;2;1;5;0;8;270;180;90;
030604338;609;400;0;590;0;209;0;0;209;0;0;1;0;1;208;129;79;
030605339;700;439;1;754;0;260;0;0;260;0;0;0;0;0;260;155;105;
030605340;800;478;0;812;0;322;0;3;322;2;0;10;0;12;310;188;122;
030605341;800;477;6;808;0;317;0;6;317;5;1;0;0;6;311;210;101;
030605342;800;482;0;854;5;318;5;0;318;2;8;0;0;10;308;221;87;
030605343;800;462;1;836;1;337;1;3;337;0;3;0;0;3;334;218;116;
030605344;900;548;2;878;0;350;0;5;350;7;1;1;0;9;341;226;115;
030605345;700;411;2;688;0;287;0;0;287;5;1;0;0;6;281;187;94;
030605346;600;393;1;622;0;206;0;0;206;0;0;8;0;8;198;139;59;
030605347;700;440;1;721;0;259;0;5;259;3;2;2;0;7;252;174;78;
030605348;900;366;6;932;0;528;0;0;528;0;1;2;4;7;521;519;2;
030605349;800;453;2;743;0;345;0;0;345;2;0;1;0;3;342;294;48;
030605350;800;449;2;838;1;349;1;4;349;0;2;0;0;2;347;223;124;
030605351;900;513;1;385;1;386;1;0;386;1;0;5;0;6;380;264;116;
030605352;900;600;1;893;0;299;0;0;299;3;0;0;0;3;296;177;119;
030605353;800;449;6;835;1;345;1;0;345;4;0;2;0;6;339;230;109;
030605354;700;439;2;709;4;259;4;0;259;6;0;0;0;6;253;176;77;
030605355;900;564;0;893;1;336;1;0;336;0;1;0;1;2;334;217;117;
030605356;900;518;1;878;0;381;0;1;381;1;1;0;0;2;379;256;123;
030605357;600;375;2;589;0;223;0;0;223;1;2;0;0;3;220;142;78;
030605358;700;431;2;715;0;267;0;1;267;0;1;0;0;1;266;162;104;
030605359;600;292;2;566;0;306;0;1;306;8;0;0;0;8;298;295;3;
030605360;800;502;0;741;0;298;0;1;298;3;7;2;0;12;286;198;88;
030605361;800;478;0;849;1;322;1;0;322;3;3;0;0;6;316;213;103;
030605362;1000;685;1;970;0;314;0;4;314;2;3;1;1;7;307;178;129;
030605363;900;605;0;916;2;295;2;0;295;1;2;0;0;3;292;182;110;
030800001;627;323;0;627;0;304;0;0;304;9;0;0;0;9;295;117;178;
030800002;88;28;0;92;4;60;4;0;60;2;1;2;0;5;55;17;38;
030800003;315;138;2;320;2;175;2;5;175;2;3;8;0;13;162;132;30;
030800004;487;264;3;490;0;220;0;0;220;7;0;0;0;7;213;166;47;
030800005;607;186;0;607;2;421;2;0;421;0;2;8;0;10;411;394;17;
030800006;642;279;0;643;0;363;0;0;363;2;0;1;0;3;360;345;15;
030800007;292;143;1;294;0;148;0;0;148;0;2;6;0;8;140;91;49;
030800008;405;174;0;406;1;231;1;0;231;0;1;8;0;9;222;171;51;
030800009;473;207;1;473;2;265;2;2;265;0;0;2;2;4;261;212;49;
030800010;205;80;0;206;0;125;0;1;125;1;0;0;0;1;124;99;25;
030800011;57;15;0;58;0;42;0;2;42;0;0;0;0;0;42;25;17;
030800012;478;197;1;478;3;280;3;0;280;4;3;0;0;7;273;170;103;
030800013;556;235;0;556;0;321;0;0;321;3;1;0;0;4;317;215;102;
030900001;670;359;1;657;0;310;0;0;310;2;2;0;0;4;306;210;96;
030900002;790;416;2;776;3;372;3;0;372;2;6;0;0;8;364;214;150;
030900003;740;382;1;725;0;357;0;0;357;6;3;0;0;9;348;198;150;
030900004;850;490;2;832;0;358;0;0;358;9;3;0;0;12;346;234;112;
030900005;300;144;0;286;1;156;1;1;156;1;2;1;0;4;152;143;9;
030900006;225;110;0;218;2;115;2;0;115;2;1;0;0;3;112;83;29;
030900007;520;243;0;511;0;277;0;0;277;2;1;1;0;4;273;201;72;
030900008;500;246;0;485;1;254;1;0;254;6;3;0;0;9;245;178;67;
030900009;165;77;1;157;2;87;2;0;87;0;1;0;0;1;86;68;18;
030900010;290;121;3;289;0;166;0;0;166;2;2;0;0;4;162;121;41;
030900011;240;106;0;236;0;134;0;4;134;0;0;0;0;0;134;125;9;
030900012;570;249;2;560;5;319;5;0;319;2;1;1;0;4;315;289;26;
030900014;340;171;0;332;0;169;0;0;169;0;2;0;0;2;167;141;26;
030900015;140;63;1;132;0;76;0;0;76;1;0;0;0;1;75;59;16;
030900016;260;114;1;251;2;145;2;0;145;0;1;5;0;6;139;128;11;
030900017;235;82;1;227;0;152;0;0;152;3;0;0;0;3;149;137;12;
030900018;590;259;0;581;2;331;2;0;331;1;1;14;0;16;315;271;44;
030900019;85;31;0;78;0;54;0;0;54;0;0;0;0;0;54;49;5;
030900020;75;18;0;73;0;57;0;0;57;0;0;0;0;0;57;55;2;
030900021;720;364;0;714;0;356;0;0;356;3;6;1;0;10;346;299;47;
030900022;250;112;0;244;2;138;2;0;138;5;0;0;0;5;133;124;9;
030900023;205;109;1;199;1;95;1;1;95;1;0;0;0;1;94;88;6;
030900024;280;93;0;274;0;187;0;0;187;0;1;0;0;1;186;183;3;
030900025;600;361;0;590;2;239;2;0;239;8;0;0;0;8;231;126;105;
030900026;360;158;0;352;0;202;0;0;202;0;1;1;0;2;200;173;27;
031300001;700;366;2;688;1;332;1;1;332;1;2;0;0;3;329;140;189;
031300002;800;462;2;755;0;336;0;3;336;3;2;0;0;5;331;176;155;
031300003;750;321;4;707;4;425;4;0;425;6;3;0;1;10;415;286;129;
031300004;699;390;0;686;0;309;0;1;309;5;1;0;0;6;303;176;127;
031300005;950;388;3;907;9;559;9;0;559;3;1;4;0;8;551;546;5;
031300006;800;390;0;772;0;410;0;0;410;2;0;3;2;7;403;352;51;
031300007;849;441;0;823;0;408;0;0;408;0;14;0;0;14;394;283;111;
031300008;600;308;1;580;1;291;1;0;291;1;1;0;0;2;289;174;115;
031300009;750;378;1;697;0;371;0;0;371;6;1;0;0;7;364;321;43;
031300010;600;342;0;568;0;258;0;0;258;0;10;0;0;10;248;228;20;
031300011;450;263;0;441;2;187;2;0;187;0;2;1;0;3;184;104;80;
031300012;780;511;0;644;1;269;1;0;269;4;0;0;0;4;265;200;65;
031300013;850;403;0;822;0;447;0;0;447;1;0;3;1;5;442;298;144;
031300014;580;291;0;550;0;289;0;0;289;0;1;0;0;1;288;224;64;
031300015;550;315;15;526;0;220;0;0;220;2;1;11;0;14;206;187;19;
031300016;260;134;1;248;1;125;1;0;125;0;1;0;0;1;124;84;40;
031300017;110;34;0;104;0;76;0;1;76;1;0;0;0;1;75;46;29;
031300018;300;161;0;278;1;139;1;0;139;5;0;0;0;5;134;83;51;
031300019;100;46;0;94;0;54;0;0;54;2;0;0;0;2;52;41;11;
031300020;650;390;1;607;0;259;0;0;259;13;2;0;0;15;244;135;109;
031300021;130;29;1;129;2;100;2;0;100;0;1;0;0;1;99;98;1;
031300022;480;220;0;469;0;260;0;0;260;0;2;0;0;2;258;215;43;
031300023;580;332;0;544;0;248;0;0;248;0;0;0;0;0;248;136;112;
031300024;900;436;0;874;2;464;2;0;464;0;1;0;0;1;463;414;49;
031300025;580;279;0;541;0;301;0;0;301;1;0;0;0;1;300;177;123;
031300026;169;72;1;166;0;96;0;0;96;0;0;1;0;1;95;67;28;
031300027;580;316;1;262;1;263;1;0;263;15;2;1;1;19;244;128;116;
031300028;460;253;1;442;0;206;0;0;206;1;1;0;0;2;204;141;63;
031300029;30;9;0;28;0;21;0;0;21;0;0;0;0;0;21;13;8;
031400001;590;384;1;549;1;205;1;11;205;1;0;2;0;3;202;181;21;
031400002;136;60;0;135;0;76;0;5;76;0;0;0;0;0;76;71;5;
031400003;928;576;3;866;0;349;0;2;349;2;0;0;1;3;346;294;52;
031400004;890;516;0;827;0;374;0;3;374;4;3;0;0;7;367;285;82;
031400005;628;369;0;565;0;259;0;3;259;1;0;0;0;1;258;183;75;
031400006;794;505;0;728;0;289;0;0;289;1;1;1;0;3;286;197;89;
031400007;795;493;0;731;0;302;0;2;302;6;1;0;0;7;295;201;94;
031400008;782;492;0;289;1;290;1;7;290;2;1;0;0;3;287;153;134;
031400009;794;491;0;733;0;303;0;0;303;3;2;0;0;5;298;145;153;
031400010;768;456;0;707;0;312;0;0;312;1;6;0;0;7;305;131;174;
031400011;433;227;0;404;0;206;0;1;206;0;1;7;0;8;198;150;48;
031400012;269;120;0;258;1;149;1;0;149;0;2;1;0;3;146;103;43;
031600001;600;341;1;575;0;258;0;0;258;2;1;0;0;3;255;175;80;
031600002;500;283;1;471;1;216;1;5;216;2;1;0;0;3;213;139;74;
031600003;550;309;0;542;0;241;0;0;241;0;0;0;0;0;241;223;18;
031600004;800;376;1;915;2;423;2;2;423;3;2;6;0;11;412;247;165;
031600005;600;301;1;566;0;298;0;0;298;0;0;6;0;6;292;206;86;
031600006;600;296;0;656;3;304;3;0;304;2;1;1;0;4;300;176;124;
031600007;600;333;0;590;0;267;0;0;267;2;2;0;0;4;263;158;105;
031600008;600;258;3;634;1;339;1;5;339;1;1;6;0;8;331;156;175;
031600009;300;120;0;294;3;180;3;0;180;0;1;0;0;1;179;140;39;
031600010;300;174;1;258;1;125;1;1;125;0;1;0;0;1;124;93;31;
031600011;300;96;1;294;0;203;0;5;203;0;0;0;0;0;203;196;7;
031600012;200;90;1;174;4;109;4;0;109;1;0;1;0;2;107;101;6;
031600013;100;22;0;108;0;78;0;0;78;0;0;0;0;0;78;58;20;
031600014;100;23;1;114;0;76;0;5;76;0;0;0;0;0;76;66;10;
031600015;400;110;4;406;0;286;0;0;286;0;2;0;0;2;284;271;13;
031600016;700;195;2;711;0;503;0;0;503;1;2;0;0;3;500;447;53;
031600017;100;36;1;94;2;63;2;4;63;1;2;0;0;3;60;40;20;
031600018;400;106;1;424;0;293;0;0;293;3;1;0;0;4;289;287;2;
031600019;450;157;1;447;1;292;1;6;292;0;1;0;0;1;291;287;4;
031600020;900;284;1;911;0;615;0;6;615;2;4;0;0;6;609;604;5;
031600021;600;190;3;575;5;407;5;0;407;0;0;0;0;0;407;405;2;
031600022;699;172;1;717;8;526;8;0;526;0;2;0;0;2;524;520;4;
031600023;550;243;1;548;0;306;0;0;306;11;0;2;0;13;293;233;60;
031600024;350;143;1;332;2;206;2;0;206;1;0;0;0;1;205;141;64;
031600025;550;166;1;566;0;383;0;1;383;5;1;0;0;6;377;317;60;
031600026;550;194;0;569;1;356;1;0;356;4;0;0;0;4;352;299;53;
031600027;400;180;2;393;0;218;0;4;218;2;2;0;0;4;214;182;32;
032400001;760;485;0;717;0;275;0;0;275;2;0;5;0;7;268;196;72;
032400002;650;380;0;618;0;270;0;4;270;1;0;8;0;9;261;172;89;
032400003;680;373;1;648;0;306;0;4;306;0;1;5;0;6;300;164;136;
032400004;760;433;1;722;0;326;0;4;326;4;0;0;0;4;322;235;87;
032400005;650;417;0;619;0;233;0;0;233;2;4;2;0;8;225;164;61;
032400006;950;554;0;395;1;396;1;0;396;0;14;0;0;14;382;248;134;
032400007;910;553;0;865;0;357;0;0;357;1;2;3;0;6;351;230;121;
032400008;640;360;0;609;0;280;0;4;280;7;3;0;0;10;270;195;75;
032400009;600;353;0;566;0;247;0;0;247;2;3;0;0;5;242;163;79;
032400010;930;535;0;882;0;395;0;0;395;6;6;0;0;12;383;243;140;
032400011;850;489;0;826;2;361;2;0;361;1;2;1;0;4;357;274;83;
032400012;900;525;0;865;0;375;0;0;375;2;12;0;2;16;359;338;21;
032400013;780;436;0;735;0;344;0;6;344;6;0;0;1;7;337;251;86;
032400014;810;446;0;770;0;364;0;0;364;3;1;6;0;10;354;261;93;
032400015;740;394;0;690;0;346;0;7;346;3;4;0;0;7;339;255;84;
032400016;710;453;1;662;0;256;0;0;256;3;0;0;0;3;253;157;96;
032400017;880;534;0;837;0;346;0;8;346;2;2;0;1;5;341;311;30;
032400018;433;218;0;400;0;215;0;0;215;3;1;0;0;4;211;145;66;
032400019;610;328;0;596;0;282;0;6;282;3;1;0;0;4;278;224;54;
032400020;150;80;0;146;0;70;0;0;70;2;0;1;0;3;67;48;19;
032400021;230;103;0;211;1;127;1;5;127;0;0;0;0;0;127;102;25;
032400022;100;33;0;94;0;67;0;4;67;1;0;1;0;2;65;51;14;
032400023;235;123;0;222;2;112;2;4;112;1;4;0;0;5;107;89;18;
032400024;200;86;0;183;4;114;4;0;114;2;1;0;0;3;111;100;11;
032400025;170;54;1;162;0;115;0;0;115;1;1;0;0;2;113;97;16;
032400026;340;205;0;326;1;135;1;7;135;8;0;0;0;8;127;99;28;
032400027;60;13;0;61;0;47;0;6;47;0;0;0;0;0;47;29;18;
032400028;610;303;1;576;1;306;1;3;306;13;1;0;0;14;292;275;17;
032400029;500;209;0;479;3;291;3;0;291;2;0;0;0;2;289;283;6;
032400030;460;171;0;442;0;289;0;2;289;1;0;0;0;1;288;279;9;
032400031;315;137;0;296;4;178;4;0;178;1;1;0;0;2;176;169;7;
032400032;640;411;0;595;0;229;0;2;229;8;2;0;0;10;219;182;37;
032400033;435;266;0;409;1;169;1;0;169;1;1;11;0;13;156;115;41;
032400034;55;17;1;55;0;37;0;0;37;1;1;1;0;3;34;26;8;
032400035;330;109;0;309;0;221;0;3;221;5;0;0;0;5;216;196;20;
032400036;435;257;0;413;0;178;0;0;178;0;3;0;0;3;175;142;33;
032400037;750;483;0;711;3;267;3;3;267;0;8;0;0;8;259;243;16;
032400038;475;171;1;445;1;303;1;2;303;1;5;6;0;12;291;249;42;
032400039;255;118;0;244;6;137;6;2;137;1;0;0;0;1;136;107;29;
032400040;205;79;1;190;1;125;1;0;125;3;1;0;0;4;121;117;4;
032400041;260;117;1;241;0;142;0;0;142;0;3;0;0;3;139;113;26;
032400042;360;171;1;340;5;188;5;0;188;5;0;5;0;10;178;108;70;
032400043;50;25;0;43;2;25;2;4;25;0;0;0;0;0;25;15;10;
032400044;70;38;0;66;0;32;0;0;32;1;0;0;0;1;31;27;4;
032600001;615;288;0;587;0;327;0;0;327;3;4;0;0;7;320;159;161;
032600002;796;371;1;747;0;424;0;0;424;2;2;2;0;6;418;289;129;
032600003;868;434;1;818;1;433;1;0;433;3;1;5;1;10;423;336;87;
032600004;742;451;0;694;0;291;0;0;291;25;1;3;0;29;262;210;52;
032600005;906;434;2;857;1;470;1;0;470;1;7;0;0;8;462;341;121;
032600006;522;255;0;488;2;267;2;3;267;0;4;15;0;19;248;170;78;
032600007;521;267;2;494;2;252;2;0;252;8;1;0;0;9;243;131;112;
032600008;37;18;0;29;0;19;0;2;19;0;0;0;0;0;19;11;8;
032600009;158;58;0;148;1;100;1;0;100;1;4;6;0;11;89;69;20;
032600010;77;32;0;69;0;45;0;2;45;1;1;0;0;2;43;20;23;
032600011;95;50;0;86;0;45;0;1;45;2;0;0;0;2;43;25;18;
032600012;86;38;0;78;0;48;0;0;48;0;0;0;1;1;47;21;26;
032600013;431;247;0;412;0;184;0;0;184;3;1;0;0;4;180;133;47;
032600014;233;83;0;218;0;150;0;0;150;3;0;0;0;3;147;144;3;
040400001;760;523;1;732;3;236;3;0;236;1;2;7;0;10;226;142;84;
040400002;880;492;0;848;3;388;3;0;388;0;1;3;0;4;384;350;34;
040400003;760;350;1;737;11;409;11;5;409;1;2;11;1;15;394;386;8;
040400004;610;336;1;591;10;273;10;0;273;2;2;0;0;4;269;224;45;
040400005;177;22;1;55;137;154;137;3;154;0;2;0;0;2;152;120;32;
040400006;470;315;2;451;4;153;4;0;153;0;3;0;0;3;150;93;57;
040400007;640;449;1;619;6;190;6;9;190;1;4;0;0;5;185;103;82;
040400008;650;342;8;622;100;300;100;7;300;1;6;0;0;7;293;193;100;
040400009;750;477;1;727;11;272;11;0;272;1;5;0;0;6;266;183;83;
040400010;600;433;2;575;3;165;3;5;165;2;3;0;0;5;160;110;50;
040400011;510;343;1;488;3;166;3;4;166;0;1;1;0;2;164;119;45;
040400012;720;534;1;696;0;185;0;0;185;3;4;0;0;7;178;120;58;
040400013;690;440;1;665;13;249;13;0;249;0;9;1;0;10;239;167;72;
040400014;500;287;1;492;10;212;10;0;212;0;4;0;0;4;208;148;60;
040400015;680;338;2;651;98;340;98;5;340;3;1;2;0;6;334;225;109;
040400016;520;284;1;507;21;235;21;6;235;4;3;5;0;12;223;159;64;
040400017;500;311;1;486;8;188;8;5;188;1;2;0;0;3;185;132;53;
040400018;500;302;2;488;2;196;2;0;196;4;0;0;0;4;192;144;48;
040400019;550;346;1;531;10;203;10;1;203;2;6;1;0;9;194;141;53;
040400020;520;321;1;498;11;198;11;0;198;2;0;1;0;3;195;127;68;
040400021;560;329;1;542;4;230;4;0;230;4;1;0;0;5;225;172;53;
040400022;590;363;1;565;3;226;3;0;226;2;4;0;0;6;220;167;53;
040400023;490;311;2;472;6;177;6;3;177;3;3;0;0;6;171;135;36;
040400024;880;561;1;845;6;318;6;3;318;4;8;0;0;12;306;238;68;
040400025;700;444;2;680;3;254;3;0;254;3;5;0;0;8;246;190;56;
040400026;500;334;2;490;1;164;1;3;164;1;1;1;0;3;161;111;50;
040400027;550;364;1;529;4;185;4;0;185;1;1;0;0;2;183;123;60;
040400028;700;417;2;686;21;281;21;11;281;2;1;0;1;4;277;212;65;
040400029;700;498;1;676;4;201;4;6;201;0;2;0;0;2;199;145;54;
040400030;690;485;1;669;1;204;1;6;204;0;3;2;0;5;199;127;72;
040400031;600;377;1;586;2;222;2;8;222;1;2;0;0;3;219;165;54;
040400032;700;470;0;677;0;230;0;0;230;0;9;0;0;9;221;168;53;
040400033;710;484;1;691;2;225;2;7;225;0;2;0;0;2;223;179;44;
040400034;950;664;1;918;2;285;2;4;285;0;2;0;0;2;283;178;105;
040400035;1110;742;1;1075;5;367;5;0;367;2;1;0;0;3;364;230;134;
040400036;1150;767;1;1015;0;382;0;5;382;2;2;0;0;4;378;277;101;
040400037;750;524;2;730;1;224;1;0;224;0;3;0;0;3;221;154;67;
040400038;890;584;1;864;6;305;6;3;305;1;0;0;0;1;304;209;95;
040400039;780;492;2;750;1;286;1;1;286;0;1;3;0;4;282;216;66;
040400040;660;387;1;639;3;272;3;0;272;3;4;3;0;10;262;214;48;
040400041;700;443;1;254;2;256;2;0;256;1;1;5;0;7;249;195;54;
040400042;830;520;2;800;0;308;0;3;308;1;3;0;0;4;304;211;93;
040400043;780;466;1;757;2;313;2;3;313;1;2;1;0;4;309;222;87;
040400044;630;435;1;612;1;194;1;0;194;1;1;0;0;2;192;145;47;
040400045;550;350;1;536;2;199;2;3;199;1;1;3;0;5;194;131;63;
040400046;630;414;1;603;1;215;1;0;215;1;1;0;0;2;213;163;50;
040400047;910;600;3;305;2;307;2;0;307;0;6;0;0;6;301;210;91;
040400048;1020;653;2;993;13;365;13;8;365;3;5;0;0;8;357;253;104;
040400049;800;552;1;766;2;247;2;0;247;1;2;9;0;12;235;151;84;
040400050;835;560;1;808;3;274;3;1;274;2;3;5;0;10;264;208;56;
040400051;980;654;1;944;9;325;9;1;325;3;1;0;0;4;321;241;80;
040400052;900;590;1;872;8;309;8;7;309;1;3;2;0;6;303;226;77;
040400053;989;586;1;951;1;402;1;3;402;2;2;5;0;9;393;308;85;
040400054;950;620;4;921;10;326;10;0;326;1;1;0;0;2;324;247;77;
040400055;680;419;3;245;13;258;13;4;258;1;1;0;0;2;256;195;61;
040400056;750;453;1;729;10;296;10;0;296;0;0;0;0;0;296;212;84;
040400057;670;470;1;663;10;199;10;4;199;1;6;0;0;7;192;132;60;
040400058;810;509;2;774;1;299;1;0;299;4;0;0;0;4;295;197;98;
040400059;860;556;0;835;25;304;25;3;304;2;4;1;1;8;296;199;97;
040400060;730;488;1;712;4;241;4;8;241;1;0;0;0;1;240;167;73;
040400061;780;539;0;752;2;241;2;1;241;1;2;1;0;4;237;163;74;
040400062;940;670;1;904;1;269;1;0;269;3;2;0;0;5;264;174;90;
040400063;620;464;1;602;0;155;0;0;155;0;0;0;0;0;155;101;54;
040400064;870;624;1;840;1;245;1;0;245;5;0;0;0;5;240;152;88;
040400065;670;457;1;644;1;212;1;0;212;3;2;1;0;6;206;128;78;
040400066;670;422;1;646;0;247;0;0;247;1;0;0;0;1;246;171;75;
040400067;1010;722;1;965;1;287;1;0;287;2;2;3;0;7;280;179;101;
040400068;520;335;1;497;1;184;1;1;184;0;4;0;0;4;180;118;62;
040400069;520;336;1;504;6;183;6;5;183;1;5;1;0;7;176;123;53;
040400070;780;564;1;752;2;215;2;0;215;0;1;0;1;2;213;141;72;
040400071;1020;695;1;979;0;324;0;0;324;0;3;0;0;3;321;227;94;
040400072;780;512;3;746;0;265;0;0;265;1;1;2;0;4;261;174;87;
040400073;790;557;1;762;0;232;0;1;232;4;2;0;0;6;226;149;77;
040400074;790;552;1;763;0;237;0;0;237;0;5;0;0;5;232;163;69;
040400075;990;707;1;956;0;282;0;0;282;1;0;0;0;1;281;184;97;
040400076;1230;909;1;1184;5;320;5;0;320;7;1;0;0;8;312;231;81;
040400077;930;652;1;893;1;277;1;0;277;1;1;2;0;4;273;173;100;
040400078;810;543;2;775;0;265;0;0;265;4;6;0;0;10;255;197;58;
040400079;730;486;3;714;8;241;8;0;241;2;0;0;0;2;239;183;56;
040400080;1030;719;0;991;0;311;0;6;311;3;2;1;0;6;305;209;96;
040400081;821;572;1;785;1;248;1;4;248;3;5;1;0;9;239;170;69;
040400082;136;39;1;126;0;96;0;1;96;11;1;0;0;12;84;54;30;
040400083;130;72;1;137;0;57;0;6;57;2;0;0;0;2;55;35;20;
040400084;99;58;1;106;0;40;0;8;40;0;0;2;0;2;38;29;9;
040400085;44;17;1;27;0;26;0;0;26;1;2;0;0;3;23;17;6;
040400086;53;20;1;59;0;32;0;7;32;1;2;1;0;4;28;23;5;
040400095;720;458;1;699;0;261;0;0;261;0;1;3;0;4;257;178;79;
040400096;590;289;0;567;0;301;0;0;301;3;1;9;1;14;287;264;23;
040400097;250;126;1;237;6;123;6;2;123;0;1;2;0;3;120;96;24;
040400098;230;99;1;219;2;130;2;0;130;0;0;0;0;0;130;118;12;
040400099;240;104;3;233;0;133;0;0;133;3;0;0;0;3;130;115;15;
040400100;360;195;1;353;3;164;3;6;164;12;0;0;0;12;152;124;28;
040400101;370;240;2;355;2;128;2;1;128;3;3;0;0;6;122;94;28;
040400102;650;374;1;631;0;275;0;5;275;1;2;1;1;5;270;173;97;
040400103;400;246;4;383;0;150;0;0;150;0;0;3;0;3;147;87;60;
040400104;550;374;1;533;0;175;0;0;175;5;1;1;0;7;168;126;42;
040400105;260;131;2;237;2;127;2;4;127;1;3;2;0;6;121;99;22;
040400106;590;372;1;566;1;217;1;1;217;2;0;1;0;3;214;137;77;
040400107;490;297;3;470;1;190;1;2;190;0;6;0;0;6;184;111;73;
040400108;470;272;1;452;0;197;0;5;197;2;0;1;0;3;194;99;95;
040400109;320;183;2;301;5;135;5;0;135;0;2;0;0;2;133;102;31;
040400110;250;116;1;241;4;133;4;3;133;3;1;0;0;4;129;100;29;
040400111;680;376;1;654;0;303;0;2;303;12;0;0;0;12;291;193;98;
040400112;410;242;1;395;0;167;0;5;167;3;6;0;0;9;158;113;45;
040400113;59;14;1;57;8;44;8;0;44;0;0;0;0;0;44;33;11;
040400114;132;52;0;120;3;80;3;0;80;1;0;0;0;1;79;68;11;
040400115;99;51;1;93;1;47;1;0;47;0;0;0;0;0;47;42;5;
040400116;390;187;1;373;3;202;3;0;202;0;4;0;3;7;195;158;37;
040400117;510;215;1;494;1;294;1;2;294;2;4;6;0;12;282;258;24;
040400118;113;36;1;109;2;76;2;6;76;2;0;0;0;2;74;67;7;
040400119;70;18;1;67;1;51;1;0;51;3;0;0;0;3;48;36;12;
040400120;700;444;2;675;0;254;0;0;254;6;0;0;0;6;248;173;75;
040400121;690;479;1;671;3;210;3;0;210;1;0;4;0;5;205;139;66;
040400122;750;441;1;726;0;308;0;0;308;1;2;0;0;3;305;209;96;
040400123;640;419;1;618;0;220;0;0;220;0;6;0;0;6;214;146;68;
040400124;730;451;1;699;1;278;1;1;278;8;3;0;0;11;267;194;73;
040400125;320;144;2;310;0;174;0;0;174;1;0;0;0;1;173;124;49;
040400126;460;233;4;444;0;223;0;0;223;3;1;0;0;4;219;142;77;
040400127;223;100;1;205;1;122;1;2;122;0;2;0;0;2;120;102;18;
040400128;680;361;1;660;0;318;0;0;318;4;3;11;0;18;300;205;95;
040400129;240;122;0;236;0;118;0;0;118;0;0;0;0;0;118;87;31;
040400130;790;519;1;757;0;270;0;0;270;1;3;0;0;4;266;189;77;
040400131;610;379;1;586;0;230;0;2;230;1;2;0;0;3;227;189;38;
040400132;640;340;1;616;0;299;0;0;299;0;19;0;0;19;280;263;17;
040400133;132;55;1;123;0;76;0;0;76;4;0;0;0;4;72;53;19;
040400134;239;111;3;222;0;125;0;5;125;1;1;0;0;2;123;99;24;
040400135;25;2;1;29;0;22;0;6;22;0;0;0;0;0;22;19;3;
040400136;31;4;1;34;0;26;0;0;26;1;0;0;0;1;25;20;5;
040400137;85;31;1;84;0;53;0;0;53;4;1;0;0;5;48;38;10;
040400138;47;9;1;39;6;37;6;5;37;1;0;1;0;2;35;28;7;
040400139;65;19;0;64;1;46;1;0;46;3;0;0;0;3;43;37;6;
040400140;114;55;0;107;0;59;0;4;59;0;0;0;0;0;59;40;19;
040400141;241;125;1;220;0;115;0;0;115;0;0;3;0;3;112;83;29;
040400142;54;18;1;52;0;35;0;4;35;0;0;0;0;0;35;30;5;
040600002;800;478;0;859;0;322;0;5;322;2;2;2;0;6;316;201;115;
040600004;500;260;0;543;1;240;1;0;240;2;2;0;0;4;236;175;61;
040600005;700;391;1;745;0;308;0;14;308;0;0;6;0;6;302;213;89;
040600006;600;408;0;653;0;192;0;5;192;3;1;0;0;4;188;118;70;
040600007;600;344;0;633;0;256;0;0;256;4;0;2;0;6;250;176;74;
040600008;600;331;0;687;0;269;0;6;269;0;6;0;0;6;263;161;102;
040600009;600;308;0;698;1;292;1;9;292;1;3;1;0;5;287;201;86;
040600010;700;409;1;753;1;290;1;0;290;5;3;0;0;8;282;169;113;
040600011;800;511;0;831;0;289;0;0;289;1;1;3;0;5;284;179;105;
040600012;600;376;0;661;0;224;0;0;224;4;2;0;0;6;218;135;83;
040600013;800;511;0;816;2;289;2;0;289;7;1;0;0;8;281;189;92;
040600014;600;341;1;654;0;258;0;6;258;3;4;1;0;8;250;150;100;
040600015;700;411;2;755;0;287;0;6;287;1;2;3;0;6;281;197;84;
040600016;700;420;0;708;0;280;0;1;280;2;0;1;0;3;277;188;89;
040600018;700;437;1;715;0;262;0;0;262;5;3;0;0;8;254;158;96;
040600019;600;354;0;607;0;246;0;3;246;4;0;0;0;4;242;147;95;
040600020;600;362;1;686;0;237;0;3;237;1;0;0;0;1;236;137;99;
040600021;600;367;0;644;0;233;0;0;233;1;3;0;0;4;229;162;67;
040600022;600;370;0;619;0;230;0;5;230;3;1;0;0;4;226;150;76;
040600024;500;341;0;553;0;159;0;0;159;2;0;0;0;2;157;107;50;
040600025;600;357;0;647;0;243;0;0;243;2;5;0;0;7;236;161;75;
040600026;900;542;1;941;0;357;0;0;357;4;1;0;0;5;352;227;125;
040600028;900;553;1;908;0;346;0;3;346;0;0;0;0;0;346;201;145;
040600029;700;376;0;706;0;324;0;0;324;9;0;0;0;9;315;206;109;
040600030;500;273;1;545;0;226;0;0;226;0;0;0;0;0;226;163;63;
040600031;800;550;0;816;0;250;0;0;250;3;0;0;0;3;247;154;93;
040600032;700;470;0;755;0;230;0;0;230;3;0;0;0;3;227;152;75;
040600033;600;350;0;676;1;250;1;2;250;2;3;0;0;5;245;163;82;
040600035;600;377;0;664;0;223;0;0;223;0;1;0;0;1;222;139;83;
040600036;700;422;4;773;0;274;0;0;274;3;4;0;0;7;267;140;127;
040600037;600;330;0;673;1;270;1;0;270;1;0;0;0;1;269;177;92;
040600038;700;457;1;776;1;242;1;0;242;4;1;2;0;7;235;145;90;
040600039;700;455;0;780;0;245;0;2;245;2;2;0;0;4;241;146;95;
040600041;600;395;0;705;0;205;0;0;205;0;0;1;0;1;204;138;66;
040600042;800;521;1;887;0;278;0;3;278;3;2;0;0;5;273;178;95;
040600043;700;446;0;739;1;254;1;0;254;0;3;0;0;3;251;176;75;
040600045;700;475;1;720;0;224;0;1;224;0;0;0;1;1;223;119;104;
040600046;800;543;0;840;0;257;0;0;257;1;0;2;0;3;254;165;89;
040600047;200;115;0;94;0;85;0;6;85;0;0;0;0;0;85;61;24;
040600050;800;475;2;877;0;323;0;3;323;1;0;3;0;4;319;219;100;
040600051;800;476;0;834;1;324;1;5;324;2;2;6;0;10;314;212;102;
040600052;700;430;0;746;0;270;0;2;270;2;2;4;0;8;262;157;105;
040600053;700;381;0;730;0;319;0;6;319;3;0;0;0;3;316;225;91;
040600054;600;325;0;623;0;275;0;6;275;2;2;4;0;8;267;217;50;
040600058;500;238;1;536;3;261;3;2;261;1;1;3;0;5;256;155;101;
040600059;700;408;1;755;2;291;2;0;291;1;7;0;0;8;283;182;101;
040600060;700;432;0;729;0;268;0;2;268;5;0;0;0;5;263;158;105;
040600061;900;548;0;961;0;352;0;0;352;1;5;16;0;22;330;210;120;
040600063;900;532;0;944;0;368;0;2;368;0;6;0;0;6;362;235;127;
040600065;900;524;0;942;2;376;2;2;376;5;5;0;1;11;365;219;146;
040600066;600;361;0;636;1;239;1;0;239;5;4;10;0;19;220;162;58;
040600067;600;361;0;631;0;239;0;5;239;1;1;3;0;5;234;155;79;
040600068;600;350;0;622;0;250;0;0;250;3;3;1;1;8;242;157;85;
040600069;700;414;0;734;3;286;3;0;286;2;1;5;0;8;278;177;101;
040600070;600;340;0;700;1;260;1;0;260;6;2;0;0;8;252;148;104;
040600071;700;342;0;738;0;358;0;0;358;2;3;10;0;15;343;310;33;
040600072;300;144;0;354;1;156;1;3;156;0;0;1;0;1;155;105;50;
040600073;400;118;0;497;0;282;0;0;282;4;0;5;0;9;273;246;27;
040600074;700;411;0;754;1;289;1;0;289;6;0;0;0;6;283;219;64;
040600075;700;410;0;735;0;290;0;0;290;2;2;0;0;4;286;194;92;
040600076;600;297;0;691;1;303;1;1;303;7;0;2;0;9;294;198;96;
040600077;300;103;0;309;0;197;0;3;197;1;2;4;0;7;190;158;32;
040600078;100;28;0;126;0;72;0;2;72;0;0;0;0;0;72;58;14;
040600079;400;165;0;474;2;235;2;0;235;3;3;1;0;7;228;183;45;
040600080;50;31;0;48;0;19;0;0;19;1;0;0;0;1;18;13;5;
040600081;100;17;0;114;1;83;1;0;83;0;0;0;0;0;83;73;10;
040600082;198;35;0;250;1;163;1;0;163;1;0;0;0;1;162;150;12;
041300001;920;540;1;932;0;379;0;0;379;2;3;1;0;6;373;290;83;
041300002;1000;613;0;993;0;387;0;1;387;9;4;0;0;13;374;288;86;
041300003;1000;614;1;994;1;385;1;4;385;2;4;4;0;10;375;290;85;
041300004;850;488;0;828;1;362;1;0;362;3;3;0;0;6;356;263;93;
041300005;700;462;0;688;0;238;0;0;238;1;4;0;0;5;233;199;34;
041300006;950;657;0;940;0;293;0;0;293;0;4;0;0;4;289;227;62;
041300007;25;7;0;21;2;18;2;0;18;0;0;0;0;0;18;18;0;
041300008;50;21;0;48;0;29;0;4;29;0;0;0;0;0;29;28;1;
041300009;30;16;0;21;0;14;0;0;14;0;0;0;0;0;14;11;3;
041300010;350;214;0;329;0;136;0;7;136;0;1;0;0;1;135;115;20;
041300011;50;23;1;46;0;26;0;0;26;0;0;0;0;0;26;20;6;
041300012;100;63;0;77;0;37;0;0;37;0;0;0;0;0;37;33;4;
041300013;120;56;0;107;0;64;0;7;64;2;0;0;0;2;62;43;19;
041300014;25;14;0;17;0;11;0;3;11;0;0;0;0;0;11;11;0;
041300015;110;44;0;97;1;66;1;3;66;2;1;0;1;4;62;49;13;
041300016;120;66;0;111;1;54;1;0;54;3;0;0;0;3;51;43;8;
041300017;250;115;0;214;0;135;0;0;135;0;0;1;0;1;134;128;6;
041300018;900;442;0;873;2;458;2;5;458;1;0;4;0;5;453;432;21;
041300019;110;47;0;93;2;63;2;0;63;1;0;0;0;1;62;49;13;
041300020;650;355;2;627;0;293;0;4;293;2;2;1;0;5;288;283;5;
041300021;110;47;0;104;1;63;1;4;63;0;0;0;0;0;63;52;11;
041300022;90;56;0;77;0;34;0;5;34;0;0;0;0;0;34;28;6;
041300023;180;87;1;158;0;92;0;3;92;1;1;0;0;2;90;86;4;
041300024;150;73;0;139;1;77;1;6;77;1;0;0;0;1;76;62;14;
041300025;60;41;0;51;1;19;1;0;19;0;0;1;0;1;18;12;6;
041300026;100;56;0;89;0;44;0;0;44;0;1;0;0;1;43;38;5;
041300027;100;38;0;89;3;62;3;6;62;0;1;0;0;1;61;55;6;
041300028;60;27;0;51;0;33;0;4;33;0;2;0;0;2;31;20;11;
041300029;90;40;0;71;4;50;4;0;50;1;0;0;0;1;49;37;12;
041400001;700;406;1;671;1;293;1;0;293;7;2;0;0;9;284;225;59;
041400002;750;469;1;730;0;280;0;0;280;3;6;0;0;9;271;247;24;
041400003;650;400;1;632;1;249;1;0;249;6;0;0;0;6;243;191;52;
041400004;418;143;1;406;0;274;0;0;274;6;2;0;0;8;266;252;14;
041400005;500;236;3;483;1;261;1;2;261;2;1;7;0;10;251;225;26;
041400006;150;79;1;131;3;70;3;3;70;0;0;0;0;0;70;48;22;
041400007;120;50;1;106;0;69;0;0;69;2;2;0;0;4;65;58;7;
041400008;100;55;2;74;4;43;4;4;43;0;0;0;0;0;43;38;5;
041400009;200;100;1;191;0;99;0;0;99;2;1;1;0;4;95;89;6;
041400010;120;54;1;109;0;65;0;3;65;1;0;0;0;1;64;60;4;
041400011;130;50;1;118;0;79;0;0;79;0;0;1;0;1;78;75;3;
041400012;80;48;2;74;0;30;0;0;30;0;0;0;0;0;30;25;5;
041400013;80;42;1;71;1;37;1;5;37;1;0;0;0;1;36;27;9;
042000001;600;338;1;605;1;261;1;0;261;4;2;0;0;6;255;149;106;
042000002;690;421;4;690;0;265;0;0;265;0;0;0;0;0;265;155;110;
042000003;710;494;2;707;0;214;0;0;214;0;1;1;0;2;212;128;84;
042000005;790;498;1;790;0;291;0;2;291;2;4;0;0;6;285;192;93;
042000006;830;510;1;829;0;319;0;0;319;2;2;3;0;7;312;194;118;
042000007;1000;629;2;989;0;369;0;2;369;9;3;2;0;14;355;209;146;
042000009;760;486;1;764;0;273;0;5;273;1;6;0;0;7;266;173;93;
042000010;840;552;1;839;0;287;0;0;287;0;2;5;0;7;280;177;103;
042000011;640;348;1;642;0;291;0;0;291;2;1;5;0;8;283;180;103;
042000012;700;390;1;699;0;309;0;0;309;4;2;0;0;6;303;178;125;
042000014;600;340;0;599;0;260;0;0;260;2;0;2;0;4;256;173;83;
042000015;540;299;1;538;0;240;0;1;240;1;1;7;0;9;231;118;113;
042000016;830;456;0;832;0;374;0;2;374;14;0;0;1;15;359;217;142;
042000017;400;221;1;380;0;178;0;1;178;3;2;1;0;6;172;110;62;
042000018;500;228;5;489;3;267;3;0;267;0;0;16;0;16;251;213;38;
042000019;920;499;2;915;1;419;1;1;419;1;4;17;0;22;397;199;198;
042000020;910;518;3;908;0;389;0;0;389;0;13;0;0;13;376;171;205;
042200001;700;429;1;693;0;270;0;0;270;1;3;1;0;5;265;195;70;
042200002;700;391;1;702;1;308;1;0;308;3;4;0;0;7;301;172;129;
042200003;530;356;0;531;0;174;0;0;174;3;1;0;0;4;170;107;63;
042200004;650;405;0;652;0;245;0;0;245;0;2;0;0;2;243;147;96;
042200005;520;282;2;528;2;236;2;0;236;1;2;1;0;4;232;153;79;
042200006;761;465;2;770;2;294;2;4;294;0;2;0;0;2;292;187;105;
042200007;880;479;1;884;2;400;2;0;400;2;3;0;0;5;395;256;139;
042200008;580;361;1;588;0;218;0;0;218;1;1;1;0;3;215;148;67;
042200009;620;432;2;629;0;186;0;1;186;0;0;0;0;0;186;118;68;
042200010;620;307;3;623;0;310;0;2;310;3;2;1;0;6;304;235;69;
042200011;890;493;0;896;0;397;0;0;397;0;0;9;0;9;388;231;157;
042200012;610;320;1;615;1;289;1;4;289;1;3;2;0;6;283;190;93;
042200013;650;396;0;650;0;254;0;0;254;0;0;2;0;2;252;159;93;
042200014;650;405;1;651;0;244;0;1;244;2;1;2;0;5;239;136;103;
042200015;30;8;1;29;0;21;0;7;21;0;0;0;0;0;21;15;6;
042200016;690;362;1;691;0;327;0;0;327;0;7;0;0;7;320;189;131;
042200017;660;379;1;671;1;280;1;3;280;1;2;1;0;4;276;156;120;
042200021;700;400;1;699;2;299;2;5;299;0;0;7;0;7;292;251;41;
042200022;820;421;0;823;1;399;1;2;399;5;3;0;0;8;391;319;72;
042200023;730;414;2;736;1;314;1;3;314;0;3;1;0;4;310;184;126;
042200024;550;348;1;551;0;201;0;0;201;6;3;0;0;9;192;132;60;
042200025;630;408;2;639;1;220;1;1;220;3;1;2;0;6;214;176;38;
042200026;321;141;1;324;1;179;1;3;179;4;3;0;0;7;172;148;24;
042200027;570;299;1;579;0;270;0;0;270;0;2;0;0;2;268;248;20;
042200028;380;198;0;385;0;182;0;0;182;0;0;0;0;0;182;173;9;
042200029;540;274;1;546;1;265;1;0;265;14;0;1;0;15;250;193;57;
042200030;779;473;1;785;3;305;3;0;305;4;4;1;0;9;296;182;114;
042200031;330;94;1;335;0;235;0;3;235;0;1;11;0;12;223;185;38;
042200032;358;154;2;371;0;202;0;1;202;0;1;1;0;2;200;181;19;
042200033;620;289;0;619;2;331;2;0;331;1;1;0;0;2;329;205;124;
042200034;540;289;1;538;0;250;0;0;250;5;4;0;1;10;240;150;90;
042200035;470;260;2;472;3;208;3;2;208;0;2;7;1;10;198;156;42;
042200036;650;315;1;651;3;334;3;6;334;2;4;4;0;10;324;234;90;
042200037;200;68;1;200;0;131;0;0;131;5;2;0;0;7;124;96;28;
042200038;520;284;1;528;0;235;0;0;235;2;1;8;0;11;224;164;60;
042200039;700;343;1;695;1;356;1;0;356;4;2;0;0;6;350;291;59;
042200040;220;87;3;222;0;130;0;0;130;4;0;5;0;9;121;99;22;
042200041;530;284;0;532;5;246;5;4;246;3;3;7;0;13;233;156;77;
042200042;150;49;1;150;0;100;0;0;100;0;1;1;0;2;98;87;11;
042200043;500;277;0;488;0;223;0;3;223;6;0;0;0;6;217;148;69;
042200044;600;289;1;600;4;310;4;0;310;1;1;1;0;3;307;255;52;
042600001;750;460;0;810;0;290;0;0;290;2;6;0;0;8;282;156;126;
042600002;800;431;1;855;1;368;1;2;368;1;3;0;0;4;364;205;159;
042600003;750;453;1;781;0;296;0;0;296;0;2;1;0;3;293;188;105;
042600004;800;431;1;847;0;368;0;0;368;2;1;0;0;3;365;304;61;
042600005;900;519;1;933;0;380;0;2;380;1;4;0;0;5;375;222;153;
042600006;600;295;0;681;0;305;0;0;305;3;0;3;0;6;299;205;94;
042600007;700;321;1;725;0;378;0;0;378;3;2;5;0;10;368;322;46;
042600008;400;171;0;455;0;229;0;0;229;3;0;0;0;3;226;185;41;
042600009;300;131;1;329;0;168;0;2;168;1;0;6;0;7;161;129;32;
042600010;650;343;0;697;2;307;2;0;307;8;0;0;0;8;299;224;75;
042600011;150;48;1;197;2;101;2;0;101;0;1;1;0;2;99;78;21;
042600012;650;323;1;705;4;326;4;1;326;2;3;0;0;5;321;250;71;
042600013;400;134;2;469;5;264;5;0;264;0;1;0;0;1;263;231;32;
042600014;700;371;1;750;3;328;3;0;328;1;5;0;0;6;322;222;100;
042600015;130;14;1;186;1;115;1;0;115;3;0;0;0;3;112;94;18;
042600016;800;480;0;833;0;320;0;8;320;0;2;0;0;2;318;220;98;
042600017;850;538;1;908;0;311;0;0;311;1;22;2;0;25;286;192;94;
042600018;600;294;1;663;0;305;0;0;305;0;0;2;0;2;303;218;85;
042600019;700;278;2;727;2;420;2;0;420;1;3;0;0;4;416;364;52;
042600020;500;212;1;542;0;287;0;1;287;0;0;5;0;5;282;203;79;
042600021;750;474;1;812;0;275;0;0;275;1;1;1;0;3;272;142;130;
042800001;615;370;1;618;10;244;10;1;244;8;0;0;0;8;236;203;33;
042800002;520;269;1;528;20;250;20;0;250;2;3;0;0;5;245;162;83;
042800003;523;326;1;527;20;196;20;0;196;0;2;0;0;2;194;130;64;
042800004;70;35;1;75;0;34;0;0;34;1;0;0;0;1;33;28;5;
042800005;628;361;1;634;12;266;12;0;266;1;1;0;0;2;264;185;79;
042800006;509;288;1;515;1;220;1;0;220;0;10;0;0;10;210;142;68;
042800007;848;469;0;850;9;379;9;2;379;2;5;0;0;7;372;246;126;
042800009;617;326;1;626;0;290;0;1;290;2;1;10;1;14;276;261;15;
042800010;614;343;1;621;5;270;5;0;270;3;2;0;0;5;265;195;70;
042800011;726;472;0;734;0;254;0;7;254;0;2;0;0;2;252;169;83;
042800012;631;343;0;261;27;288;27;0;288;7;1;0;0;8;280;204;76;
042800013;624;301;1;627;50;322;50;7;322;0;3;0;2;5;317;231;86;
042800014;487;198;2;494;94;287;94;0;287;1;4;0;0;5;282;197;85;
042800016;683;317;5;743;51;361;51;5;361;0;0;3;0;3;358;255;103;
042800017;782;440;1;340;1;341;1;0;341;0;3;0;0;3;338;225;113;
042800018;707;403;2;731;24;302;24;0;302;2;1;3;0;6;296;187;109;
042800019;595;360;3;598;0;232;0;2;232;2;1;2;0;5;227;122;105;
042800020;768;504;0;777;1;264;1;0;264;2;5;1;0;8;256;159;97;
042800021;747;429;3;307;8;315;8;0;315;1;2;0;0;3;312;207;105;
042800022;691;440;4;692;5;247;5;1;247;2;4;3;1;10;237;156;81;
042800023;640;390;0;646;11;250;11;0;250;3;1;0;0;4;246;161;85;
042800024;706;394;1;706;4;311;4;1;311;0;4;0;0;4;307;204;103;
042800025;628;387;0;631;5;241;5;4;241;0;3;0;0;3;238;151;87;
042800026;701;442;3;704;0;256;0;0;256;4;0;0;0;4;252;188;64;
042800029;100;66;1;48;0;33;0;0;33;1;0;0;0;1;32;21;11;
042800030;89;28;0;97;0;61;0;8;61;1;1;7;0;9;52;47;5;
042800031;830;530;2;829;7;298;7;0;298;1;2;0;0;3;295;203;92;
042800032;687;370;0;697;12;317;12;9;317;4;2;2;0;8;309;227;82;
042800033;570;331;1;571;6;238;6;0;238;0;3;4;0;7;231;153;78;
042800034;1063;239;0;390;434;824;434;0;824;2;0;13;0;15;809;599;210;
042800035;753;477;0;755;2;276;2;3;276;0;3;0;1;4;272;184;88;
042800041;744;454;0;643;2;290;2;2;290;3;0;8;0;11;279;205;74;
042800044;225;80;2;225;1;143;1;0;143;0;0;6;0;6;137;109;28;
042800047;676;434;0;681;0;242;0;0;242;0;8;0;1;9;233;156;77;
042800048;676;387;0;678;0;289;0;0;289;1;3;3;0;7;282;190;92;
042800050;992;634;0;992;3;358;3;3;358;1;1;11;0;13;345;231;114;
042800053;499;280;0;509;0;219;0;0;219;2;1;0;0;3;216;176;40;
042800056;148;64;1;150;0;83;0;0;83;0;0;0;0;0;83;68;15;
042800058;722;414;2;725;0;306;0;3;306;11;0;2;0;13;293;188;105;
042800062;563;374;1;566;0;188;0;0;188;0;1;0;0;1;187;124;63;
042800063;780;498;3;782;0;279;0;0;279;0;4;0;0;4;275;171;104;
042800065;503;317;0;504;1;186;1;0;186;2;2;0;0;4;182;100;82;
042800066;584;334;1;580;0;249;0;0;249;0;2;0;0;2;247;135;112;
042800069;740;402;1;740;5;337;5;1;337;1;0;0;0;1;336;254;82;
042800070;755;461;3;755;1;291;1;0;291;3;2;1;0;6;285;219;66;
042800073;908;514;0;911;1;394;1;0;394;1;6;0;0;7;387;159;228;
042800074;803;480;0;812;0;323;0;9;323;6;5;0;0;11;312;126;186;
042800078;151;48;1;157;0;102;0;0;102;0;0;0;0;0;102;100;2;
042800080;856;581;2;271;2;273;2;0;273;9;2;0;0;11;262;204;58;
042800083;621;315;2;622;0;304;0;0;304;0;3;0;0;3;301;218;83;
042800084;455;254;1;456;0;200;0;0;200;0;1;0;0;1;199;127;72;
042800086;306;140;1;309;0;165;0;0;165;1;2;1;0;4;161;134;27;
042800087;750;424;0;757;1;326;1;6;326;15;0;0;0;15;311;235;76;
042800088;585;360;1;585;3;224;3;0;224;0;0;0;0;0;224;155;69;
042800089;635;426;0;636;0;209;0;0;209;2;1;0;0;3;206;128;78;
042800090;729;498;1;735;0;230;0;0;230;3;1;1;0;5;225;137;88;
043100001;830;464;1;795;2;365;2;1;365;0;4;0;0;4;361;252;109;
043100002;800;461;1;763;1;338;1;0;338;0;4;0;0;4;334;241;93;
043100003;800;472;0;795;0;328;0;0;328;13;0;5;0;18;310;205;105;
043100004;850;469;2;836;2;379;2;0;379;4;1;20;1;26;353;274;79;
043100005;900;572;2;877;0;326;0;0;326;1;3;1;0;5;321;228;93;
043100006;550;275;2;523;2;273;2;3;273;1;0;7;1;9;264;237;27;
043100007;350;183;1;338;0;166;0;0;166;1;0;3;0;4;162;122;40;
043100008;160;85;1;147;3;74;3;0;74;0;0;3;0;3;71;52;19;
043100009;350;143;1;330;0;206;0;5;206;4;3;0;0;7;199;140;59;
043100010;530;271;1;510;0;258;0;3;258;4;4;0;0;8;250;224;26;
043100011;260;132;1;241;0;127;0;0;127;1;3;1;0;5;122;103;19;
043100012;260;109;1;242;2;150;2;1;150;0;0;1;0;1;149;123;26;
043100013;580;291;0;546;2;289;2;0;289;2;0;0;0;2;287;246;41;
043100014;600;262;2;335;1;336;1;2;336;8;0;6;0;14;322;272;50;
043100015;670;375;1;645;4;294;4;0;294;2;0;9;0;11;283;234;49;
043100016;600;310;1;578;0;289;0;0;289;2;0;11;0;13;276;223;53;
043100017;60;34;1;33;0;25;0;5;25;0;0;0;0;0;25;18;7;
043100018;100;45;1;68;0;54;0;3;54;1;0;0;0;1;53;39;14;
043100019;400;243;1;372;0;156;0;0;156;1;8;0;0;9;147;108;39;
043100020;190;91;1;174;0;98;0;0;98;0;0;0;0;0;98;91;7;
043100021;120;56;1;113;3;63;3;3;63;2;0;0;0;2;61;39;22;
043100022;300;160;1;286;1;139;1;2;139;1;2;2;0;5;134;90;44;
043100023;170;79;1;152;2;90;2;3;90;1;0;1;0;2;88;79;9;
043100026;850;492;0;818;3;358;3;1;358;1;5;0;0;6;352;232;120;
043100028;90;56;2;32;2;32;2;0;32;0;0;0;0;0;32;27;5;
043100030;630;338;0;606;0;292;0;0;292;3;4;3;1;11;281;205;76;
043200001;551;320;1;542;0;230;0;0;230;3;1;0;0;4;226;187;39;
043200002;601;307;1;597;0;293;0;1;293;1;0;0;0;1;292;240;52;
043200003;581;324;1;572;1;256;1;0;256;2;3;2;0;7;249;203;46;
043200004;101;26;1;96;1;74;1;0;74;1;1;0;1;3;71;68;3;
043200005;151;59;1;148;3;91;3;0;91;4;1;2;0;7;84;56;28;
043200006;161;36;1;155;3;124;3;0;124;0;1;0;0;1;123;117;6;
043200007;91;22;1;92;2;68;2;4;68;1;0;0;0;1;67;47;20;
043200008;151;56;1;144;1;94;1;4;94;1;0;5;0;6;88;72;16;
050100001;699;472;1;636;0;226;0;0;226;3;4;0;0;7;219;177;42;
050100002;540;323;0;492;1;217;1;0;217;1;1;0;0;2;215;167;48;
050100003;614;387;1;559;0;226;0;0;226;0;0;0;0;0;226;175;51;
050100004;496;312;1;455;2;183;2;1;183;2;0;0;0;2;181;140;41;
050100005;670;431;1;613;0;238;0;4;238;3;3;0;0;6;232;193;39;
050100006;848;567;1;776;0;280;0;1;280;5;2;0;0;7;273;224;49;
050100007;800;562;1;727;0;237;0;0;237;0;0;0;0;0;237;191;46;
050100008;730;349;2;666;0;379;0;0;379;0;1;2;0;3;376;372;4;
050100009;180;99;1;168;2;80;2;5;80;1;0;0;0;1;79;67;12;
050100010;150;59;1;131;0;90;0;4;90;1;1;0;0;2;88;71;17;
050100011;323;163;1;296;0;159;0;3;159;1;0;0;0;1;158;140;18;
050100012;112;33;2;100;0;77;0;0;77;2;0;0;0;2;75;68;7;
050100013;43;15;1;38;0;27;0;0;27;3;0;0;0;3;24;21;3;
050100014;230;86;1;215;1;143;1;0;143;0;0;0;0;0;143;133;10;
050100015;97;21;1;84;0;75;0;0;75;0;0;0;0;0;75;58;17;
050100016;125;71;1;95;2;53;2;6;53;0;0;0;0;0;53;47;6;
050100017;239;123;1;216;5;115;5;0;115;2;0;0;0;2;113;97;16;
050100018;35;12;1;30;0;22;0;7;22;0;0;0;0;0;22;22;0;
050100019;32;10;1;27;1;21;1;0;21;1;0;0;0;1;20;18;2;
050100020;99;44;2;87;0;53;0;6;53;1;1;0;0;2;51;44;7;
050100021;136;68;1;130;1;67;1;6;67;0;2;0;0;2;65;52;13;
050100022;62;33;1;52;0;28;0;6;28;0;0;0;0;0;28;24;4;
050100023;36;14;1;30;0;21;0;6;21;0;0;0;0;0;21;20;1;
050100024;35;9;2;33;0;24;0;0;24;0;0;0;0;0;24;22;2;
050300001;595;243;1;544;2;351;2;0;351;4;1;8;0;13;338;308;30;
050300002;228;85;1;206;0;142;0;0;142;4;0;0;0;4;138;131;7;
050300003;80;27;1;65;0;52;0;1;52;0;0;0;0;0;52;52;0;
050300004;100;40;2;83;0;58;0;0;58;2;0;0;0;2;56;49;7;
050300005;517;174;0;460;0;343;0;0;343;0;4;0;0;4;339;327;12;
050300006;164;70;1;149;0;93;0;0;93;0;0;2;0;2;91;83;8;
050600001;663;210;2;607;0;451;0;0;451;1;4;0;1;6;445;394;51;
050600002;685;203;0;623;4;482;4;2;482;10;0;0;0;10;472;419;53;
050600003;631;204;0;573;2;427;2;0;427;18;3;0;0;21;406;343;63;
050600004;594;187;1;541;2;406;2;1;406;1;0;2;0;3;403;360;43;
050600005;496;292;1;452;2;203;2;0;203;5;1;1;0;7;196;109;87;
050600006;338;144;1;307;0;193;0;0;193;2;1;1;0;4;189;163;26;
050600007;400;148;2;375;0;250;0;1;250;2;0;1;0;3;247;210;37;
050600008;441;122;3;401;0;316;0;2;316;3;5;1;0;9;307;271;36;
050600009;447;158;2;407;0;287;0;1;287;1;3;1;0;5;282;251;31;
050600010;355;120;1;318;10;234;10;0;234;2;1;8;0;11;223;125;98;
050600011;430;134;1;391;0;295;0;0;295;7;4;2;0;13;282;229;53;
050600012;378;124;1;347;8;253;8;0;253;0;0;2;0;2;251;241;10;
050600013;230;74;0;201;0;156;0;1;156;5;0;0;0;5;151;137;14;
050900001;348;237;1;330;0;110;0;0;110;2;0;0;0;2;108;97;11;
050900002;667;470;2;635;0;195;0;0;195;1;5;1;0;7;188;135;53;
050900003;553;373;0;520;1;180;1;0;180;1;2;2;0;5;175;140;35;
050900004;611;446;1;586;1;164;1;3;164;2;1;0;0;3;161;125;36;
050900005;643;439;1;614;0;203;0;0;203;0;0;4;0;4;199;164;35;
050900006;714;526;3;693;1;185;1;6;185;3;0;0;0;3;182;134;48;
050900007;612;426;0;593;0;186;0;8;186;1;1;3;0;5;181;133;48;
050900008;697;477;2;670;4;218;4;0;218;4;0;0;0;4;214;157;57;
050900009;621;411;1;598;0;209;0;0;209;2;3;4;0;9;200;144;56;
050900010;795;570;2;764;1;223;1;0;223;0;3;0;0;3;220;164;56;
050900011;641;428;1;615;0;212;0;0;212;3;2;0;0;5;207;153;54;
050900012;775;532;0;754;0;243;0;0;243;0;0;3;0;3;240;179;61;
050900013;720;519;1;685;1;200;1;3;200;1;0;0;0;1;199;147;52;
050900014;755;590;1;719;2;164;2;5;164;3;0;0;0;3;161;115;46;
050900015;648;471;1;611;0;176;0;2;176;2;2;3;0;7;169;139;30;
050900016;721;521;0;694;0;200;0;0;200;1;0;3;0;4;196;153;43;
050900017;702;516;1;669;0;185;0;6;185;2;0;0;0;2;183;133;50;
050900018;543;356;1;515;0;186;0;1;186;0;0;0;0;0;186;127;59;
050900019;515;382;1;132;0;132;0;0;132;0;0;0;0;0;132;104;28;
050900020;638;481;0;598;0;157;0;5;157;0;0;0;0;0;157;130;27;
050900021;609;422;1;577;2;186;2;5;186;2;1;0;0;3;183;147;36;
050900022;743;531;1;712;0;211;0;0;211;3;2;0;0;5;206;145;61;
050900023;787;557;1;758;2;229;2;4;229;2;2;0;0;4;225;169;56;
050900024;685;497;1;650;0;187;0;0;187;0;2;0;0;2;185;150;35;
050900025;658;437;2;633;0;219;0;8;219;2;2;0;0;4;215;161;54;
050900026;707;482;2;675;0;223;0;4;223;2;1;0;0;3;220;173;47;
050900027;683;425;2;648;3;256;3;10;256;2;2;1;0;5;251;195;56;
050900028;851;607;2;820;0;242;0;6;242;3;4;2;0;9;233;179;54;
050900029;788;578;0;759;0;210;0;6;210;0;3;2;0;5;205;151;54;
050900030;636;459;1;613;0;176;0;0;176;1;0;1;0;2;174;138;36;
050900031;737;522;1;703;0;214;0;6;214;3;1;1;0;5;209;170;39;
050900032;692;506;1;659;0;185;0;3;185;0;1;0;0;1;184;144;40;
050900033;644;481;1;613;1;162;1;2;162;2;3;0;0;5;157;133;24;
050900034;585;374;1;556;1;210;1;0;210;0;0;0;0;0;210;172;38;
050900035;555;381;1;532;0;173;0;0;173;0;1;0;0;1;172;123;49;
050900036;706;513;1;675;1;192;1;6;192;0;1;0;0;1;191;160;31;
050900037;677;493;1;650;0;183;0;0;183;1;1;2;0;4;179;148;31;
050900038;698;520;2;669;8;176;8;0;176;3;1;1;0;5;171;140;31;
050900039;716;534;2;683;0;180;0;5;180;2;0;0;0;2;178;128;50;
050900040;716;547;2;679;0;167;0;3;167;1;1;0;0;2;165;124;41;
050900041;736;563;1;707;0;172;0;0;172;0;0;0;0;0;172;126;46;
050900042;654;460;1;628;0;193;0;0;193;2;2;0;0;4;189;148;41;
050900043;708;479;0;679;0;229;0;0;229;2;2;0;0;4;225;171;54;
050900044;536;378;1;513;1;157;1;7;157;1;0;0;0;1;156;120;36;
050900045;295;193;1;273;0;101;0;0;101;0;2;0;0;2;99;71;28;
050900046;648;407;6;619;0;235;0;5;235;0;2;4;0;6;229;183;46;
050900047;711;491;0;681;0;220;0;7;220;0;3;2;0;5;215;167;48;
050900048;530;341;1;506;1;188;1;4;188;0;4;0;0;4;184;148;36;
050900049;649;415;1;622;1;233;1;7;233;5;0;0;0;5;228;183;45;
050900050;724;534;1;687;0;189;0;0;189;3;2;0;0;5;184;122;62;
050900051;683;477;1;651;1;205;1;3;205;4;0;0;0;4;201;165;36;
050900052;760;615;1;727;0;144;0;5;144;1;0;0;0;1;143;120;23;
050900053;694;504;0;666;0;190;0;0;190;0;0;4;0;4;186;138;48;
050900054;659;490;1;627;0;168;0;0;168;1;0;0;0;1;167;128;39;
050900055;632;491;0;610;0;141;0;8;141;0;0;0;0;0;141;103;38;
050900056;675;525;1;640;0;149;0;0;149;4;1;0;0;5;144;102;42;
050900057;716;535;1;683;0;180;0;0;180;0;0;0;0;0;180;150;30;
050900058;722;542;1;689;0;179;0;0;179;0;1;1;0;2;177;137;40;
050900059;638;467;4;608;1;167;1;0;167;3;1;0;0;4;163;111;52;
050900060;628;426;1;598;0;201;0;0;201;1;3;2;0;6;195;136;59;
050900061;746;550;3;711;0;193;0;6;193;0;1;0;0;1;192;143;49;
050900062;671;469;1;640;0;201;0;2;201;0;0;0;0;0;201;171;30;
050900063;670;472;0;641;0;198;0;0;198;0;1;0;0;1;197;153;44;
050900064;694;544;0;150;11;150;11;8;150;0;0;0;0;0;150;123;27;
050900065;895;655;1;860;0;239;0;8;239;0;1;0;0;1;238;184;54;
050900066;791;513;0;752;0;278;0;5;278;0;0;6;0;6;272;217;55;
050900067;764;501;2;729;4;261;4;6;261;0;1;0;0;1;260;197;63;
050900068;677;480;1;649;0;196;0;6;196;0;0;0;0;0;196;141;55;
050900069;510;25;0;487;5;485;5;0;485;0;0;0;0;0;485;483;2;
050900070;653;88;0;626;0;565;0;0;565;0;1;0;0;1;564;563;1;
050900071;600;48;0;564;10;552;10;0;552;0;0;0;0;0;552;552;0;
050900072;475;45;1;438;0;429;0;0;429;0;0;0;0;0;429;429;0;
050900073;506;62;1;460;0;443;0;0;443;0;0;0;0;0;443;443;0;
050900074;477;104;1;445;0;372;0;0;372;0;0;0;0;0;372;365;7;
050900075;485;87;2;444;0;396;0;0;396;0;0;0;0;0;396;396;0;
050900076;574;347;0;545;0;227;0;0;227;1;2;5;0;8;219;173;46;
050900077;391;292;1;359;0;98;0;0;98;0;0;0;0;0;98;75;23;
050900078;468;344;0;425;0;124;0;0;124;0;0;0;0;0;124;97;27;
050900079;844;650;2;803;0;192;0;0;192;0;0;1;0;1;191;143;48;
050900080;332;255;2;313;0;75;0;9;75;1;0;0;0;1;74;71;3;
050900081;142;96;0;129;8;46;8;0;46;0;6;0;0;6;40;36;4;
050900082;96;52;1;81;0;43;0;0;43;0;0;0;0;0;43;38;5;
050900083;235;128;2;217;1;105;1;2;105;1;1;0;0;2;103;76;27;
050900084;107;56;0;91;0;51;0;4;51;1;0;2;0;3;48;45;3;
050900085;111;77;0;99;0;34;0;0;34;0;0;0;0;0;34;20;14;
050900086;145;55;0;133;8;90;8;0;90;2;3;0;0;5;85;49;36;
050900087;732;487;1;697;1;244;1;0;244;0;1;9;0;10;234;127;107;
050900088;750;468;0;709;1;282;1;0;282;2;1;0;0;3;279;207;72;
050900089;113;68;1;98;0;44;0;0;44;0;1;0;0;1;43;36;7;
050900090;145;64;4;136;0;77;0;4;77;2;0;0;2;4;73;58;15;
050900091;322;131;1;292;5;190;5;3;190;0;3;4;0;7;183;150;33;
050900092;625;318;4;595;0;303;0;0;303;2;2;6;0;10;293;220;73;
050900093;534;347;0;485;0;187;0;5;187;4;1;0;0;5;182;136;46;
050900094;530;353;0;509;0;177;0;0;177;1;3;4;0;8;169;125;44;
050900095;616;393;1;596;0;222;0;2;222;5;2;0;0;7;215;169;46;
050900096;643;393;1;616;1;249;1;3;249;0;7;0;0;7;242;193;49;
050900097;364;186;1;334;5;177;5;0;177;1;0;1;1;3;174;147;27;
050900098;413;221;0;377;0;192;0;0;192;2;0;0;0;2;190;149;41;
050900099;612;268;2;587;1;342;1;4;342;1;2;1;0;4;338;268;70;
050900100;568;307;1;545;1;260;1;1;260;4;1;0;0;5;255;197;58;
050900101;437;221;3;398;0;213;0;0;213;0;3;0;0;3;210;170;40;
050900102;433;257;8;411;0;168;0;0;168;0;7;0;0;7;161;130;31;
050900103;590;292;0;568;1;298;1;4;298;0;1;4;0;5;293;251;42;
050900104;131;42;0;119;0;89;0;1;89;3;0;0;0;3;86;69;17;
050900105;430;193;1;408;0;236;0;3;236;2;3;4;0;9;227;189;38;
050900106;675;444;0;644;0;231;0;0;231;0;1;1;0;2;229;171;58;
050900107;367;226;1;334;8;140;8;0;140;0;0;2;0;2;138;105;33;
050900108;587;347;1;567;0;239;0;0;239;1;0;2;0;3;236;220;16;
050900109;568;308;1;552;0;259;0;0;259;1;1;1;1;4;255;212;43;
050900110;382;180;2;195;5;200;5;0;200;10;0;0;0;10;190;147;43;
050900111;112;38;1;98;0;73;0;4;73;0;0;0;0;0;73;59;14;
050900112;178;56;1;168;2;121;2;6;121;0;2;0;0;2;119;90;29;
050900113;119;47;1;102;2;71;2;0;71;2;0;1;0;3;68;58;10;
050900114;112;44;0;104;3;68;3;0;68;1;3;0;0;4;64;44;20;
050900115;116;48;1;109;2;67;2;4;67;0;2;0;0;2;65;61;4;
050900116;66;18;0;55;1;48;1;3;48;0;0;0;0;0;48;41;7;
050900117;145;65;2;135;2;78;2;4;78;4;0;0;0;4;74;53;21;
050900118;705;415;1;672;2;289;2;0;289;2;0;13;0;15;274;216;58;
050900119;295;184;0;271;0;111;0;3;111;1;1;0;0;2;109;83;26;
050900120;423;208;2;410;0;213;0;5;213;1;3;0;1;5;208;132;76;
050900121;80;50;0;67;0;30;0;0;30;0;0;1;0;1;29;22;7;
051500001;272;136;1;245;0;135;0;0;135;1;3;0;0;4;131;107;24;
051500002;728;454;1;661;0;273;0;0;273;1;2;3;0;6;267;228;39;
051500003;688;362;2;628;1;324;1;1;324;2;2;4;0;8;316;276;40;
051500004;187;114;1;187;2;72;2;0;72;0;0;0;0;0;72;61;11;
051500005;147;70;1;139;1;76;1;5;76;1;1;4;0;6;70;58;12;
051500006;57;25;1;49;0;31;0;0;31;0;0;0;0;0;31;27;4;
051500007;105;50;0;84;0;55;0;6;55;2;0;0;0;2;53;44;9;
051500008;67;31;1;58;0;35;0;6;35;0;0;0;0;0;35;30;5;
051500009;90;38;1;79;0;51;0;7;51;2;0;0;0;2;49;42;7;
051600001;530;256;1;504;3;273;3;0;273;1;2;2;0;5;268;232;36;
051600002;673;367;0;639;3;306;3;0;306;5;3;1;0;9;297;253;44;
051600003;78;24;1;66;1;53;1;4;53;0;0;0;0;0;53;47;6;
051600004;285;115;1;262;0;169;0;0;169;2;1;0;0;3;166;153;13;
051600005;69;24;1;57;0;44;0;3;44;2;0;0;0;2;42;37;5;
051600006;113;40;0;96;0;73;0;2;73;1;0;0;0;1;72;61;11;
051600007;39;8;1;30;0;30;0;0;30;0;0;0;0;0;30;27;3;
051600008;118;45;1;108;0;72;0;0;72;0;4;0;0;4;68;63;5;
051600009;109;35;1;93;1;73;1;3;73;0;0;0;0;0;73;64;9;
051600010;61;20;1;49;0;40;0;0;40;0;0;0;0;0;40;35;5;
051600011;41;15;1;30;3;25;3;2;25;1;1;0;0;2;23;23;0;
051600012;244;81;1;225;1;162;1;0;162;0;2;0;0;2;160;141;19;
051600013;213;68;1;195;5;144;5;1;144;0;2;0;0;2;142;137;5;
051600014;221;97;1;206;0;123;0;5;123;5;2;2;0;9;114;102;12;
051600015;534;317;0;503;0;217;0;0;217;5;2;0;0;7;210;172;38;
051600016;366;223;1;335;0;142;0;0;142;0;0;0;0;0;142;104;38;
051600017;110;41;1;103;3;68;3;0;68;2;0;0;0;2;66;64;2;
051600018;36;9;1;29;2;26;2;5;26;0;0;1;0;1;25;21;4;
051600019;139;43;1;130;0;95;0;4;95;1;1;1;0;3;92;84;8;
051600020;244;110;2;227;0;132;0;5;132;4;1;2;0;7;125;112;13;
051600021;863;512;3;834;1;348;1;0;348;5;3;2;0;10;338;302;36;
051600022;583;156;1;547;0;426;0;0;426;3;4;0;0;7;419;415;4;
051600023;685;441;2;654;2;242;2;3;242;0;3;0;0;3;239;213;26;
051600024;151;57;1;143;4;93;4;0;93;0;0;0;0;0;93;78;15;
051600025;90;14;0;83;0;76;0;0;76;0;0;0;0;0;76;66;10;
051600026;67;23;0;53;0;44;0;0;44;0;0;1;0;1;43;40;3;
052200001;705;425;2;641;0;278;0;0;278;4;4;4;0;12;266;219;47;
052200002;793;499;1;720;1;293;1;0;293;2;1;0;0;3;290;239;51;
052200003;675;403;1;616;0;271;0;0;271;1;7;2;0;10;261;223;38;
052200004;694;446;1;631;0;247;0;0;247;0;7;0;0;7;240;186;54;
052200005;637;417;1;579;0;219;0;0;219;0;2;1;0;3;216;192;24;
052200006;51;16;1;41;0;34;0;0;34;0;3;0;0;3;31;29;2;
052200007;178;85;1;165;0;92;0;0;92;2;4;0;0;6;86;77;9;
052200008;119;66;0;110;1;53;1;0;53;0;0;0;0;0;53;44;9;
052200009;146;61;1;139;0;84;0;0;84;1;0;0;0;1;83;77;6;
052200010;68;42;2;54;0;24;0;0;24;0;0;0;0;0;24;21;3;
052200011;444;242;3;407;3;199;3;0;199;0;3;0;0;3;196;151;45;
052200012;369;158;1;335;1;210;1;0;210;1;0;0;0;1;209;185;24;
052200013;329;177;2;308;4;150;4;3;150;4;5;0;0;9;141;130;11;
052200014;117;51;0;99;4;66;4;0;66;3;0;0;0;3;63;58;5;
052500001;466;146;2;425;3;318;3;0;318;3;3;4;0;10;308;281;27;
052500002;98;23;2;81;3;73;3;1;73;0;1;0;0;1;72;57;15;
052500003;76;22;0;64;0;54;0;0;54;0;0;0;0;0;54;53;1;
052500004;172;69;1;149;0;102;0;2;102;4;0;0;0;4;98;86;12;
052500005;296;98;2;269;4;196;4;0;196;1;3;0;0;4;192;160;32;
052500006;637;276;2;579;2;359;2;1;359;8;4;0;0;12;347;278;69;
052500007;257;121;1;235;0;135;0;1;135;3;1;5;0;9;126;101;25;
053000001;502;169;1;458;8;332;8;3;332;8;0;1;0;9;323;297;26;
053000002;631;245;3;590;16;383;16;0;383;2;3;9;0;14;369;309;60;
053000003;494;264;1;450;0;229;0;1;229;1;2;0;0;3;226;185;41;
053000004;380;202;1;347;0;177;0;2;177;1;0;0;0;1;176;113;63;
053000005;653;267;6;596;0;380;0;0;380;2;3;1;0;6;374;331;43;
053000006;376;118;1;351;11;257;11;0;257;0;2;0;0;2;255;220;35;
053000007;294;121;1;270;1;172;1;1;172;1;3;0;0;4;168;136;32;
053300001;903;399;2;822;1;502;1;1;502;5;1;0;0;6;496;389;107;
053300002;307;122;1;279;0;184;0;0;184;0;1;3;0;4;180;165;15;
053300003;263;126;1;240;0;136;0;0;136;0;3;4;0;7;129;88;41;
053300004;295;146;1;269;0;148;0;1;148;3;1;1;0;5;143;122;21;
053300005;222;99;1;201;0;122;0;0;122;0;0;0;0;0;122;113;9;
053300006;682;351;1;620;0;330;0;1;330;1;0;9;0;10;320;285;35;
053300007;745;413;1;678;1;331;1;0;331;1;1;1;0;3;328;265;63;
053300008;255;102;12;233;1;141;1;1;141;12;0;0;0;12;129;108;21;
053300009;710;343;1;648;7;366;7;1;366;3;3;0;0;6;360;303;57;
053300010;165;68;1;150;0;96;0;0;96;0;0;1;0;1;95;79;16;
053700001;306;171;2;278;0;133;0;0;133;1;8;0;0;9;124;105;19;
053700002;253;124;1;236;3;128;3;3;128;1;0;0;0;1;127;110;17;
053700003;143;51;1;136;0;91;0;6;91;0;1;1;0;2;89;82;7;
053700004;162;60;1;150;1;101;1;4;101;0;1;0;0;1;100;95;5;
053700005;75;23;1;68;0;51;0;5;51;4;1;0;0;5;46;39;7;
053700006;218;87;1;202;0;130;0;4;130;0;0;0;0;0;130;128;2;
053700007;367;222;1;337;0;144;0;4;144;0;0;7;0;7;137;106;31;
053700008;338;196;1;314;4;141;4;7;141;0;1;3;0;4;137;112;25;
053700009;256;139;1;234;3;116;3;1;116;5;0;0;0;5;111;85;26;
053700010;151;83;1;140;0;67;0;3;67;0;0;0;0;0;67;62;5;
060500001;600;300;1;566;0;299;0;0;299;0;6;0;1;7;292;211;81;
060500002;620;273;1;611;6;346;6;2;346;1;5;2;0;8;338;236;102;
060500003;780;387;1;755;6;392;6;4;392;2;5;4;0;11;381;300;81;
060500004;460;229;2;460;5;229;5;2;229;1;1;1;0;3;226;161;65;
060500005;500;284;1;502;0;215;0;9;215;2;1;0;0;3;212;146;66;
060500006;700;308;1;725;2;391;2;17;391;2;1;0;0;3;388;336;52;
060500007;460;297;1;376;2;162;2;1;162;1;1;1;0;3;159;126;33;
060500008;400;210;1;349;3;189;3;0;189;1;0;0;0;1;188;151;37;
060500009;400;199;1;392;3;200;3;0;200;2;6;2;0;10;190;157;33;
060500010;260;147;0;236;4;113;4;0;113;1;2;0;0;3;110;82;28;
060800001;650;384;1;643;0;265;0;3;265;1;2;0;1;4;261;174;87;
060800002;650;410;1;634;1;239;1;3;239;5;2;2;0;9;230;142;88;
060800003;600;361;1;597;0;238;0;0;238;0;4;0;0;4;234;144;90;
060800004;650;439;1;658;0;210;0;0;210;0;3;0;0;3;207;144;63;
060800005;600;390;1;605;0;209;0;0;209;3;1;0;0;4;205;136;69;
060800006;600;392;4;578;0;204;0;0;204;0;0;0;1;1;203;136;67;
060800007;600;414;4;596;0;182;0;0;182;1;0;0;0;1;181;99;82;
060800008;600;407;1;610;2;192;2;0;192;0;2;0;0;2;190;121;69;
060800009;650;404;1;621;0;245;0;0;245;0;0;1;0;1;244;144;100;
060800010;600;395;1;594;0;204;0;0;204;1;6;0;0;7;197;149;48;
060800011;600;384;1;589;0;215;0;0;215;0;5;0;0;5;210;167;43;
060800012;650;424;1;640;0;225;0;0;225;0;1;0;0;1;224;182;42;
060800013;700;473;1;671;0;226;0;0;226;1;2;1;0;4;222;170;52;
060800014;700;501;3;685;0;196;0;0;196;0;2;0;0;2;194;166;28;
060800015;800;493;1;789;0;306;0;0;306;0;0;0;0;0;306;302;4;
060800016;650;384;1;601;0;265;0;0;265;0;0;0;1;1;264;262;2;
060800017;780;503;1;723;0;276;0;3;276;1;1;0;0;2;274;201;73;
060800018;550;318;1;505;2;231;2;2;231;1;2;1;0;4;227;179;48;
060800019;600;370;1;596;2;229;2;2;229;1;2;0;0;3;226;186;40;
060800020;250;108;1;232;5;141;5;2;141;2;0;0;0;2;139;119;20;
060800021;800;432;1;801;3;367;3;3;367;3;0;11;0;14;353;275;78;
060800022;602;324;1;606;1;277;1;5;277;1;0;7;0;8;269;195;74;
060800023;400;164;2;361;4;234;4;3;234;2;3;0;0;5;229;202;27;
060800024;950;444;2;910;4;504;4;0;504;0;0;4;0;4;500;418;82;
060800025;400;267;1;403;0;132;0;0;132;1;0;1;0;2;130;112;18;
060800026;900;643;1;887;3;256;3;0;256;2;1;0;0;3;253;182;71;
060800027;500;323;1;501;1;176;1;0;176;2;1;0;0;3;173;138;35;
060800028;200;78;1;175;1;121;1;0;121;0;1;0;0;1;120;98;22;
060800029;240;120;1;224;3;119;3;0;119;0;1;4;0;5;114;97;17;
060800030;900;537;1;878;0;362;0;0;362;3;3;1;0;7;355;258;97;
060800031;700;451;1;669;1;248;1;2;248;1;1;0;0;2;246;224;22;
060800032;497;260;1;511;3;236;3;1;236;13;3;0;0;16;220;155;65;
060800033;350;163;1;341;3;186;3;0;186;1;1;0;0;2;184;171;13;
060800034;600;418;1;599;1;181;1;2;181;1;1;0;0;2;179;159;20;
060800035;700;412;1;710;2;287;2;2;287;0;5;0;0;5;282;204;78;
060800036;700;428;1;717;0;271;0;0;271;0;1;10;0;11;260;197;63;
060800037;550;262;1;543;1;287;1;0;287;2;1;0;0;3;284;218;66;
060800038;650;344;1;631;3;305;3;0;305;1;5;0;1;7;298;219;79;
060800039;50;42;1;22;0;7;0;0;7;2;0;0;0;2;5;4;1;
060800040;60;9;2;51;0;49;0;0;49;0;0;0;0;0;49;38;11;
061000001;1000;718;0;837;0;282;0;1;282;2;2;1;0;5;277;195;82;
061000002;1000;673;1;971;0;326;0;6;326;3;0;6;0;9;317;218;99;
061000003;700;488;2;624;1;210;1;5;210;1;0;0;0;1;209;159;50;
061000004;599;432;2;655;0;165;0;5;165;1;0;0;0;1;164;118;46;
061000005;600;398;2;663;0;200;0;0;200;0;4;0;0;4;196;152;44;
061000006;800;561;2;736;1;237;1;2;237;2;0;4;0;6;231;174;57;
061000007;500;314;2;539;0;184;0;0;184;1;1;0;0;2;182;142;40;
061000008;500;286;2;574;0;212;0;0;212;1;3;0;0;4;208;158;50;
061000009;900;654;1;899;0;245;0;5;245;0;0;0;0;0;245;182;63;
061000010;500;315;1;542;0;184;0;10;184;3;0;0;0;3;181;127;54;
061000011;500;311;1;579;0;188;0;0;188;4;1;0;0;5;183;127;56;
061000012;600;388;4;652;0;208;0;0;208;2;1;0;0;3;205;168;37;
061000013;1000;642;2;938;0;356;0;4;356;1;5;1;0;7;349;252;97;
061000014;698;442;1;749;0;255;0;7;255;0;4;0;0;4;251;196;55;
061000015;600;383;0;650;0;217;0;14;217;0;1;0;0;1;216;166;50;
061000016;500;281;2;537;0;217;0;7;217;2;5;0;0;7;210;167;43;
061000017;1000;647;1;945;2;352;2;0;352;0;0;0;0;0;352;269;83;
061000018;600;330;1;626;0;269;0;0;269;2;4;0;0;6;263;190;73;
061000019;700;436;3;697;1;261;1;6;261;0;2;0;0;2;259;187;72;
061000020;800;557;1;782;0;242;0;5;242;4;1;1;0;6;236;185;51;
061000021;900;586;1;880;0;313;0;5;313;1;3;2;0;6;307;233;74;
061000022;1000;662;3;943;0;335;0;10;335;1;0;0;0;1;334;243;91;
061000023;800;514;1;835;0;285;0;3;285;3;2;0;0;5;280;206;74;
061000024;1000;662;1;933;1;337;1;0;337;9;4;0;0;13;324;252;72;
061000025;700;405;2;689;0;293;0;0;293;4;0;0;0;4;289;236;53;
061000026;1000;690;2;975;0;308;0;0;308;2;4;0;0;6;302;234;68;
061000027;800;428;1;847;1;371;1;0;371;0;2;0;0;2;369;280;89;
061000028;800;471;1;773;2;328;2;7;328;1;1;0;0;2;326;256;70;
061000029;600;322;2;636;0;276;0;4;276;2;1;0;0;3;273;218;55;
061000030;799;492;1;783;0;306;0;3;306;0;7;0;0;7;299;226;73;
061000031;600;345;1;652;2;254;2;1;254;0;2;0;0;2;252;187;65;
061000032;1000;623;1;1007;0;376;0;5;376;1;6;0;0;7;369;252;117;
061000033;600;397;1;593;0;202;0;0;202;0;0;0;0;0;202;157;45;
061000034;800;483;1;803;0;316;0;0;316;1;2;0;0;3;313;234;79;
061000035;500;341;1;534;0;158;0;3;158;0;0;0;0;0;158;116;42;
061000036;700;471;1;724;1;228;1;4;228;2;0;0;0;2;226;165;61;
061000037;500;326;1;460;0;173;0;1;173;2;0;0;0;2;171;124;47;
061000038;500;298;1;566;0;201;0;4;201;0;2;0;0;2;199;149;50;
061000039;1000;721;3;916;0;276;0;4;276;1;2;0;0;3;273;201;72;
061000040;599;352;1;592;1;246;1;2;246;1;2;0;0;3;243;184;59;
061000041;599;368;1;616;0;230;0;4;230;1;1;0;0;2;228;181;47;
061000042;900;581;1;868;1;318;1;4;318;3;4;1;0;8;310;241;69;
061000043;599;381;3;582;0;215;0;4;215;0;2;0;0;2;213;162;51;
061000044;900;628;1;895;0;271;0;3;271;4;0;0;0;4;267;198;69;
061000045;505;301;1;685;0;203;0;0;203;1;2;0;1;4;199;156;43;
061000046;1000;708;1;901;1;291;1;0;291;6;1;0;0;7;284;222;62;
061000047;500;321;2;518;0;177;0;0;177;1;0;1;0;2;175;133;42;
061000048;500;352;1;449;0;147;0;0;147;0;1;0;0;1;146;123;23;
061000049;900;657;1;858;0;242;0;0;242;0;0;0;0;0;242;178;64;
061000050;500;371;0;555;0;129;0;0;129;0;0;0;0;0;129;94;35;
061000051;597;418;1;625;0;178;0;3;178;0;1;0;0;1;177;120;57;
061000052;600;433;2;574;0;165;0;4;165;2;0;0;0;2;163;125;38;
061000053;500;387;1;429;6;112;6;0;112;0;0;0;0;0;112;84;28;
061000054;919;642;1;875;0;276;0;3;276;1;2;5;0;8;268;203;65;
061000055;699;481;2;714;0;216;0;4;216;1;0;0;0;1;215;160;55;
061000056;800;612;1;777;0;187;0;0;187;2;2;1;0;5;182;144;38;
061000057;698;464;1;698;2;233;2;4;233;3;0;0;0;3;230;160;70;
061000058;800;589;1;765;0;210;0;9;210;1;0;0;0;1;209;139;70;
061000059;800;533;1;739;0;266;0;0;266;1;3;0;0;4;262;204;58;
061000060;800;597;1;202;0;202;0;0;202;1;0;0;0;1;201;144;57;
061000061;800;561;1;735;1;238;1;0;238;0;3;0;0;3;235;159;76;
061000062;700;522;1;680;0;177;0;0;177;1;1;0;0;2;175;116;59;
061000063;700;508;1;672;0;191;0;0;191;0;1;0;0;1;190;144;46;
061000064;800;596;4;785;0;200;0;5;200;1;2;1;0;4;196;139;57;
061000065;997;741;1;970;0;255;0;6;255;2;2;2;0;6;249;188;61;
061000066;797;550;2;797;0;245;0;0;245;0;2;0;0;2;243;177;66;
061000067;700;520;3;634;0;177;0;6;177;1;2;0;0;3;174;128;46;
061000068;900;683;1;822;0;216;0;4;216;0;0;0;0;0;216;164;52;
061000069;1000;678;2;1076;0;320;0;6;320;0;1;0;0;1;319;222;97;
061000070;898;648;3;846;0;247;0;6;247;1;0;0;1;2;245;180;65;
061000071;597;407;1;647;0;189;0;7;189;6;0;0;0;6;183;136;47;
061000072;600;400;1;654;0;199;0;7;199;1;1;0;0;2;197;127;70;
061000073;600;445;1;611;0;154;0;0;154;0;1;0;0;1;153;93;60;
061000074;1000;792;1;943;0;207;0;0;207;0;3;0;0;3;204;162;42;
061000075;600;438;2;160;0;160;0;6;160;0;0;0;0;0;160;125;35;
061000076;1000;735;1;1064;0;264;0;8;264;0;0;3;0;3;261;194;67;
061000077;600;418;1;643;0;181;0;5;181;2;0;0;0;2;179;142;37;
061000078;1000;675;1;965;13;324;13;0;324;2;1;0;0;3;321;224;97;
061000079;698;387;1;708;0;310;0;3;310;4;3;0;0;7;303;256;47;
061000080;500;322;1;539;0;177;0;11;177;1;2;0;0;3;174;119;55;
061000081;500;264;1;465;0;235;0;4;235;1;3;0;0;4;231;190;41;
061000082;600;351;2;631;0;247;0;0;247;0;2;1;0;3;244;194;50;
061000083;699;426;1;695;3;272;3;4;272;3;2;5;0;10;262;177;85;
061000084;150;48;1;122;3;101;3;0;101;4;2;0;0;6;95;66;29;
061000085;400;200;1;194;5;199;5;4;199;0;6;0;0;6;193;160;33;
061000086;500;213;1;423;9;286;9;2;286;17;1;2;0;20;266;207;59;
061000087;300;111;1;277;2;188;2;2;188;2;0;0;0;2;186;164;22;
061000088;702;360;1;667;2;341;2;6;341;3;3;0;0;6;335;270;65;
061000089;500;199;0;416;5;301;5;5;301;3;4;2;0;9;292;245;47;
061000090;500;281;2;512;1;217;1;4;217;6;1;4;0;11;206;188;18;
061000091;500;282;1;471;6;217;6;4;217;0;8;2;0;10;207;142;65;
061000092;103;38;1;74;0;64;0;4;64;0;2;1;0;3;61;49;12;
061000093;300;163;2;252;0;135;0;3;135;2;0;0;0;2;133;118;15;
061000094;707;451;1;695;0;255;0;0;255;7;0;1;0;8;247;165;82;
061000095;799;528;2;781;0;269;0;1;269;1;0;1;0;2;267;172;95;
061000096;400;242;1;374;0;157;0;0;157;2;1;0;0;3;154;128;26;
061000097;600;378;1;217;4;221;4;0;221;0;1;0;0;1;220;170;50;
061000098;297;164;1;283;0;132;0;7;132;4;0;0;0;4;128;114;14;
061000099;550;322;1;518;1;227;1;1;227;6;1;0;0;7;220;160;60;
061000100;395;226;1;390;1;168;1;3;168;0;0;0;0;0;168;149;19;
061000101;800;389;1;725;8;410;8;0;410;10;0;0;0;10;400;245;155;
061000102;1000;557;1;918;7;442;7;4;442;4;2;4;0;10;432;325;107;
061000103;700;393;1;683;4;306;4;0;306;3;4;8;0;15;291;238;53;
061000104;200;73;1;161;4;126;4;3;126;4;2;0;0;6;120;86;34;
061000105;500;279;1;388;1;220;1;1;220;4;5;1;0;10;210;160;50;
061000106;104;57;1;54;0;46;0;0;46;0;0;0;0;0;46;29;17;
061000107;128;39;1;177;0;88;0;0;88;2;0;0;0;2;86;61;25;
061000108;80;37;2;46;0;41;0;5;41;1;3;0;0;4;37;28;9;
061000109;80;47;1;39;0;32;0;6;32;0;0;0;0;0;32;26;6;
062000001;735;414;16;665;0;305;0;4;305;0;0;16;0;16;289;194;95;
062000002;861;620;2;783;0;239;0;0;239;0;0;2;0;2;237;160;77;
062000003;565;422;0;518;0;143;0;0;143;2;1;0;0;3;140;108;32;
062000004;914;635;1;833;0;278;0;5;278;3;1;0;0;4;274;203;71;
062000005;703;450;1;641;0;252;0;0;252;3;0;0;0;3;249;173;76;
062000006;922;594;3;844;0;325;0;3;325;3;2;0;1;6;319;212;107;
062000007;763;539;2;692;0;222;0;0;222;0;2;0;0;2;220;145;75;
062000008;860;591;1;783;0;268;0;0;268;0;1;0;0;1;267;172;95;
062000009;965;642;1;878;1;322;1;1;322;0;2;0;0;2;320;202;118;
062000010;990;683;2;906;6;305;6;0;305;0;2;0;0;2;303;198;105;
062000011;1084;744;1;987;2;339;2;0;339;2;1;0;0;3;336;194;142;
062000012;866;598;2;790;1;266;1;2;266;1;1;0;0;2;264;175;89;
062000013;728;497;1;633;2;230;2;0;230;5;0;10;0;15;215;163;52;
062000014;693;463;1;632;0;229;0;0;229;4;3;0;0;7;222;142;80;
062000015;64;26;1;58;0;37;0;0;37;1;3;1;0;5;32;24;8;
062000016;692;397;2;630;2;293;2;0;293;0;2;0;0;2;291;252;39;
062000017;686;377;1;622;1;308;1;2;308;3;0;0;0;3;305;253;52;
062000018;616;348;2;564;0;266;0;3;266;1;2;0;0;3;263;185;78;
062000019;631;346;3;572;0;282;0;0;282;0;2;6;0;8;274;192;82;
062000020;574;343;1;517;2;230;2;0;230;4;2;0;0;6;224;174;50;
062000021;590;342;1;534;0;247;0;0;247;1;3;0;0;4;243;188;55;
062000022;734;377;1;665;0;356;0;0;356;4;1;0;0;5;351;329;22;
062000023;723;398;1;658;0;324;0;0;324;0;0;0;0;0;324;307;17;
062000024;662;455;4;603;1;203;1;3;203;1;3;0;0;4;199;141;58;
062000025;649;484;2;591;2;163;2;0;163;1;0;0;0;1;162;90;72;
062000026;689;411;1;629;4;277;4;0;277;1;3;0;1;5;272;169;103;
062000027;409;149;1;374;2;259;2;0;259;3;0;3;0;6;253;191;62;
062000028;43;22;2;39;0;19;0;0;19;0;0;0;0;0;19;12;7;
062100001;700;379;2;647;1;319;1;2;319;3;2;4;0;9;310;259;51;
062100002;730;374;1;669;0;355;0;2;355;2;1;0;0;3;352;306;46;
062100003;900;462;2;834;3;436;3;4;436;8;2;1;0;11;425;367;58;
062100004;830;510;3;766;2;317;2;0;317;2;5;1;0;8;309;264;45;
062100005;370;119;0;359;5;251;5;2;251;3;0;1;0;4;247;219;28;
062100006;170;63;2;169;1;105;1;1;105;1;0;0;0;1;104;89;15;
062100007;600;273;1;566;2;326;2;0;326;2;8;2;0;12;314;245;69;
062100008;220;47;2;218;6;171;6;1;171;1;0;0;0;1;170;136;34;
062100009;290;109;1;289;1;180;1;2;180;0;6;0;0;6;174;142;32;
062100010;490;240;1;463;3;249;3;5;249;4;1;2;3;10;239;190;49;
062100011;250;73;0;242;4;177;4;3;177;4;1;0;0;5;172;148;24;
062100012;800;322;1;767;1;477;1;0;477;2;1;0;0;3;474;391;83;
062100013;860;407;1;807;2;452;2;1;452;1;4;0;0;5;447;398;49;
062100014;300;131;1;277;6;168;6;1;168;2;1;0;0;3;165;130;35;
062100015;600;237;3;578;1;360;1;3;360;8;6;2;0;16;344;246;98;
062100016;800;343;1;717;8;456;8;0;456;5;1;1;0;7;449;330;119;
062100017;141;0;1;159;0;140;0;0;140;0;0;0;0;0;140;132;8;
062100018;280;112;1;287;2;167;2;0;167;0;2;1;0;3;164;144;20;
062700001;700;452;1;682;3;247;3;0;247;4;3;1;0;8;239;161;78;
062700002;800;586;1;738;0;213;0;3;213;0;2;0;0;2;211;149;62;
062700003;850;561;0;780;0;289;0;0;289;0;3;0;0;3;286;211;75;
062700004;800;492;1;757;0;307;0;4;307;4;3;0;0;7;300;223;77;
062700005;750;492;1;691;0;257;0;0;257;2;1;5;0;8;249;188;61;
062700006;800;518;1;726;0;281;0;0;281;3;2;0;0;5;276;207;69;
062700007;650;419;1;610;0;230;0;0;230;2;1;0;0;3;227;171;56;
062700008;800;518;1;734;0;281;0;0;281;1;4;0;0;5;276;198;78;
062700009;800;475;1;726;0;324;0;5;324;1;0;0;0;1;323;233;90;
062700010;750;501;1;678;0;248;0;0;248;0;3;0;0;3;245;202;43;
062700011;800;533;1;721;2;266;2;0;266;3;2;0;0;5;261;196;65;
062700012;1150;824;11;1086;0;315;0;0;315;9;1;1;0;11;304;222;82;
062700013;600;429;1;541;0;170;0;0;170;3;1;0;0;4;166;131;35;
062700014;800;568;3;725;0;229;0;0;229;0;2;1;0;3;226;180;46;
062700015;550;359;1;496;4;190;4;0;190;0;0;0;0;0;190;125;65;
062700016;400;208;1;352;0;191;0;2;191;0;0;0;0;0;191;139;52;
062700017;300;159;4;289;3;137;3;2;137;2;0;0;1;3;134;104;30;
062700018;200;73;8;178;4;119;4;5;119;0;0;0;0;0;119;109;10;
062700019;450;247;1;420;3;202;3;0;202;0;0;0;1;1;201;161;40;
062700020;450;221;1;415;8;228;8;3;228;2;4;0;0;6;222;186;36;
062700021;350;188;1;301;0;161;0;0;161;1;0;0;0;1;160;98;62;
062700022;350;220;1;318;0;129;0;1;129;0;0;0;0;0;129;113;16;
062700023;800;559;0;757;0;241;0;4;241;0;7;0;0;7;234;178;56;
062700024;900;617;1;834;0;282;0;2;282;0;3;0;0;3;279;223;56;
062700025;120;43;1;102;3;76;3;0;76;0;0;0;0;0;76;68;8;
062700026;700;459;1;622;1;240;1;1;240;3;6;0;0;9;231;154;77;
062700027;300;172;1;285;0;127;0;0;127;0;0;0;0;0;127;103;24;
062700028;100;56;1;76;2;43;2;0;43;0;0;0;1;1;42;40;2;
062700029;200;68;1;186;6;131;6;0;131;0;0;0;0;0;131;109;22;
062700030;400;231;1;368;2;168;2;0;168;1;0;0;0;1;167;135;32;
062700031;275;121;6;248;0;148;0;0;148;1;0;3;1;5;143;121;22;
062700032;350;130;1;333;1;219;1;0;219;1;2;0;0;3;216;148;68;
062700033;700;377;2;634;1;321;1;4;321;2;0;0;0;2;319;207;112;
062700034;475;296;1;427;2;178;2;0;178;3;5;0;0;8;170;95;75;
062700035;200;104;1;156;0;95;0;0;95;2;2;0;0;4;91;73;18;
062700036;125;60;1;107;6;64;6;0;64;0;0;0;0;0;64;54;10;
062700037;350;222;1;328;6;127;6;4;127;1;3;2;0;6;121;98;23;
062700038;300;147;1;277;7;152;7;2;152;2;5;0;0;7;145;110;35;
062700039;175;67;1;168;1;107;1;3;107;1;2;0;0;3;104;86;18;
062700040;450;246;1;400;1;203;1;0;203;3;4;8;0;15;188;175;13;
062700041;125;45;1;106;4;79;4;1;79;0;1;0;0;1;78;74;4;
062700042;400;213;1;376;0;186;0;0;186;0;3;0;0;3;183;139;44;
062700043;60;23;1;53;7;36;7;7;36;0;0;0;0;0;36;23;13;
062700044;80;21;1;65;0;58;0;8;58;2;0;0;0;2;56;39;17;
062800001;800;547;1;774;0;252;0;1;252;7;0;0;0;7;245;213;32;
062800002;800;518;1;749;0;281;0;2;281;6;4;1;0;11;270;219;51;
062800003;900;603;1;861;0;296;0;7;296;4;2;0;0;6;290;231;59;
062800004;700;449;1;687;0;250;0;5;250;5;3;0;0;8;242;196;46;
062800005;60;2;1;58;0;57;0;5;57;0;0;0;0;0;57;56;1;
062800006;300;133;1;256;0;166;0;0;166;2;1;1;0;4;162;147;15;
062800007;500;295;1;487;2;204;2;4;204;3;1;0;0;4;200;165;35;
062800008;650;406;1;615;0;243;0;0;243;9;1;0;0;10;233;179;54;
062800009;600;375;1;576;0;224;0;1;224;1;1;0;0;2;222;168;54;
062800010;750;496;1;713;0;253;0;0;253;3;3;0;0;6;247;173;74;
062800011;750;454;1;740;1;295;1;0;295;1;2;0;0;3;292;178;114;
062800012;700;424;1;670;0;275;0;0;275;0;2;2;0;4;271;204;67;
063100001;990;612;0;899;0;378;0;0;378;1;2;3;0;6;372;293;79;
063100002;750;450;1;689;0;299;0;0;299;0;5;0;0;5;294;221;73;
063100003;120;45;1;110;0;74;0;3;74;0;0;3;0;3;71;51;20;
063100004;630;383;1;587;0;246;0;8;246;3;7;0;0;10;236;165;71;
063100005;420;198;2;398;1;220;1;5;220;1;2;1;0;4;216;157;59;
063100006;610;324;1;566;0;285;0;0;285;4;3;0;0;7;278;213;65;
063100007;900;574;2;831;0;324;0;2;324;2;3;0;0;5;319;254;65;
063100008;830;456;1;784;0;373;0;5;373;5;1;0;0;6;367;360;7;
063100009;40;5;1;45;0;34;0;6;34;0;0;0;0;0;34;30;4;
063100010;460;301;1;430;0;158;0;5;158;2;3;0;0;5;153;115;38;
063100011;600;358;1;560;1;241;1;0;241;3;1;0;0;4;237;209;28;
063100012;560;350;1;518;1;209;1;0;209;1;2;0;1;4;205;141;64;
063100013;450;310;1;410;0;139;0;1;139;3;1;0;0;4;135;99;36;
063100014;520;323;1;484;2;196;2;4;196;0;0;1;0;1;195;153;42;
063100015;520;368;0;483;0;152;0;6;152;1;1;0;0;2;150;116;34;
063100016;370;238;1;344;1;131;1;0;131;0;1;0;0;1;130;95;35;
063100017;300;172;1;281;0;127;0;0;127;0;0;0;0;0;127;91;36;
063100018;240;126;1;224;2;113;2;5;113;0;1;0;0;1;112;88;24;
063100019;580;382;5;537;0;193;0;4;193;2;2;3;0;7;186;156;30;
063100020;490;297;1;457;0;192;0;1;192;2;2;2;0;6;186;149;37;
063100021;260;129;1;243;1;130;1;1;130;0;1;0;0;1;129;115;14;
063100022;420;210;1;392;0;209;0;2;209;3;0;0;0;3;206;186;20;
063100023;320;147;1;290;0;172;0;2;172;3;3;0;0;6;166;145;21;
063100024;770;462;1;698;0;307;0;0;307;0;3;0;0;3;304;225;79;
063100025;320;160;1;288;0;159;0;3;159;1;0;1;0;2;157;130;27;
063200001;793;488;1;723;0;304;0;2;304;6;3;0;0;9;295;218;77;
063200002;875;569;3;796;1;303;1;2;303;1;2;0;0;3;300;242;58;
063200003;607;412;1;552;0;194;0;0;194;6;2;0;0;8;186;159;27;
063200004;674;474;1;615;0;199;0;4;199;2;5;0;0;7;192;146;46;
063200005;67;3;1;68;0;63;0;8;63;3;0;4;0;7;56;35;21;
063200006;293;99;1;266;2;193;2;2;193;4;3;1;0;8;185;145;40;
063200007;694;393;1;635;4;300;4;0;300;6;4;0;0;10;290;223;67;
063200008;539;270;1;492;5;268;5;0;268;6;6;0;0;12;256;200;56;
063200009;212;97;1;194;0;114;0;0;114;0;0;0;0;0;114;86;28;
063200010;307;137;1;277;3;169;3;0;169;2;0;0;1;3;166;148;18;
063200011;514;285;1;467;1;228;1;0;228;6;3;0;0;9;219;99;120;
063200012;39;13;1;42;0;25;0;0;25;1;1;0;0;2;23;17;6;
063200013;62;10;1;64;0;51;0;5;51;0;1;0;0;1;50;37;13;
063200014;146;55;1;134;2;90;2;3;90;0;0;0;0;0;90;56;34;
063200015;289;96;2;266;1;191;1;4;191;1;1;0;0;2;189;151;38;
063200016;62;9;1;59;1;52;1;2;52;0;0;0;0;0;52;40;12;
063200017;327;164;1;293;1;162;1;0;162;2;1;0;0;3;159;125;34;
063500001;590;348;3;548;0;239;0;0;239;1;1;4;0;6;233;185;48;
063500002;550;322;1;510;1;227;1;0;227;0;6;0;0;6;221;145;76;
063500003;520;293;1;477;6;226;6;0;226;3;4;0;0;7;219;162;57;
063500004;100;38;1;82;0;61;0;3;61;1;0;0;0;1;60;52;8;
063500005;530;270;1;483;3;259;3;0;259;0;1;1;0;2;257;212;45;
063500006;500;304;1;450;0;195;0;0;195;0;1;2;0;3;192;167;25;
063500007;600;380;1;585;1;219;1;0;219;2;3;2;2;9;210;184;26;
063500008;520;288;2;530;2;230;2;0;230;1;0;0;0;1;229;175;54;
063500009;300;141;0;284;1;159;1;0;159;1;2;2;1;6;153;117;36;
063500010;530;292;1;525;2;237;2;1;237;1;3;0;1;5;232;164;68;
063500011;500;273;1;493;1;226;1;0;226;0;0;1;0;1;225;149;76;
063500012;96;40;1;86;4;55;4;3;55;1;0;0;0;1;54;42;12;
070500001;151;88;1;145;1;62;1;7;62;2;0;0;0;2;60;46;14;
070500002;881;609;1;885;7;271;7;0;271;0;2;1;2;5;266;214;52;
070500003;850;609;2;893;0;239;0;11;239;1;1;3;0;5;234;198;36;
070500004;700;468;2;747;16;230;16;5;230;0;2;0;0;2;228;185;43;
070500005;700;491;1;722;4;208;4;0;208;0;0;0;0;0;208;156;52;
070500006;700;500;1;731;5;199;5;0;199;0;2;0;0;2;197;150;47;
070500007;650;455;2;688;2;193;2;3;193;2;1;0;0;3;190;149;41;
070500008;699;498;1;702;5;200;5;0;200;3;0;0;0;3;197;167;30;
070500009;650;478;1;681;0;171;0;5;171;1;0;2;0;3;168;132;36;
070500010;800;561;1;805;0;238;0;1;238;2;0;3;0;5;233;185;48;
070500011;550;370;1;572;0;179;0;5;179;2;3;0;0;5;174;142;32;
070500012;500;354;1;497;0;145;0;0;145;7;1;0;0;8;137;96;41;
070500013;500;368;1;481;1;131;1;1;131;1;3;0;0;4;127;95;32;
070500014;700;497;0;702;0;203;0;0;203;5;2;0;0;7;196;158;38;
070500015;400;251;1;424;0;148;0;16;148;2;0;0;0;2;146;119;27;
070500016;650;426;1;223;0;223;0;0;223;1;0;5;0;6;217;185;32;
070500017;450;308;1;459;2;141;2;2;141;1;0;0;0;1;140;116;24;
070500018;700;491;1;695;3;208;3;0;208;1;3;0;0;4;204;169;35;
070500019;650;408;1;672;0;241;0;4;241;1;2;1;0;4;237;169;68;
070500020;600;414;2;602;0;184;0;1;184;0;1;0;0;1;183;125;58;
070500021;500;351;1;529;1;148;1;5;148;3;1;0;0;4;144;103;41;
070500022;650;421;2;688;0;227;0;5;227;0;3;0;0;3;224;181;43;
070500023;399;230;1;430;0;168;0;1;168;1;1;0;0;2;166;142;24;
070500024;650;426;2;657;0;222;0;2;222;1;0;0;0;1;221;164;57;
070500025;650;444;1;678;0;205;0;0;205;0;4;0;0;4;201;152;49;
070500026;650;382;2;677;1;266;1;0;266;0;1;3;0;4;262;208;54;
070500027;350;230;1;119;0;119;0;0;119;1;0;1;0;2;117;102;15;
070500028;600;382;1;638;0;217;0;8;217;1;2;3;0;6;211;176;35;
070500029;750;451;2;746;6;297;6;3;297;5;2;0;0;7;290;223;67;
070500030;600;398;2;597;3;200;3;0;200;1;4;0;0;5;195;145;50;
070500031;150;95;1;161;0;54;0;6;54;0;1;1;0;2;52;39;13;
070500032;550;292;1;568;52;257;52;7;257;3;2;0;0;5;252;193;59;
070500033;650;393;1;666;3;256;3;0;256;2;10;0;0;12;244;194;50;
070500034;601;380;1;601;6;220;6;3;220;0;1;0;0;1;219;149;70;
070500035;500;288;2;533;0;210;0;7;210;2;1;0;1;4;206;143;63;
070500036;280;198;1;287;0;81;0;4;81;1;1;0;0;2;79;64;15;
070500037;650;465;2;685;0;183;0;4;183;1;2;0;0;3;180;129;51;
070500038;550;372;1;555;1;177;1;0;177;7;0;0;0;7;170;128;42;
070500039;300;97;1;17;191;202;191;8;202;2;1;0;0;3;199;142;57;
070500040;200;126;1;169;8;73;8;0;73;3;0;0;0;3;70;58;12;
070500042;850;595;0;871;0;255;0;0;255;2;3;0;0;5;250;189;61;
070500043;400;267;0;397;0;133;0;0;133;1;3;0;0;4;129;108;21;
070500044;200;138;1;178;0;61;0;0;61;0;0;0;0;0;61;50;11;
070500045;120;68;1;111;0;51;0;8;51;0;0;0;0;0;51;39;12;
070500046;100;29;1;83;2;70;2;7;70;1;1;0;0;2;68;53;15;
070500047;650;387;1;686;2;262;2;0;262;1;6;0;0;7;255;199;56;
070500048;900;562;1;939;0;337;0;0;337;1;1;0;0;2;335;276;59;
070500049;600;436;2;628;1;162;1;2;162;0;2;0;0;2;160;117;43;
070500050;650;431;1;665;1;218;1;0;218;0;7;0;0;7;211;165;46;
070500051;650;409;1;655;7;240;7;4;240;3;2;0;0;5;235;202;33;
070500052;450;270;0;460;4;180;4;7;180;1;1;0;0;2;178;144;34;
070500053;449;285;1;458;5;163;5;12;163;3;3;4;0;10;153;118;35;
070500054;600;372;1;600;3;227;3;4;227;4;3;0;0;7;220;177;43;
070500055;450;315;1;457;2;134;2;5;134;2;1;0;0;3;131;91;40;
070500056;800;514;1;802;0;285;0;4;285;3;1;1;0;5;280;207;73;
070500057;600;423;2;617;2;175;2;4;175;1;1;0;2;4;171;142;29;
070500058;300;174;1;315;2;125;2;3;125;0;2;0;0;2;123;103;20;
070500059;650;407;0;655;0;243;0;3;243;3;1;5;0;9;234;190;44;
070500060;700;438;2;709;0;260;0;6;260;1;4;0;0;5;255;194;61;
070500061;550;348;1;565;0;201;0;0;201;0;2;0;0;2;199;147;52;
070500062;700;481;1;693;5;218;5;5;218;1;1;0;1;3;215;163;52;
070500063;130;110;1;117;0;19;0;5;19;0;0;0;0;0;19;12;7;
070500064;400;287;1;433;0;112;0;6;112;0;0;2;0;2;110;85;25;
070500065;649;403;2;674;0;244;0;6;244;2;2;1;0;5;239;182;57;
070500066;743;496;4;767;2;243;2;7;243;1;1;0;0;2;241;160;81;
070500068;100;38;1;81;0;61;0;8;61;1;0;0;0;1;60;49;11;
070500069;500;314;1;501;0;185;0;6;185;3;0;0;0;3;182;138;44;
070500070;800;547;4;807;0;249;0;5;249;4;1;1;0;6;243;185;58;
070500071;650;404;1;675;0;245;0;5;245;2;0;0;0;2;243;190;53;
070500072;70;27;1;67;0;42;0;6;42;0;0;0;0;0;42;26;16;
070500073;50;9;1;52;1;40;1;0;40;0;0;0;0;0;40;33;7;
070500074;50;23;1;45;0;26;0;0;26;0;0;0;0;0;26;19;7;
070500075;50;26;1;50;7;23;7;7;23;0;0;0;0;0;23;19;4;
070500076;300;224;2;299;0;74;0;0;74;0;4;0;0;4;70;62;8;
070500077;110;58;1;108;1;51;1;7;51;1;0;0;0;1;50;39;11;
070500078;200;134;1;193;0;65;0;0;65;2;1;1;0;4;61;52;9;
070500079;398;200;6;433;1;192;1;6;192;2;2;0;0;4;188;147;41;
070500080;501;369;1;516;3;131;3;5;131;0;1;0;0;1;130;102;28;
070500081;650;410;2;687;3;238;3;1;238;3;1;0;0;4;234;191;43;
070500082;600;398;1;618;5;201;5;0;201;0;1;0;0;1;200;156;44;
070500083;600;376;1;646;2;223;2;6;223;1;1;0;0;2;221;172;49;
070500084;450;277;1;488;0;172;0;3;172;0;2;3;0;5;167;107;60;
070500085;500;345;1;536;1;154;1;8;154;1;4;0;0;5;149;119;30;
070500086;550;371;1;551;3;178;3;3;178;3;0;0;0;3;175;131;44;
070500087;750;487;1;762;7;262;7;0;262;2;7;0;0;9;253;188;65;
070500088;450;250;1;461;0;199;0;8;199;2;2;0;0;4;195;158;37;
070500089;400;252;1;402;0;147;0;0;147;5;3;0;0;8;139;103;36;
070500090;502;354;1;503;0;147;0;7;147;1;3;3;1;8;139;85;54;
070500091;400;277;1;409;0;122;0;2;122;4;1;0;0;5;117;83;34;
070500092;550;354;1;586;0;195;0;4;195;1;3;0;0;4;191;130;61;
070500093;300;221;1;340;0;78;0;5;78;0;0;0;0;0;78;58;20;
070500094;550;424;1;544;0;125;0;0;125;1;0;0;0;1;124;86;38;
070500095;700;452;1;716;0;247;0;8;247;0;0;5;0;5;242;197;45;
070500096;600;386;1;629;0;213;0;0;213;3;1;0;0;4;209;164;45;
070500097;300;196;1;328;2;103;2;0;103;0;1;0;0;1;102;74;28;
070500098;500;332;1;494;0;167;0;2;167;3;1;0;0;4;163;132;31;
070500099;400;280;1;398;0;119;0;5;119;1;1;1;0;3;116;96;20;
070500100;400;237;1;439;0;162;0;6;162;1;0;0;0;1;161;123;38;
070500101;400;257;1;439;0;142;0;2;142;2;1;0;0;3;139;105;34;
070500102;600;428;1;635;1;171;1;7;171;1;0;1;0;2;169;135;34;
070500103;900;584;1;909;0;315;0;7;315;5;5;5;0;15;300;221;79;
070500104;550;381;1;569;0;168;0;0;168;1;2;0;0;3;165;122;43;
070500105;550;364;4;553;0;182;0;6;182;1;0;1;0;2;180;149;31;
070500106;200;101;1;214;0;98;0;9;98;1;0;0;0;1;97;81;16;
070500107;90;43;1;84;0;46;0;7;46;0;0;0;0;0;46;40;6;
070500108;250;140;1;288;0;109;0;5;109;4;0;0;0;4;105;81;24;
070500109;400;239;1;431;2;160;2;1;160;1;0;0;0;1;159;126;33;
070500110;200;116;2;208;1;82;1;7;82;1;0;0;0;1;81;51;30;
070500111;500;307;1;538;0;192;0;7;192;2;1;0;0;3;189;154;35;
070500112;300;156;1;336;0;143;0;2;143;1;1;1;0;3;140;105;35;
070500113;200;100;2;171;0;98;0;0;98;0;0;0;0;0;98;85;13;
070500114;180;87;1;173;0;92;0;8;92;4;0;0;0;4;88;68;20;
070500115;70;46;0;60;0;24;0;5;24;0;0;0;0;0;24;23;1;
070500116;180;92;2;169;0;86;0;5;86;0;1;0;0;1;85;80;5;
070500117;120;72;1;108;2;47;2;8;47;0;0;0;0;0;47;38;9;
070500118;130;89;0;144;3;41;3;9;41;0;0;0;0;0;41;36;5;
070500119;250;132;2;258;11;116;11;7;116;3;0;0;0;3;113;93;20;
070500120;100;56;1;88;0;43;0;7;43;0;0;0;0;0;43;33;10;
070500121;40;25;1;33;1;14;1;6;14;0;1;0;0;1;13;10;3;
070500122;60;34;1;54;1;25;1;8;25;0;0;0;0;0;25;20;5;
070500123;70;49;1;59;1;20;1;0;20;0;0;0;0;0;20;13;7;
070500124;100;44;1;103;1;55;1;7;55;0;0;0;0;0;55;42;13;
070500125;75;29;1;69;1;45;1;5;45;0;0;0;0;0;45;38;7;
070500126;40;17;1;32;2;22;2;0;22;0;1;0;0;1;21;16;5;
070500127;90;45;1;82;1;44;1;6;44;0;0;0;0;0;44;33;11;
070500128;350;186;1;354;0;163;0;8;163;0;1;0;0;1;162;133;29;
070500129;100;51;1;89;0;48;0;0;48;0;0;0;0;0;48;39;9;
070500130;250;113;3;257;0;134;0;6;134;1;0;0;0;1;133;105;28;
070500131;179;112;1;169;0;66;0;0;66;3;0;0;0;3;63;49;14;
070500132;160;82;1;154;1;77;1;6;77;1;0;1;0;2;75;64;11;
070500133;280;158;1;277;0;121;0;6;121;0;0;1;0;1;120;95;25;
070500134;100;49;1;95;0;50;0;5;50;1;1;2;0;4;46;39;7;
070500135;130;65;1;118;2;64;2;6;64;0;0;0;0;0;64;41;23;
070500136;120;59;1;113;8;60;8;0;60;0;0;0;2;2;58;50;8;
070500137;330;177;1;339;4;152;4;0;152;1;4;0;1;6;146;92;54;
070500138;120;43;1;115;0;76;0;0;76;4;0;0;0;4;72;56;16;
070500139;400;198;1;396;0;201;0;7;201;1;1;0;0;2;199;159;40;
070500140;300;192;2;286;2;106;2;0;106;1;1;0;0;2;104;72;32;
070500141;90;50;1;79;0;39;0;8;39;0;1;0;0;1;38;30;8;
070500142;150;94;1;137;0;55;0;7;55;1;1;0;0;2;53;47;6;
070500143;350;217;1;395;1;132;1;8;132;0;0;0;0;0;132;102;30;
070500144;700;512;1;722;0;187;0;0;187;0;0;0;0;0;187;135;52;
070500145;400;267;1;426;9;132;9;0;132;0;3;0;0;3;129;104;25;
071200001;400;203;1;456;0;196;0;0;196;1;0;3;0;4;192;133;59;
071200002;600;333;1;618;0;266;0;2;266;1;0;0;0;1;265;190;75;
071200003;500;248;1;603;0;251;0;6;251;0;2;0;0;2;249;173;76;
071200004;500;249;1;577;1;250;1;1;250;0;1;0;0;1;249;167;82;
071200005;450;212;1;502;0;237;0;7;237;2;2;0;0;4;233;162;71;
071200006;400;237;1;469;0;162;0;0;162;1;2;0;0;3;159;97;62;
071200007;400;240;1;426;0;159;0;0;159;0;3;0;0;3;156;106;50;
071200008;500;158;1;599;0;341;0;3;341;0;0;0;1;1;340;332;8;
071200009;500;260;1;593;1;239;1;6;239;1;3;0;0;4;235;152;83;
071200010;550;299;1;612;0;250;0;2;250;0;1;0;0;1;249;180;69;
071200011;700;396;1;775;0;303;0;0;303;0;3;2;1;6;297;223;74;
071200012;400;162;2;493;0;236;0;0;236;1;3;0;0;4;232;180;52;
071200014;50;19;1;43;0;30;0;6;30;1;0;0;0;1;29;23;6;
071200015;40;27;1;37;1;12;1;7;12;0;0;0;0;0;12;7;5;
071200016;35;11;1;36;0;23;0;8;23;0;0;0;0;0;23;17;6;
071200017;25;6;1;28;0;18;0;8;18;0;1;0;0;1;17;13;4;
071200018;400;187;1;434;2;212;2;4;212;3;0;0;0;3;209;141;68;
071200019;200;73;1;238;0;126;0;2;126;0;2;0;0;2;124;75;49;
071200020;90;28;1;86;1;61;1;5;61;0;0;0;0;0;61;58;3;
071200021;120;27;2;130;5;91;5;0;91;1;0;0;0;1;90;80;10;
071200022;45;11;1;51;1;33;1;8;33;0;0;0;0;0;33;27;6;
071200023;350;152;1;351;0;197;0;6;197;4;0;2;0;6;191;154;37;
071200024;35;19;1;46;0;15;0;6;15;0;2;1;0;3;12;11;1;
071200025;50;15;1;43;1;34;1;8;34;0;0;0;0;0;34;25;9;
071200026;80;27;1;90;2;52;2;8;52;0;1;0;0;1;51;45;6;
071200027;200;105;1;204;2;94;2;4;94;4;0;0;0;4;90;73;17;
071200028;40;16;1;39;0;23;0;8;23;0;0;0;0;0;23;18;5;
071200029;50;23;1;47;2;26;2;8;26;0;0;0;0;0;26;24;2;
071200030;50;16;1;41;4;33;4;8;33;0;0;1;0;1;32;29;3;
071200031;400;231;1;437;0;168;0;2;168;2;2;1;0;5;163;119;44;
072900001;550;101;1;785;0;448;0;6;448;6;0;2;0;8;440;402;38;
072900002;350;147;2;508;0;201;0;0;201;0;0;0;0;0;201;129;72;
072900003;400;153;3;540;0;244;0;0;244;1;0;3;0;4;240;175;65;
072900004;400;133;1;586;1;266;1;0;266;2;2;0;0;4;262;171;91;
072900005;500;177;1;691;0;322;0;0;322;1;1;0;0;2;320;241;79;
072900006;250;134;1;351;0;115;0;1;115;0;1;0;0;1;114;93;21;
072900007;250;35;2;312;0;213;0;0;213;0;0;1;0;1;212;209;3;
072900008;500;80;1;743;0;419;0;0;419;0;1;0;0;1;418;415;3;
072900009;450;186;1;649;0;263;0;6;263;4;5;2;0;11;252;156;96;
072900010;600;249;1;819;0;350;0;0;350;0;10;0;0;10;340;196;144;
072900011;450;233;1;595;0;216;0;0;216;2;0;0;0;2;214;144;70;
072900012;400;191;1;541;0;208;0;2;208;2;0;5;0;7;201;126;75;
072900013;400;170;1;547;0;229;0;0;229;1;3;0;0;4;225;149;76;
072900014;450;199;3;622;0;248;0;5;248;1;1;1;2;5;243;146;97;
072900015;500;231;0;682;3;269;3;3;269;1;4;0;0;5;264;158;106;
072900016;400;146;2;578;0;252;0;3;252;1;0;0;0;1;251;159;92;
072900017;400;217;1;568;0;182;0;0;182;0;2;0;0;2;180;117;63;
072900018;550;256;1;784;0;293;0;3;293;1;2;0;0;3;290;175;115;
072900019;300;112;1;420;0;187;0;6;187;0;2;0;0;2;185;129;56;
072900020;450;203;1;631;0;246;0;0;246;0;3;0;0;3;243;175;68;
072900021;250;141;1;353;0;108;0;1;108;0;0;0;0;0;108;60;48;
072900022;600;326;1;819;0;273;0;0;273;2;0;0;0;2;271;167;104;
072900023;300;109;1;420;0;190;0;0;190;1;1;0;1;3;187;107;80;
072900024;500;244;1;701;0;255;0;0;255;0;2;5;0;7;248;168;80;
072900025;550;264;1;754;0;285;0;1;285;3;8;0;0;11;274;175;99;
072900026;600;326;1;935;0;273;0;0;273;1;2;0;0;3;270;148;122;
072900027;500;227;1;682;0;272;0;0;272;2;1;0;0;3;269;166;103;
072900028;400;186;1;552;0;213;0;0;213;5;0;0;0;5;208;118;90;
072900029;500;253;1;698;0;246;0;0;246;1;1;5;0;7;239;150;89;
072900030;550;275;1;784;0;274;0;1;274;1;3;0;0;4;270;169;101;
072900031;350;162;1;512;0;187;0;0;187;2;2;0;0;4;183;102;81;
072900032;400;141;1;595;1;258;1;0;258;3;1;4;0;8;250;149;101;
072900033;400;167;2;597;0;231;0;4;231;2;2;0;0;4;227;157;70;
072900034;500;243;1;684;0;256;0;4;256;1;1;0;0;2;254;178;76;
072900035;50;26;1;36;0;23;0;0;23;0;0;0;0;0;23;17;6;
072900036;250;35;2;347;1;213;1;1;213;4;0;0;0;4;209;153;56;
072900037;350;217;2;474;0;131;0;3;131;4;2;5;0;11;120;89;31;
072900038;250;96;1;298;2;153;2;1;153;0;2;0;0;2;151;131;20;
072900039;250;74;0;335;0;176;0;4;176;2;0;4;0;6;170;108;62;
072900040;70;33;0;68;0;37;0;3;37;1;0;0;0;1;36;30;6;
072900041;200;62;1;251;2;137;2;3;137;1;0;0;0;1;136;107;29;
072900042;90;52;1;88;0;37;0;4;37;0;0;0;0;0;37;22;15;
072900043;400;154;1;553;6;245;6;5;245;1;1;2;0;4;241;161;80;
072900044;300;40;1;399;3;259;3;2;259;1;3;2;0;6;253;227;26;
072900045;400;69;1;512;0;330;0;1;330;0;0;0;0;0;330;295;35;
072900046;150;17;2;196;0;131;0;7;131;0;0;0;0;0;131;107;24;
072900047;300;71;2;419;4;227;4;5;227;0;1;5;0;6;221;186;35;
072900048;450;206;2;242;0;242;0;5;242;1;1;6;0;8;234;172;62;
072900049;350;174;1;345;1;175;1;5;175;4;2;0;0;6;169;135;34;
072900050;250;168;1;332;1;81;1;3;81;0;0;0;0;0;81;72;9;
072900051;30;16;1;26;0;13;0;6;13;1;0;0;0;1;12;8;4;
072900052;100;31;0;129;0;69;0;4;69;0;2;0;0;2;67;52;15;
072900053;50;21;1;40;0;28;0;0;28;2;0;0;0;2;26;22;4;
072900054;70;46;1;70;0;23;0;0;23;0;0;0;0;0;23;19;4;
072900055;350;96;0;470;1;254;1;0;254;3;4;0;0;7;247;201;46;
072900056;350;111;2;429;2;237;2;2;237;5;2;5;0;12;225;186;39;
072900057;400;90;1;499;2;309;2;3;309;0;0;0;0;0;309;278;31;
072900058;200;80;1;229;2;119;2;2;119;4;0;3;0;7;112;82;30;
072900059;250;99;1;302;5;150;5;0;150;0;0;5;0;5;145;112;33;
072900060;200;55;1;224;0;144;0;3;144;1;0;0;0;1;143;129;14;
072900061;150;45;1;172;1;104;1;4;104;0;0;0;0;0;104;88;16;
072900062;150;41;1;178;4;108;4;4;108;6;1;0;0;7;101;77;24;
072900063;300;76;0;410;0;224;0;2;224;3;0;2;0;5;219;185;34;
072900064;450;94;0;631;0;356;0;4;356;16;0;0;0;16;340;312;28;
072900065;450;107;0;621;0;343;0;2;343;2;0;0;0;2;341;318;23;
072900066;400;103;0;538;0;297;0;2;297;0;1;2;0;3;294;281;13;
072900067;500;205;1;665;0;294;0;3;294;2;7;0;0;9;285;196;89;
072900068;150;84;1;140;2;65;2;0;65;0;3;0;0;3;62;39;23;
072900069;300;183;1;311;2;116;2;0;116;0;0;0;0;0;116;98;18;
072900070;200;81;1;220;0;118;0;0;118;9;3;1;0;13;105;83;22;
072900071;70;28;1;75;2;41;2;3;41;0;0;0;0;0;41;25;16;
072900072;100;37;1;110;2;62;2;2;62;1;1;0;0;2;60;47;13;
072900073;150;33;1;165;2;116;2;3;116;0;0;0;0;0;116;97;19;
072900074;350;237;1;448;0;112;0;2;112;1;0;4;0;5;107;84;23;
073500001;700;426;2;678;1;272;1;6;272;1;1;0;0;2;270;167;103;
073500002;800;531;0;758;0;269;0;0;269;1;0;0;0;1;268;165;103;
073500003;650;411;1;588;0;238;0;3;238;0;0;0;0;0;238;154;84;
073500004;900;555;1;872;0;344;0;0;344;4;0;0;0;4;340;191;149;
073500005;810;497;1;769;1;312;1;6;312;0;12;0;0;12;300;203;97;
073500006;800;541;1;776;1;258;1;6;258;2;2;1;0;5;253;176;77;
073500007;750;464;1;686;0;285;0;4;285;1;7;0;0;8;277;168;109;
073500008;750;520;2;701;0;228;0;1;228;1;4;1;0;6;222;138;84;
073500009;300;190;1;253;0;109;0;4;109;0;1;0;0;1;108;55;53;
073500010;800;532;1;767;1;267;1;3;267;1;2;0;0;3;264;175;89;
073500011;700;482;1;652;0;217;0;7;217;0;2;1;0;3;214;131;83;
073500012;35;18;1;29;1;16;1;5;16;0;0;0;0;0;16;13;3;
073500013;500;294;1;482;0;205;0;6;205;1;1;0;0;2;203;139;64;
073500014;450;266;2;413;2;182;2;3;182;0;1;0;0;1;181;109;72;
073500015;550;359;1;483;2;190;2;0;190;5;1;0;0;6;184;108;76;
073500016;700;454;1;674;0;245;0;1;245;1;1;0;0;2;243;135;108;
073500017;210;140;1;187;0;69;0;5;69;0;1;0;0;1;68;47;21;
073500018;80;39;1;77;0;40;0;5;40;0;1;0;0;1;39;28;11;
073500019;55;13;1;59;0;41;0;6;41;0;0;0;0;0;41;30;11;
073500020;28;12;1;28;0;15;0;5;15;0;0;0;0;0;15;11;4;
073500021;90;40;1;90;1;49;1;4;49;0;0;0;0;0;49;32;17;
073500022;30;19;1;31;1;10;1;6;10;1;0;0;0;1;9;5;4;
073500023;60;27;1;63;0;32;0;6;32;0;1;0;0;1;31;25;6;
073500024;110;57;1;106;0;52;0;5;52;1;0;0;0;1;51;32;19;
073500025;550;373;2;510;2;175;2;4;175;0;4;0;0;4;171;103;68;
073500026;550;369;1;508;0;180;0;7;180;1;1;1;0;3;177;86;91;
073500027;500;329;1;422;0;170;0;3;170;1;0;0;0;1;169;98;71;
080300001;900;556;0;844;9;344;9;0;344;6;2;5;1;14;330;247;83;
080300002;750;423;2;716;2;325;2;6;325;0;0;0;0;0;325;234;91;
080300003;1000;533;0;941;0;467;0;0;467;6;5;0;0;11;456;452;4;
080300004;670;389;1;629;0;280;0;0;280;0;0;0;0;0;280;217;63;
080300005;650;412;2;623;0;236;0;0;236;1;1;0;0;2;234;181;53;
080300006;900;541;1;836;1;358;1;0;358;2;3;2;0;7;351;224;127;
080300007;1000;548;3;922;0;449;0;0;449;3;6;10;0;19;430;375;55;
080300008;720;399;0;678;0;321;0;0;321;1;2;8;0;11;310;179;131;
080300009;757;465;0;716;0;292;0;0;292;2;10;0;0;12;280;193;87;
080300010;850;535;2;776;0;313;0;0;313;6;1;0;0;7;306;220;86;
080300011;670;366;1;691;2;303;2;1;303;1;2;0;0;3;300;176;124;
080300012;820;535;0;765;0;285;0;0;285;1;6;1;0;8;277;181;96;
080300013;980;644;1;894;0;335;0;1;335;3;0;0;0;3;332;226;106;
080300014;610;376;0;566;0;234;0;1;234;2;4;1;0;7;227;132;95;
080300015;40;23;0;33;1;17;1;0;17;0;0;0;0;0;17;14;3;
080300016;270;156;0;255;1;114;1;3;114;2;0;4;0;6;108;101;7;
080300017;95;53;2;88;0;40;0;1;40;1;1;0;0;2;38;38;0;
080300018;540;280;1;510;0;259;0;0;259;1;2;1;0;4;255;192;63;
080300019;340;172;1;322;0;167;0;2;167;0;0;0;0;0;167;153;14;
080300020;170;79;1;165;0;90;0;3;90;0;2;2;0;4;86;75;11;
080300021;320;187;1;308;0;132;0;0;132;1;0;0;0;1;131;84;47;
080300022;650;387;1;615;2;262;2;0;262;4;2;0;0;6;256;129;127;
080300023;110;47;0;103;0;63;0;0;63;0;0;0;0;0;63;61;2;
080300024;350;130;0;328;0;220;0;1;220;0;0;0;0;0;220;215;5;
080300025;160;87;0;150;0;73;0;0;73;0;1;3;0;4;69;52;17;
080300026;900;577;1;837;1;322;1;1;322;1;2;0;0;3;319;210;109;
080300027;1000;601;3;982;0;396;0;1;396;5;1;23;0;29;367;316;51;
080300028;160;88;1;158;0;71;0;4;71;2;0;0;0;2;69;48;21;
080300029;180;90;0;176;0;90;0;1;90;9;0;0;1;10;80;69;11;
080300030;580;283;1;556;0;296;0;2;296;0;0;0;2;2;294;239;55;
080300031;70;15;0;66;0;55;0;0;55;3;1;0;0;4;51;39;12;
080300032;900;482;2;830;2;416;2;0;416;1;0;12;0;13;403;359;44;
080300033;320;199;0;298;0;121;0;4;121;0;1;0;0;1;120;108;12;
080300034;120;33;0;114;0;87;0;0;87;0;2;1;0;3;84;82;2;
080300035;85;40;1;82;0;44;0;3;44;0;0;0;0;0;44;39;5;
080300036;300;143;0;280;0;157;0;0;157;0;2;5;0;7;150;103;47;
081200001;761;417;1;764;1;343;1;0;343;0;1;0;0;1;342;210;132;
081200002;560;331;1;565;0;228;0;0;228;5;3;0;0;8;220;151;69;
081200003;397;226;1;399;0;170;0;0;170;1;1;1;0;3;167;127;40;
081200004;765;453;1;765;0;311;0;0;311;5;0;3;0;8;303;214;89;
081200005;761;423;1;762;1;337;1;2;337;6;3;0;0;9;328;227;101;
081200006;1014;587;0;1016;1;427;1;0;427;2;3;0;0;5;422;316;106;
081200007;710;458;2;715;1;250;1;2;250;0;2;7;0;9;241;154;87;
081200008;773;423;0;773;10;350;10;0;350;20;0;0;0;20;330;258;72;
081200009;579;329;0;582;1;250;1;3;250;4;0;0;0;4;246;168;78;
081200010;383;217;1;383;1;165;1;0;165;2;1;0;0;3;162;108;54;
081200011;48;11;0;48;2;37;2;2;37;0;0;1;0;1;36;24;12;
081200012;102;36;0;102;0;66;0;0;66;0;0;0;0;0;66;58;8;
081200013;91;39;0;94;0;52;0;3;52;0;0;0;0;0;52;44;8;
081200014;300;146;0;302;1;154;1;0;154;1;1;0;0;2;152;129;23;
081200015;46;13;0;50;0;33;0;4;33;0;0;0;0;0;33;29;4;
081200016;39;9;0;38;0;30;0;2;30;0;0;0;0;0;30;25;5;
081200017;75;20;0;76;1;55;1;0;55;0;0;0;0;0;55;52;3;
081200018;67;15;0;69;0;52;0;0;52;1;0;0;1;2;50;39;11;
081200019;182;81;0;182;0;101;0;0;101;1;0;1;0;2;99;80;19;
081200020;218;68;0;218;6;150;6;0;150;2;0;0;0;2;148;131;17;
081200021;97;19;1;97;3;77;3;0;77;1;1;0;0;2;75;70;5;
081200022;130;64;0;130;0;66;0;0;66;0;2;0;0;2;64;57;7;
081200023;77;33;0;78;0;44;0;1;44;0;0;0;0;0;44;36;8;
081200024;128;38;3;128;0;87;0;0;87;0;3;0;0;3;84;73;11;
081200025;394;241;1;152;0;152;0;2;152;0;1;0;0;1;151;150;1;
081200026;84;30;0;91;2;54;2;5;54;0;1;0;0;1;53;46;7;
081200027;355;198;0;354;0;157;0;0;157;0;1;2;0;3;154;112;42;
081200028;493;255;0;498;1;238;1;2;238;2;0;4;1;7;231;161;70;
081200029;208;123;1;208;0;84;0;0;84;1;0;0;0;1;83;50;33;
081200030;62;15;1;69;2;46;2;7;46;0;0;0;0;0;46;42;4;
081200031;20;1;0;13;6;19;6;0;19;0;0;0;0;0;19;18;1;
081200032;332;179;0;335;0;153;0;4;153;1;0;0;0;1;152;118;34;
081200033;267;149;0;268;6;118;6;0;118;2;1;0;0;3;115;102;13;
081200034;22;2;0;27;2;20;2;0;20;0;0;0;0;0;20;17;3;
081200035;490;278;1;493;0;211;0;2;211;3;2;1;0;6;205;163;42;
081200036;214;85;0;214;0;129;0;5;129;2;0;0;0;2;127;118;9;
081200037;219;93;0;222;0;126;0;3;126;3;1;4;0;8;118;83;35;
081200038;115;32;0;122;0;83;0;7;83;3;0;0;0;3;80;67;13;
081200039;86;21;0;92;0;65;0;0;65;0;0;0;0;0;65;59;6;
081200040;331;152;0;330;0;179;0;0;179;2;5;0;0;7;172;152;20;
081200041;316;66;0;320;0;250;0;0;250;0;7;0;0;7;243;236;7;
081200042;444;202;0;449;1;242;1;0;242;4;3;0;1;8;234;213;21;
081200043;218;105;0;218;3;113;3;0;113;0;0;0;0;0;113;100;13;
081200044;133;69;0;135;2;64;2;0;64;1;0;0;0;1;63;60;3;
081200045;125;60;0;123;1;65;1;1;65;1;0;0;0;1;64;56;8;
081200046;429;252;0;431;1;177;1;0;177;0;0;0;0;0;177;164;13;
081200047;85;49;0;85;2;36;2;0;36;0;0;0;0;0;36;31;5;
081200048;157;45;0;156;0;112;0;1;112;3;0;0;0;3;109;98;11;
081200049;193;102;1;195;4;90;4;2;90;1;0;0;0;1;89;86;3;
081200050;419;180;0;420;0;239;0;2;239;2;0;0;0;2;237;200;37;
081200051;385;198;0;387;0;187;0;1;187;0;0;0;1;1;186;158;28;
081200052;73;37;0;75;2;36;2;2;36;0;0;0;0;0;36;30;6;
081200053;85;25;0;85;0;60;0;0;60;0;0;0;0;0;60;54;6;
081200054;26;3;0;29;0;23;0;3;23;0;0;0;0;0;23;22;1;
081200055;245;107;0;245;0;138;0;1;138;0;3;3;0;6;132;110;22;
081500001;99;32;0;96;1;67;1;0;67;0;1;0;0;1;66;60;6;
081500002;240;39;0;223;2;201;2;2;201;0;0;0;0;0;201;201;0;
081500003;540;317;1;526;0;222;0;1;222;1;0;0;0;1;221;182;39;
081500004;100;20;0;98;3;80;3;3;80;0;1;0;0;1;79;69;10;
081500005;510;187;0;493;0;323;0;1;323;0;0;0;0;0;323;320;3;
081500006;530;275;1;518;4;254;4;0;254;0;0;0;0;0;254;248;6;
081500007;130;42;0;121;5;88;5;5;88;1;1;0;0;2;86;78;8;
081500008;850;502;3;837;7;345;7;0;345;0;0;0;0;0;345;331;14;
081500010;320;170;2;293;0;148;0;0;148;0;0;1;0;1;147;115;32;
081500011;570;330;0;548;0;240;0;0;240;1;0;14;1;16;224;170;54;
081500013;320;142;2;297;1;176;1;2;176;1;3;11;0;15;161;128;33;
081500014;300;130;0;271;0;170;0;0;170;0;0;0;0;0;170;168;2;
081500015;80;10;0;80;8;70;8;0;70;0;0;0;0;0;70;59;11;
081500016;80;32;0;76;0;48;0;0;48;0;0;0;0;0;48;34;14;
081500017;90;34;0;90;0;56;0;5;56;0;0;0;0;0;56;48;8;
081500018;80;44;0;68;1;36;1;1;36;0;0;0;0;0;36;31;5;
081500020;730;339;0;711;0;391;0;0;391;2;7;0;0;9;382;307;75;
081500021;180;85;0;175;0;95;0;5;95;0;0;0;0;0;95;78;17;
081500022;100;28;0;95;2;72;2;2;72;0;0;0;0;0;72;67;5;
081500023;230;106;0;220;0;124;0;5;124;0;0;0;0;0;124;106;18;
081500024;800;495;1;766;2;304;2;0;304;2;1;0;0;3;301;188;113;
081500025;150;67;2;148;0;81;0;6;81;1;4;1;0;6;75;62;13;
081500027;230;94;2;216;0;134;0;2;134;0;0;0;0;0;134;134;0;
081500028;430;119;2;409;2;309;2;0;309;2;5;0;0;7;302;284;18;
081500029;120;39;0;110;4;81;4;4;81;0;0;0;0;0;81;72;9;
081500030;160;70;0;145;3;90;3;2;90;1;0;0;0;1;89;77;12;
081500031;950;521;0;924;0;429;0;0;429;1;2;0;0;3;426;286;140;
081500033;360;147;0;351;4;213;4;0;213;1;0;0;2;3;210;190;20;
081500034;220;88;0;212;2;132;2;5;132;1;0;0;0;1;131;113;18;
081500035;60;18;1;55;2;41;2;3;41;0;0;0;0;0;41;37;4;
081500036;710;299;0;694;0;411;0;3;411;9;0;0;0;9;402;372;30;
081500037;280;122;0;271;0;158;0;0;158;0;2;0;0;2;156;147;9;
081500038;290;127;0;280;2;163;2;0;163;0;0;0;0;0;163;127;36;
081500039;90;24;1;83;0;65;0;0;65;0;2;2;0;4;61;46;15;
081500040;110;53;1;107;6;56;6;0;56;2;0;0;0;2;54;36;18;
081500041;220;114;0;216;1;106;1;0;106;1;0;3;0;4;102;87;15;
081500042;170;75;1;160;0;94;0;5;94;0;0;0;0;0;94;87;7;
081500043;550;286;1;526;0;263;0;2;263;2;0;4;0;6;257;231;26;
081500044;250;82;0;229;2;168;2;5;168;1;0;7;0;8;160;139;21;
081500045;500;330;0;470;3;170;3;0;170;0;0;0;0;0;170;155;15;
081500046;80;46;1;72;1;33;1;0;33;0;0;0;0;0;33;24;9;
081500047;100;33;0;96;0;67;0;0;67;0;2;0;0;2;65;47;18;
081500048;620;339;4;596;1;277;1;6;277;0;2;3;0;5;272;218;54;
081500049;400;172;0;390;0;228;0;5;228;0;1;3;0;4;224;197;27;
081500050;320;106;0;309;0;214;0;0;214;0;1;7;0;8;206;194;12;
081500051;160;55;1;144;0;104;0;5;104;1;0;2;0;3;101;78;23;
081500052;100;20;0;95;4;80;4;4;80;0;0;0;0;0;80;78;2;
081500053;146;66;0;137;0;80;0;0;80;2;1;0;0;3;77;60;17;
081500054;100;39;0;85;1;61;1;1;61;2;0;0;0;2;59;46;13;
081500055;180;44;1;173;0;135;0;0;135;0;3;0;0;3;132;126;6;
081500056;100;23;0;86;0;77;0;0;77;0;0;0;0;0;77;75;2;
081500057;290;164;1;271;0;125;0;4;125;0;2;6;0;8;117;109;8;
081500058;230;88;0;208;0;142;0;0;142;0;0;0;0;0;142;122;20;
081500059;170;84;0;159;0;86;0;0;86;0;1;0;0;1;85;69;16;
081500060;190;92;0;174;0;98;0;0;98;4;1;0;0;5;93;88;5;
081500061;420;167;0;399;3;253;3;0;253;0;0;0;0;0;253;215;38;
081500062;110;34;0;101;4;76;4;0;76;2;2;0;0;4;72;64;8;
081500063;800;437;1;767;0;362;0;5;362;2;2;6;0;10;352;306;46;
081500064;290;150;0;274;4;140;4;4;140;1;1;0;0;2;138;111;27;
081500065;670;422;0;660;8;248;8;0;248;4;0;0;0;4;244;212;32;
081500066;450;273;0;442;7;177;7;7;177;2;1;0;0;3;174;132;42;
081500067;40;19;0;35;0;21;0;0;21;0;0;0;0;0;21;21;0;
081500068;180;77;0;162;1;103;1;0;103;2;0;0;0;2;101;95;6;
081500069;620;304;4;593;0;312;0;3;312;4;1;0;0;5;307;306;1;
081500070;180;61;0;170;0;119;0;2;119;0;0;0;0;0;119;108;11;
081500071;310;95;0;290;0;215;0;1;215;0;0;0;0;0;215;202;13;
081500072;500;279;0;472;0;221;0;5;221;2;0;10;0;12;209;191;18;
081700001;690;423;1;683;0;266;0;3;266;3;2;0;0;5;261;180;81;
081700002;770;480;1;763;0;289;0;5;289;0;2;5;0;7;282;188;94;
081700003;700;379;1;694;0;320;0;5;320;2;1;3;0;6;314;273;41;
081700004;720;351;2;722;0;367;0;0;367;2;1;21;0;24;343;338;5;
081700005;740;457;0;727;0;283;0;1;283;0;0;6;0;6;277;192;85;
081700006;700;431;2;674;0;267;0;1;267;1;1;0;0;2;265;173;92;
081700007;750;490;1;740;0;259;0;0;259;0;2;5;0;7;252;133;119;
081700008;780;468;1;775;0;311;0;8;311;6;7;1;0;14;297;211;86;
081700009;550;329;0;535;0;221;0;2;221;2;1;0;0;3;218;157;61;
081700010;800;518;1;802;0;281;0;2;281;7;4;0;0;11;270;155;115;
081700012;350;187;0;341;0;163;0;5;163;0;0;1;0;1;162;144;18;
081700013;60;24;1;55;0;35;0;6;35;0;1;2;0;3;32;26;6;
081700014;150;94;0;108;0;56;0;4;56;0;4;0;0;4;52;40;12;
081700015;610;340;2;607;0;268;0;4;268;0;0;0;0;0;268;148;120;
081700016;650;412;0;635;4;238;4;0;238;3;1;0;0;4;234;133;101;
081700017;220;127;2;207;2;91;2;4;91;1;1;2;0;4;87;72;15;
081700018;250;127;0;225;0;123;0;2;123;1;0;0;0;1;122;103;19;
081700020;100;40;1;89;0;59;0;4;59;1;1;0;0;2;57;46;11;
081700021;40;12;0;35;0;28;0;5;28;0;0;1;0;1;27;22;5;
081700022;100;48;1;82;0;51;0;0;51;0;0;0;0;0;51;40;11;
081700023;100;50;1;95;0;49;0;5;49;0;0;7;0;7;42;24;18;
081700024;70;28;0;64;5;42;5;5;42;0;0;0;0;0;42;28;14;
081700025;250;117;3;243;0;130;0;5;130;1;4;0;0;5;125;117;8;
081700026;120;72;2;120;0;46;0;5;46;0;0;0;0;0;46;36;10;
081700027;120;58;0;115;1;62;1;6;62;1;0;0;0;1;61;54;7;
081700028;400;192;1;380;0;207;0;2;207;1;1;0;0;2;205;191;14;
081700029;150;75;8;145;1;67;1;4;67;1;1;5;0;7;60;59;1;
081700030;40;16;0;28;0;24;0;0;24;0;0;0;0;0;24;21;3;
081700031;120;71;0;106;1;49;1;5;49;0;0;2;0;2;47;32;15;
081700032;100;35;0;95;0;65;0;4;65;0;1;0;0;1;64;58;6;
081700033;770;500;1;758;0;269;0;8;269;6;0;0;0;6;263;194;69;
081700034;650;351;1;648;0;298;0;8;298;1;1;15;0;17;281;273;8;
081700035;650;371;1;643;0;278;0;4;278;1;0;4;0;5;273;213;60;
081700036;720;436;12;706;0;272;0;5;272;3;0;8;0;11;261;178;83;
082000001;815;424;1;741;2;390;2;0;390;2;2;5;0;9;381;244;137;
082000002;459;313;0;419;1;146;1;0;146;1;0;0;0;1;145;113;32;
082000003;192;115;0;178;3;77;3;2;77;1;0;2;0;3;74;73;1;
082000004;240;146;0;226;3;94;3;3;94;2;1;6;0;9;85;79;6;
082000005;104;43;0;96;4;61;4;0;61;1;0;1;0;2;59;49;10;
082000006;600;350;0;548;4;250;4;0;250;1;13;2;0;16;234;225;9;
082000007;354;207;0;323;2;147;2;1;147;2;0;0;0;2;145;121;24;
082000008;200;83;0;158;2;117;2;0;117;3;2;0;0;5;112;102;10;
082000009;646;365;1;595;3;280;3;3;280;1;2;0;0;3;277;256;21;
082000010;150;55;1;150;4;94;4;0;94;1;0;0;0;1;93;88;5;
082000011;350;171;2;333;2;177;2;4;177;0;0;0;0;0;177;176;1;
082000012;330;169;0;304;3;161;3;2;161;2;1;0;0;3;158;136;22;
082000013;130;20;0;195;2;110;2;0;110;0;0;0;0;0;110;105;5;
082000014;127;51;1;120;0;75;0;4;75;0;1;0;0;1;74;64;10;
082000015;170;84;0;168;2;86;2;1;86;0;1;0;0;1;85;85;0;
082000016;52;19;1;49;3;32;3;0;32;0;0;0;0;0;32;30;2;
082000017;120;32;0;116;2;88;2;3;88;0;0;0;0;0;88;88;0;
082700001;890;472;3;879;7;415;7;0;415;2;1;0;0;3;412;301;111;
082700002;840;413;1;836;0;426;0;3;426;3;2;1;0;6;420;306;114;
082700003;690;330;1;686;0;359;0;5;359;2;4;0;0;6;353;260;93;
082700004;1060;551;4;1074;0;505;0;0;505;4;0;0;0;4;501;496;5;
082700005;760;426;1;766;0;333;0;0;333;3;1;0;0;4;329;248;81;
082700006;700;360;2;696;2;338;2;5;338;1;0;7;0;8;330;252;78;
082700007;900;566;0;889;3;334;3;0;334;0;1;0;0;1;333;252;81;
082700008;30;16;0;20;2;14;2;0;14;0;0;0;0;0;14;9;5;
082700009;170;79;0;168;7;91;7;0;91;0;0;0;0;0;91;86;5;
082700010;280;96;0;184;9;184;9;9;184;0;1;0;0;1;183;178;5;
082700011;1000;499;1;498;2;500;2;4;500;3;3;0;0;6;494;460;34;
082700012;540;234;3;545;13;303;13;0;303;1;1;0;0;2;301;299;2;
082700013;140;69;1;144;7;70;7;0;70;0;0;0;0;0;70;66;4;
082700015;170;93;0;170;0;77;0;8;77;1;1;1;0;3;74;68;6;
082700016;340;167;0;336;11;173;11;0;173;1;0;0;0;1;172;169;3;
082700017;50;22;1;51;1;27;1;5;27;0;0;0;0;0;27;23;4;
082700018;910;404;2;903;0;504;0;3;504;3;0;1;0;4;500;455;45;
082700019;670;320;3;673;6;347;6;0;347;1;0;6;0;7;340;337;3;
082700020;640;318;3;641;8;319;8;0;319;3;1;0;0;4;315;309;6;
082700021;500;257;0;481;6;243;6;0;243;3;2;0;0;5;238;228;10;
082700022;210;71;0;193;6;139;6;0;139;1;1;1;0;3;136;123;13;
082700023;570;239;1;575;5;330;5;0;330;2;3;0;0;5;325;299;26;
082700024;290;122;0;282;5;168;5;0;168;0;0;0;0;0;168;153;15;
082700025;40;13;0;42;6;27;6;0;27;0;0;0;0;0;27;25;2;
082700026;530;268;0;535;0;262;0;7;262;1;1;0;0;2;260;208;52;
082700027;50;10;0;40;7;40;7;0;40;0;1;0;0;1;39;34;5;
082700028;940;540;0;932;6;400;6;0;400;4;2;0;0;6;394;381;13;
082700029;660;336;0;662;11;324;11;0;324;0;1;0;0;1;323;304;19;
082700030;210;94;2;213;0;114;0;8;114;0;2;0;0;2;112;110;2;
082700031;570;230;2;578;0;338;0;0;338;0;0;0;0;0;338;332;6;
082700032;200;95;0;183;6;105;6;0;105;0;0;0;0;0;105;101;4;
082700033;390;179;3;384;5;208;5;0;208;6;3;2;0;11;197;181;16;
082800001;650;430;0;662;0;220;0;3;220;0;1;0;0;1;219;147;72;
082800002;660;391;0;667;0;269;0;5;269;1;1;2;0;4;265;178;87;
082800003;600;381;1;606;0;218;0;5;218;1;0;0;0;1;217;137;80;
082800004;610;333;0;613;9;277;9;0;277;0;1;0;0;1;276;183;93;
082800005;730;447;0;734;1;283;1;0;283;0;1;2;0;3;280;206;74;
082800006;670;420;0;671;2;250;2;0;250;10;0;0;0;10;240;183;57;
082800007;830;530;0;844;11;300;11;0;300;0;3;0;0;3;297;191;106;
082800008;650;364;0;653;7;286;7;5;286;1;1;0;0;2;284;209;75;
082800009;710;421;1;721;0;288;0;0;288;1;3;0;0;4;284;185;99;
082800010;660;395;1;671;0;264;0;0;264;3;3;0;0;6;258;180;78;
082800011;630;382;0;642;0;248;0;4;248;0;2;0;1;3;245;182;63;
082800012;580;332;1;582;0;247;0;1;247;1;0;3;0;4;243;167;76;
082800013;640;385;0;652;6;255;6;0;255;0;7;0;0;7;248;175;73;
082800014;780;457;3;792;7;320;7;0;320;3;0;0;0;3;317;214;103;
082800015;720;442;1;723;0;277;0;0;277;0;3;0;0;3;274;192;82;
082800016;710;404;0;723;0;306;0;0;306;5;0;0;0;5;301;221;80;
082800017;660;414;0;667;4;246;4;0;246;1;1;1;0;3;243;165;78;
082800018;810;483;1;824;0;326;0;7;326;0;4;1;0;5;321;213;108;
082800019;650;381;0;654;0;269;0;0;269;3;3;0;0;6;263;187;76;
082800020;640;384;0;648;5;256;5;4;256;2;1;0;0;3;253;190;63;
082800021;650;379;0;664;11;271;11;8;271;3;3;5;0;11;260;182;78;
082800022;530;324;0;537;0;206;0;4;206;1;2;0;0;3;203;146;57;
082800023;410;220;1;417;0;189;0;0;189;2;2;3;0;7;182;152;30;
082800024;671;408;1;671;0;262;0;0;262;0;5;2;0;7;255;173;82;
082800025;640;345;0;648;1;295;1;0;295;0;2;0;0;2;293;220;73;
082800026;710;366;0;718;8;344;8;0;344;2;2;0;0;4;340;254;86;
082800027;710;439;0;721;7;271;7;0;271;0;2;11;0;13;258;174;84;
082800028;580;346;1;585;0;233;0;0;233;0;11;1;2;14;219;155;64;
082800029;700;397;1;704;0;302;0;5;302;4;3;3;0;10;292;226;66;
082800030;670;389;0;678;2;281;2;0;281;4;1;0;0;5;276;186;90;
082800031;410;276;0;422;0;134;0;8;134;0;0;0;0;0;134;87;47;
082800032;470;298;0;481;0;172;0;0;172;5;0;2;0;7;165;98;67;
082800033;580;349;0;585;0;231;0;7;231;0;3;0;0;3;228;162;66;
082800034;660;360;1;664;0;299;0;0;299;1;1;9;0;11;288;186;102;
082800035;670;407;1;677;2;262;2;4;262;0;5;1;0;6;256;169;87;
082800036;620;347;1;631;2;272;2;4;272;2;1;0;0;3;269;168;101;
082800037;630;392;0;633;0;238;0;0;238;0;1;5;0;6;232;153;79;
082800038;600;353;1;608;4;246;4;4;246;2;1;9;0;12;234;143;91;
082800039;722;405;0;734;2;317;2;5;317;4;5;0;0;9;308;200;108;
082800040;640;397;0;651;0;243;0;0;243;3;1;1;0;5;238;187;51;
082800041;530;351;1;539;0;178;0;0;178;0;0;0;0;0;178;134;44;
082800042;720;454;0;726;0;266;0;4;266;1;8;0;0;9;257;155;102;
082800043;770;390;0;784;0;380;0;0;380;6;0;0;0;6;374;274;100;
082800044;640;371;0;644;1;269;1;0;269;3;1;1;0;5;264;179;85;
082800045;690;396;1;695;1;293;1;1;293;4;1;0;0;5;288;210;78;
082800046;670;381;1;677;0;288;0;0;288;3;3;0;0;6;282;186;96;
082800047;760;465;0;767;10;295;10;0;295;0;2;0;0;2;293;197;96;
082800048;650;340;1;655;5;309;5;0;309;4;2;1;0;7;302;212;90;
082800049;760;464;1;761;8;295;8;3;295;8;2;0;1;11;284;209;75;
082800050;630;383;1;641;0;246;0;0;246;4;0;12;0;16;230;191;39;
082800051;570;355;2;576;7;213;7;7;213;6;0;0;0;6;207;175;32;
082800052;810;459;0;820;0;351;0;0;351;1;7;4;0;12;339;244;95;
082800053;690;388;1;694;5;301;5;0;301;1;6;0;0;7;294;206;88;
082800054;650;381;0;655;0;269;0;0;269;1;0;0;0;1;268;187;81;
082800055;550;337;2;560;7;211;7;7;211;0;1;3;0;4;207;155;52;
082800056;462;291;1;474;0;170;0;6;170;0;1;4;0;5;165;128;37;
082800057;650;436;0;661;0;214;0;4;214;0;2;0;1;3;211;144;67;
082800058;552;324;0;552;0;228;0;0;228;0;0;7;0;7;221;151;70;
082800059;670;373;0;679;0;297;0;0;297;4;0;0;0;4;293;211;82;
082800060;340;200;0;347;5;140;5;0;140;0;0;2;0;2;138;104;34;
082800061;660;382;0;674;0;278;0;6;278;0;5;0;0;5;273;196;77;
082800062;780;460;0;793;7;320;7;0;320;2;2;0;0;4;316;211;105;
082800063;740;456;0;754;0;284;0;0;284;0;1;0;0;1;283;209;74;
082800064;590;343;0;597;2;247;2;1;247;2;0;4;0;6;241;184;57;
082800065;810;504;0;817;9;306;9;0;306;1;1;0;0;2;304;233;71;
082800066;690;423;0;700;1;267;1;2;267;4;0;0;0;4;263;206;57;
082800067;810;528;0;819;1;282;1;0;282;1;1;7;0;9;273;195;78;
082800068;670;419;0;675;3;251;3;0;251;2;2;0;0;4;247;177;70;
082800069;710;423;0;716;1;287;1;1;287;5;1;0;0;6;281;216;65;
082800070;750;469;0;767;0;281;0;6;281;3;1;0;1;5;276;199;77;
082800071;700;402;0;708;1;298;1;3;298;2;0;0;0;2;296;193;103;
082800072;750;455;0;754;1;295;1;0;295;1;0;0;0;1;294;211;83;
082800073;700;410;0;705;0;290;0;0;290;0;5;0;0;5;285;203;82;
082800074;720;454;0;727;7;266;7;6;266;2;1;1;0;4;262;198;64;
082800075;720;443;0;732;4;277;4;0;277;3;0;10;0;13;264;191;73;
082800076;600;376;0;608;5;224;5;5;224;1;2;0;0;3;221;148;73;
082800077;590;349;0;600;5;241;5;0;241;0;1;0;0;1;240;177;63;
082800078;470;282;2;484;9;186;9;8;186;1;1;1;0;3;183;141;42;
082800079;770;492;0;777;6;278;6;0;278;2;2;6;0;10;268;183;85;
082800080;591;424;1;596;0;166;0;0;166;1;0;2;0;3;163;142;21;
082800081;660;402;0;673;2;258;2;7;258;11;0;1;0;12;246;202;44;
082800082;670;421;0;674;0;249;0;3;249;0;0;0;0;0;249;182;67;
082800083;590;383;0;598;0;207;0;2;207;1;2;0;0;3;204;160;44;
082800084;680;442;0;695;0;238;0;8;238;3;1;0;0;4;234;200;34;
082800085;650;375;0;661;0;275;0;6;275;6;1;11;0;18;257;199;58;
082800086;690;400;0;705;0;290;0;0;290;2;1;11;0;14;276;253;23;
082800087;610;325;0;609;0;285;0;7;285;6;2;3;0;11;274;267;7;
082800088;671;453;0;681;0;218;0;0;218;1;0;0;0;1;217;142;75;
082800089;610;423;1;618;0;186;0;0;186;1;2;0;0;3;183;120;63;
082800090;660;412;0;663;0;248;0;3;248;0;1;0;0;1;247;190;57;
082800091;630;391;0;641;0;239;0;0;239;0;0;0;0;0;239;155;84;
082800092;520;322;0;537;0;198;0;0;198;0;2;0;0;2;196;137;59;
082800093;570;330;0;570;1;240;1;4;240;0;5;0;0;5;235;169;66;
082800094;771;457;0;778;0;314;0;0;314;1;7;0;0;8;306;211;95;
082800095;610;387;0;615;0;223;0;3;223;0;2;3;0;5;218;149;69;
082800096;710;444;0;711;6;266;6;0;266;2;0;0;0;2;264;158;106;
082800097;680;442;0;691;0;238;0;0;238;0;0;0;0;0;238;150;88;
082800098;700;450;0;713;0;250;0;0;250;0;0;0;0;0;250;159;91;
082800099;740;483;0;752;0;257;0;6;257;0;0;3;0;3;254;161;93;
082800100;770;471;0;776;1;299;1;5;299;1;2;3;0;6;293;208;85;
082800101;700;406;0;707;4;294;4;0;294;2;0;0;0;2;292;213;79;
082800102;730;442;0;741;0;288;0;0;288;0;0;0;0;0;288;211;77;
082800103;740;468;2;749;0;270;0;2;270;0;1;0;0;1;269;187;82;
082800104;240;143;0;253;0;97;0;7;97;2;0;0;0;2;95;73;22;
082800105;240;134;0;248;0;106;0;0;106;0;1;0;0;1;105;79;26;
082800106;230;170;0;235;0;60;0;5;60;2;0;0;0;2;58;35;23;
082800107;80;41;1;91;6;38;6;0;38;0;1;0;0;1;37;31;6;
082800108;130;85;0;145;0;45;0;0;45;3;0;0;0;3;42;32;10;
082800109;660;374;1;285;5;285;5;4;285;2;1;0;0;3;282;196;86;
082800110;540;336;0;553;0;204;0;1;204;2;0;4;0;6;198;117;81;
082800111;79;29;0;93;0;50;0;5;50;0;0;0;0;0;50;39;11;
082800112;631;391;1;640;0;239;0;6;239;2;1;0;0;3;236;179;57;
082800113;570;363;0;584;6;207;6;4;207;1;1;6;0;8;199;134;65;
082800114;380;203;1;387;0;176;0;8;176;0;1;0;0;1;175;127;48;
082800115;470;294;0;486;0;176;0;0;176;0;0;0;0;0;176;122;54;
082800116;460;285;0;475;8;175;8;8;175;0;4;0;0;4;171;108;63;
082800117;610;408;1;625;0;201;0;0;201;2;1;0;0;3;198;135;63;
082800118;540;383;0;543;0;157;0;6;157;0;0;3;1;4;153;110;43;
082800119;370;230;1;385;2;139;2;0;139;0;1;0;0;1;138;86;52;
082800120;590;378;0;605;0;212;0;0;212;3;0;5;0;8;204;140;64;
082800121;560;371;0;570;0;189;0;0;189;1;2;2;0;5;184;138;46;
082800122;540;376;0;552;8;164;8;7;164;0;2;3;0;5;159;109;50;
082800123;680;455;1;695;0;224;0;6;224;1;1;0;0;2;222;133;89;
082800124;590;364;0;607;0;226;0;0;226;0;0;0;0;0;226;156;70;
082800125;760;499;0;761;1;261;1;4;261;1;0;0;0;1;260;184;76;
082800126;480;330;1;486;0;149;0;0;149;0;0;0;0;0;149;96;53;
082800127;691;431;0;694;2;260;2;0;260;7;0;0;0;7;253;168;85;
082800128;571;386;3;570;0;182;0;0;182;0;0;0;0;0;182;132;50;
082800129;710;479;0;719;0;231;0;0;231;1;3;0;0;4;227;158;69;
082800130;670;486;2;681;0;182;0;11;182;1;0;7;0;8;174;123;51;
082800131;490;341;1;491;3;148;3;0;148;4;5;1;0;10;138;105;33;
082800132;420;278;0;436;0;142;0;6;142;1;0;0;0;1;141;107;34;
082800133;630;446;0;184;0;184;0;0;184;0;18;0;0;18;166;161;5;
082800134;530;376;0;550;0;154;0;7;154;1;1;0;0;2;152;148;4;
082800135;630;458;0;636;6;172;6;0;172;0;4;0;0;4;168;162;6;
082800136;590;438;0;143;9;152;9;1;152;1;0;0;0;1;151;148;3;
082800137;170;75;0;167;8;95;8;8;95;2;1;0;0;3;92;76;16;
082900001;800;411;2;912;5;387;5;1;387;5;2;12;0;19;368;304;64;
082900002;800;447;1;786;0;352;0;2;352;3;1;0;0;4;348;241;107;
082900003;600;334;3;633;0;263;0;0;263;0;2;0;0;2;261;196;65;
082900004;1000;656;1;988;2;343;2;0;343;0;2;0;0;2;341;270;71;
082900005;40;19;1;28;1;20;1;0;20;0;0;0;0;0;20;14;6;
082900006;200;89;0;186;0;111;0;0;111;0;0;0;0;0;111;99;12;
082900007;100;51;0;104;0;49;0;5;49;0;0;1;0;1;48;35;13;
082900008;100;46;0;107;4;54;4;0;54;0;0;0;0;0;54;48;6;
082900009;160;62;1;160;0;97;0;2;97;1;0;0;0;1;96;90;6;
082900010;400;192;1;444;0;207;0;4;207;1;0;0;0;1;206;141;65;
082900011;100;18;1;117;0;81;0;0;81;2;0;0;0;2;79;40;39;
082900012;100;47;1;94;0;52;0;2;52;0;0;3;0;3;49;34;15;
082900013;300;166;0;262;0;134;0;0;134;2;1;0;0;3;131;114;17;
082900014;50;13;0;58;6;37;6;0;37;1;0;0;0;1;36;28;8;
082900015;100;51;0;91;0;49;0;5;49;0;0;0;0;0;49;39;10;
082900016;50;12;0;55;7;38;7;0;38;0;0;0;0;0;38;29;9;
082900017;100;61;0;76;0;39;0;1;39;1;0;0;0;1;38;33;5;
090200001;897;546;0;960;0;351;0;3;351;0;1;0;0;1;350;335;15;
090200002;982;670;0;995;0;312;0;0;312;0;1;0;0;1;311;303;8;
090200003;1228;807;1;1231;0;420;0;0;420;7;5;4;1;17;403;393;10;
090200004;958;623;0;958;11;335;11;0;335;0;0;0;0;0;335;330;5;
090200006;109;45;0;109;4;64;4;4;64;1;0;0;0;1;63;63;0;
090200007;239;78;0;243;0;161;0;0;161;0;0;0;0;0;161;161;0;
090200008;410;188;0;416;4;222;4;0;222;0;0;0;0;0;222;222;0;
090200009;336;97;2;343;3;237;3;0;237;0;0;0;0;0;237;237;0;
090200010;305;100;0;311;0;205;0;2;205;0;2;0;0;2;203;203;0;
090200011;845;388;0;845;8;457;8;0;457;0;1;0;0;1;456;447;9;
090200012;154;31;0;161;0;123;0;4;123;1;0;0;0;1;122;122;0;
090200013;487;269;0;492;0;218;0;5;218;0;0;0;0;0;218;218;0;
090200014;237;98;1;242;0;138;0;3;138;0;2;0;0;2;136;136;0;
090200015;263;146;0;268;3;117;3;0;117;0;0;0;0;0;117;116;1;
090200016;461;184;0;467;4;277;4;0;277;0;0;1;0;1;276;276;0;
090200017;262;116;0;271;1;146;1;4;146;0;0;0;0;0;146;146;0;
090200018;189;85;0;196;0;104;0;3;104;0;0;0;0;0;104;104;0;
090200019;126;62;0;129;0;64;0;3;64;1;0;0;0;1;63;62;1;
090200020;197;104;0;200;0;93;0;0;93;0;1;0;0;1;92;81;11;
090200021;986;619;0;986;0;367;0;0;367;0;0;7;0;7;360;332;28;
090200022;121;32;0;122;3;89;3;3;89;0;0;0;0;0;89;89;0;
090200023;132;69;0;135;3;63;3;3;63;2;0;0;0;2;61;61;0;
090200024;32;10;0;34;2;22;2;2;22;0;0;0;0;0;22;22;0;
090200025;221;138;0;228;8;83;8;4;83;0;1;0;0;1;82;82;0;
090200026;43;22;0;43;0;21;0;0;21;0;0;0;0;0;21;21;0;
090200027;45;16;0;45;5;29;5;0;29;0;0;0;0;0;29;27;2;
090200028;499;203;0;514;6;296;6;0;296;0;0;0;0;0;296;294;2;
090200029;940;703;1;940;5;236;5;2;236;0;4;2;0;6;230;194;36;
090200030;301;169;0;303;3;132;3;3;132;2;0;0;0;2;130;128;2;
090200031;125;24;0;128;0;101;0;0;101;0;1;0;0;1;100;100;0;
090200032;257;135;0;122;4;122;4;0;122;0;0;0;0;0;122;122;0;
090200033;118;20;0;121;3;98;3;0;98;0;0;0;0;0;98;97;1;
090200034;151;80;0;151;2;71;2;0;71;0;0;0;0;0;71;71;0;
090200035;100;34;0;102;2;66;2;0;66;0;0;0;0;0;66;63;3;
090200036;114;39;0;114;5;75;5;0;75;4;0;0;0;4;71;66;5;
090200037;184;53;1;186;0;130;0;2;130;0;2;0;0;2;128;128;0;
090200038;76;54;0;83;7;22;7;0;22;0;0;0;0;0;22;22;0;
090200039;131;25;0;138;0;106;0;5;106;0;0;0;0;0;106;106;0;
090200040;110;8;0;104;0;102;0;0;102;0;0;0;0;0;102;102;0;
090200041;227;64;4;230;0;159;0;2;159;0;0;0;0;0;159;159;0;
090200042;321;135;0;334;3;186;3;0;186;0;0;0;0;0;186;186;0;
090200043;109;49;0;112;3;60;3;0;60;0;1;0;0;1;59;57;2;
090200044;145;35;0;146;4;110;4;4;110;0;0;0;0;0;110;110;0;
090800001;930;522;0;1024;2;408;2;0;408;4;0;0;0;4;404;379;25;
090800002;530;225;0;587;2;305;2;0;305;0;0;1;0;1;304;303;1;
090800003;280;154;0;304;0;126;0;1;126;0;0;2;0;2;124;122;2;
090800004;840;399;1;899;3;440;3;3;440;3;1;0;0;4;436;413;23;
090800005;170;36;0;189;0;134;0;1;134;1;0;0;0;1;133;133;0;
090800006;100;39;0;131;0;61;0;0;61;0;0;0;0;0;61;61;0;
090800007;110;63;0;106;8;47;8;0;47;0;0;0;0;0;47;47;0;
090800008;160;60;0;171;0;100;0;0;100;0;0;0;0;0;100;93;7;
090800009;195;69;0;221;0;126;0;4;126;1;0;0;0;1;125;119;6;
090800010;200;68;0;217;1;132;1;0;132;1;0;0;0;1;131;128;3;
090800011;120;31;0;120;3;89;3;0;89;0;1;0;0;1;88;87;1;
090800012;60;33;0;67;4;27;4;0;27;0;0;0;0;0;27;26;1;
090800013;155;75;0;175;0;80;0;5;80;3;0;0;0;3;77;74;3;
090800014;235;115;0;262;0;120;0;0;120;0;0;0;0;0;120;119;1;
090800015;115;31;0;139;0;84;0;0;84;0;0;0;0;0;84;84;0;
090800016;340;39;0;386;6;301;6;0;301;0;0;0;0;0;301;301;0;
090800017;190;109;0;215;1;81;1;2;81;3;0;0;0;3;78;75;3;
090800018;165;71;1;193;1;93;1;2;93;0;0;0;0;0;93;93;0;
090800019;325;60;0;365;2;265;2;2;265;0;0;0;0;0;265;265;0;
090800020;200;109;0;227;0;91;0;5;91;0;0;0;0;0;91;89;2;
090800021;300;128;2;354;2;170;2;0;170;0;0;0;0;0;170;170;0;
090800022;130;73;0;163;0;57;0;3;57;1;0;0;0;1;56;55;1;
090800023;400;148;0;443;0;252;0;4;252;0;1;0;0;1;251;251;0;
090800024;60;25;0;76;2;35;2;2;35;0;0;0;0;0;35;32;3;
090800025;100;33;0;120;0;67;0;3;67;0;0;0;0;0;67;67;0;
090800026;90;41;0;108;1;49;1;0;49;1;1;0;0;2;47;47;0;
090800027;100;34;0;114;0;66;0;0;66;0;0;0;0;0;66;65;1;
090800028;30;4;0;32;0;26;0;1;26;0;0;1;0;1;25;25;0;
090800029;65;21;0;82;1;44;1;2;44;0;0;0;0;0;44;44;0;
090800030;750;521;0;746;3;229;3;1;229;1;0;0;0;1;228;148;80;
090800031;100;58;0;119;9;42;9;0;42;0;0;0;0;0;42;42;0;
090800032;280;94;0;335;0;186;0;2;186;0;1;0;0;1;185;185;0;
090800033;150;64;0;186;1;86;1;0;86;0;0;0;0;0;86;86;0;
090800034;150;38;0;180;0;112;0;5;112;0;0;0;0;0;112;112;0;
090800035;145;30;0;161;9;115;9;5;115;0;0;0;0;0;115;115;0;
090800036;40;21;0;50;2;19;2;2;19;0;0;0;0;0;19;19;0;
090800037;155;32;0;185;0;123;0;2;123;0;0;0;0;0;123;123;0;
090800038;120;55;0;141;1;65;1;4;65;0;0;0;0;0;65;65;0;
091400001;605;360;2;594;0;243;0;0;243;1;4;1;0;6;237;207;30;
091400002;535;167;0;523;0;368;0;0;368;0;0;1;0;1;367;344;23;
091400003;475;217;0;466;2;258;2;0;258;3;0;0;0;3;255;251;4;
091400004;145;48;0;138;0;97;0;0;97;0;0;0;0;0;97;90;7;
091400005;261;91;0;249;0;170;0;0;170;3;5;0;0;8;162;159;3;
091400006;356;131;0;345;0;225;0;0;225;0;0;0;0;0;225;212;13;
091400007;340;100;0;330;2;240;2;0;240;0;10;0;0;10;230;215;15;
091400008;111;13;0;111;0;98;0;0;98;0;0;0;0;0;98;98;0;
091400009;222;93;0;218;0;129;0;0;129;0;0;0;0;0;129;129;0;
091400010;395;185;0;383;0;210;0;0;210;0;8;0;0;8;202;184;18;
091400011;535;310;0;523;0;225;0;0;225;3;1;2;1;7;218;209;9;
091400012;744;490;0;733;0;254;0;0;254;6;5;0;0;11;243;230;13;
091400013;114;45;0;102;0;69;0;0;69;1;0;0;0;1;68;68;0;
091400014;338;143;0;195;1;195;0;0;195;0;3;0;0;3;192;186;6;
091400015;90;19;0;78;2;71;2;0;71;0;0;0;0;0;71;71;0;
091400016;320;144;0;308;0;176;0;0;176;0;1;0;0;1;175;149;26;
091400017;290;128;0;278;0;162;0;0;162;0;8;0;0;8;154;152;2;
091400018;763;397;0;754;0;366;0;0;366;3;2;12;1;18;348;309;39;
091400019;559;313;1;556;0;245;0;0;245;0;0;2;0;2;243;233;10;
091400020;469;336;0;460;0;133;0;0;133;0;0;9;0;9;124;111;13;
091400021;330;176;0;319;0;154;0;1;154;0;0;0;0;0;154;154;0;
091400022;414;253;0;161;0;161;0;3;161;0;0;0;0;0;161;161;0;
091400023;222;127;0;219;0;95;0;0;95;0;0;0;0;0;95;95;0;
091400024;454;289;0;454;0;165;0;0;165;0;0;0;0;0;165;165;0;
091400025;117;71;0;110;0;46;0;5;46;0;0;0;0;0;46;46;0;
091400026;279;180;0;278;0;99;0;0;99;0;0;0;0;0;99;98;1;
091400027;243;182;0;231;0;61;0;0;61;0;0;0;0;0;61;61;0;
091400028;429;302;0;432;0;127;0;0;127;0;0;0;0;0;127;121;6;
091400029;469;208;0;467;0;261;0;2;261;0;0;0;0;0;261;260;1;
091400030;301;139;1;296;0;161;0;4;161;0;0;0;0;0;161;159;2;
091400031;418;197;1;416;0;220;0;4;220;1;1;0;0;2;218;218;0;
091400032;308;143;0;296;0;165;0;0;165;0;0;0;0;0;165;165;0;
091400033;665;220;0;661;0;445;0;0;445;0;1;0;0;1;444;444;0;
091400034;538;337;0;526;0;201;0;0;201;0;0;0;1;1;200;186;14;
091400035;532;395;0;521;0;137;0;0;137;0;0;0;0;0;137;130;7;
091400036;254;69;1;246;0;184;0;1;184;0;3;0;0;3;181;180;1;
091400037;422;194;0;417;0;228;0;0;228;0;0;0;0;0;228;228;0;
091400038;452;214;0;443;1;238;1;0;238;0;0;0;0;0;238;238;0;
091400039;382;135;4;376;0;243;0;0;243;0;0;0;0;0;243;243;0;
091400040;364;156;0;364;1;208;1;0;208;0;0;0;0;0;208;208;0;
091400041;245;72;0;239;4;173;4;3;173;0;1;0;0;1;172;172;0;
091400042;620;205;0;618;0;415;0;2;415;0;0;0;0;0;415;412;3;
091400043;555;152;0;552;0;403;0;1;403;0;0;0;0;0;403;403;0;
091400044;258;100;0;260;0;158;0;0;158;0;0;0;0;0;158;157;1;
091400045;393;90;0;391;0;303;0;0;303;0;0;0;0;0;303;303;0;
091400046;400;140;0;392;0;260;0;0;260;0;0;3;0;3;257;257;0;
091400047;390;120;0;384;0;270;0;2;270;0;1;0;0;1;269;269;0;
091400048;383;120;0;376;0;263;0;0;263;0;0;0;0;0;263;263;0;
091400049;98;72;0;91;0;26;0;2;26;0;0;0;0;0;26;25;1;
091400050;91;25;0;82;0;66;0;0;66;0;0;0;0;0;66;66;0;
091400051;279;102;0;271;2;177;2;0;177;0;0;0;0;0;177;177;0;
091400052;198;42;0;201;0;156;0;0;156;0;0;0;0;0;156;156;0;
091400053;124;31;0;115;0;93;0;0;93;0;0;0;0;0;93;93;0;
091400054;166;65;0;101;0;101;0;1;101;0;0;0;0;0;101;101;0;
091400055;230;114;0;219;5;116;5;0;116;0;2;0;0;2;114;112;2;
091400056;326;112;0;318;1;214;1;0;214;0;1;0;0;1;213;212;1;
091400057;781;384;0;779;1;397;1;0;397;0;4;0;0;4;393;386;7;
091400058;347;192;1;337;5;154;5;0;154;0;3;0;0;3;151;150;1;
091400059;149;31;0;138;0;118;0;0;118;0;0;0;0;0;118;118;0;
091400060;522;154;0;515;1;368;1;1;368;0;0;0;0;0;368;365;3;
091400061;255;142;0;247;0;113;0;0;113;0;0;1;0;1;112;110;2;
091400062;165;68;0;154;0;97;0;0;97;0;0;0;0;0;97;94;3;
091400063;225;99;0;214;0;126;0;0;126;1;0;0;0;1;125;123;2;
091400064;267;68;0;256;0;199;0;0;199;0;1;0;0;1;198;198;0;
091400065;592;342;0;593;0;250;0;1;250;7;0;3;0;10;240;224;16;
091400066;636;367;0;636;0;269;0;0;269;0;1;3;0;4;265;251;14;
091500001;936;627;1;936;0;308;0;0;308;2;1;0;0;3;305;277;28;
091500002;934;618;0;940;0;316;0;3;316;0;3;0;0;3;313;261;52;
091500003;780;497;1;781;0;282;0;0;282;2;2;6;0;10;272;223;49;
091500004;768;508;0;769;0;260;0;0;260;3;1;1;0;5;255;225;30;
091500005;856;594;0;857;7;262;7;0;262;4;0;2;0;6;256;230;26;
091500006;638;383;0;649;0;255;0;7;255;2;3;8;0;13;242;232;10;
091500007;163;87;0;172;0;76;0;0;76;0;1;0;0;1;75;73;2;
091500008;184;87;0;186;0;97;0;6;97;1;0;0;0;1;96;92;4;
091500009;426;227;0;430;4;199;4;0;199;0;0;0;0;0;199;197;2;
091500010;111;45;0;118;0;66;0;0;66;0;1;0;0;1;65;63;2;
091500011;615;346;3;622;0;266;0;7;266;7;0;3;0;10;256;254;2;
091500012;187;74;0;110;3;113;3;0;113;0;0;0;0;0;113;112;1;
091500013;114;70;0;123;0;44;0;6;44;0;0;1;0;1;43;42;1;
091500014;995;525;0;470;0;470;0;6;470;5;0;0;0;5;465;458;7;
091500015;117;51;0;124;0;66;0;0;66;2;0;0;0;2;64;63;1;
091500016;164;93;0;170;0;71;0;6;71;4;1;0;0;5;66;62;4;
091500017;245;163;1;250;0;81;0;5;81;0;1;0;0;1;80;79;1;
091500018;105;54;0;110;0;51;0;0;51;0;0;0;0;0;51;51;0;
091500019;119;53;0;123;1;66;1;4;66;1;0;0;0;1;65;65;0;
091500020;330;174;1;339;0;155;0;6;155;1;0;0;0;1;154;152;2;
091500021;301;84;0;306;5;217;5;0;217;0;1;0;0;1;216;216;0;
091500022;447;145;0;447;0;302;0;5;302;1;0;1;0;2;300;299;1;
091500023;276;108;0;168;0;168;0;4;168;1;1;0;0;2;166;165;1;
091500024;95;42;0;103;0;53;0;0;53;0;1;0;0;1;52;49;3;
091500025;263;106;0;268;0;157;0;3;157;1;0;0;0;1;156;154;2;
091500026;388;176;0;392;0;212;0;3;212;0;3;0;0;3;209;206;3;
091500027;396;219;0;177;0;177;0;0;177;4;0;0;0;4;173;171;2;
091500028;120;62;0;58;0;58;0;0;58;0;0;0;0;0;58;56;2;
091500029;159;35;0;165;0;124;0;0;124;0;0;0;0;0;124;124;0;
091500030;291;159;0;302;0;132;0;0;132;2;0;0;0;2;130;128;2;
091500031;106;47;0;112;0;59;0;4;59;1;0;0;0;1;58;57;1;
091500032;84;10;0;87;5;74;5;5;74;0;0;0;0;0;74;73;1;
091500033;157;71;0;162;5;86;5;5;86;0;0;0;0;0;86;86;0;
091500034;279;82;0;284;0;197;0;5;197;0;1;0;0;1;196;196;0;
091500035;319;113;0;330;0;206;0;6;206;0;1;0;0;1;205;204;1;
091500036;380;192;0;388;0;188;0;0;188;1;0;0;0;1;187;184;3;
091500037;82;30;0;87;0;52;0;5;52;0;0;0;0;0;52;50;2;
091500038;116;43;0;68;5;73;5;0;73;0;0;0;0;0;73;72;1;
091500039;83;38;0;45;0;45;0;0;45;0;0;0;0;0;45;44;1;
091500040;99;49;1;104;0;49;0;5;49;0;0;0;0;0;49;48;1;
091500041;79;41;0;79;7;38;7;0;38;0;0;0;0;0;38;37;1;
091500042;287;122;0;296;0;165;0;0;165;0;3;0;0;3;162;162;0;
091500043;417;135;0;425;0;282;0;0;282;0;0;0;0;0;282;279;3;
091500044;125;41;0;131;0;84;0;0;84;1;0;0;0;1;83;80;3;
091500045;85;42;0;89;0;43;0;0;43;0;0;0;0;0;43;42;1;
091500046;43;20;1;50;0;22;0;0;22;0;0;0;0;0;22;20;2;
091500047;566;300;0;581;6;266;6;0;266;1;1;0;0;2;264;262;2;
091500048;192;100;0;192;7;92;7;7;92;2;0;0;0;2;90;87;3;
091500049;243;163;1;244;1;79;1;0;79;0;2;0;0;2;77;77;0;
091500050;96;48;0;97;0;48;0;5;48;0;0;0;0;0;48;47;1;
091500051;94;51;0;99;0;43;0;5;43;0;0;0;0;0;43;42;1;
091500052;264;134;0;274;0;130;0;4;130;0;0;0;0;0;130;130;0;
091500053;93;36;0;106;0;57;0;6;57;0;0;0;0;0;57;54;3;
091500054;102;70;0;32;0;32;0;0;32;0;0;0;0;0;32;31;1;
091500055;151;77;0;155;5;74;5;0;74;0;0;0;0;0;74;71;3;
091500056;132;82;0;139;1;50;1;7;50;0;2;0;0;2;48;47;1;
091500057;411;171;0;416;0;240;0;4;240;5;1;0;0;6;234;227;7;
091500058;301;68;0;312;0;233;0;0;233;0;12;0;0;12;221;217;4;
091500059;489;256;0;491;0;233;0;1;233;2;1;0;0;3;230;224;6;
091500060;192;86;0;194;0;106;0;0;106;0;3;0;0;3;103;100;3;
091500061;102;35;0;108;0;67;0;0;67;1;1;0;0;2;65;60;5;
091500062;120;25;0;95;0;95;0;4;95;0;0;0;0;0;95;95;0;
091500063;622;340;0;282;4;282;4;0;282;0;11;0;0;11;271;267;4;
091500064;377;172;1;380;0;204;0;4;204;4;0;1;0;5;199;189;10;
091500065;108;62;0;111;4;46;4;4;46;1;0;0;0;1;45;43;2;
091500066;48;18;0;54;0;30;0;0;30;0;0;0;0;0;30;29;1;
091500067;73;50;0;79;0;23;0;5;23;0;0;0;0;0;23;22;1;
091500068;112;32;0;113;0;80;0;0;80;0;0;0;0;0;80;75;5;
091500069;614;313;2;622;0;299;0;0;299;1;4;0;0;5;294;290;4;
091600001;659;390;0;659;0;269;0;14;269;2;0;8;0;10;259;171;88;
091600002;750;474;0;760;0;276;0;1;276;0;0;7;0;7;269;232;37;
091600003;480;299;0;486;0;181;0;4;181;2;1;6;0;9;172;128;44;
091600004;600;345;0;608;0;255;0;9;255;14;3;2;1;20;235;168;67;
091600005;540;294;0;538;0;246;0;5;246;0;0;0;0;0;246;158;88;
091600006;850;563;0;859;0;287;0;4;287;13;6;8;0;27;260;251;9;
091600007;540;363;2;545;8;175;8;0;175;6;2;12;0;20;155;151;4;
091600008;645;388;0;659;0;257;0;14;257;4;0;11;0;15;242;238;4;
091600009;580;389;1;595;0;190;0;0;190;8;0;15;0;23;167;164;3;
091600010;350;213;0;351;2;137;2;7;137;1;1;4;0;6;131;84;47;
091600011;590;336;0;593;0;254;0;8;254;2;7;0;0;9;245;145;100;
091600012;600;332;0;625;1;268;1;0;268;0;1;1;0;2;266;165;101;
091600013;740;389;0;746;3;351;3;0;351;0;1;0;0;1;350;181;169;
091600014;580;276;2;589;1;302;1;0;302;0;0;5;0;5;297;173;124;
091600015;580;327;0;591;0;253;0;8;253;1;0;2;0;3;250;140;110;
091600016;498;298;1;506;0;199;0;0;199;3;3;0;0;6;193;138;55;
091600017;550;314;0;561;0;236;0;5;236;2;7;1;0;10;226;111;115;
091600018;680;386;0;684;1;294;1;7;294;4;3;1;1;9;285;188;97;
091600019;580;308;0;272;0;272;0;2;272;1;1;3;0;5;267;146;121;
091600020;640;343;0;639;0;297;0;2;297;0;4;0;0;4;293;178;115;
091600021;500;239;1;539;4;260;4;19;260;4;0;0;0;4;256;163;93;
091600022;650;334;1;655;0;315;0;10;315;0;4;0;0;4;311;199;112;
091600023;690;364;0;683;1;326;1;1;326;6;0;0;0;6;320;184;136;
091600024;750;409;1;749;4;340;4;11;340;0;4;0;0;4;336;199;137;
091600025;598;334;2;617;2;262;2;3;262;0;2;1;0;3;259;148;111;
091600026;649;383;1;673;0;265;0;7;265;1;6;0;0;7;258;165;93;
091600027;550;257;2;557;1;291;1;6;291;2;0;1;0;3;288;159;129;
091600028;500;263;0;499;0;237;0;5;237;2;1;0;0;3;234;150;84;
091600029;450;203;0;452;5;247;5;0;247;0;1;2;0;3;244;109;135;
091600030;440;245;2;441;0;193;0;0;193;4;1;0;0;5;188;145;43;
091600031;600;361;0;604;2;239;2;0;239;4;2;0;1;7;232;163;69;
091600032;540;281;1;544;0;258;0;6;258;2;2;0;0;4;254;167;87;
091600033;600;341;1;624;0;258;0;8;258;6;1;0;0;7;251;158;93;
091600034;580;344;0;574;6;236;6;0;236;0;4;0;0;4;232;149;83;
091600035;650;371;0;649;0;279;0;4;279;3;5;0;1;9;270;143;127;
091600036;400;182;3;215;0;215;0;8;215;0;1;0;0;1;214;102;112;
091600037;440;262;0;432;0;178;0;4;178;3;0;1;0;4;174;87;87;
091600038;550;278;0;563;10;272;10;0;272;4;0;0;0;4;268;151;117;
091600039;550;348;1;550;1;201;1;5;201;2;4;0;0;6;195;103;92;
091600040;650;428;0;671;0;222;0;4;222;1;1;0;0;2;220;125;95;
091600041;500;290;2;524;0;208;0;0;208;0;2;0;0;2;206;120;86;
091600042;702;351;2;712;4;349;4;4;349;0;14;0;0;14;335;212;123;
091600043;830;442;2;831;0;386;0;0;386;3;3;8;0;14;372;217;155;
091600044;680;414;0;690;16;266;16;4;266;0;2;0;0;2;264;186;78;
091600045;830;540;0;835;3;290;3;5;290;2;0;0;0;2;288;215;73;
091600046;900;552;1;892;0;347;0;1;347;0;1;0;0;1;346;229;117;
091600047;876;523;2;882;5;351;5;0;351;5;5;0;0;10;341;279;62;
091600048;750;542;1;753;0;207;0;3;207;1;0;0;0;1;206;174;32;
091600049;650;409;0;674;0;241;0;2;241;0;0;7;0;7;234;172;62;
091600050;900;576;0;898;1;324;1;0;324;2;3;2;0;7;317;224;93;
091600051;900;527;0;940;2;373;2;1;373;0;8;0;1;9;364;265;99;
091600052;750;459;2;768;0;289;0;0;289;2;2;0;0;4;285;229;56;
091600053;900;570;0;910;1;330;1;0;330;2;1;1;0;4;326;237;89;
091600054;850;568;0;867;0;282;0;2;282;0;0;0;0;0;282;215;67;
091600055;550;339;1;566;0;210;0;7;210;2;1;2;0;5;205;164;41;
091600056;950;595;3;953;0;352;0;0;352;2;1;1;0;4;348;237;111;
091600057;600;426;2;597;0;172;0;0;172;0;1;0;0;1;171;130;41;
091600058;900;554;1;901;0;345;0;0;345;0;2;1;0;3;342;284;58;
091600059;740;484;0;742;2;256;2;3;256;2;1;0;0;3;253;198;55;
091600060;750;498;0;758;0;252;0;8;252;0;0;1;1;2;250;192;58;
091600061;480;301;2;493;0;177;0;3;177;1;1;2;0;4;173;172;1;
091600062;550;261;2;547;0;287;0;6;287;4;0;16;0;20;267;256;11;
091600063;360;181;0;367;0;179;0;0;179;0;0;0;0;0;179;176;3;
091600064;600;295;3;608;1;302;1;6;302;5;1;0;0;6;296;206;90;
091600065;330;172;1;340;0;157;0;0;157;2;0;0;0;2;155;151;4;
091600066;800;458;2;808;1;340;1;0;340;4;2;3;0;9;331;319;12;
091600067;680;406;0;678;7;274;7;0;274;3;0;0;0;3;271;261;10;
091600068;480;306;0;487;13;174;13;8;174;2;1;0;0;3;171;165;6;
091600069;980;415;0;980;1;565;1;5;565;0;3;0;0;3;562;553;9;
091600070;450;225;0;469;0;225;0;9;225;3;1;3;0;7;218;213;5;
091600071;160;93;1;162;0;66;0;6;66;3;0;0;0;3;63;58;5;
091600072;330;162;0;332;0;168;0;0;168;0;0;0;0;0;168;165;3;
091600073;580;298;0;282;0;282;0;0;282;12;0;0;0;12;270;265;5;
091600074;510;236;2;525;0;272;0;0;272;7;0;0;0;7;265;261;4;
091600075;270;117;2;264;0;151;0;0;151;9;0;0;0;9;142;136;6;
091600076;710;339;3;724;0;368;0;7;368;2;0;12;0;14;354;350;4;
091600077;900;521;0;909;0;379;0;14;379;6;2;3;0;11;368;360;8;
091600078;170;76;0;172;0;94;0;0;94;1;1;0;0;2;92;87;5;
091600079;390;164;0;404;0;226;0;8;226;1;1;0;0;2;224;215;9;
091600080;620;371;1;626;0;248;0;7;248;4;0;1;0;5;243;231;12;
091600081;650;349;2;653;0;299;0;0;299;9;2;0;0;11;288;284;4;
091600082;220;107;0;222;1;113;1;5;113;0;0;0;0;0;113;109;4;
091600083;260;111;0;149;0;149;0;0;149;4;0;0;0;4;145;141;4;
091600084;510;220;6;510;0;284;0;9;284;9;0;6;0;15;269;261;8;
091600085;200;76;0;203;0;124;0;6;124;0;0;0;0;0;124;117;7;
091600086;369;191;0;362;0;178;0;0;178;2;0;9;1;12;166;160;6;
091600087;150;69;1;150;0;80;0;6;80;2;0;0;0;2;78;71;7;
091600088;160;67;0;158;0;93;0;6;93;1;0;0;0;1;92;88;4;
091600089;200;110;0;204;0;90;0;0;90;0;0;1;0;1;89;88;1;
091600090;650;269;2;370;9;379;9;0;379;2;2;0;0;4;375;371;4;
091600091;290;102;0;292;5;188;5;0;188;5;0;5;0;10;178;173;5;
091600092;500;231;0;501;0;269;0;0;269;6;0;0;0;6;263;254;9;
091600093;440;225;0;453;12;215;12;0;215;3;3;0;0;6;209;202;7;
091600094;330;141;2;327;0;187;0;5;187;2;0;0;0;2;185;184;1;
091600095;430;189;0;449;0;241;0;0;241;0;2;0;0;2;239;234;5;
091600096;410;199;0;421;0;211;0;0;211;11;2;0;0;13;198;192;6;
091600097;810;374;0;813;0;436;0;0;436;2;0;0;0;2;434;429;5;
091600098;320;121;0;323;0;199;0;4;199;0;0;2;0;2;197;197;0;
091600099;580;250;0;585;0;330;0;6;330;17;0;0;0;17;313;304;9;
091600100;200;101;0;183;0;99;0;8;99;0;5;0;0;5;94;89;5;
091600101;300;143;0;295;6;157;6;0;157;2;2;2;0;6;151;148;3;
091600102;570;269;0;577;4;301;4;4;301;3;2;0;0;5;296;288;8;
091600103;120;53;0;121;0;67;0;1;67;0;0;0;0;0;67;64;3;
091600104;560;286;0;561;6;274;6;6;274;3;1;0;0;4;270;265;5;
091600105;400;217;0;404;0;183;0;5;183;0;0;8;0;8;175;171;4;
091600106;308;162;2;333;0;144;0;5;144;0;1;5;0;6;138;135;3;
091600107;380;179;0;383;0;201;0;4;201;8;0;0;3;11;190;187;3;
091600108;460;176;1;483;0;283;0;0;283;5;1;1;0;7;276;269;7;
091600109;230;87;0;240;0;143;0;0;143;0;0;0;0;0;143;143;0;
091600110;350;173;0;350;1;177;1;3;177;0;1;0;0;1;176;175;1;
091600111;209;85;1;123;0;123;0;3;123;0;0;4;0;4;119;116;3;
091600112;900;417;0;922;0;483;0;8;483;5;3;0;0;8;475;467;8;
091600113;420;156;0;414;0;264;0;0;264;2;1;3;2;8;256;253;3;
091600114;280;104;2;280;0;174;0;5;174;4;0;0;0;4;170;166;4;
091600115;220;97;0;222;0;123;0;5;123;0;2;0;0;2;121;118;3;
091600116;310;137;1;309;0;172;0;0;172;1;0;0;0;1;171;168;3;
091600117;380;165;0;401;6;215;6;0;215;1;1;0;0;2;213;210;3;
091600118;700;449;0;710;0;251;0;0;251;0;0;9;0;9;242;237;5;
091600119;190;108;2;191;0;80;0;0;80;3;1;1;0;5;75;71;4;
091600120;390;182;0;401;0;208;0;0;208;1;0;0;0;1;207;203;4;
091600121;210;125;0;211;0;85;0;0;85;1;0;0;0;1;84;83;1;
091600122;240;138;0;240;6;102;6;0;102;2;2;1;0;5;97;92;5;
091600123;100;43;0;97;0;57;0;6;57;0;1;2;0;3;54;50;4;
091600124;350;190;3;364;0;157;0;5;157;2;1;0;1;4;153;150;3;
091600125;200;93;0;207;0;107;0;0;107;2;0;3;0;5;102;99;3;
091600126;190;70;0;157;0;120;0;7;120;4;2;4;0;10;110;96;14;
091600127;150;39;0;132;4;111;4;0;111;8;3;0;0;11;100;79;21;
092100001;500;263;0;663;0;237;0;0;237;1;0;0;1;2;235;198;37;
092100002;500;241;0;658;0;259;0;0;259;0;1;3;0;4;255;245;10;
092100003;500;275;0;577;4;225;4;4;225;0;0;8;0;8;217;197;20;
092100004;500;83;0;1014;0;417;0;0;417;0;1;2;0;3;414;399;15;
092100005;500;188;0;904;2;312;2;0;312;0;1;3;0;4;308;275;33;
092100006;500;235;2;698;0;263;0;1;263;1;0;0;0;1;262;256;6;
092100007;500;169;0;913;0;331;0;0;331;0;2;13;0;15;316;309;7;
092100008;500;211;0;856;1;289;1;3;289;2;0;7;0;9;280;262;18;
092100009;500;240;0;774;0;260;0;0;260;0;2;0;0;2;258;228;30;
092100010;500;228;0;699;0;272;0;0;272;5;1;5;6;17;255;244;11;
092100011;500;158;0;748;0;342;0;0;342;1;0;14;0;15;327;327;0;
092100012;50;9;0;55;0;41;0;6;41;0;0;1;0;1;40;38;2;
092100013;500;92;2;737;1;406;1;6;406;4;1;0;0;5;401;396;5;
092100014;100;36;0;125;6;64;6;0;64;1;0;0;0;1;63;60;3;
092100015;70;29;1;90;7;40;7;7;40;0;0;0;0;0;40;38;2;
092100016;100;65;0;114;0;35;0;4;35;0;0;1;0;1;34;33;1;
092100017;100;13;0;141;1;87;1;3;87;1;2;0;0;3;84;81;3;
092100018;200;85;0;214;0;115;0;10;115;3;0;0;1;4;111;103;8;
092100019;70;25;0;82;4;45;4;5;45;0;0;0;0;0;45;44;1;
092100020;100;11;0;158;0;89;0;5;89;2;0;0;0;2;87;84;3;
092100021;250;62;0;300;6;188;6;0;188;0;2;0;0;2;186;184;2;
092100022;40;16;0;33;1;24;1;7;24;1;0;0;0;1;23;22;1;
092100023;90;42;0;97;5;48;5;97;48;0;1;0;0;1;47;45;2;
092100024;150;72;0;195;2;78;2;0;78;0;0;7;0;7;71;67;4;
092100025;250;90;0;320;0;160;0;8;160;4;2;5;0;11;149;143;6;
092100026;200;88;0;213;1;112;1;4;112;0;0;0;0;0;112;112;0;
092100027;150;57;0;181;0;93;0;0;93;2;2;0;0;4;89;86;3;
092100028;50;26;0;52;6;24;6;6;24;0;0;0;0;0;24;20;4;
092100029;500;241;0;500;0;259;0;0;259;2;0;0;0;2;257;255;2;
092100030;100;39;0;113;6;61;6;0;61;4;0;0;0;4;57;54;3;
092100031;40;15;0;34;6;25;6;0;25;0;1;0;0;1;24;23;1;
092100032;40;14;0;39;0;26;0;0;26;0;0;0;0;0;26;22;4;
092100033;250;114;0;294;7;136;7;0;136;0;1;0;0;1;135;133;2;
092100034;500;213;0;574;0;287;0;7;287;8;0;7;0;15;272;265;7;
092100035;170;24;0;228;5;146;5;0;146;6;1;0;0;7;139;135;4;
092100036;200;90;0;237;3;110;3;6;110;1;1;0;0;2;108;104;4;
092100037;250;88;1;336;0;161;0;5;161;1;1;0;0;2;159;156;3;
092100038;250;108;0;284;0;142;0;6;142;0;0;0;0;0;142;138;4;
092100039;100;37;0;124;4;63;4;0;63;1;0;3;0;4;59;57;2;
092100040;300;117;0;177;6;183;6;3;183;0;0;0;0;0;183;178;5;
092100041;50;19;0;62;4;31;4;0;31;1;0;1;0;2;29;26;3;
092100042;100;15;0;120;0;85;0;5;85;1;3;0;0;4;81;81;0;
092100043;350;193;0;415;2;157;2;4;157;0;0;7;0;7;150;148;2;
092100044;200;57;0;246;5;143;5;5;143;4;0;0;0;4;139;135;4;
092100045;250;133;0;265;5;117;5;0;117;0;0;1;0;1;116;114;2;
092100046;300;91;0;398;0;209;0;4;209;4;0;0;0;4;205;203;2;
092100047;400;207;0;465;2;193;2;0;193;3;0;1;0;4;189;188;1;
092100048;150;64;0;169;0;86;0;0;86;0;1;0;0;1;85;84;1;
092100049;188;57;0;223;5;131;5;3;131;0;1;2;0;3;128;127;1;
092100050;100;48;0;117;0;52;0;0;52;0;0;0;0;0;52;51;1;
092100051;300;37;0;350;7;263;7;0;263;0;0;0;0;0;263;261;2;
092100052;200;68;2;259;11;130;11;7;130;0;0;1;0;1;129;127;2;
092100053;79;14;0;105;0;65;0;6;65;0;0;4;0;4;61;59;2;
092100054;100;21;2;120;0;77;0;5;77;0;0;0;0;0;77;75;2;
093500001;460;214;1;364;1;245;1;2;245;2;2;0;0;4;241;239;2;
093500002;1160;679;0;826;0;481;0;0;481;5;0;0;0;5;476;475;1;
093500003;240;98;0;197;0;142;0;0;142;1;0;0;0;1;141;139;2;
093500004;310;117;0;239;0;193;0;0;193;0;0;0;0;0;193;192;1;
093500005;430;203;0;298;0;227;0;5;227;0;0;0;0;0;227;225;2;
093500006;400;255;1;260;0;144;0;2;144;0;0;0;0;0;144;142;2;
093500007;420;258;0;287;0;162;0;0;162;0;0;0;0;0;162;160;2;
093500008;350;168;2;262;0;180;0;5;180;0;0;0;0;0;180;178;2;
093500009;300;99;0;234;0;201;0;2;201;0;0;0;0;0;201;200;1;
093500010;280;47;0;255;0;233;0;2;233;0;0;0;0;0;233;233;0;
093500011;740;389;0;517;0;351;0;0;351;2;0;0;0;2;349;346;3;
093500012;470;246;0;373;0;224;0;0;224;0;0;0;0;0;224;222;2;
093500013;450;195;0;364;0;255;0;2;255;2;0;1;0;3;252;251;1;
093500014;220;26;0;208;2;194;2;2;194;0;0;0;0;0;194;194;0;
093500015;270;162;0;173;0;108;0;4;108;0;0;0;0;0;108;107;1;
093500016;120;6;0;142;1;114;1;6;114;1;0;0;0;1;113;94;19;
093500017;840;487;0;559;0;353;0;4;353;0;1;0;0;1;352;350;2;
093500018;300;118;0;235;0;182;0;6;182;0;0;0;0;0;182;182;0;
093500019;660;188;1;544;0;471;0;3;471;0;0;0;0;0;471;470;1;
093500020;760;259;0;666;0;501;0;2;501;2;1;1;0;4;497;496;1;
093500021;930;311;0;762;0;619;0;2;619;2;0;0;0;2;617;616;1;
093500022;420;126;0;363;2;294;2;0;294;0;0;0;0;0;294;293;1;
093500023;230;63;0;183;0;167;0;3;167;0;1;4;0;5;162;160;2;
093500024;150;42;0;128;0;108;0;2;108;0;0;0;0;0;108;108;0;
093500025;260;95;0;226;0;165;0;0;165;0;0;0;0;0;165;164;1;
093500026;90;17;0;86;1;73;1;0;73;0;0;0;0;0;73;71;2;
093500027;460;126;0;411;0;334;0;2;334;0;4;0;0;4;330;328;2;
093500028;170;23;0;151;0;147;0;0;147;0;3;0;0;3;144;143;1;
093500029;110;10;0;100;0;100;0;0;100;0;0;0;0;0;100;99;1;
100400001;660;496;1;666;0;163;0;0;163;1;4;0;0;5;158;90;68;
100400002;530;411;1;532;0;118;0;5;118;1;0;7;0;8;110;82;28;
100400003;750;575;1;689;0;174;0;0;174;1;2;2;0;5;169;115;54;
100400004;600;408;0;599;8;192;8;0;192;2;1;9;0;12;180;119;61;
100400005;700;489;1;718;0;210;0;5;210;0;3;0;0;3;207;118;89;
100400006;810;554;4;819;0;252;0;0;252;0;4;3;1;8;244;160;84;
100400007;480;330;1;442;0;149;0;0;149;1;1;3;0;5;144;89;55;
100400008;700;417;1;696;0;282;0;0;282;0;4;0;1;5;277;147;130;
100400009;750;378;3;745;1;369;1;4;369;3;2;8;0;13;356;161;195;
100400010;300;149;1;285;0;150;0;0;150;2;0;1;0;3;147;75;72;
100400011;480;287;1;471;2;192;2;0;192;0;8;0;0;8;184;115;69;
100400012;290;146;1;283;1;143;1;0;143;1;2;0;0;3;140;92;48;
100400013;100;62;0;103;0;38;0;0;38;0;1;0;0;1;37;24;13;
100400014;250;109;1;251;1;140;1;2;140;1;1;5;0;7;133;47;86;
100400015;130;52;2;129;1;76;1;5;76;0;3;0;0;3;73;50;23;
100400016;179;86;2;177;2;91;2;2;91;1;2;0;0;3;88;47;41;
100400017;220;120;1;218;2;99;2;0;99;1;1;1;0;3;96;88;8;
100400018;220;118;1;216;2;101;2;4;101;2;3;0;0;5;96;79;17;
100400019;80;28;0;79;1;52;1;5;52;2;4;0;0;6;46;32;14;
100400020;120;51;0;120;2;69;2;3;69;0;0;3;0;3;66;49;17;
100400021;70;22;1;72;1;47;1;0;47;2;1;0;0;3;44;37;7;
100400022;110;26;1;110;4;83;4;0;83;1;3;0;0;4;79;70;9;
100400023;200;109;2;187;1;89;1;0;89;3;0;4;1;8;81;65;16;
100400024;70;30;0;65;7;40;7;7;40;0;4;0;0;4;36;26;10;
100400025;80;39;1;53;0;40;0;4;40;2;1;0;0;3;37;27;10;
100500001;551;300;0;559;0;251;0;0;251;0;1;4;0;5;246;172;74;
100500002;611;363;0;613;3;248;3;3;248;2;1;6;1;10;238;170;68;
100500003;451;291;0;455;0;160;0;0;160;1;1;3;0;5;155;100;55;
100500004;357;219;0;360;0;138;0;3;138;0;9;0;0;9;129;101;28;
100500005;426;255;1;431;0;170;0;4;170;1;3;2;0;6;164;95;69;
100500006;45;22;0;37;0;23;0;0;23;1;0;0;0;1;22;20;2;
100500007;55;22;0;53;0;33;0;0;33;0;1;1;0;2;31;25;6;
100500008;90;23;0;85;2;67;2;5;67;0;2;0;0;2;65;59;6;
100500009;70;35;0;66;0;35;0;0;35;0;0;0;0;0;35;26;9;
100500010;75;33;0;68;0;42;0;0;42;4;0;0;0;4;38;31;7;
100500011;50;15;0;47;0;35;0;0;35;0;0;0;0;0;35;28;7;
102700001;350;185;0;349;0;165;0;0;165;2;4;0;0;6;159;146;13;
102700002;525;211;0;520;0;314;0;2;314;2;0;0;0;2;312;292;20;
102700003;520;274;0;516;2;246;2;0;246;6;2;0;1;9;237;217;20;
102700004;435;260;0;428;7;175;7;0;175;3;9;2;0;14;161;142;19;
102700005;360;205;0;348;4;155;4;0;155;5;0;0;0;5;150;129;21;
102700006;273;183;0;267;0;90;0;0;90;1;1;0;0;2;88;58;30;
102700007;355;217;0;137;1;138;1;0;138;0;3;0;0;3;135;100;35;
102700008;350;241;0;337;0;109;0;0;109;5;1;1;0;7;102;94;8;
102700009;420;219;0;402;3;201;3;1;201;3;0;0;0;3;198;151;47;
102700010;85;19;0;74;1;66;1;2;66;1;0;0;0;1;65;56;9;
102700011;175;78;0;166;1;97;1;0;97;0;3;0;0;3;94;75;19;
102700012;100;37;0;90;2;63;2;2;63;0;0;0;0;0;63;53;10;
102700013;110;47;0;95;4;63;4;0;63;0;0;0;0;0;63;60;3;
102700014;60;29;0;55;2;31;2;0;31;0;1;0;0;1;30;20;10;
102700015;50;22;0;45;2;28;2;0;28;0;1;0;0;1;27;23;4;
102700016;160;84;2;158;0;74;0;0;74;1;1;0;0;2;72;65;7;
102700017;50;1;0;45;8;49;8;7;49;0;0;0;0;0;49;42;7;
102900001;550;355;0;518;7;195;7;0;195;6;0;0;0;6;189;139;50;
102900002;900;619;4;831;7;277;7;0;277;2;0;2;0;4;273;212;61;
102900003;694;470;0;654;4;224;4;0;224;4;6;0;0;10;214;135;79;
102900004;650;450;0;588;0;200;0;0;200;0;5;0;0;5;195;133;62;
102900005;797;456;1;776;1;340;1;6;340;2;0;2;0;4;336;223;113;
102900006;600;353;0;563;1;247;1;0;247;3;2;3;0;8;239;158;81;
102900007;650;371;1;616;3;278;3;0;278;4;9;0;0;13;265;210;55;
102900008;650;399;0;619;4;251;4;0;251;2;0;8;0;10;241;162;79;
102900009;900;564;2;832;3;334;3;4;334;4;5;0;0;9;325;249;76;
102900010;650;403;0;615;1;247;1;0;247;0;5;0;0;5;242;190;52;
102900011;650;426;0;614;0;224;0;0;224;2;2;0;0;4;220;153;67;
102900012;650;399;2;616;0;249;0;0;249;0;1;5;0;6;243;184;59;
102900013;900;625;0;837;0;275;0;3;275;1;2;0;0;3;272;189;83;
102900014;950;702;4;823;0;244;0;0;244;1;3;0;0;4;240;174;66;
102900015;737;408;1;901;5;328;5;2;328;0;6;0;0;6;322;244;78;
102900016;950;663;0;910;1;287;1;4;287;1;3;1;0;5;282;199;83;
102900017;800;540;1;746;0;259;0;0;259;1;2;0;0;3;256;191;65;
102900018;550;356;2;499;0;192;0;1;192;1;3;0;0;4;188;136;52;
102900019;450;317;0;424;1;133;1;0;133;1;4;0;0;5;128;84;44;
102900020;750;538;0;687;0;212;0;0;212;0;6;4;0;10;202;139;63;
102900021;900;646;0;254;4;254;4;4;254;4;0;10;0;14;240;190;50;
102900022;600;414;0;572;0;186;0;3;186;1;3;1;0;5;181;114;67;
102900023;800;561;2;753;1;237;1;0;237;1;1;0;0;2;235;154;81;
102900024;900;595;2;836;0;303;0;5;303;2;1;0;0;3;300;206;94;
102900025;850;624;0;784;0;226;0;0;226;0;1;0;0;1;225;165;60;
102900026;750;517;0;692;0;233;0;3;233;3;2;0;0;5;228;172;56;
102900027;800;534;0;724;2;266;2;0;266;4;13;0;0;17;249;197;52;
102900028;900;595;1;865;4;304;4;3;304;3;0;0;0;3;301;234;67;
102900029;777;577;1;747;0;199;0;2;199;1;5;4;0;10;189;132;57;
102900030;709;454;0;645;7;255;7;0;255;3;5;2;0;10;245;178;67;
102900031;850;583;0;770;1;267;1;0;267;3;0;0;0;3;264;174;90;
102900032;750;524;0;694;1;226;1;0;226;1;0;6;0;7;219;162;57;
102900033;850;592;1;796;0;257;0;4;257;3;4;0;1;8;249;157;92;
102900034;650;409;0;582;5;241;5;0;241;1;2;0;0;3;238;161;77;
102900035;700;478;1;666;1;221;1;0;221;0;2;0;0;2;219;155;64;
102900036;600;376;0;567;0;224;0;2;224;1;4;4;0;9;215;154;61;
102900037;700;425;0;675;0;275;0;0;275;2;6;3;0;11;264;193;71;
102900038;850;516;1;781;0;333;0;5;333;4;4;3;0;11;322;216;106;
102900039;850;558;0;797;3;292;3;4;292;0;3;3;0;6;286;219;67;
102900040;700;466;0;651;4;234;4;4;234;1;6;0;0;7;227;189;38;
102900041;750;502;0;708;8;248;8;0;248;0;5;7;0;12;236;195;41;
102900042;800;540;1;757;0;259;0;6;259;1;2;0;0;3;256;206;50;
102900043;544;346;0;198;3;198;3;0;198;0;1;0;0;1;197;145;52;
102900044;850;542;0;307;1;308;1;0;308;6;0;0;0;6;302;214;88;
102900045;900;601;0;856;3;299;3;0;299;3;4;6;0;13;286;218;68;
102900046;597;422;2;563;5;173;5;0;173;0;3;0;0;3;170;115;55;
102900047;683;501;0;681;0;182;0;8;182;2;0;1;0;3;179;136;43;
102900048;1000;710;2;916;0;288;0;0;288;4;2;0;0;6;282;217;65;
102900049;645;448;1;618;0;196;0;1;196;0;0;0;0;0;196;151;45;
102900050;650;454;0;588;1;196;1;0;196;1;2;0;0;3;193;140;53;
102900051;884;622;0;840;0;262;0;4;262;1;4;0;0;5;257;189;68;
102900052;750;544;0;685;0;206;0;0;206;0;4;0;0;4;202;154;48;
102900053;1000;702;0;934;0;298;0;0;298;3;5;0;0;8;290;217;73;
102900054;800;563;0;740;5;237;5;3;237;2;0;0;0;2;235;171;64;
102900055;700;511;0;644;0;189;0;0;189;1;0;0;0;1;188;148;40;
102900056;650;443;1;595;0;206;0;6;206;1;1;0;0;2;204;147;57;
102900057;600;417;0;568;0;183;0;0;183;0;0;0;0;0;183;119;64;
102900058;700;325;1;648;0;374;0;0;374;0;0;5;0;5;369;369;0;
102900059;800;297;0;775;0;503;0;0;503;0;1;0;0;1;502;499;3;
102900060;550;207;0;535;5;343;5;0;343;7;1;1;0;9;334;329;5;
102900061;700;249;1;671;5;450;5;0;450;1;4;0;0;5;445;443;2;
102900062;668;148;0;749;5;520;5;0;520;5;2;2;3;12;508;500;8;
102900063;900;363;0;856;10;537;10;0;537;0;1;0;0;1;536;533;3;
102900064;250;137;0;251;2;113;2;0;113;0;0;0;0;0;113;97;16;
102900065;132;73;1;105;5;58;5;0;58;0;2;1;0;3;55;43;12;
102900066;85;40;0;90;6;45;6;0;45;0;0;0;0;0;45;42;3;
102900067;140;99;0;126;6;41;6;6;41;0;0;0;0;0;41;32;9;
102900068;125;57;0;155;1;68;1;3;68;2;1;0;0;3;65;58;7;
102900069;73;30;0;60;0;43;0;5;43;0;1;0;0;1;42;39;3;
102900070;35;12;1;38;3;22;3;3;22;0;0;0;0;0;22;19;3;
102900071;168;111;0;148;0;57;0;6;57;1;0;0;0;1;56;49;7;
102900072;220;145;0;213;0;75;0;0;75;1;0;0;0;1;74;50;24;
102900073;58;24;0;54;2;34;2;0;34;0;0;0;0;0;34;30;4;
102900074;550;337;0;528;3;213;3;0;213;4;0;0;0;4;209;156;53;
102900075;500;350;0;450;5;150;5;0;150;3;0;0;0;3;147;115;32;
102900076;300;179;1;291;0;120;0;0;120;0;0;0;0;0;120;93;27;
102900077;400;278;0;349;5;122;5;0;122;7;7;0;0;14;108;74;34;
102900078;25;9;1;15;9;15;9;9;15;1;0;0;0;1;14;7;7;
102900079;40;27;1;40;5;12;5;5;12;0;0;0;0;0;12;8;4;
102900080;750;493;1;706;4;256;4;0;256;0;4;2;0;6;250;170;80;
102900081;750;544;0;703;6;206;6;0;206;0;2;0;0;2;204;135;69;
102900082;550;391;0;506;0;159;0;0;159;0;2;6;1;9;150;93;57;
102900083;50;26;0;52;5;24;5;0;24;0;0;0;0;0;24;21;3;
102900084;150;76;5;145;0;69;0;0;69;5;0;0;0;5;64;49;15;
102900085;170;88;0;157;6;82;6;0;82;0;2;3;0;5;77;56;21;
102900086;120;73;0;127;0;47;0;0;47;1;2;0;0;3;44;31;13;
102900087;650;370;1;637;2;279;2;0;279;0;0;11;0;11;268;209;59;
102900088;900;565;0;854;0;335;0;0;335;1;3;0;0;4;331;228;103;
102900089;140;84;0;124;6;56;6;0;56;0;0;7;0;7;49;31;18;
102900090;650;431;3;596;5;216;5;0;216;2;12;0;1;15;201;156;45;
102900091;881;589;1;846;0;291;0;0;291;1;2;0;0;3;288;219;69;
102900092;122;50;1;134;0;71;0;0;71;0;0;0;0;0;71;65;6;
102900093;795;507;1;734;2;287;2;0;287;11;0;0;0;11;276;207;69;
102900094;60;33;1;59;0;26;0;0;26;0;0;0;0;0;26;21;5;
102900095;35;13;1;38;0;21;0;0;21;0;0;0;0;0;21;16;5;
102900096;358;182;0;358;1;176;1;2;176;2;1;1;1;5;171;146;25;
102900097;117;55;0;61;1;62;1;0;62;2;0;0;0;2;60;44;16;
102900098;330;206;1;316;6;123;6;4;123;3;0;0;0;3;120;103;17;
102900099;125;45;0;118;3;80;3;0;80;1;1;1;0;3;77;58;19;
102900100;370;237;0;339;4;133;4;0;133;9;0;0;0;9;124;105;19;
102900101;186;106;0;185;0;80;0;5;80;3;1;0;0;4;76;59;17;
102900102;600;376;0;572;0;224;0;0;224;1;1;9;0;11;213;179;34;
102900103;134;55;1;119;8;78;8;0;78;0;0;1;0;1;77;64;13;
102900104;500;271;0;494;2;229;2;0;229;1;2;1;0;4;225;181;44;
102900105;300;148;1;272;3;151;3;0;151;0;1;0;0;1;150;124;26;
102900106;800;474;2;731;1;324;1;6;324;0;2;0;0;2;322;228;94;
102900107;113;16;3;147;0;94;0;0;94;0;1;0;0;1;93;80;13;
102900108;50;19;0;45;4;31;4;3;31;0;1;0;0;1;30;21;9;
102900109;60;14;0;67;2;46;2;6;46;3;0;0;0;3;43;36;7;
102900110;650;403;0;633;6;247;6;0;247;2;1;0;0;3;244;183;61;
102900111;180;73;0;184;1;107;1;0;107;0;2;1;0;3;104;78;26;
102900112;416;142;1;445;0;273;0;4;273;0;7;1;0;8;265;231;34;
102900113;133;56;1;120;4;76;4;4;76;6;0;0;0;6;70;65;5;
102900114;50;27;0;41;7;23;7;0;23;1;0;0;0;1;22;21;1;
102900115;56;3;2;61;5;51;5;0;51;3;1;0;0;4;47;41;6;
102900116;100;55;1;98;0;44;0;0;44;1;0;2;0;3;41;30;11;
102900117;100;61;1;86;8;38;8;7;38;0;0;0;0;0;38;26;12;
102900118;102;40;1;33;35;61;35;3;61;1;1;1;0;3;58;45;13;
103100001;560;300;1;547;0;259;0;1;259;2;2;0;0;4;255;224;31;
103100002;80;37;1;79;0;42;0;0;42;0;0;0;0;0;42;39;3;
103100003;205;111;1;202;2;93;2;3;93;0;2;2;0;4;89;76;13;
103100004;85;15;2;84;0;68;0;2;68;0;0;0;0;0;68;64;4;
103100005;190;102;0;186;7;88;7;5;88;1;4;0;0;5;83;68;15;
103100006;190;106;1;185;2;83;2;2;83;4;1;0;0;5;78;61;17;
103100007;100;41;0;103;2;59;2;0;59;5;0;0;0;5;54;33;21;
103100008;100;39;0;93;3;61;3;0;61;0;1;0;0;1;60;51;9;
103100009;120;43;0;115;0;77;0;2;77;2;0;0;0;2;75;69;6;
103100010;125;53;0;120;0;72;0;5;72;4;0;0;0;4;68;65;3;
103100011;55;18;0;51;1;37;1;0;37;1;0;0;0;1;36;33;3;
103100012;570;325;1;567;1;244;1;0;244;2;2;0;0;4;240;181;59;
103100013;125;49;1;125;3;75;3;0;75;3;0;2;0;5;70;41;29;
103100014;70;23;1;63;0;46;0;0;46;0;0;1;0;1;45;44;1;
103100015;155;84;1;151;0;70;0;2;70;2;6;0;0;8;62;40;22;
103100016;45;19;0;43;0;26;0;2;26;2;0;0;0;2;24;19;5;
103100017;165;95;1;162;4;69;4;4;69;0;0;1;0;1;68;52;16;
103100018;38;17;0;37;0;21;0;0;21;0;0;0;0;0;21;20;1;
103100019;66;36;0;66;0;30;0;0;30;0;0;0;0;0;30;25;5;
103100020;97;50;0;98;0;47;0;3;47;1;1;0;0;2;45;38;7;
103800001;600;375;2;626;0;223;0;2;223;2;1;9;0;12;211;167;44;
103800002;500;272;0;496;0;228;0;2;228;0;4;1;0;5;223;170;53;
103800003;650;397;1;672;2;252;2;0;252;2;2;2;0;6;246;166;80;
103800004;502;285;2;502;2;215;2;0;215;5;3;7;0;15;200;163;37;
103800005;230;123;1;240;2;106;2;5;106;3;1;1;0;5;101;79;22;
103800006;235;134;1;230;2;100;2;4;100;6;0;2;1;9;91;78;13;
103800007;50;20;1;42;1;29;1;5;29;2;1;0;0;3;26;23;3;
103800008;50;32;1;39;2;17;2;4;17;0;0;0;0;0;17;5;12;
104100001;491;379;1;490;0;111;0;0;111;1;0;0;0;1;110;92;18;
104100002;747;552;1;751;0;194;0;0;194;2;1;0;0;3;191;148;43;
104100003;802;526;0;801;0;276;0;0;276;0;3;13;0;16;260;218;42;
104100004;904;577;0;904;2;327;2;0;327;2;2;0;0;4;323;267;56;
104100005;946;590;5;949;0;351;0;0;351;19;6;0;1;26;325;261;64;
104100006;822;554;0;823;0;268;0;0;268;1;5;0;0;6;262;219;43;
104100007;939;578;1;940;3;360;3;0;360;0;4;0;0;4;356;292;64;
104100008;607;429;0;608;0;178;0;1;178;1;4;5;0;10;168;144;24;
104100009;496;362;0;499;0;134;0;0;134;1;2;0;0;3;131;102;29;
104800001;892;432;1;895;0;459;0;1;459;3;3;0;0;6;453;434;19;
104800002;740;546;1;740;0;193;0;0;193;0;0;9;0;9;184;145;39;
104800003;841;545;0;852;0;296;0;7;296;0;1;0;0;1;295;251;44;
104800004;727;485;0;727;1;242;1;0;242;2;0;0;0;2;240;202;38;
104800005;544;395;1;547;0;148;0;3;148;1;2;4;1;8;140;121;19;
104800006;678;487;0;682;2;191;2;3;191;1;0;1;0;2;189;161;28;
104800007;442;307;0;442;0;135;0;0;135;0;1;0;1;2;133;99;34;
104800008;472;294;1;472;0;177;0;0;177;1;0;1;0;2;175;135;40;
104800009;438;298;0;439;0;140;0;0;140;2;1;5;0;8;132;116;16;
104800010;699;455;0;702;3;244;3;0;244;0;4;3;0;7;237;196;41;
104800011;732;474;0;752;20;258;20;17;258;3;6;0;0;9;249;209;40;
104800012;487;316;0;487;0;171;0;1;171;0;3;0;0;3;168;147;21;
104800013;638;454;0;642;0;184;0;2;184;2;2;2;0;6;178;135;43;
104800014;429;230;1;433;0;198;0;4;198;2;2;0;0;4;194;149;45;
104800015;679;456;0;683;1;223;1;4;223;2;0;0;0;2;221;191;30;
104800016;652;459;0;653;0;193;0;0;193;0;2;0;0;2;191;167;24;
104800017;723;440;0;724;1;283;1;1;283;1;2;7;0;10;273;226;47;
104800018;704;450;0;716;0;254;0;5;254;0;10;0;0;10;244;185;59;
104800019;712;426;0;718;0;286;0;5;286;0;0;0;0;0;286;269;17;
104800020;895;619;0;900;0;276;0;0;276;0;2;0;0;2;274;237;37;
104800021;687;499;0;691;0;188;0;1;188;1;4;3;0;8;180;147;33;
104800022;888;653;0;890;2;235;2;0;235;2;4;0;0;6;229;190;39;
104800023;915;668;1;918;0;246;0;3;246;0;2;4;0;6;240;208;32;
104800024;933;693;0;938;1;240;1;5;240;0;3;0;0;3;237;187;50;
104800025;951;698;0;955;4;253;4;1;253;0;2;0;0;2;251;227;24;
104800026;794;600;1;796;0;193;0;0;193;0;1;0;0;1;192;153;39;
104800027;489;334;1;494;0;154;0;0;154;1;2;0;0;3;151;111;40;
104800028;670;443;0;670;0;227;0;0;227;1;0;0;0;1;226;198;28;
104800029;611;441;0;615;0;170;0;4;170;1;2;2;0;5;165;141;24;
104800030;771;523;0;770;0;248;0;1;248;2;0;1;0;3;245;217;28;
104800031;717;453;0;718;0;264;0;0;264;2;5;0;0;7;257;214;43;
104800032;611;425;0;612;0;186;0;0;186;3;4;1;1;9;177;150;27;
104800033;667;444;0;669;0;223;0;0;223;7;0;0;0;7;216;180;36;
104800034;880;632;0;883;0;248;0;0;248;2;0;0;0;2;246;212;34;
104800035;734;512;0;735;0;222;0;0;222;5;0;0;0;5;217;194;23;
104800036;711;523;0;714;4;188;4;0;188;0;3;0;0;3;185;143;42;
104800037;483;321;0;484;0;162;0;0;162;0;0;0;0;0;162;124;38;
104800038;756;504;0;755;1;252;1;1;252;3;1;2;0;6;246;213;33;
104800039;790;545;1;792;0;244;0;2;244;2;1;1;0;4;240;187;53;
104800040;783;531;1;787;4;251;4;1;251;2;1;0;0;3;248;187;61;
104800041;756;516;0;756;0;240;0;0;240;2;1;9;0;12;228;193;35;
104800042;812;577;0;816;0;235;0;4;235;1;2;0;0;3;232;195;37;
104800043;524;333;1;530;0;190;0;0;190;0;1;2;0;3;187;155;32;
104800044;627;394;2;634;0;231;0;0;231;2;3;8;0;13;218;174;44;
104800045;705;511;1;713;0;193;0;0;193;0;2;0;0;2;191;146;45;
104800046;785;525;0;789;0;260;0;4;260;2;4;0;0;6;254;239;15;
104800047;890;439;2;890;9;449;9;0;449;0;7;0;0;7;442;382;60;
104800048;567;431;1;568;2;135;2;0;135;3;0;0;0;3;132;101;31;
104800049;829;502;2;833;0;325;0;3;325;3;7;0;0;10;315;272;43;
104800050;540;383;0;547;7;157;7;0;157;0;2;4;0;6;151;110;41;
104800051;569;374;0;574;5;195;5;0;195;0;5;0;0;5;190;148;42;
104800052;60;25;0;52;4;35;4;5;35;0;1;0;0;1;34;25;9;
104800053;661;408;0;661;1;253;1;0;253;10;0;0;0;10;243;216;27;
104800054;720;446;0;724;0;274;0;2;274;0;5;0;0;5;269;228;41;
104800055;146;88;0;152;0;58;0;0;58;1;0;2;0;3;55;50;5;
104800056;153;62;0;157;4;91;4;0;91;0;1;0;0;1;90;79;11;
104800057;594;402;0;594;1;192;1;0;192;0;2;7;0;9;183;151;32;
104800058;563;407;0;563;1;156;1;0;156;3;7;0;0;10;146;120;26;
104800059;592;393;0;597;6;199;6;6;199;3;8;0;0;11;188;155;33;
104800060;387;198;0;386;0;189;0;0;189;3;2;4;0;9;180;131;49;
104800061;160;81;0;165;2;79;2;0;79;0;3;0;0;3;76;66;10;
104800062;70;32;0;55;6;38;6;0;38;1;0;0;0;1;37;31;6;
104800063;302;152;0;306;0;150;0;0;150;1;0;8;0;9;141;106;35;
104800064;70;9;0;66;3;61;3;7;61;0;0;0;0;0;61;55;6;
104800065;90;50;0;89;0;40;0;0;40;0;0;3;0;3;37;23;14;
104800066;162;60;0;162;0;102;0;3;102;1;1;3;0;5;97;85;12;
104800067;500;363;0;498;1;137;1;4;137;0;0;0;0;0;137;117;20;
104800068;530;423;0;530;0;107;0;0;107;0;5;0;0;5;102;84;18;
104800069;606;386;0;612;6;220;6;0;220;5;4;1;0;10;210;176;34;
104800070;587;323;0;594;0;264;0;0;264;2;5;0;0;7;257;235;22;
104800071;414;276;3;414;4;135;4;0;135;0;5;1;0;6;129;111;18;
104800073;40;28;0;29;2;12;2;2;12;0;0;0;0;0;12;8;4;
105000001;206;57;0;247;1;149;1;1;149;4;1;2;0;7;142;125;17;
105000002;50;9;1;46;3;40;3;3;40;0;0;0;0;0;40;39;1;
105000003;35;9;2;32;3;24;3;5;24;0;0;0;0;0;24;20;4;
105000004;80;42;0;74;0;38;0;0;38;1;0;0;0;1;37;34;3;
105000005;90;37;0;85;4;53;4;0;53;1;3;0;0;4;49;48;1;
105000006;32;7;1;29;2;24;2;0;24;2;0;0;0;2;22;13;9;
105000007;52;19;0;49;3;33;3;0;33;2;0;0;0;2;31;30;1;
105000008;55;16;0;51;1;39;1;2;39;0;0;0;0;0;39;39;0;
105000009;60;27;1;53;0;32;0;2;32;0;0;0;0;0;32;27;5;
105000010;50;18;1;47;1;31;1;0;31;0;1;0;0;1;30;25;5;
105000011;41;13;1;40;0;27;0;0;27;1;0;0;0;1;26;26;0;
110200001;850;493;3;833;2;354;2;0;354;10;1;0;0;11;343;214;129;
110200002;720;437;1;706;0;282;0;1;282;9;1;0;0;10;272;206;66;
110200003;610;387;1;592;2;222;2;2;222;1;5;0;0;6;216;159;57;
110200004;740;455;2;719;3;283;3;0;283;1;9;0;0;10;273;184;89;
110200005;90;39;1;74;3;50;3;3;50;0;0;3;0;3;47;32;15;
110200006;210;109;1;192;2;100;2;0;100;1;0;0;0;1;99;79;20;
110200007;100;52;1;83;0;47;0;0;47;0;0;0;0;0;47;34;13;
111700001;605;339;0;619;0;266;0;0;266;4;1;2;0;7;259;154;105;
111700002;538;280;0;552;0;258;0;0;258;7;0;0;3;10;248;157;91;
111700003;431;252;0;447;1;179;1;0;179;3;0;0;0;3;176;117;59;
111700004;470;265;0;488;1;205;1;0;205;0;0;0;0;0;205;185;20;
111700005;493;220;0;509;7;273;7;0;273;0;0;6;0;6;267;255;12;
111700006;618;204;3;622;0;411;0;0;411;7;1;2;0;10;401;369;32;
111700007;329;109;1;329;3;219;3;0;219;5;1;1;0;7;212;179;33;
111700008;116;47;2;118;0;67;0;2;67;0;0;0;0;0;67;53;14;
111800001;700;425;0;713;0;275;0;2;275;1;4;0;0;5;270;239;31;
111800002;750;472;4;740;0;274;0;0;274;0;3;5;0;8;266;206;60;
111800003;660;435;1;650;0;224;0;0;224;1;7;0;1;9;215;168;47;
111800004;750;471;0;742;0;279;0;9;279;2;2;1;0;5;274;207;67;
111800005;580;390;0;585;0;190;0;4;190;0;4;0;0;4;186;134;52;
111800006;900;584;1;908;9;315;9;0;315;0;7;0;0;7;308;239;69;
111800007;600;414;2;581;0;184;0;2;184;0;1;0;0;1;183;134;49;
111800008;700;509;1;686;0;190;0;4;190;2;2;0;0;4;186;136;50;
111800009;560;374;1;548;0;185;0;3;185;0;1;0;0;1;184;126;58;
111800010;450;273;1;456;0;176;0;3;176;1;1;0;0;2;174;138;36;
111800011;570;379;1;558;0;190;0;0;190;0;3;0;0;3;187;124;63;
111800012;540;344;1;573;1;195;1;2;195;2;4;4;0;10;185;128;57;
111800013;830;576;1;843;0;253;0;4;253;1;1;0;0;2;251;201;50;
111800014;670;466;0;678;1;204;1;1;204;1;1;0;0;2;202;152;50;
111800015;790;527;2;805;0;261;0;0;261;5;2;0;0;7;254;209;45;
111800016;680;422;1;680;1;257;1;6;257;0;1;2;0;3;254;168;86;
111800017;590;376;2;572;0;212;0;0;212;1;1;0;0;2;210;150;60;
111800018;660;410;0;650;0;250;0;0;250;1;2;0;0;3;247;186;61;
111800019;700;480;0;713;0;220;0;0;220;2;2;2;0;6;214;150;64;
111800020;830;556;2;838;1;272;1;0;272;0;1;0;0;1;271;201;70;
111800021;660;391;0;676;0;269;0;7;269;0;2;0;0;2;267;177;90;
111800022;589;387;0;582;0;202;0;1;202;2;5;0;0;7;195;145;50;
111800023;510;331;2;526;0;177;0;7;177;0;2;1;0;3;174;114;60;
111800024;640;432;1;649;0;207;0;4;207;3;0;0;0;3;204;149;55;
111800025;590;375;0;591;0;215;0;0;215;2;1;0;0;3;212;162;50;
111800026;870;579;0;876;0;291;0;2;291;2;4;0;0;6;285;212;73;
111800027;530;311;0;539;0;219;0;1;219;3;0;0;0;3;216;178;38;
111800028;640;421;1;646;0;218;0;5;218;1;3;2;0;6;212;143;69;
111800029;751;484;0;736;0;267;0;2;267;1;1;0;0;2;265;175;90;
111800030;767;538;0;771;0;229;0;2;229;4;0;0;0;4;225;150;75;
111800031;670;486;1;671;0;183;0;0;183;0;2;0;0;2;181;120;61;
111800032;680;394;1;689;0;285;0;0;285;0;8;0;0;8;277;190;87;
111800033;580;340;1;569;0;239;0;1;239;0;0;7;0;7;232;186;46;
111800034;440;278;1;441;0;161;0;8;161;0;0;0;0;0;161;135;26;
111800035;710;437;1;691;0;272;0;0;272;0;7;0;0;7;265;188;77;
111800036;610;420;1;582;0;189;0;0;189;2;4;5;0;11;178;128;50;
111800037;240;75;1;247;0;164;0;0;164;2;4;0;0;6;158;103;55;
111800038;680;294;2;680;4;384;4;0;384;3;1;0;0;4;380;325;55;
111800040;320;93;1;226;0;226;0;4;226;5;3;0;0;8;218;166;52;
111800041;320;127;0;324;0;193;0;7;193;0;0;10;0;10;183;137;46;
111800042;810;375;0;808;10;435;10;2;435;2;1;4;0;7;428;231;197;
111800044;730;386;0;733;4;344;4;0;344;0;4;0;0;4;340;230;110;
111800046;660;338;1;650;3;321;3;0;321;3;1;19;0;23;298;197;101;
111800048;590;265;2;601;18;323;18;0;323;0;5;0;0;5;318;283;35;
111800050;280;82;0;277;0;198;0;0;198;3;1;3;0;7;191;175;16;
111800051;200;47;1;193;0;152;0;3;152;5;1;0;0;6;146;136;10;
111800052;730;343;1;725;0;386;0;0;386;0;1;0;0;1;385;364;21;
111800054;200;61;0;188;2;139;2;1;139;1;0;0;0;1;138;127;11;
111800055;110;60;0;83;1;50;1;4;50;0;1;0;0;1;49;43;6;
111800056;60;21;2;41;1;37;1;2;37;1;0;0;0;1;36;36;0;
111800057;100;38;1;72;4;61;4;0;61;1;0;6;0;7;54;43;11;
111800058;240;118;0;233;0;122;0;5;122;4;0;0;0;4;118;90;28;
111800059;210;40;0;206;0;170;0;5;170;0;17;0;0;17;153;150;3;
111800060;110;78;0;76;0;32;0;7;32;0;0;0;0;0;32;29;3;
111800061;160;53;0;144;1;107;1;5;107;0;2;1;0;3;104;77;27;
111800062;170;58;0;149;3;112;3;2;112;1;0;0;0;1;111;101;10;
111800063;270;84;4;276;6;182;6;3;182;0;5;0;0;5;177;153;24;
111800064;250;121;0;242;11;129;11;7;129;0;1;0;0;1;128;93;35;
111800065;240;74;1;241;2;165;2;6;165;4;1;5;0;10;155;138;17;
111800066;170;32;0;161;3;138;3;0;138;1;3;0;0;4;134;123;11;
111800067;840;661;1;839;0;178;0;1;178;2;2;3;0;7;171;116;55;
111800068;710;518;3;708;0;189;0;2;189;1;2;0;0;3;186;140;46;
111800069;490;311;1;483;0;178;0;0;178;3;0;0;0;3;175;135;40;
111800070;790;535;1;781;0;254;0;7;254;1;2;5;0;8;246;176;70;
111800071;810;478;0;789;0;332;0;7;332;14;0;0;0;14;318;252;66;
111800072;610;347;0;608;9;263;9;0;263;2;3;7;0;12;251;224;27;
111800074;370;176;1;371;10;193;10;0;193;2;1;0;0;3;190;156;34;
111800075;310;125;1;311;3;184;3;4;184;2;1;2;0;5;179;169;10;
111800076;1020;460;0;1016;7;560;7;0;560;8;0;13;0;21;539;473;66;
111800078;260;114;0;254;0;146;0;4;146;0;7;0;0;7;139;121;18;
111800079;330;121;0;332;0;209;0;6;209;1;0;0;0;1;208;180;28;
111800080;320;159;1;314;4;160;4;0;160;3;0;2;0;5;155;120;35;
111800081;130;54;1;109;0;75;0;7;75;2;2;0;0;4;71;63;8;
111800082;700;466;3;701;0;231;0;4;231;0;0;5;0;5;226;172;54;
111800083;730;468;1;743;0;261;0;6;261;3;0;1;0;4;257;160;97;
111800084;610;433;1;617;0;176;0;5;176;3;1;0;0;4;172;123;49;
111800085;840;581;3;849;0;256;0;5;256;2;0;2;0;4;252;197;55;
111800086;630;478;0;634;0;152;0;5;152;2;4;0;0;6;146;110;36;
111800087;600;400;1;601;0;199;0;0;199;1;1;0;0;2;197;132;65;
111800088;480;333;1;486;0;146;0;0;146;0;0;0;0;0;146;117;29;
111800089;660;419;1;665;4;240;4;3;240;0;2;2;0;4;236;175;61;
111800090;460;304;2;462;0;154;0;5;154;1;0;2;0;3;151;106;45;
111800091;710;478;0;710;0;232;0;4;232;0;2;1;0;3;229;165;64;
111800092;670;411;0;669;0;259;0;3;259;6;2;0;0;8;251;161;90;
111800093;830;572;1;828;0;257;0;0;257;0;0;0;0;0;257;177;80;
111800094;660;459;3;640;0;198;0;4;198;2;3;1;0;6;192;135;57;
111800096;480;292;2;487;0;186;0;3;186;0;0;0;0;0;186;149;37;
111800097;130;76;0;114;0;54;0;0;54;0;3;0;0;3;51;47;4;
111800098;70;28;0;51;0;42;0;0;42;0;2;0;0;2;40;36;4;
111800099;440;275;1;439;0;164;0;6;164;0;1;0;0;1;163;125;38;
111800100;500;309;0;504;0;191;0;6;191;1;1;4;0;6;185;147;38;
111800101;640;425;0;639;0;215;0;0;215;2;0;3;0;5;210;160;50;
111800102;150;56;2;102;0;92;0;5;92;3;0;3;0;6;86;62;24;
111800103;110;17;1;100;0;92;0;7;92;2;1;3;0;6;86;57;29;
111800104;80;48;1;55;0;31;0;31;31;1;0;0;0;1;30;26;4;
111800105;50;17;0;37;0;33;0;7;33;1;0;0;0;1;32;26;6;
111900001;835;515;1;843;0;319;0;0;319;1;1;1;0;3;316;252;64;
111900002;695;406;2;700;0;287;0;0;287;0;0;0;0;0;287;202;85;
111900003;805;492;1;815;0;312;0;0;312;6;0;2;0;8;304;211;93;
111900004;625;379;1;629;0;245;0;0;245;0;2;0;0;2;243;184;59;
111900005;835;500;2;844;1;333;1;1;333;2;4;1;0;7;326;232;94;
111900006;815;526;0;828;0;289;0;0;289;2;2;0;0;4;285;214;71;
111900007;800;500;1;809;1;299;1;0;299;1;4;0;0;5;294;197;97;
111900008;610;290;1;617;0;319;0;0;319;7;1;0;0;8;311;296;15;
111900009;820;598;1;821;0;221;0;0;221;2;2;0;0;4;217;163;54;
111900010;650;355;1;666;0;294;0;0;294;1;1;0;0;2;292;288;4;
111900011;490;281;0;496;7;209;7;1;209;0;1;11;0;12;197;159;38;
111900012;320;138;1;328;3;181;3;2;181;1;1;1;0;3;178;130;48;
111900013;600;281;1;607;3;318;3;1;318;2;5;0;0;7;311;277;34;
111900014;420;208;1;430;0;211;0;5;211;1;0;0;0;1;210;173;37;
111900015;410;186;0;417;1;224;1;6;224;1;2;7;0;10;214;183;31;
111900016;160;57;1;163;0;102;0;0;102;1;1;3;0;5;97;77;20;
111900017;130;39;1;142;0;90;0;6;90;0;0;0;0;0;90;71;19;
111900018;650;366;1;660;3;283;3;0;283;2;2;6;0;10;273;206;67;
111900019;720;371;2;717;3;347;3;2;347;16;0;0;0;16;331;236;95;
111900020;640;391;2;643;2;247;2;0;247;1;1;1;0;3;244;189;55;
111900021;510;269;1;519;1;240;1;4;240;0;5;0;0;5;235;198;37;
111900022;690;407;2;693;0;281;0;0;281;2;2;11;0;15;266;242;24;
111900023;710;386;4;719;0;320;0;0;320;5;1;0;0;6;314;230;84;
111900024;670;351;1;673;2;318;2;3;318;6;2;14;0;22;296;264;32;
111900025;340;167;2;349;1;171;1;3;171;2;0;0;2;4;167;143;24;
111900026;50;19;0;31;0;31;0;0;31;0;0;0;0;0;31;26;5;
113300001;200;77;0;230;0;123;0;0;123;3;0;0;0;3;120;109;11;
113300002;400;199;0;444;0;201;0;2;201;0;2;0;0;2;199;157;42;
113300003;500;268;0;564;0;232;0;1;232;1;3;0;0;4;228;169;59;
113300004;200;52;2;241;2;146;2;0;146;4;2;1;0;7;139;86;53;
113300005;700;326;1;804;0;373;0;1;373;8;17;0;0;25;348;319;29;
113300006;550;283;1;651;0;266;0;0;266;0;2;19;0;21;245;224;21;
113300007;450;193;0;537;0;257;0;0;257;0;0;0;0;0;257;236;21;
113300008;550;326;1;617;0;223;0;0;223;1;0;1;0;2;221;191;30;
113300009;600;335;1;676;0;264;0;0;264;0;1;9;0;10;254;227;27;
113300010;400;143;0;457;0;257;0;2;257;7;0;0;0;7;250;210;40;
113300011;400;166;0;452;2;234;2;0;234;4;9;0;0;13;221;163;58;
113300012;65;40;0;71;2;25;2;0;25;1;0;0;0;1;24;22;2;
113300013;150;33;1;181;0;116;0;0;116;3;0;4;0;7;109;88;21;
113300014;140;48;1;156;3;91;3;2;91;1;1;2;0;4;87;73;14;
113300015;80;29;0;86;0;51;0;0;51;0;0;0;0;0;51;38;13;
113300016;500;308;0;571;0;192;0;0;192;0;0;0;0;0;192;165;27;
113300017;700;314;0;864;0;386;0;0;386;1;1;1;0;3;383;361;22;
113300018;150;38;2;167;0;110;0;0;110;3;1;0;0;4;106;69;37;
113300019;130;36;0;138;0;94;0;0;94;0;0;0;0;0;94;83;11;
113300020;500;242;1;597;0;257;0;2;257;0;2;0;0;2;255;164;91;
113300021;270;138;1;304;0;131;0;0;131;1;0;5;0;6;125;93;32;
113300022;200;120;1;210;0;79;0;3;79;0;4;0;0;4;75;43;32;
113300023;680;401;1;762;1;278;1;0;278;2;5;5;0;12;266;182;84;
113300024;500;304;0;587;0;196;0;0;196;2;4;0;0;6;190;132;58;
113300025;500;319;0;576;0;181;0;0;181;1;3;0;0;4;177;125;52;
113300026;700;385;2;806;0;313;0;0;313;1;4;10;0;15;298;215;83;
113300027;400;193;0;519;0;207;0;1;207;8;3;3;0;14;193;136;57;
113300028;700;387;2;782;2;311;2;0;311;1;5;0;0;6;305;189;116;
113300029;600;308;0;766;0;292;0;0;292;5;6;6;0;17;275;184;91;
113300030;400;241;1;452;0;158;0;3;158;1;1;0;0;2;156;107;49;
113300031;500;244;0;657;0;256;0;0;256;6;0;6;0;12;244;157;87;
113300032;700;373;0;796;0;327;0;0;327;0;3;9;0;12;315;261;54;
113300033;600;339;1;667;1;260;1;0;260;4;4;0;0;8;252;169;83;
113300034;498;226;1;602;0;271;0;2;271;7;3;0;0;10;261;177;84;
113300035;300;122;0;425;0;178;0;2;178;0;1;2;0;3;175;124;51;
113300036;400;200;1;464;0;199;0;6;199;0;0;5;0;5;194;144;50;
113300037;350;198;1;420;0;151;0;3;151;0;2;3;0;5;146;95;51;
113300038;270;113;1;305;0;156;0;0;156;3;4;0;0;7;149;85;64;
113300039;170;89;1;189;0;80;0;0;80;4;1;0;0;5;75;52;23;
113300040;160;48;1;184;0;111;0;0;111;4;1;1;0;6;105;65;40;
113300041;60;7;0;68;0;53;0;0;53;0;0;2;0;2;51;44;7;
113400001;531;321;0;594;8;210;8;4;210;0;1;8;0;9;201;118;83;
113400002;497;332;0;551;0;165;0;1;165;1;1;3;0;5;160;91;69;
113400003;534;357;1;591;0;176;0;0;176;1;0;3;0;4;172;106;66;
113400004;522;292;0;230;0;230;0;0;230;1;4;0;0;5;225;150;75;
113400005;720;451;2;803;0;267;0;2;267;2;1;0;0;3;264;192;72;
113400006;474;297;0;528;0;177;0;0;177;0;5;0;0;5;172;120;52;
113400007;549;391;1;609;0;157;0;1;157;1;1;0;0;2;155;108;47;
113400008;504;291;2;561;0;211;0;0;211;1;1;0;0;2;209;134;75;
113400009;270;176;1;299;0;93;0;3;93;1;1;0;0;2;91;63;28;
113400010;622;392;0;689;0;230;0;0;230;1;1;0;0;2;228;151;77;
113400011;347;225;1;391;0;121;0;0;121;0;1;0;0;1;120;79;41;
113400012;545;361;4;604;1;180;1;0;180;0;4;0;0;4;176;110;66;
113400013;525;327;2;591;0;196;0;6;196;1;0;0;0;1;195;137;58;
113400014;641;398;1;713;1;242;1;2;242;1;0;0;0;1;241;150;91;
113400015;700;436;0;777;0;264;0;2;264;0;3;0;0;3;261;174;87;
113400016;620;399;0;687;0;221;0;2;221;0;4;0;0;4;217;140;77;
113400017;496;333;0;551;0;163;0;0;163;3;3;0;0;6;157;114;43;
113400018;657;392;0;733;1;265;1;2;265;1;2;0;0;3;262;182;80;
113400019;598;395;2;670;0;201;0;4;201;1;1;3;0;5;196;126;70;
113400020;483;281;0;538;0;202;0;0;202;5;2;1;0;8;194;123;71;
113400021;765;462;1;858;6;302;6;5;302;0;5;2;0;7;295;176;119;
113400022;491;303;1;545;0;187;0;0;187;0;0;0;0;0;187;120;67;
113400023;412;269;0;465;0;143;0;7;143;0;0;0;0;0;143;100;43;
113400024;740;490;3;819;2;247;2;0;247;0;2;2;0;4;243;157;86;
113400025;396;276;0;444;5;120;5;0;120;1;0;0;0;1;119;88;31;
113400026;170;96;0;195;0;74;0;6;74;2;3;0;0;5;69;44;25;
113400027;116;58;0;139;0;58;0;4;58;1;0;0;0;1;57;41;16;
113400028;65;10;0;68;16;55;16;5;55;0;0;0;0;0;55;44;11;
113400029;29;12;1;40;0;16;0;7;16;0;0;0;0;0;16;12;4;
113400030;566;378;0;632;1;188;1;3;188;2;0;0;0;2;186;127;59;
113400032;221;132;0;224;0;89;0;3;89;1;1;0;0;2;87;73;14;
113400033;334;149;0;333;7;185;7;0;185;2;0;0;0;2;183;120;63;
113400034;232;115;0;232;0;117;0;0;117;0;1;0;0;1;116;62;54;
113400035;129;25;0;133;1;104;1;0;104;3;0;0;0;3;101;85;16;
113400037;112;30;2;119;1;80;1;7;80;4;0;0;0;4;76;65;11;
113400038;160;81;1;163;5;78;5;0;78;3;0;0;0;3;75;64;11;
113400039;325;179;0;329;0;146;0;2;146;1;1;0;0;2;144;102;42;
113400041;381;211;0;383;1;170;1;4;170;2;0;3;0;5;165;113;52;
113400043;148;79;1;147;0;68;0;1;68;2;1;2;0;5;63;46;17;
113400044;193;112;0;194;0;81;0;1;81;1;2;1;0;4;77;36;41;
113400045;281;161;0;281;0;120;0;0;120;0;0;0;0;0;120;79;41;
113400046;92;24;0;97;1;68;1;3;68;1;0;0;0;1;67;43;24;
113400047;248;103;0;251;3;145;3;3;145;0;1;2;0;3;142;100;42;
113400048;366;162;3;370;0;201;0;3;201;1;2;0;0;3;198;124;74;
113400050;867;548;1;868;0;318;0;0;318;2;1;0;0;3;315;180;135;
113400051;906;586;1;908;1;319;1;0;319;1;2;4;0;7;312;165;147;
113400052;371;213;2;371;0;156;0;2;156;0;3;1;0;4;152;77;75;
113400053;452;281;0;455;0;171;0;1;171;1;2;6;0;9;162;89;73;
113400054;74;21;1;76;2;52;2;3;52;1;0;0;0;1;51;40;11;
113400055;287;132;1;289;1;154;1;2;154;0;0;1;0;1;153;129;24;
113400056;389;198;0;391;0;191;0;0;191;0;0;0;0;0;191;170;21;
113400058;175;104;0;71;2;71;2;0;71;1;1;0;0;2;69;54;15;
113400059;399;194;1;356;7;204;7;0;204;4;1;0;0;5;199;159;40;
113400060;390;155;0;389;0;235;0;4;235;4;3;0;0;7;228;177;51;
113400061;242;105;0;244;2;137;2;0;137;1;2;0;0;3;134;119;15;
113400062;265;123;0;269;4;142;4;0;142;0;2;0;0;2;140;116;24;
113400063;248;110;3;249;0;135;0;1;135;0;0;0;1;1;134;125;9;
113400064;297;147;0;302;0;150;0;0;150;3;0;4;0;7;143;124;19;
113400065;489;204;0;495;6;285;6;0;285;2;0;2;0;4;281;264;17;
113400066;211;108;0;215;0;103;0;4;103;0;0;0;0;0;103;71;32;
113400067;267;112;1;267;0;154;0;0;154;3;9;2;0;14;140;105;35;
113400068;351;149;1;351;3;201;3;0;201;3;2;7;0;12;189;155;34;
113400069;504;316;0;565;1;188;1;0;188;0;2;0;0;2;186;121;65;
113400070;468;317;0;524;0;151;0;0;151;0;2;0;1;3;148;103;45;
113400071;666;437;0;740;0;229;0;1;229;2;0;0;0;2;227;158;69;
113400072;482;281;1;538;0;200;0;0;200;0;1;1;0;2;198;123;75;
113400073;576;393;1;640;0;182;0;0;182;0;1;0;0;1;181;102;79;
113400074;549;375;2;610;0;172;0;2;172;1;0;0;0;1;171;107;64;
113400075;457;314;1;506;0;142;0;0;142;0;0;0;0;0;142;89;53;
113400076;391;253;0;433;0;138;0;2;138;0;0;0;0;0;138;79;59;
113600001;895;467;0;897;2;428;2;0;428;3;5;10;0;18;410;361;49;
113600002;772;393;0;768;0;379;0;0;379;6;7;14;0;27;352;305;47;
113600003;531;274;0;531;7;257;7;5;257;4;3;0;0;7;250;200;50;
113600004;271;80;0;271;3;191;3;0;191;2;6;4;0;12;179;155;24;
113600005;366;160;0;368;2;206;2;0;206;3;1;2;0;6;200;165;35;
113600006;138;45;0;141;1;93;1;2;93;0;0;1;0;1;92;83;9;
113600007;107;14;1;111;0;92;0;2;92;0;1;2;0;3;89;74;15;
113600008;529;300;0;529;4;229;4;0;229;8;2;0;0;10;219;151;68;
113600009;561;323;0;563;2;238;2;0;238;3;8;1;0;12;226;184;42;
113600010;915;518;0;914;0;397;0;0;397;3;1;0;0;4;393;355;38;
113600011;132;32;0;137;1;100;1;3;100;0;0;4;0;4;96;65;31;
113600012;165;79;0;167;2;86;2;2;86;2;2;0;0;4;82;68;14;
113600013;233;100;0;240;7;133;7;2;133;0;0;3;0;3;130;119;11;
113600014;227;111;1;232;0;115;0;5;115;1;1;9;0;11;104;85;19;
113800001;600;303;0;749;1;297;1;0;297;1;1;7;0;9;288;179;109;
113800002;520;273;1;652;0;246;0;0;246;6;3;3;0;12;234;170;64;
113800003;600;233;1;746;0;366;0;0;366;7;10;0;0;17;349;222;127;
113800004;130;62;1;148;10;67;10;0;67;0;0;0;0;0;67;59;8;
113800005;70;37;1;76;0;32;0;0;32;0;0;0;0;0;32;21;11;
113800006;170;77;1;185;2;92;2;1;92;4;0;0;0;4;88;70;18;
113800007;540;176;0;609;0;364;0;0;364;12;1;11;0;24;340;306;34;
113800008;140;38;1;149;4;101;4;0;101;3;2;2;0;7;94;72;22;
113800009;420;188;2;451;0;230;0;1;230;2;3;2;0;7;223;168;55;
113800010;50;21;0;60;2;29;2;0;29;0;0;0;0;0;29;17;12;
113800011;550;279;2;618;1;269;1;0;269;3;3;8;0;14;255;222;33;
113800012;220;88;1;237;2;131;2;0;131;1;0;6;0;7;124;76;48;
113800013;190;74;1;215;0;115;0;1;115;0;1;1;0;2;113;92;21;
120200001;350;208;1;320;0;141;0;5;141;1;0;0;0;1;140;71;69;
120200002;750;499;1;734;0;250;0;0;250;3;1;0;0;4;246;169;77;
120200003;810;621;0;808;0;189;0;0;189;1;2;0;0;3;186;136;50;
120200004;600;381;3;216;0;216;0;5;216;1;7;0;0;8;208;148;60;
120200005;600;361;2;572;2;237;2;7;237;1;4;1;0;6;231;151;80;
120200006;650;421;0;648;0;229;0;0;229;3;0;0;0;3;226;150;76;
120200007;610;363;1;606;0;246;0;5;246;0;0;0;0;0;246;180;66;
120200008;770;523;1;758;0;246;0;2;246;0;0;0;0;0;246;166;80;
120200009;550;313;0;550;1;237;1;4;237;1;3;0;0;4;233;165;68;
120200010;500;340;0;471;4;160;4;0;160;0;0;2;0;2;158;125;33;
120200011;700;430;1;703;1;269;1;3;269;4;3;1;0;8;261;170;91;
120200012;700;447;1;684;0;252;0;5;252;1;2;0;0;3;249;186;63;
120200013;600;393;2;577;0;205;0;0;205;2;4;0;0;6;199;129;70;
120200014;600;377;1;564;0;222;0;0;222;0;0;1;0;1;221;160;61;
120200015;650;469;1;632;1;180;1;0;180;0;0;1;0;1;179;124;55;
120200016;800;552;1;799;1;247;1;0;247;0;2;1;0;3;244;177;67;
120200017;650;467;2;627;8;181;8;0;181;2;0;0;0;2;179;146;33;
120200018;1000;675;1;985;0;324;0;0;324;3;1;4;0;8;316;316;0;
120200019;1000;703;1;957;0;296;0;3;296;1;0;0;0;1;295;294;1;
120200020;200;80;0;204;3;120;3;6;120;2;0;0;0;2;118;96;22;
120200022;250;141;0;235;0;109;0;3;109;1;1;3;0;5;104;78;26;
120200023;150;48;1;136;2;101;2;0;101;0;0;0;0;0;101;73;28;
120200024;150;86;0;109;1;64;1;0;64;0;0;0;0;0;64;52;12;
120200025;100;55;0;89;0;45;0;0;45;0;0;2;0;2;43;36;7;
120200026;50;12;1;47;0;37;0;3;37;1;0;0;0;1;36;27;9;
120200027;100;52;0;68;1;48;1;2;48;1;0;1;0;2;46;40;6;
120200028;400;201;3;369;0;196;0;0;196;0;0;0;0;0;196;166;30;
120200029;149;58;1;149;0;90;0;4;90;1;1;0;0;2;88;66;22;
120200031;150;57;1;157;0;92;0;0;92;0;2;0;0;2;90;75;15;
120200032;100;64;2;34;0;34;0;3;34;0;0;0;1;1;33;28;5;
120200033;100;42;0;76;1;58;1;0;58;0;0;0;0;0;58;48;10;
120200034;100;50;1;88;2;49;2;3;49;2;0;0;0;2;47;41;6;
120200035;200;91;1;195;0;108;0;3;108;2;0;0;0;2;106;95;11;
120200036;750;550;1;720;0;199;0;0;199;0;2;1;0;3;196;149;47;
120200037;770;493;1;769;1;276;1;0;276;1;1;2;0;4;272;195;77;
120200039;300;129;1;298;0;170;0;0;170;0;0;0;0;0;170;141;29;
120200040;610;320;2;609;0;288;0;0;288;1;4;0;0;5;283;181;102;
120200041;670;328;1;667;0;341;0;0;341;1;4;0;0;5;336;246;90;
120200043;560;298;1;554;7;261;7;3;261;0;7;0;0;7;254;167;87;
120400001;730;395;1;687;0;334;0;0;334;3;0;0;0;3;331;290;41;
120400002;590;335;2;554;0;253;0;0;253;0;3;0;0;3;250;218;32;
120400003;240;127;2;221;2;111;2;0;111;0;1;0;0;1;110;94;16;
120400004;580;311;1;542;3;268;3;0;268;2;3;4;0;9;259;232;27;
120400005;630;359;1;587;3;270;3;0;270;0;2;7;0;9;261;225;36;
120400006;840;512;1;788;2;327;2;2;327;2;1;4;0;7;320;281;39;
120400007;770;394;1;724;4;375;4;2;375;2;2;0;1;5;370;251;119;
120400008;520;311;0;489;0;209;0;0;209;0;2;3;0;5;204;180;24;
120400009;410;241;1;385;3;168;3;2;168;3;5;0;0;8;160;120;40;
120400010;350;189;1;327;0;160;0;0;160;0;0;0;0;0;160;139;21;
120400011;120;54;1;111;0;65;0;4;65;0;0;1;0;1;64;51;13;
120400012;90;30;1;82;0;59;0;3;59;1;0;0;0;1;58;47;11;
120400013;290;131;2;271;4;157;4;3;157;1;3;0;0;4;153;123;30;
120400014;570;311;2;533;6;257;6;3;257;0;0;0;0;0;257;206;51;
120400015;600;332;1;554;1;267;1;0;267;1;1;0;0;2;265;251;14;
120400016;590;348;1;551;2;241;2;1;241;1;4;1;0;6;235;192;43;
120400017;790;424;0;751;3;366;3;0;366;1;4;10;0;15;351;295;56;
120400018;330;176;1;306;0;153;0;0;153;4;0;0;0;4;149;130;19;
120400019;60;13;1;58;0;46;0;7;46;3;0;3;0;6;40;34;6;
120700001;710;439;1;269;1;270;1;1;270;1;1;8;0;10;260;221;39;
120700002;550;315;1;541;0;234;0;0;234;1;2;1;0;4;230;212;18;
120700003;500;262;3;485;4;235;4;0;235;5;0;1;0;6;229;209;20;
120700004;80;24;0;74;5;56;5;2;56;0;0;0;0;0;56;40;16;
120700005;210;79;1;197;0;130;0;2;130;3;0;0;0;3;127;112;15;
120700006;140;82;1;126;1;57;1;2;57;0;0;1;0;1;56;53;3;
120700007;520;307;2;508;3;211;3;1;211;2;1;8;0;11;200;176;24;
120700008;410;235;1;386;0;174;0;0;174;1;0;3;0;4;170;156;14;
120700009;560;340;1;546;0;219;0;0;219;1;0;1;0;2;217;173;44;
120700010;620;342;1;602;0;277;0;0;277;0;1;0;0;1;276;241;35;
120700011;400;214;1;378;0;185;0;3;185;2;0;0;0;2;183;166;17;
120700012;200;94;0;194;1;106;1;0;106;0;0;3;0;3;103;90;13;
121100001;680;483;1;638;0;196;0;0;196;2;2;0;0;4;192;141;51;
121100002;720;434;1;679;2;285;2;0;285;4;1;5;0;10;275;188;87;
121100003;680;449;0;646;5;231;5;6;231;1;10;0;0;11;220;156;64;
121100004;820;532;1;780;1;287;1;0;287;0;0;3;0;3;284;226;58;
121100005;930;597;6;885;0;327;0;1;327;21;0;0;0;21;306;215;91;
121100006;60;14;1;50;0;45;0;9;45;3;0;0;0;3;42;34;8;
121100007;480;310;0;455;0;170;0;4;170;2;2;0;0;4;166;141;25;
121100008;610;374;1;569;2;235;2;1;235;3;3;2;0;8;227;186;41;
121100009;460;260;1;433;0;199;0;2;199;5;0;0;0;5;194;154;40;
121100010;170;79;0;147;0;91;0;0;91;0;2;1;0;3;88;66;22;
121100011;500;300;0;464;0;200;0;0;200;1;2;0;0;3;197;161;36;
121100012;370;224;1;346;0;145;0;0;145;3;1;2;0;6;139;127;12;
121100013;90;46;0;75;2;44;2;0;44;1;1;0;0;2;42;41;1;
121100014;330;195;1;300;0;134;0;0;134;0;1;0;0;1;133;100;33;
121100015;470;214;1;441;0;255;0;0;255;0;1;0;0;1;254;217;37;
121100016;520;298;0;490;1;222;1;0;222;0;0;0;0;0;222;168;54;
121100017;450;281;1;427;1;168;1;0;168;0;6;0;0;6;162;143;19;
121100018;290;168;1;267;0;121;0;2;121;0;1;1;0;2;119;97;22;
121100019;660;323;2;640;0;335;0;3;335;0;2;0;0;2;333;330;3;
121100020;440;122;3;414;0;315;0;2;315;0;0;0;0;0;315;315;0;
121100021;270;142;1;243;3;127;3;0;127;1;4;0;0;5;122;88;34;
121200001;765;479;0;707;1;286;1;0;286;0;1;4;0;5;281;157;124;
121200002;970;608;2;888;2;360;2;0;360;2;0;3;0;5;355;326;29;
121200003;671;441;1;620;0;229;0;0;229;1;3;0;0;4;225;146;79;
121200004;906;565;1;832;0;340;0;0;340;1;3;2;0;6;334;213;121;
121200005;840;535;0;771;1;305;1;0;305;2;3;8;0;13;292;211;81;
121200006;650;413;1;603;1;236;1;1;236;3;1;1;0;5;231;169;62;
121200007;510;339;1;472;3;170;3;0;170;1;4;0;0;5;165;117;48;
121200008;573;364;1;531;0;208;0;0;208;1;0;0;0;1;207;143;64;
121200009;400;230;0;375;1;170;1;2;170;1;1;5;0;7;163;124;39;
121200010;100;24;1;95;6;75;6;2;75;1;0;0;0;1;74;62;12;
121200011;70;21;0;69;1;49;1;0;49;3;3;1;0;7;42;34;8;
121200012;424;250;0;401;8;174;8;0;174;2;5;0;0;7;167;134;33;
121200013;350;156;0;325;2;194;2;0;194;3;0;9;0;12;182;122;60;
121200014;63;24;1;66;0;38;0;6;38;2;0;0;0;2;36;33;3;
121200015;324;178;1;299;0;145;0;0;145;0;0;0;0;0;145;123;22;
121200016;284;142;1;266;0;141;0;0;141;0;1;0;0;1;140;119;21;
121400001;90;57;0;83;1;33;1;0;33;2;0;1;0;3;30;24;6;
121400002;250;107;1;246;2;142;2;2;142;1;3;0;0;4;138;120;18;
121400003;450;225;0;441;1;225;1;3;225;0;2;0;0;2;223;189;34;
121400004;90;38;1;83;0;51;0;2;51;3;0;0;1;4;47;42;5;
121400005;500;242;0;476;0;258;0;0;258;1;2;1;0;4;254;212;42;
121400006;140;63;1;139;3;76;3;6;76;1;0;0;0;1;75;65;10;
121400007;200;88;0;197;2;112;2;0;112;1;1;0;0;2;110;94;16;
121400008;60;25;1;54;0;34;0;0;34;1;0;0;0;1;33;29;4;
121400009;150;60;1;144;0;89;0;0;89;0;2;0;0;2;87;63;24;
121400010;270;105;2;267;0;163;0;0;163;1;3;0;0;4;159;106;53;
121400011;370;181;1;360;0;188;0;0;188;1;1;4;0;6;182;118;64;
121400012;170;69;0;160;2;101;2;0;101;0;5;0;0;5;96;85;11;
121400014;100;47;1;91;0;52;0;0;52;0;0;0;0;0;52;44;8;
122400001;800;533;2;727;3;265;3;0;265;3;5;5;0;13;252;164;88;
122400002;700;441;0;686;0;259;0;0;259;0;2;0;0;2;257;193;64;
122400003;700;494;2;684;0;204;0;2;204;0;3;4;0;7;197;148;49;
122400004;450;342;1;437;0;107;0;1;107;0;1;0;0;1;106;68;38;
122400005;550;344;1;516;0;205;0;0;205;1;2;0;0;3;202;154;48;
122400006;550;392;1;539;0;157;0;0;157;0;0;0;0;0;157;113;44;
122400007;750;514;2;695;0;234;0;0;234;1;6;0;2;9;225;138;87;
122400008;750;500;1;682;0;249;0;0;249;2;0;2;0;4;245;166;79;
122400009;700;467;0;597;2;233;2;1;233;0;0;0;0;0;233;151;82;
122400010;600;425;1;571;1;174;1;0;174;2;0;0;0;2;172;121;51;
122400011;800;514;0;750;3;286;3;2;286;0;1;0;0;1;285;192;93;
122400012;700;488;2;688;0;210;0;2;210;0;0;0;0;0;210;139;71;
122400013;550;364;1;493;7;185;7;0;185;2;0;0;0;2;183;121;62;
122400014;750;487;2;720;3;261;3;0;261;0;1;0;0;1;260;179;81;
122400015;800;571;1;764;0;228;0;0;228;0;1;2;0;3;225;154;71;
122400016;750;486;2;720;1;262;1;0;262;5;8;1;0;14;248;181;67;
122400017;650;415;0;603;6;235;6;0;235;0;2;0;0;2;233;231;2;
122400018;700;418;2;648;0;280;0;0;280;1;1;11;0;13;267;257;10;
122400019;700;509;1;570;0;190;0;0;190;4;0;6;0;10;180;137;43;
122400020;800;565;1;736;0;234;0;5;234;1;1;0;0;2;232;156;76;
122400021;700;530;0;614;0;170;0;0;170;0;0;1;0;1;169;117;52;
122400022;600;420;0;544;4;180;4;0;180;0;0;0;0;0;180;122;58;
122400023;660;413;0;604;0;247;0;0;247;0;1;6;0;7;240;178;62;
122400024;700;477;2;644;0;221;0;0;221;0;0;0;0;0;221;173;48;
122400025;650;471;1;621;0;178;0;0;178;0;4;0;0;4;174;130;44;
122400026;600;457;3;584;12;140;12;7;140;0;0;0;0;0;140;98;42;
122400027;738;509;1;746;0;228;0;8;228;0;1;0;0;1;227;182;45;
122400028;600;440;1;510;1;159;1;0;159;1;3;4;0;8;151;137;14;
122400029;550;386;2;543;0;162;0;0;162;0;0;1;1;2;160;128;32;
122400030;700;475;2;647;0;223;0;0;223;1;2;5;0;8;215;130;85;
122400031;750;554;3;718;5;193;5;5;193;7;0;0;0;7;186;162;24;
122400032;550;445;1;538;0;104;0;9;104;2;1;1;0;4;100;96;4;
122400033;450;300;1;430;0;149;0;6;149;2;2;2;0;6;143;137;6;
122400034;400;208;1;355;0;191;0;2;191;1;0;6;0;7;184;173;11;
122400035;270;138;1;254;3;131;3;4;131;1;1;0;0;2;129;99;30;
122400036;600;400;1;541;1;199;1;1;199;2;1;3;0;6;193;148;45;
122400037;450;292;1;397;1;157;1;0;157;0;2;4;1;7;150;107;43;
122400038;400;261;1;361;1;138;1;0;138;2;0;0;0;2;136;104;32;
122400039;600;387;0;549;0;213;0;0;213;0;5;0;0;5;208;172;36;
122400040;700;428;1;697;0;271;0;0;271;0;0;7;0;7;264;237;27;
122400041;600;415;0;544;2;185;2;4;185;0;0;0;0;0;185;153;32;
122400042;220;122;0;206;1;98;1;0;98;2;0;0;0;2;96;79;17;
122400043;249;117;1;231;8;131;8;0;131;2;3;0;0;5;126;107;19;
122400044;100;43;1;97;1;56;1;0;56;0;0;0;0;0;56;46;10;
122400045;650;403;2;615;0;245;0;3;245;2;4;0;0;6;239;194;45;
122400046;500;333;2;464;1;165;1;2;165;0;2;4;0;6;159;128;31;
122400047;400;227;1;169;3;172;3;0;172;2;0;1;0;3;169;157;12;
122400048;50;17;1;32;0;32;0;7;32;2;0;0;0;2;30;18;12;
122400049;50;15;1;46;0;34;0;0;34;0;1;0;0;1;33;25;8;
122400050;500;336;1;490;0;163;0;3;163;2;1;0;0;3;160;158;2;
122400051;760;540;0;683;0;220;0;5;220;0;2;3;0;5;215;131;84;
122400052;530;363;1;470;0;166;0;1;166;1;0;5;0;6;160;139;21;
122600001;400;192;0;396;3;208;3;0;208;0;0;0;0;0;208;166;42;
122600002;140;61;0;144;2;79;2;2;79;0;0;1;0;1;78;64;14;
122600003;560;336;1;513;0;223;0;0;223;3;1;5;0;9;214;185;29;
122600005;700;414;0;565;0;286;0;1;286;2;4;2;0;8;278;237;41;
122600006;800;459;0;733;1;341;1;5;341;0;10;0;0;10;331;298;33;
122600007;532;240;1;476;2;291;2;0;291;2;4;3;2;11;280;230;50;
122600008;616;328;1;563;0;287;0;1;287;4;5;0;0;9;278;245;33;
122600009;652;376;0;596;1;276;1;0;276;1;2;2;0;5;271;244;27;
122900001;700;492;1;666;4;207;4;3;207;1;2;1;0;4;203;147;56;
122900002;700;428;1;664;0;271;0;3;271;2;0;0;0;2;269;181;88;
122900003;900;557;1;843;0;342;0;0;342;5;2;0;0;7;335;232;103;
122900004;900;561;1;895;2;338;2;0;338;3;5;0;0;8;330;234;96;
122900005;705;407;1;677;1;297;1;1;297;2;1;0;0;3;294;213;81;
122900006;900;620;1;858;0;279;0;4;279;1;0;3;0;4;275;211;64;
122900007;900;581;3;863;0;316;0;5;316;2;4;7;0;13;303;215;88;
122900008;700;466;1;693;0;233;0;3;233;2;2;0;0;4;229;168;61;
122900009;1000;739;1;946;0;260;0;0;260;0;6;4;0;10;250;186;64;
122900010;700;472;1;618;0;227;0;2;227;0;2;2;0;4;223;161;62;
122900011;750;445;0;749;0;305;0;0;305;14;0;0;0;14;291;224;67;
122900012;800;509;0;799;1;291;1;0;291;2;2;0;0;4;287;230;57;
122900013;750;497;1;739;1;252;1;0;252;4;2;0;0;6;246;190;56;
122900014;600;401;0;555;0;199;0;4;199;0;2;0;0;2;197;157;40;
122900015;900;630;1;876;0;269;0;4;269;2;0;0;0;2;267;207;60;
122900016;800;593;0;788;6;207;6;0;207;2;1;0;0;3;204;157;47;
122900017;900;614;1;846;0;285;0;0;285;1;2;1;0;4;281;223;58;
122900018;750;516;1;722;1;233;1;4;233;5;0;0;0;5;228;173;55;
122900019;750;519;0;705;0;231;0;1;231;1;2;3;0;6;225;174;51;
122900020;750;537;1;683;0;212;0;8;212;0;0;0;0;0;212;152;60;
122900021;600;368;1;597;1;231;1;10;231;2;0;0;0;2;229;169;60;
122900022;696;447;1;635;0;248;0;2;248;6;1;0;0;7;241;172;69;
122900023;694;504;1;678;0;189;0;0;189;2;0;0;0;2;187;126;61;
122900024;750;564;0;750;0;186;0;0;186;2;0;0;0;2;184;139;45;
122900025;1000;735;1;938;0;264;0;0;264;2;0;0;0;2;262;193;69;
122900026;1000;705;1;945;0;294;0;4;294;2;0;0;0;2;292;208;84;
122900027;900;618;1;859;0;281;0;0;281;0;2;3;0;5;276;207;69;
122900028;816;582;0;816;0;234;0;3;234;0;5;0;0;5;229;170;59;
122900029;750;546;1;733;0;203;0;0;203;0;1;1;0;2;201;162;39;
122900030;900;650;1;881;0;249;0;0;249;1;1;7;0;9;240;163;77;
122900031;770;537;0;780;0;233;0;10;233;3;2;0;0;5;228;164;64;
122900032;1100;802;1;1045;0;297;0;0;297;1;0;0;0;1;296;206;90;
122900033;1000;735;0;956;1;265;1;5;265;1;1;6;0;8;257;188;69;
122900034;900;651;1;828;0;248;0;0;248;0;0;4;0;4;244;167;77;
122900035;800;606;0;755;0;194;0;5;194;0;2;0;0;2;192;129;63;
122900036;800;588;0;768;0;212;0;6;212;0;1;1;0;2;210;140;70;
122900037;900;621;1;816;1;278;1;5;278;0;1;0;0;1;277;196;81;
122900038;750;508;2;672;0;240;0;0;240;0;4;1;0;5;235;168;67;
122900039;900;549;1;884;0;350;0;3;350;0;7;0;0;7;343;253;90;
122900040;800;499;3;780;0;298;0;0;298;1;2;1;0;4;294;224;70;
122900041;800;475;1;765;0;324;0;0;324;1;0;1;0;2;322;252;70;
122900042;600;402;1;588;0;197;0;0;197;0;0;5;0;5;192;147;45;
122900043;500;301;1;488;0;198;0;3;198;2;1;3;0;6;192;150;42;
122900044;700;458;0;609;0;242;0;7;242;1;0;0;0;1;241;160;81;
122900045;700;474;1;612;0;225;0;5;225;0;0;9;2;11;214;162;52;
122900046;900;449;25;873;0;426;0;1;426;1;1;0;0;2;424;419;5;
122900047;700;478;1;597;1;221;1;4;221;0;4;0;0;4;217;151;66;
122900048;700;522;0;600;0;178;0;3;178;0;6;0;0;6;172;118;54;
122900049;900;612;0;859;0;288;0;0;288;2;0;2;0;4;284;213;71;
122900050;900;675;2;793;0;223;0;2;223;5;1;0;3;9;214;146;68;
122900051;900;667;1;772;0;232;0;0;232;0;1;0;0;1;231;160;71;
122900052;750;600;1;664;0;149;0;0;149;0;1;0;0;1;148;102;46;
122900053;750;547;1;611;0;202;0;0;202;0;3;0;0;3;199;145;54;
122900054;750;458;0;699;0;292;0;0;292;3;2;0;0;5;287;194;93;
122900055;900;450;0;855;0;450;0;5;450;0;0;2;0;2;448;392;56;
122900056;900;485;1;781;0;414;0;0;414;3;0;1;0;4;410;408;2;
122900057;300;158;0;280;2;142;2;3;142;5;0;0;1;6;136;108;28;
122900058;500;256;1;239;4;243;4;0;243;2;3;0;1;6;237;204;33;
122900059;700;380;3;575;4;317;4;0;317;3;0;0;0;3;314;241;73;
122900060;500;269;1;496;1;230;1;6;230;3;0;0;1;4;226;165;61;
122900061;250;128;1;239;2;121;2;6;121;0;3;0;0;3;118;91;27;
122900062;400;225;1;322;2;174;2;0;174;4;0;0;0;4;170;150;20;
122900063;100;43;1;83;0;56;0;0;56;1;1;0;2;4;52;39;13;
122900064;500;278;1;418;3;221;3;8;221;2;0;0;0;2;219;194;25;
122900065;500;238;0;491;3;262;3;5;262;2;4;1;0;7;255;233;22;
122900066;250;176;1;152;3;73;3;5;73;5;0;0;0;5;68;58;10;
122900067;500;214;3;451;3;283;3;0;283;3;2;0;1;6;277;206;71;
122900068;600;318;1;576;4;281;4;0;281;0;3;0;0;3;278;237;41;
122900069;200;106;0;194;5;94;5;0;94;0;1;7;0;8;86;74;12;
122900070;245;108;0;209;0;137;0;1;137;0;2;0;0;2;135;108;27;
122900071;200;130;0;153;0;70;0;0;70;2;3;1;0;6;64;53;11;
122900072;300;144;0;290;0;156;0;1;156;3;1;0;0;4;152;122;30;
122900073;400;221;1;349;0;178;0;0;178;1;2;0;0;3;175;140;35;
122900074;400;220;1;365;0;179;0;4;179;0;5;0;0;5;174;125;49;
122900075;600;419;2;506;0;179;0;2;179;3;0;0;0;3;176;137;39;
122900076;600;414;0;508;0;186;0;0;186;1;0;5;0;6;180;117;63;
122900077;600;404;3;564;0;193;0;0;193;0;7;0;0;7;186;122;64;
122900078;600;311;1;582;4;288;4;0;288;1;1;0;0;2;286;231;55;
122900079;400;227;0;366;0;173;0;0;173;0;3;0;0;3;170;158;12;
122900080;250;110;1;247;1;139;1;2;139;1;6;0;0;7;132;103;29;
122900081;195;122;0;141;1;73;1;0;73;4;0;0;0;4;69;42;27;
122900082;100;61;1;54;0;38;0;0;38;0;2;0;0;2;36;31;5;
122900083;150;62;1;120;0;87;0;7;87;1;3;0;0;4;83;68;15;
123600001;700;442;1;670;2;257;2;0;257;2;4;3;0;9;248;131;117;
123600002;800;475;2;735;0;323;0;0;323;3;4;0;0;7;316;151;165;
123600003;650;352;1;619;0;297;0;1;297;4;5;1;0;10;287;153;134;
123600004;350;189;1;329;0;160;0;3;160;1;2;1;0;4;156;107;49;
123600005;370;183;1;346;0;186;0;2;186;0;2;0;0;2;184;126;58;
123600006;580;337;1;240;2;242;2;0;242;4;2;1;1;8;234;172;62;
123600007;230;100;1;215;0;129;0;1;129;0;0;0;0;0;129;114;15;
123600008;120;55;1;113;2;64;2;2;64;2;0;0;0;2;62;54;8;
123600009;270;121;2;253;1;147;1;1;147;1;0;0;0;1;146;120;26;
123600010;91;34;1;85;0;56;0;0;56;0;0;1;0;1;55;45;10;
123600011;140;55;1;133;3;84;3;0;84;0;0;0;0;0;84;77;7;
123600012;65;18;1;61;1;46;1;1;46;0;0;0;0;0;46;43;3;
123800001;400;190;1;370;4;209;4;1;209;6;1;0;0;7;202;177;25;
123800002;380;181;1;347;0;198;0;0;198;1;1;1;0;3;195;157;38;
123800003;540;293;1;513;1;246;1;2;246;1;5;0;0;6;240;202;38;
123800004;410;228;1;391;0;181;0;1;181;0;1;1;0;2;179;149;30;
123800005;480;233;2;456;2;245;2;1;245;1;3;0;0;4;241;233;8;
123800006;380;226;1;349;1;153;1;2;153;1;1;0;0;2;151;115;36;
123800007;650;334;1;621;5;315;5;0;315;0;9;1;0;10;305;269;36;
123800008;510;177;1;481;0;332;0;0;332;2;5;0;0;7;325;288;37;
123800009;450;149;1;437;5;300;5;0;300;2;2;0;0;4;296;267;29;
130300001;670;373;2;626;2;295;2;0;295;4;4;0;0;8;287;164;123;
130300002;560;289;2;535;1;269;1;0;269;0;1;0;0;1;268;144;124;
130300003;770;407;0;714;0;363;0;0;363;0;4;0;0;4;359;222;137;
130300004;766;378;0;726;0;388;0;0;388;1;3;1;0;5;383;261;122;
130300005;680;436;1;633;0;243;0;0;243;1;1;0;0;2;241;150;91;
130300006;650;144;0;637;0;506;0;4;506;1;1;0;0;2;504;500;4;
130300007;580;88;1;557;4;491;4;5;491;0;1;0;0;1;490;489;1;
130300008;640;109;0;616;5;531;5;1;531;0;0;7;0;7;524;521;3;
130300009;680;274;1;650;0;405;0;0;405;1;2;0;0;3;402;372;30;
130400001;601;330;1;601;1;270;1;0;270;1;1;0;0;2;268;204;64;
130400002;580;370;1;580;0;209;0;0;209;1;2;0;0;3;206;142;64;
130400003;826;517;2;826;0;307;0;0;307;2;3;4;0;9;298;209;89;
130400004;784;428;3;784;0;353;0;0;353;4;4;0;0;8;345;255;90;
130400005;577;381;1;577;0;195;0;0;195;6;0;0;0;6;189;109;80;
130400006;509;304;1;508;0;204;0;0;204;1;0;0;0;1;203;146;57;
130400007;506;314;2;504;0;190;0;0;190;1;1;0;0;2;188;138;50;
130400008;362;211;1;360;0;150;0;0;150;2;3;0;0;5;145;102;43;
130400009;479;292;2;479;2;185;2;0;185;1;4;0;0;5;180;131;49;
130400010;384;218;1;385;0;165;0;0;165;0;3;0;0;3;162;96;66;
130400011;550;293;2;551;0;255;0;0;255;2;8;0;0;10;245;122;123;
130400012;613;356;1;615;1;256;1;0;256;2;0;0;0;2;254;160;94;
130400013;627;407;1;626;0;219;0;0;219;1;2;0;0;3;216;147;69;
130400014;472;240;1;472;0;231;0;0;231;3;2;0;0;5;226;161;65;
130400015;357;218;1;357;0;138;0;0;138;0;1;0;0;1;137;93;44;
130400016;433;240;1;435;2;192;2;0;192;1;1;0;0;2;190;127;63;
130600001;912;519;2;892;0;391;0;0;391;3;3;6;0;12;379;247;132;
130600002;548;334;1;525;0;213;0;0;213;2;2;0;0;4;209;131;78;
130600003;613;367;1;591;3;245;3;0;245;0;3;0;0;3;242;148;94;
130600004;955;516;2;431;6;437;6;0;437;4;0;0;0;4;433;336;97;
130600005;748;465;1;728;4;282;4;0;282;2;5;0;0;7;275;172;103;
130600006;437;248;1;417;0;188;0;0;188;1;2;0;0;3;185;54;131;
130600007;405;209;3;385;0;193;0;3;193;3;1;3;0;7;186;76;110;
130600008;512;264;2;493;0;246;0;0;246;6;0;0;1;7;239;157;82;
130600009;620;382;0;605;2;238;2;0;238;5;1;3;0;9;229;170;59;
130600010;674;429;0;654;0;245;0;0;245;1;0;0;0;1;244;175;69;
130600011;599;320;1;581;1;278;1;0;278;0;4;2;0;6;272;151;121;
130600012;799;421;0;779;0;378;0;0;378;6;0;0;0;6;372;355;17;
130600013;483;298;0;483;0;185;0;0;185;5;4;0;0;9;176;95;81;
130600014;499;281;1;479;1;217;1;0;217;1;7;0;0;8;209;144;65;
130600016;100;46;1;87;0;53;0;0;53;1;0;0;0;1;52;33;19;
130800001;800;400;0;980;0;400;0;0;400;2;2;1;0;5;395;235;160;
130800002;800;472;3;909;0;325;0;3;325;0;0;0;0;0;325;223;102;
130800003;800;362;1;1001;0;437;0;1;437;0;2;0;0;2;435;286;149;
130800004;800;385;1;920;0;414;0;0;414;0;1;2;0;3;411;260;151;
130800005;800;362;0;959;0;438;0;4;438;0;6;3;0;9;429;311;118;
130800006;800;326;0;953;7;474;7;0;474;5;5;3;0;13;461;341;120;
130800007;700;318;0;840;0;382;0;0;382;0;6;0;0;6;376;241;135;
130800008;800;453;1;1022;0;346;0;0;346;0;2;0;0;2;344;340;4;
130800009;800;376;0;944;8;424;8;0;424;0;5;0;0;5;419;274;145;
130800010;798;432;3;954;6;363;6;3;363;3;6;0;0;9;354;227;127;
130800011;800;449;1;993;0;350;0;0;350;1;2;5;0;8;342;218;124;
130800012;700;361;2;876;1;337;1;0;337;3;6;0;0;9;328;224;104;
130800013;800;428;1;953;1;371;1;0;371;4;3;4;0;11;360;223;137;
130800014;800;424;3;921;2;373;2;2;373;7;5;0;0;12;361;237;124;
130800015;800;441;0;1004;1;359;1;0;359;0;3;0;0;3;356;247;109;
130800016;800;472;2;932;0;326;0;0;326;3;0;0;0;3;323;217;106;
130800017;800;402;2;950;0;396;0;0;396;0;4;5;4;13;383;255;128;
130800018;700;401;1;813;0;298;0;0;298;6;2;0;0;8;290;217;73;
130800019;700;336;3;878;0;361;0;0;361;3;0;0;0;3;358;242;116;
130800020;600;285;0;751;0;315;0;0;315;0;3;0;0;3;312;310;2;
130800021;800;441;0;926;0;359;0;0;359;1;1;0;0;2;357;253;104;
130800022;600;325;0;773;0;275;0;0;275;1;5;0;0;6;269;180;89;
130800023;50;15;0;39;0;35;0;0;35;0;0;0;0;0;35;20;15;
130800024;50;28;1;32;0;21;0;0;21;0;0;0;0;0;21;19;2;
130800025;70;0;0;73;6;70;6;0;70;0;1;0;0;1;69;53;16;
130800026;50;7;1;42;0;42;0;0;42;0;0;0;0;0;42;34;8;
130800027;50;16;1;38;0;33;0;0;33;0;0;0;0;0;33;26;7;
130800036;1000;621;1;1018;0;378;0;0;378;0;0;0;0;0;378;368;10;
130800037;800;505;1;295;0;294;0;0;294;9;0;0;0;9;285;273;12;
130800038;800;521;1;794;0;278;0;4;278;3;2;5;0;10;268;260;8;
130800039;900;559;1;912;0;340;0;2;340;1;1;11;0;13;327;318;9;
130800041;750;368;1;761;0;381;0;0;381;5;1;0;0;6;375;369;6;
130800042;200;58;0;225;0;142;0;0;142;0;0;0;0;0;142;139;3;
130800043;600;171;1;620;0;428;0;0;428;2;0;1;0;3;425;421;4;
130800044;850;309;1;873;0;540;0;0;540;0;3;1;0;4;536;525;11;
130800045;450;168;0;440;0;282;0;0;282;0;0;0;0;0;282;280;2;
130800046;850;321;0;837;0;529;0;5;529;0;0;6;0;6;523;518;5;
130800047;350;125;0;354;0;225;0;0;225;0;0;0;0;0;225;224;1;
130800048;150;70;1;129;4;79;4;0;79;0;0;1;0;1;78;75;3;
130800049;200;92;0;183;0;108;0;2;108;0;0;0;0;0;108;106;2;
130800050;150;25;0;150;2;125;2;0;125;2;0;0;0;2;123;122;1;
130800051;300;104;0;304;0;196;0;0;196;0;0;0;0;0;196;194;2;
130800052;160;54;0;168;0;106;0;3;106;0;0;0;0;0;106;104;2;
130800053;160;74;0;160;3;86;3;0;86;0;0;0;0;0;86;86;0;
130800054;150;46;1;143;0;103;0;5;103;0;0;0;0;0;103;101;2;
130800055;300;179;0;305;0;121;0;3;121;0;0;0;0;0;121;119;2;
130800056;1000;518;2;964;0;480;0;3;480;11;0;0;0;11;469;465;4;
130800058;45;12;2;43;0;31;0;3;31;0;0;0;0;0;31;29;2;
130800059;1000;438;2;994;0;560;0;1;560;0;0;2;0;2;558;557;1;
130800060;1100;267;0;1065;0;833;0;0;833;0;0;0;0;0;833;832;1;
130800061;850;346;0;847;3;504;3;0;504;0;0;0;0;0;504;500;4;
130800064;500;223;0;487;1;277;1;0;277;0;0;0;0;0;277;274;3;
130800065;600;342;0;553;0;258;0;0;258;2;1;0;0;3;255;252;3;
131400001;1030;551;0;803;7;479;7;3;479;8;4;11;0;23;456;419;37;
131400002;590;336;1;450;3;253;3;4;253;2;0;10;0;12;241;230;11;
131400003;970;586;2;847;1;382;1;4;382;2;1;0;0;3;379;342;37;
131400004;760;452;3;600;9;305;9;0;305;6;0;0;0;6;299;222;77;
131400005;719;412;0;557;2;307;2;0;307;2;3;0;0;5;302;212;90;
131400006;440;238;1;333;0;201;0;0;201;2;1;1;0;4;197;146;51;
131400007;1060;621;1;812;1;438;1;1;438;3;3;0;0;6;432;384;48;
131400008;380;275;1;284;0;104;0;6;104;2;2;0;0;4;100;76;24;
131400009;50;25;1;39;0;24;0;4;24;0;0;2;0;2;22;15;7;
131900001;600;386;0;599;2;214;2;0;214;0;4;0;0;4;210;125;85;
131900002;680;452;0;679;0;228;0;0;228;0;3;0;0;3;225;135;90;
131900003;690;429;1;693;0;260;0;2;260;1;2;2;0;5;255;170;85;
131900004;650;406;0;643;0;244;0;0;244;7;1;0;0;8;236;155;81;
131900005;680;370;0;673;0;310;0;0;310;0;12;0;0;12;298;206;92;
131900006;910;526;2;915;0;382;0;0;382;2;1;1;0;4;378;233;145;
131900007;900;539;1;894;3;360;3;0;360;1;2;2;0;5;355;257;98;
131900008;830;509;0;829;0;321;0;0;321;1;2;4;0;7;314;216;98;
131900009;790;485;0;782;0;305;0;0;305;2;4;6;0;12;293;190;103;
131900010;630;383;0;622;3;247;3;0;247;1;6;0;0;7;240;152;88;
131900011;810;488;0;805;0;322;0;0;322;1;5;1;0;7;315;223;92;
131900012;660;397;1;658;0;262;0;1;262;2;6;2;0;10;252;181;71;
131900013;590;359;1;586;0;230;0;0;230;0;3;0;0;3;227;149;78;
131900014;710;397;1;701;0;312;0;0;312;1;1;0;0;2;310;231;79;
131900015;840;520;2;840;0;318;0;1;318;4;0;0;0;4;314;225;89;
131900016;920;537;1;912;0;382;0;0;382;0;2;9;0;11;371;252;119;
131900017;756;500;1;756;1;255;1;0;255;1;2;2;0;5;250;177;73;
131900018;880;495;0;877;0;385;0;3;385;2;2;1;1;6;379;274;105;
131900019;660;394;0;658;1;266;1;0;266;8;4;0;0;12;254;164;90;
131900020;570;322;1;571;0;247;0;0;247;0;1;3;0;4;243;147;96;
131900021;880;518;1;874;0;361;0;0;361;8;0;0;0;8;353;227;126;
131900022;820;473;2;821;1;345;1;0;345;5;4;4;0;13;332;229;103;
131900023;791;513;2;750;6;276;6;0;276;1;1;1;0;3;273;216;57;
131900024;739;448;0;291;5;291;5;0;291;0;3;0;0;3;288;193;95;
131900025;850;555;2;844;0;293;0;3;293;2;2;2;0;6;287;179;108;
131900026;730;470;0;722;0;260;0;0;260;0;5;0;0;5;255;153;102;
131900027;680;459;1;678;0;220;0;0;220;0;0;3;0;3;217;147;70;
131900028;850;536;1;849;0;313;0;5;313;1;4;0;0;5;308;185;123;
131900029;720;405;0;714;1;315;1;0;315;3;17;0;0;20;295;187;108;
131900030;890;533;0;880;2;357;2;2;357;7;0;2;0;9;348;232;116;
131900031;870;510;0;871;0;360;0;0;360;4;1;0;0;5;355;229;126;
131900032;910;579;1;905;0;330;0;1;330;3;1;5;1;10;320;196;124;
131900033;690;400;2;689;0;288;0;2;288;8;5;0;0;13;275;189;86;
131900034;900;579;1;893;0;320;0;3;320;2;2;1;1;6;314;202;112;
131900035;810;545;1;804;0;264;0;2;264;2;0;6;0;8;256;164;92;
131900036;850;530;0;854;0;320;0;4;320;0;8;0;1;9;311;235;76;
131900037;860;475;1;851;0;384;0;0;384;0;1;0;1;2;382;300;82;
131900038;830;529;3;830;0;298;0;0;298;1;2;0;0;3;295;173;122;
131900039;600;352;1;598;0;247;0;6;247;3;4;1;0;8;239;148;91;
131900040;790;508;0;782;1;282;1;0;282;2;4;3;0;9;273;176;97;
131900041;680;467;0;680;0;213;0;0;213;0;0;0;0;0;213;137;76;
131900042;710;447;1;262;0;262;0;0;262;1;3;3;0;7;255;151;104;
131900043;859;355;5;889;0;499;0;5;499;1;1;2;0;4;495;492;3;
131900044;670;376;0;671;0;294;0;0;294;9;1;19;0;29;265;265;0;
131900045;650;379;4;652;0;267;0;0;267;1;2;0;0;3;264;176;88;
131900046;710;410;0;697;0;300;0;0;300;1;2;0;0;3;297;204;93;
131900047;850;517;0;842;0;333;0;0;333;0;10;0;0;10;323;200;123;
131900048;830;511;1;827;0;318;0;0;318;0;4;1;0;5;313;199;114;
131900049;560;363;1;552;0;196;0;0;196;0;2;1;0;3;193;131;62;
131900050;750;507;0;743;0;243;0;0;243;1;0;0;0;1;242;146;96;
131900051;600;424;1;588;0;175;0;0;175;1;1;5;0;7;168;133;35;
131900052;720;499;1;711;0;220;0;0;220;5;0;0;0;5;215;140;75;
131900053;840;412;5;831;2;423;2;0;423;5;0;24;0;29;394;385;9;
131900054;760;413;1;774;14;346;14;0;346;3;3;18;0;24;322;281;41;
131900055;620;402;0;618;0;218;0;0;218;3;0;0;0;3;215;150;65;
131900056;550;343;1;548;0;206;0;0;206;0;2;0;0;2;204;144;60;
131900057;840;549;0;840;0;291;0;4;291;4;0;0;0;4;287;194;93;
131900058;840;580;1;830;0;259;0;0;259;0;1;0;0;1;258;172;86;
131900059;790;504;2;784;0;284;0;0;284;1;0;0;0;1;283;187;96;
131900060;840;394;3;848;0;443;0;0;443;14;0;31;0;45;398;395;3;
131900061;820;429;6;819;4;385;4;0;385;46;0;0;0;46;339;332;7;
131900062;820;512;2;814;0;306;0;0;306;5;0;0;0;5;301;209;92;
131900063;540;326;1;544;0;213;0;5;213;0;0;0;0;0;213;162;51;
131900064;570;372;0;571;0;198;0;4;198;0;3;0;0;3;195;122;73;
131900065;860;613;1;867;0;246;0;6;246;1;0;0;0;1;245;138;107;
131900066;820;595;0;813;0;225;0;0;225;2;1;0;0;3;222;148;74;
131900067;780;532;1;785;6;247;6;0;247;0;4;0;0;4;243;144;99;
131900068;672;456;2;679;0;214;0;2;214;3;1;0;0;4;210;142;68;
131900069;805;547;0;809;1;258;1;0;258;3;1;0;0;4;254;159;95;
131900070;790;500;1;787;0;289;0;0;289;0;7;0;0;7;282;179;103;
131900071;680;412;0;268;0;268;0;0;268;0;2;0;0;2;266;176;90;
131900072;747;452;1;753;3;294;3;0;294;10;2;0;0;12;282;206;76;
131900073;640;428;0;212;0;212;0;0;212;1;2;0;0;3;209;146;63;
131900074;750;568;0;747;0;182;0;0;182;1;0;0;0;1;181;123;58;
131900075;730;465;0;735;0;265;0;6;265;0;1;0;0;1;264;185;79;
131900076;620;333;2;631;1;285;1;3;285;1;0;0;0;1;284;243;41;
131900077;800;419;3;808;0;378;0;2;378;2;1;3;0;6;372;368;4;
131900078;760;523;1;763;0;236;0;0;236;1;2;1;0;4;232;150;82;
131900079;580;376;2;579;0;202;0;0;202;2;3;0;0;5;197;126;71;
131900080;750;423;1;754;2;326;2;2;326;0;6;1;0;7;319;244;75;
131900081;840;511;0;832;0;329;0;0;329;2;1;1;0;4;325;239;86;
131900082;610;440;0;613;0;170;0;0;170;0;2;0;0;2;168;97;71;
131900083;800;393;1;809;19;406;19;0;406;5;1;7;0;13;393;390;3;
131900084;589;242;2;591;0;345;0;0;345;1;0;4;0;5;340;334;6;
131900085;800;402;0;806;0;398;0;0;398;1;12;0;0;13;385;384;1;
131900086;890;399;0;897;0;491;0;0;491;5;2;0;0;7;484;481;3;
131900087;640;467;1;642;0;172;0;0;172;1;2;0;0;3;169;102;67;
131900088;85;54;1;30;0;30;0;0;30;0;0;0;0;0;30;25;5;
131900089;150;106;0;152;13;44;13;1;44;0;1;1;0;2;42;28;14;
131900093;49;7;1;50;0;41;0;0;41;0;0;0;0;0;41;28;13;
131900094;60;4;1;58;0;55;0;7;55;0;4;0;0;4;51;39;12;
131900095;25;4;1;28;0;20;0;5;20;1;1;0;0;2;18;10;8;
131900151;630;262;4;640;1;364;1;0;364;1;2;2;0;5;359;335;24;
131900152;690;327;0;696;1;363;1;0;363;5;1;17;0;23;340;292;48;
131900153;660;406;2;657;1;252;1;0;252;1;0;0;0;1;251;190;61;
131900154;340;148;3;342;0;189;0;2;189;0;0;3;0;3;186;160;26;
131900155;790;474;2;787;0;314;0;3;314;2;0;0;0;2;312;216;96;
131900156;820;584;1;817;0;235;0;1;235;5;3;0;0;8;227;201;26;
131900157;930;516;3;916;0;411;0;0;411;5;3;0;0;8;403;353;50;
131900158;570;296;0;274;0;274;0;0;274;2;0;11;0;13;261;203;58;
131900159;570;313;2;565;1;255;1;0;255;0;0;11;0;11;244;161;83;
131900160;580;375;1;571;1;204;1;0;204;0;0;0;0;0;204;144;60;
131900161;580;391;0;576;0;189;0;0;189;0;0;2;0;2;187;114;73;
131900162;590;338;1;582;0;251;0;0;251;3;2;1;0;6;245;233;12;
131900163;780;337;1;780;1;442;1;0;442;4;3;13;1;21;421;221;200;
131900164;600;320;0;595;0;280;0;2;280;0;0;0;0;0;280;208;72;
131900165;520;297;0;515;0;223;0;1;223;2;2;2;0;6;217;135;82;
131900166;860;517;0;857;0;343;0;0;343;2;1;14;0;17;326;277;49;
131900167;830;613;1;820;0;216;0;0;216;1;3;0;0;4;212;141;71;
131900168;880;568;0;882;0;312;0;0;312;4;8;0;0;12;300;235;65;
131900169;650;397;1;652;0;252;0;0;252;0;0;14;0;14;238;156;82;
131900170;880;566;5;880;1;309;1;0;309;2;1;13;0;16;293;218;75;
131900171;370;204;1;370;0;165;0;2;165;0;0;3;0;3;162;118;44;
131900172;880;624;0;872;2;256;2;0;256;0;0;6;0;6;250;152;98;
131900173;830;552;1;824;0;277;0;1;277;0;0;7;0;7;270;158;112;
131900174;940;605;1;930;0;334;0;0;334;1;2;6;0;9;325;318;7;
131900175;850;607;0;847;0;243;0;2;243;0;2;0;0;2;241;144;97;
131900176;500;295;0;492;0;205;0;0;205;0;1;6;0;7;198;122;76;
131900177;730;446;0;722;2;284;2;0;284;3;5;3;0;11;273;201;72;
131900178;830;554;0;828;0;276;0;0;276;2;0;8;0;10;266;174;92;
131900179;670;423;2;659;3;245;3;0;245;0;0;6;0;6;239;163;76;
131900180;650;417;1;640;0;232;0;0;232;7;0;0;0;7;225;202;23;
131900181;630;405;1;622;2;224;2;0;224;0;0;1;0;1;223;144;79;
131900182;560;358;1;553;1;201;1;2;201;0;2;2;0;4;197;141;56;
131900183;550;281;1;544;1;268;1;0;268;0;8;0;0;8;260;185;75;
131900184;250;137;0;244;1;113;1;0;113;12;0;0;0;12;101;89;12;
131900185;880;469;1;877;0;410;0;0;410;4;6;0;0;10;400;269;131;
131900186;830;462;1;826;0;367;0;0;367;2;2;0;0;4;363;213;150;
131900187;940;514;2;930;1;424;1;0;424;1;1;17;0;19;405;254;151;
131900188;490;254;3;487;2;233;2;0;233;0;1;4;0;5;228;139;89;
131900189;670;402;0;664;0;268;0;0;268;2;1;0;0;3;265;219;46;
131900190;580;365;0;572;2;215;2;0;215;1;2;0;0;3;212;196;16;
131900191;880;483;0;874;1;397;1;0;397;1;1;17;0;19;378;237;141;
131900192;940;472;0;932;4;468;4;0;468;4;3;6;0;13;455;348;107;
131900193;830;383;0;825;0;447;0;0;447;5;2;0;0;7;440;336;104;
131900194;290;127;0;282;1;163;1;0;163;0;0;1;0;1;162;128;34;
131900195;510;317;0;508;1;193;1;0;193;0;9;0;0;9;184;89;95;
131900196;300;153;1;296;0;146;0;2;146;4;1;0;0;5;141;107;34;
131900197;950;504;3;948;4;443;4;0;443;0;0;1;0;1;442;292;150;
131900198;160;76;1;161;0;83;0;2;83;0;1;2;0;3;80;43;37;
131900200;530;285;1;528;0;244;0;2;244;1;2;0;0;3;241;209;32;
131900201;530;240;0;527;0;290;0;0;290;2;15;1;0;18;272;259;13;
131900202;519;298;1;514;2;220;2;0;220;3;1;3;0;7;213;151;62;
131900203;660;418;4;659;1;238;1;1;238;0;2;6;0;8;230;146;84;
131900204;840;443;1;838;0;396;0;0;396;2;4;0;0;6;390;313;77;
131900205;520;245;1;521;0;274;0;2;274;2;0;0;0;2;272;251;21;
132000001;800;513;0;851;0;287;0;0;287;4;1;12;0;17;270;195;75;
132000002;800;531;0;885;0;269;0;0;269;0;3;2;0;5;264;172;92;
132000003;700;384;0;750;1;316;1;0;316;3;4;2;0;9;307;213;94;
132000004;800;573;1;843;0;226;0;3;226;4;3;0;0;7;219;164;55;
132000005;700;426;2;777;0;272;0;0;272;1;1;3;0;5;267;203;64;
132000006;700;454;2;814;0;244;0;2;244;1;1;10;0;12;232;154;78;
132000007;800;483;3;839;0;314;0;0;314;1;4;2;0;7;307;264;43;
132000008;700;390;3;781;0;307;0;0;307;3;0;0;0;3;304;215;89;
132000009;700;407;3;785;0;290;0;0;290;2;4;1;0;7;283;197;86;
132000010;1000;688;1;969;0;311;0;0;311;4;2;2;0;8;303;194;109;
132000011;1000;574;1;1024;0;425;0;0;425;2;4;1;0;7;418;276;142;
132000013;1000;616;1;1033;0;383;0;0;383;2;3;3;0;8;375;294;81;
132000014;1000;655;1;994;0;344;0;0;344;2;6;2;0;10;334;262;72;
132000015;1000;625;1;920;5;374;5;3;374;0;5;0;0;5;369;297;72;
132000016;700;460;2;739;0;238;0;3;238;6;3;0;1;10;228;165;63;
132000017;1000;736;0;935;2;264;2;0;264;3;1;4;0;8;256;202;54;
132000018;800;529;0;838;0;271;0;1;271;1;3;3;0;7;264;199;65;
132000019;1000;668;1;1060;0;331;0;0;331;2;1;1;0;4;327;207;120;
132000020;50;28;1;26;0;21;0;0;21;2;0;0;0;2;19;15;4;
132000021;600;406;0;558;0;194;0;0;194;2;0;0;0;2;192;124;68;
132000025;800;467;0;758;4;333;4;1;333;6;1;8;0;15;318;219;99;
132000026;1200;734;0;1115;5;466;5;0;466;1;3;0;3;7;459;296;163;
132000028;1000;600;1;778;3;399;3;0;399;2;5;0;0;7;392;279;113;
132000030;700;346;0;659;5;354;5;0;354;1;0;0;0;1;353;280;73;
132000031;700;495;0;633;3;205;3;0;205;0;0;0;0;0;205;124;81;
132000032;700;521;0;606;0;179;0;0;179;0;0;0;0;0;179;98;81;
132000034;400;250;2;305;0;148;0;3;148;3;1;0;0;4;144;109;35;
132000036;600;335;0;598;2;265;2;0;265;10;13;0;0;23;242;206;36;
132000038;1000;601;0;981;2;399;2;0;399;0;3;0;0;3;396;298;98;
132000039;1000;647;0;936;0;353;0;0;353;2;10;0;0;12;341;266;75;
132100001;600;331;0;269;0;269;0;0;269;7;2;0;0;9;260;253;7;
132100002;700;408;1;721;0;291;0;9;291;3;4;0;0;7;284;278;6;
132100003;500;290;1;501;0;209;0;0;209;0;3;0;0;3;206;127;79;
132100004;800;456;1;831;0;343;0;0;343;1;1;8;0;10;333;223;110;
132100005;700;399;1;744;0;300;0;5;300;2;0;6;0;8;292;283;9;
132100006;750;486;4;765;0;260;0;0;260;18;0;4;0;22;238;233;5;
132100007;550;294;0;566;0;256;0;2;256;3;2;0;0;5;251;176;75;
132100008;600;239;2;641;0;359;0;0;359;4;3;7;0;14;345;300;45;
132100009;750;360;2;777;0;388;0;2;388;1;5;0;0;6;382;272;110;
132100010;550;268;2;559;0;280;0;0;280;5;5;1;0;11;269;170;99;
132100011;600;330;1;633;0;269;0;0;269;6;5;0;0;11;258;172;86;
132100012;600;301;1;645;0;298;0;0;298;2;8;0;0;10;288;186;102;
132100013;500;289;1;509;0;210;0;0;210;1;1;0;0;2;208;111;97;
132100014;600;333;1;617;2;266;2;0;266;3;1;0;0;4;262;176;86;
132100015;500;277;1;503;0;222;0;3;222;1;0;6;0;7;215;133;82;
132100016;600;301;1;626;0;298;0;0;298;2;0;0;0;2;296;198;98;
132100017;500;308;0;522;0;192;0;0;192;2;1;0;0;3;189;102;87;
132100018;700;432;1;685;0;267;0;0;267;8;2;0;0;10;257;157;100;
132100019;750;447;1;784;0;302;0;0;302;3;2;0;0;5;297;171;126;
132100020;800;449;2;813;0;349;0;1;349;2;0;5;0;7;342;233;109;
132100021;700;440;1;708;0;259;0;3;259;2;2;1;1;6;253;178;75;
132100022;400;216;2;435;0;182;0;1;182;0;2;0;0;2;180;131;49;
132100023;700;325;0;375;0;375;0;8;375;7;1;0;0;8;367;352;15;
132100024;50;21;1;41;0;28;0;5;28;0;0;0;0;0;28;23;5;
132100026;700;412;1;702;3;287;3;0;287;3;6;0;0;9;278;191;87;
132100027;550;302;1;582;0;247;0;0;247;4;3;0;0;7;240;161;79;
132100028;650;287;1;681;4;362;4;0;362;5;0;0;0;5;357;229;128;
132400001;900;586;1;834;0;313;0;0;313;7;0;0;0;7;306;160;146;
132400002;900;635;3;776;0;262;0;0;262;2;0;2;0;4;258;175;83;
132400003;900;601;1;766;0;298;0;0;298;2;0;4;0;6;292;168;124;
132400004;900;648;2;746;1;250;1;0;250;5;0;6;0;11;239;154;85;
132400005;900;647;2;833;3;251;3;0;251;3;0;12;0;15;236;202;34;
132400006;900;621;0;837;2;279;2;0;279;0;12;0;0;12;267;224;43;
132400007;1000;727;1;910;0;272;0;0;272;19;1;0;0;20;252;251;1;
132400008;1000;831;1;887;0;168;0;0;168;0;0;15;0;15;153;150;3;
132400009;800;574;0;703;0;226;0;0;226;1;0;0;0;1;225;219;6;
132400010;900;638;1;773;0;261;0;0;261;2;0;2;0;4;257;239;18;
132400011;1000;698;0;914;0;302;0;0;302;0;2;0;0;2;300;280;20;
132400012;1000;760;1;945;0;239;0;1;239;0;1;8;0;9;230;223;7;
132400013;900;657;2;756;0;241;0;0;241;0;4;0;0;4;237;180;57;
132400014;1000;777;3;866;0;220;0;0;220;0;3;0;0;3;217;188;29;
132400015;800;627;1;726;0;172;0;0;172;16;1;0;0;17;155;138;17;
132900001;684;292;0;693;0;392;0;0;392;1;1;4;0;6;386;363;23;
132900002;933;327;1;939;0;605;0;0;605;22;0;0;0;22;583;582;1;
132900003;751;478;0;756;2;273;2;2;273;0;3;0;0;3;270;132;138;
132900004;916;600;2;916;0;314;0;0;314;0;0;11;0;11;303;152;151;
132900005;901;531;1;902;3;369;3;0;369;0;3;14;1;18;351;242;109;
132900006;857;553;2;859;0;302;0;0;302;6;1;0;1;8;294;192;102;
132900007;904;530;1;905;0;373;0;0;373;5;1;7;0;13;360;282;78;
132900008;922;562;2;919;1;358;1;1;358;1;3;8;0;12;346;238;108;
132900009;732;349;2;733;0;381;0;0;381;1;6;0;1;8;373;300;73;
132900010;957;565;5;956;0;387;0;0;387;7;2;2;0;11;376;211;165;
132900011;826;476;2;826;1;348;1;0;348;1;3;1;0;5;343;197;146;
132900012;561;389;0;563;2;172;2;0;172;1;1;8;0;10;162;125;37;
132900013;662;411;0;659;2;251;2;0;251;5;0;2;0;7;244;163;81;
132900014;867;585;0;866;2;282;2;0;282;1;0;0;0;1;281;247;34;
132900015;729;435;1;732;0;293;0;0;293;1;3;9;0;13;280;198;82;
132900016;634;383;1;634;0;250;0;1;250;4;2;1;0;7;243;163;80;
132900017;722;477;2;719;0;243;0;0;243;2;0;6;0;8;235;159;76;
132900018;645;353;0;642;0;292;0;0;292;2;1;0;0;3;289;239;50;
132900019;675;368;0;676;1;307;1;0;307;5;15;0;0;20;287;234;53;
132900020;50;12;1;51;0;37;0;2;37;0;0;0;0;0;37;35;2;
132900021;604;238;0;606;5;366;5;0;366;4;0;8;0;12;354;293;61;
132900022;850;476;0;849;0;374;0;0;374;0;0;5;0;5;369;207;162;
132900023;972;214;6;972;0;752;0;0;752;4;1;1;0;6;746;740;6;
132900024;640;368;1;642;4;271;4;0;271;0;12;0;0;12;259;186;73;
132900025;595;278;2;600;1;315;1;0;315;7;2;2;0;11;304;247;57;
132900026;918;597;2;915;0;319;0;0;319;1;2;11;0;14;305;170;135;
132900027;838;521;0;843;1;317;1;0;317;4;0;5;0;9;308;214;94;
132900028;705;252;1;708;0;452;0;0;452;8;1;5;0;14;438;431;7;
132900029;760;464;3;763;1;293;1;3;293;8;1;1;0;10;283;219;64;
132900030;357;187;0;360;0;170;0;0;170;1;0;3;0;4;166;149;17;
133200001;800;477;1;746;0;322;0;2;322;0;0;0;0;0;322;270;52;
133200002;1100;687;2;996;1;411;1;0;411;0;1;0;0;1;410;363;47;
133200003;800;514;3;750;1;283;1;1;283;0;0;0;0;0;283;253;30;
133200004;700;431;0;657;1;269;1;3;269;2;2;0;0;4;265;215;50;
133200005;700;376;1;688;0;323;0;1;323;2;4;1;0;7;316;288;28;
133200006;200;75;1;187;5;124;5;3;124;0;1;0;0;1;123;96;27;
133200007;300;135;1;264;0;164;0;1;164;0;1;1;0;2;162;139;23;
133200008;200;104;0;183;1;96;1;0;96;2;0;1;0;3;93;80;13;
133200009;200;90;1;177;4;109;4;2;109;0;2;0;0;2;107;86;21;
140800001;800;453;0;817;2;347;2;0;347;3;1;1;0;5;342;283;59;
140800002;900;486;1;942;4;413;4;4;413;5;2;2;1;10;403;325;78;
140800003;900;502;1;886;2;397;2;2;397;1;4;0;0;5;392;323;69;
140800004;900;484;1;952;2;415;2;5;415;3;2;3;0;8;407;337;70;
140800006;50;26;1;33;1;23;1;6;23;1;0;0;0;1;22;22;0;
140800007;50;33;1;35;0;16;0;0;16;0;0;0;0;0;16;12;4;
140800008;180;104;1;128;0;75;0;0;75;0;1;0;0;1;74;69;5;
140800009;150;70;1;107;3;79;3;0;79;1;1;4;0;6;73;62;11;
140800010;100;39;1;80;4;60;4;0;60;1;0;0;1;2;58;56;2;
140800011;90;54;0;59;0;36;0;4;36;0;1;0;0;1;35;29;6;
140800012;170;72;0;138;0;98;0;0;98;0;0;0;0;0;98;82;16;
140800013;130;75;0;105;0;55;0;0;55;1;1;0;0;2;53;46;7;
140800014;140;66;1;104;0;73;0;6;73;1;0;0;0;1;72;63;9;
140800015;170;95;1;138;1;74;1;0;74;1;0;0;0;1;73;59;14;
140800016;100;56;0;74;1;44;1;6;44;1;1;2;0;4;40;29;11;
140800017;130;50;2;75;3;78;3;0;78;1;6;0;0;7;71;52;19;
140800018;60;36;0;30;0;24;0;3;24;0;0;0;0;0;24;22;2;
140800019;240;106;1;205;2;133;2;0;133;2;1;6;0;9;124;108;16;
140800020;340;144;0;302;1;196;1;1;196;4;0;0;0;4;192;164;28;
140800021;180;85;1;150;0;94;0;0;94;0;0;0;0;0;94;77;17;
140800022;90;54;0;63;0;36;0;0;36;0;0;0;0;0;36;30;6;
140800023;600;353;5;577;1;242;1;3;242;0;1;1;0;2;240;190;50;
140800024;250;114;0;215;0;136;0;0;136;0;0;0;0;0;136;122;14;
140800025;120;64;2;98;2;54;2;0;54;1;1;0;0;2;52;42;10;
140800026;300;176;1;252;0;123;0;0;123;0;0;0;0;0;123;99;24;
141900001;400;171;1;443;1;228;1;1;228;0;0;1;0;1;227;198;29;
141900002;600;290;1;692;0;309;0;3;309;11;2;0;0;13;296;236;60;
141900003;587;327;2;586;3;258;3;3;258;1;3;0;0;4;254;210;44;
141900004;120;60;1;104;3;59;3;6;59;0;0;0;0;0;59;38;21;
141900005;150;76;1;133;3;73;3;7;73;1;2;0;0;3;70;60;10;
141900006;130;50;1;144;8;79;8;2;79;0;2;0;0;2;77;69;8;
141900007;50;29;1;38;3;20;3;5;20;0;0;0;0;0;20;14;6;
141900008;100;52;1;73;4;47;4;2;47;0;0;0;0;0;47;34;13;
141900009;200;106;1;151;6;93;6;2;93;3;0;2;0;5;88;77;11;
141900010;100;60;1;76;0;39;0;4;39;1;1;0;0;2;37;34;3;
141900011;60;27;1;38;0;32;0;4;32;0;0;0;0;0;32;27;5;
141900012;100;58;1;59;0;41;0;5;41;0;0;0;0;0;41;26;15;
141900013;120;67;1;51;1;52;1;4;52;0;1;0;0;1;51;40;11;
141900014;200;115;1;155;1;84;1;2;84;2;0;0;0;2;82;71;11;
141900015;80;34;1;62;4;45;4;3;45;0;0;0;0;0;45;41;4;
141900016;60;29;1;39;0;30;0;2;30;0;1;0;0;1;29;18;11;
142200001;150;59;1;133;3;90;3;0;90;2;0;0;0;2;88;87;1;
142200002;150;51;1;124;1;98;1;1;98;3;0;0;0;3;95;79;16;
142200003;270;108;2;246;4;160;4;0;160;1;2;4;0;7;153;140;13;
142200004;269;90;2;253;3;177;3;0;177;5;1;4;0;10;167;137;30;
142200005;100;52;1;73;0;47;0;4;47;1;0;0;0;1;46;37;9;
142200006;221;88;1;197;4;132;4;0;132;1;1;1;0;3;129;94;35;
142200007;350;87;1;326;7;262;7;0;262;0;2;0;0;2;260;221;39;
142200008;220;98;1;194;2;121;2;1;121;0;0;0;0;0;121;111;10;
142200009;70;26;1;54;4;43;4;0;43;0;0;0;0;0;43;42;1;
143200001;600;399;1;586;0;200;0;0;200;0;0;0;0;0;200;174;26;
143200002;600;405;1;611;0;194;0;4;194;1;0;0;0;1;193;160;33;
143200003;800;492;1;883;0;307;0;0;307;1;3;0;0;4;303;218;85;
143200004;600;380;1;617;0;219;0;1;219;0;1;0;0;1;218;166;52;
143200005;600;396;1;575;0;203;0;4;203;3;0;0;0;3;200;160;40;
143200006;600;416;1;559;0;183;0;0;183;1;0;0;0;1;182;138;44;
143200007;600;364;1;611;1;235;1;0;235;5;0;0;0;5;230;174;56;
143200008;600;375;2;632;5;223;5;3;223;0;1;0;0;1;222;180;42;
143200009;600;348;1;738;0;251;0;0;251;0;5;1;0;6;245;200;45;
143200010;600;342;0;735;1;258;1;0;258;3;0;0;0;3;255;201;54;
143200011;600;345;3;624;0;252;0;0;252;3;0;0;0;3;249;215;34;
143200012;600;360;1;573;0;239;0;0;239;2;0;0;0;2;237;188;49;
143200013;800;497;1;848;0;302;0;0;302;3;0;0;0;3;299;235;64;
143200014;600;397;2;540;0;201;0;4;201;0;1;0;0;1;200;152;48;
143200015;600;373;2;632;0;225;0;4;225;2;7;0;1;10;215;181;34;
143200016;600;413;2;566;0;185;0;5;185;0;1;0;0;1;184;141;43;
143200017;600;373;1;651;0;226;0;0;226;2;1;0;0;3;223;194;29;
143200018;1000;668;1;926;0;331;0;0;331;5;0;0;0;5;326;273;53;
143200019;600;381;1;551;0;218;0;2;218;4;2;0;0;6;212;150;62;
143200020;600;365;1;647;0;234;0;1;234;5;1;0;0;6;228;170;58;
143200021;600;403;1;557;0;196;0;0;196;1;1;0;0;2;194;163;31;
143200022;600;380;1;689;0;219;0;0;219;0;0;0;0;0;219;165;54;
143200023;700;487;1;705;0;212;0;0;212;1;0;0;0;1;211;175;36;
143200024;600;397;1;574;0;202;0;0;202;0;0;0;0;0;202;167;35;
143200025;600;458;2;588;0;140;0;0;140;0;0;0;0;0;140;111;29;
143200026;700;461;1;729;0;238;0;0;238;2;2;0;0;4;234;179;55;
143200027;800;551;3;805;0;246;0;0;246;0;0;0;0;0;246;183;63;
143200028;700;474;1;704;0;225;0;4;225;2;0;0;0;2;223;178;45;
143200029;500;346;0;489;0;154;0;3;154;1;0;0;0;1;153;112;41;
143200030;500;384;1;469;0;115;0;3;115;0;2;0;0;2;113;88;25;
143200031;700;474;1;701;0;225;0;0;225;4;0;0;0;4;221;175;46;
143200032;500;297;3;652;0;200;0;7;200;1;2;0;1;4;196;154;42;
143200033;1000;678;1;1025;0;321;0;1;321;1;2;0;0;3;318;251;67;
143200034;1000;718;1;946;0;281;0;0;281;3;1;0;0;4;277;216;61;
143200035;600;376;1;537;0;223;0;2;223;1;0;1;0;2;221;177;44;
143200036;600;397;1;574;0;202;0;3;202;5;0;0;0;5;197;145;52;
143200037;500;305;2;462;0;193;0;0;193;1;0;0;0;1;192;149;43;
143200038;600;433;1;537;0;166;0;3;166;1;0;0;0;1;165;119;46;
143200039;700;470;1;653;0;229;0;3;229;0;2;0;0;2;227;170;57;
143200040;800;539;0;750;0;261;0;6;261;1;3;3;0;7;254;198;56;
143200041;600;397;1;613;0;202;0;0;202;1;1;1;0;3;199;148;51;
143200042;700;477;3;662;0;220;0;3;220;1;4;4;0;9;211;166;45;
143200043;700;481;1;710;0;218;0;7;218;3;0;0;0;3;215;185;30;
143200044;700;496;1;657;1;203;1;7;203;0;1;1;0;2;201;154;47;
143200045;800;499;1;842;0;300;0;1;300;0;2;0;0;2;298;223;75;
143200046;899;597;0;891;1;302;1;0;302;1;2;0;0;3;299;211;88;
143200047;700;449;0;634;2;251;2;0;251;1;2;8;1;12;239;167;72;
143200048;600;341;0;541;1;259;1;0;259;0;3;0;0;3;256;205;51;
143200049;900;538;2;848;5;360;5;3;360;3;5;3;0;11;349;231;118;
143200050;1000;623;2;954;2;375;2;0;375;0;6;0;0;6;369;251;118;
143200051;250;157;1;153;2;92;2;0;92;0;0;0;0;0;92;72;20;
143200052;60;22;1;37;0;37;0;8;37;0;0;0;0;0;37;33;4;
143200053;500;310;0;544;0;190;0;1;190;2;0;1;0;3;187;145;42;
143200054;700;437;1;704;0;262;0;0;262;0;3;1;0;4;258;206;52;
143200055;600;382;0;603;0;218;0;0;218;1;0;0;0;1;217;178;39;
143200056;700;479;0;673;0;221;0;0;221;1;1;0;0;2;219;167;52;
143200057;600;355;1;667;1;244;1;0;244;1;1;0;0;2;242;197;45;
143200058;600;404;0;594;0;196;0;0;196;0;4;0;0;4;192;152;40;
143200059;600;394;1;654;0;205;0;4;205;2;0;2;0;4;201;153;48;
143200060;600;422;1;635;0;177;0;3;177;1;2;0;0;3;174;135;39;
143200061;600;398;0;671;0;202;0;4;202;1;2;0;0;3;199;170;29;
143200062;900;508;1;908;0;391;0;8;391;4;2;0;0;6;385;354;31;
143200063;600;421;2;613;0;177;0;0;177;1;0;1;1;3;174;162;12;
143200064;800;426;2;888;0;372;0;0;372;0;0;0;0;0;372;334;38;
143200065;800;476;3;827;1;321;1;0;321;3;0;2;2;7;314;248;66;
143200066;900;586;2;918;0;312;0;0;312;2;0;0;0;2;310;240;70;
143200067;500;310;3;535;2;187;2;0;187;4;1;0;0;5;182;144;38;
143200068;800;463;1;847;2;336;2;0;336;0;2;1;2;5;331;272;59;
143200069;600;359;2;578;0;239;0;0;239;0;7;0;0;7;232;194;38;
143200070;800;431;0;890;0;369;0;2;369;0;8;1;0;9;360;296;64;
143200071;900;540;2;901;0;358;0;0;358;1;0;0;0;1;357;264;93;
143200072;800;443;1;782;0;356;0;3;356;1;6;0;0;7;349;329;20;
143200073;1000;583;5;996;0;412;0;0;412;2;3;2;0;7;405;311;94;
143200074;600;319;1;665;0;280;0;1;280;3;0;0;0;3;277;209;68;
143200075;600;333;1;580;0;266;0;8;266;2;3;0;0;5;261;218;43;
143200076;800;431;1;851;0;368;0;3;368;7;6;0;2;15;353;271;82;
143200077;600;318;1;686;1;281;1;6;281;1;3;0;0;4;277;203;74;
143200078;700;387;1;710;0;312;0;0;312;0;4;0;0;4;308;256;52;
143200079;600;392;1;527;2;207;2;0;207;0;2;0;0;2;205;160;45;
143200080;600;282;0;318;0;318;0;0;318;2;4;0;0;6;312;247;65;
143200081;600;307;1;688;2;292;2;0;292;5;2;0;0;7;285;231;54;
143200082;600;377;2;578;0;221;0;0;221;0;1;0;0;1;220;173;47;
143200083;700;434;1;750;0;265;0;0;265;1;3;0;0;4;261;188;73;
143200084;900;527;1;901;0;372;0;1;372;1;2;0;0;3;369;291;78;
143200085;600;369;5;644;0;226;0;0;226;4;1;0;2;7;219;156;63;
143200086;600;389;2;605;0;209;0;0;209;1;1;0;0;2;207;153;54;
143200087;600;383;0;628;0;217;0;0;217;2;0;6;0;8;209;164;45;
143200088;1000;619;1;956;0;380;0;0;380;3;1;1;0;5;375;277;98;
143200089;500;308;0;511;0;192;0;0;192;4;5;0;0;9;183;136;47;
143200090;600;364;0;649;0;236;0;0;236;1;13;0;0;14;222;175;47;
143200091;600;379;0;605;0;221;0;3;221;1;0;2;0;3;218;194;24;
143200092;900;562;2;932;0;336;0;0;336;0;2;4;0;6;330;265;65;
143200093;600;393;3;635;0;204;0;0;204;1;1;0;0;2;202;156;46;
143200094;800;475;6;841;0;319;0;0;319;2;0;0;0;2;317;259;58;
143200095;800;504;1;764;0;295;0;6;295;0;1;0;0;1;294;208;86;
143200096;800;548;3;744;0;249;0;2;249;0;1;1;0;2;247;200;47;
143200097;600;394;0;573;0;206;0;6;206;1;0;0;0;1;205;138;67;
143200098;700;438;0;709;1;262;1;0;262;4;0;0;0;4;258;201;57;
143200099;600;357;0;625;0;243;0;3;243;0;0;2;0;2;241;189;52;
143200100;600;413;1;563;0;186;0;0;186;1;1;1;0;3;183;145;38;
143200101;800;491;1;828;1;308;1;5;308;2;0;0;0;2;306;243;63;
143200102;600;420;0;500;1;180;1;0;180;1;3;3;0;7;173;152;21;
143200103;600;369;1;575;0;230;0;0;230;2;3;0;0;5;225;187;38;
143200104;800;600;2;564;1;198;1;0;198;0;1;0;0;1;197;167;30;
143200105;800;594;1;751;0;205;0;0;205;0;2;0;0;2;203;167;36;
143200106;800;568;1;762;0;231;0;3;231;3;0;0;0;3;228;184;44;
143200107;600;309;1;673;5;290;5;0;290;2;0;2;0;4;286;230;56;
143200108;600;398;0;573;0;202;0;0;202;0;0;0;0;0;202;154;48;
143200109;600;385;1;604;0;214;0;0;214;0;0;0;0;0;214;171;43;
143200110;1000;670;1;907;0;329;0;2;329;1;1;1;0;3;326;249;77;
143200111;600;405;1;570;0;194;0;0;194;0;1;5;0;6;188;152;36;
143200112;800;502;2;806;0;296;0;5;296;2;0;2;0;4;292;233;59;
143200113;600;391;1;560;0;208;0;0;208;1;1;3;0;5;203;179;24;
143200114;600;345;0;644;0;255;0;4;255;2;1;3;0;6;249;195;54;
143200115;800;446;0;816;1;354;1;8;354;1;5;4;0;10;344;284;60;
143200116;500;307;1;485;3;192;3;0;192;7;3;0;0;10;182;157;25;
143200117;900;514;1;885;1;385;1;0;385;0;1;0;1;2;383;315;68;
143200118;900;613;1;791;3;286;3;0;286;2;1;0;0;3;283;249;34;
143200119;1000;693;2;852;0;305;0;0;305;2;3;1;0;6;299;239;60;
143200120;1000;696;0;825;0;304;0;0;304;2;4;0;0;6;298;259;39;
143200121;900;529;0;815;0;371;0;3;371;6;4;7;0;17;354;311;43;
143200122;300;158;4;257;2;138;2;3;138;1;9;0;0;10;128;108;20;
143200123;600;425;1;381;1;174;1;0;174;1;1;0;0;2;172;145;27;
143200124;150;91;2;103;0;57;0;3;57;0;0;0;0;0;57;52;5;
143200125;50;21;1;43;1;28;1;0;28;0;1;0;0;1;27;17;10;
143200126;800;503;1;714;0;296;0;0;296;8;0;0;1;9;287;249;38;
143200127;800;512;0;699;0;288;0;1;288;1;8;0;0;9;279;228;51;
143200128;700;417;1;660;1;282;1;2;282;1;2;0;0;3;279;218;61;
143200129;350;203;1;292;0;146;0;1;146;0;1;0;0;1;145;130;15;
143200130;550;373;1;472;1;176;1;4;176;2;1;1;2;6;170;129;41;
143200131;550;312;1;456;0;237;0;2;237;2;1;0;0;3;234;169;65;
143200132;600;329;1;529;0;270;0;0;270;0;0;0;0;0;270;195;75;
143200133;150;90;1;93;1;59;1;5;59;1;2;0;0;3;56;38;18;
143200134;150;82;2;95;2;66;2;0;66;1;0;0;0;1;65;58;7;
143200135;150;64;0;141;0;86;0;6;86;1;0;0;0;1;85;77;8;
143200136;100;53;0;68;0;47;0;6;47;1;0;0;0;1;46;35;11;
143200137;100;49;1;61;0;50;0;8;50;0;0;1;0;1;49;44;5;
143200138;100;73;1;29;0;26;0;7;26;0;0;0;0;0;26;22;4;
143600001;600;375;1;598;0;224;0;7;224;0;4;0;0;4;220;151;69;
143600002;900;631;1;892;2;268;2;0;268;9;0;0;0;9;259;203;56;
143600003;800;550;3;820;1;247;1;0;247;3;4;0;0;7;240;178;62;
143600004;700;448;1;658;0;251;0;1;251;0;2;0;0;2;249;201;48;
143600005;600;407;1;618;1;192;1;5;192;1;6;0;0;7;185;149;36;
143600006;700;435;1;724;0;264;0;2;264;1;1;3;0;5;259;190;69;
143600007;1000;723;4;947;0;273;0;0;273;0;1;0;0;1;272;189;83;
143600008;600;354;1;608;0;245;0;0;245;1;0;2;0;3;242;204;38;
143600009;600;407;1;605;0;192;0;0;192;0;1;0;0;1;191;144;47;
143600010;700;505;1;704;0;194;0;0;194;2;0;0;0;2;192;159;33;
143600011;500;327;1;477;0;172;0;0;172;1;1;0;0;2;170;141;29;
143600012;800;517;1;812;0;282;0;0;282;0;1;0;0;1;281;253;28;
143600013;800;521;3;844;0;276;0;0;276;0;1;0;0;1;275;217;58;
143600014;700;488;1;710;0;211;0;0;211;0;0;6;0;6;205;173;32;
143600015;850;632;1;868;0;217;0;0;217;0;2;0;0;2;215;171;44;
143600016;450;324;1;439;0;125;0;1;125;0;1;0;0;1;124;98;26;
143600017;900;673;2;868;0;225;0;2;225;0;0;5;0;5;220;169;51;
143600018;600;345;0;640;0;255;0;0;255;0;2;2;0;4;251;181;70;
143600019;400;251;2;352;0;147;0;1;147;4;0;0;2;6;141;106;35;
143600020;500;285;1;438;1;214;1;4;214;2;0;0;0;2;212;163;49;
143600021;300;182;0;270;1;118;1;0;118;2;0;2;1;5;113;93;20;
143600022;500;339;1;394;7;160;7;3;160;1;1;0;0;2;158;130;28;
143600023;250;134;2;198;15;114;15;0;114;1;0;0;0;1;113;97;16;
143600024;350;193;3;267;4;154;4;0;154;3;4;0;0;7;147;123;24;
143600025;500;307;1;446;4;192;4;3;192;4;0;0;0;4;188;165;23;
143600026;200;121;2;164;0;77;0;0;77;2;0;0;0;2;75;65;10;
143600027;250;149;1;178;1;100;1;5;100;0;2;6;0;8;92;85;7;
143600028;150;76;1;111;4;73;4;3;73;3;0;0;0;3;70;51;19;
143600029;200;108;1;154;4;91;4;2;91;2;3;0;0;5;86;72;14;
143600030;100;65;0;69;0;35;0;5;35;0;0;0;0;0;35;21;14;
143600031;150;94;1;101;0;55;0;4;55;0;1;0;1;2;53;43;10;
143600032;400;235;0;313;1;165;1;5;165;0;2;0;0;2;163;123;40;
143600033;500;318;1;387;2;181;2;7;181;3;2;10;0;15;166;133;33;
143600034;100;75;1;56;3;24;3;0;24;0;0;0;0;0;24;24;0;
143600035;150;100;2;116;0;48;0;3;48;0;0;0;0;0;48;34;14;
143600036;300;221;2;228;0;77;0;5;77;0;0;2;0;2;75;41;34;
143600037;550;343;1;491;1;206;1;3;206;4;2;0;0;6;200;129;71;
143600038;150;79;1;105;3;70;3;5;70;1;0;3;0;4;66;55;11;
143600039;100;53;1;67;1;46;1;5;46;0;1;0;0;1;45;35;10;
143600040;100;60;1;78;1;39;1;0;39;2;0;0;0;2;37;31;6;
143600041;200;90;1;171;0;109;0;5;109;0;4;0;0;4;105;97;8;
143600042;253;165;1;199;2;87;2;5;87;3;0;0;0;3;84;77;7;
143600043;150;85;3;100;0;62;0;0;62;2;0;0;0;2;60;48;12;
143600044;150;88;2;109;1;60;1;4;60;0;0;0;0;0;60;48;12;
143600045;100;57;1;63;2;42;2;4;42;0;0;1;0;1;41;35;6;
143600046;260;153;1;217;2;106;2;4;106;3;0;0;0;3;103;95;8;
143600047;100;55;2;55;0;43;0;0;43;2;0;0;0;2;41;40;1;
143600048;100;72;1;50;0;27;0;0;27;0;1;1;0;2;25;24;1;
143600049;100;61;1;66;4;38;4;0;38;0;0;0;0;0;38;28;10;
143600050;150;95;1;97;0;54;0;7;54;0;0;0;0;0;54;38;16;
143600051;110;36;1;99;0;73;0;6;73;2;0;0;0;2;71;52;19;
145100001;500;243;1;567;1;256;1;0;256;0;1;0;0;1;255;206;49;
145100002;400;154;1;471;1;245;1;0;245;2;4;0;0;6;239;206;33;
145100003;500;190;1;619;1;309;1;0;309;3;1;0;0;4;305;269;36;
145100004;500;270;1;548;0;229;0;0;229;4;1;0;0;5;224;201;23;
145100005;150;67;1;82;0;82;0;5;82;0;4;0;0;4;78;64;14;
145100006;50;21;0;38;7;29;7;0;29;0;0;0;0;0;29;19;10;
145100007;100;45;2;87;3;53;3;2;53;0;2;0;0;2;51;45;6;
145100008;40;20;0;30;1;20;1;0;20;0;0;0;0;0;20;15;5;
145100009;50;21;0;38;0;29;0;7;29;1;0;0;0;1;28;24;4;
145100010;150;81;0;116;3;69;3;6;69;0;0;0;0;0;69;66;3;
145100011;100;41;0;69;1;59;1;0;59;0;0;0;0;0;59;52;7;
145100012;150;86;0;96;2;64;2;2;64;0;0;0;0;0;64;50;14;
145100013;100;61;1;71;2;38;2;5;38;1;3;0;0;4;34;34;0;
145100014;60;29;0;40;0;31;0;3;31;0;0;0;0;0;31;24;7;
145100015;50;20;1;36;5;29;5;0;29;0;0;0;0;0;29;29;0;
145100016;50;12;0;34;4;38;4;2;38;0;0;0;0;0;38;38;0;
145100017;60;15;1;47;2;44;2;4;44;1;0;0;0;1;43;40;3;
145100018;100;52;0;73;2;48;2;0;48;0;0;0;0;0;48;47;1;
145100019;60;20;0;47;5;40;5;7;40;0;0;0;0;0;40;35;5;
145100020;50;19;1;36;4;30;4;0;30;0;0;0;0;0;30;24;6;
145100021;100;23;1;84;5;76;5;2;76;0;0;0;0;0;76;75;1;
145100022;60;24;0;49;2;36;2;0;36;0;0;0;0;0;36;34;2;
145100023;70;25;0;54;3;45;3;4;45;0;0;0;0;0;45;44;1;
145100024;60;27;1;38;2;32;2;1;32;0;0;0;0;0;32;26;6;
145100025;80;31;2;62;0;47;0;3;47;0;0;0;0;0;47;42;5;
145100026;60;20;1;42;3;39;3;0;39;0;1;0;0;1;38;33;5;
145100027;100;50;0;78;9;50;9;2;50;0;0;0;0;0;50;39;11;
145100028;70;40;0;49;0;30;0;5;30;0;0;0;0;0;30;28;2;
145100029;50;21;0;37;0;29;0;0;29;0;0;0;0;0;29;26;3;
145100030;70;23;1;47;1;46;1;4;46;0;0;0;0;0;46;43;3;
145100031;80;44;0;63;0;36;0;4;36;0;0;0;0;0;36;31;5;
145100032;70;46;0;45;0;24;0;0;24;0;0;0;0;0;24;18;6;
145100033;250;135;0;199;1;115;1;3;115;0;0;0;0;0;115;98;17;
145100034;50;32;0;28;0;18;0;0;18;0;0;0;0;0;18;13;5;
145100035;80;44;0;63;0;36;0;3;36;0;0;0;0;0;36;33;3;
145100036;70;25;0;56;1;45;1;5;45;0;0;0;0;0;45;41;4;
145100037;100;56;0;81;1;44;1;7;44;0;0;0;0;0;44;40;4;
150300001;1040;578;2;949;0;460;0;0;460;1;6;3;0;10;450;284;166;
150300002;800;476;2;742;3;322;3;0;322;0;3;1;0;4;318;213;105;
150300003;1050;633;3;959;0;414;0;2;414;3;7;0;0;10;404;265;139;
150300004;700;370;1;638;0;329;0;0;329;1;1;0;1;3;326;218;108;
150300005;560;345;1;510;0;214;0;0;214;0;2;0;0;2;212;146;66;
150300006;820;467;1;745;0;352;0;3;352;2;3;1;1;7;345;206;139;
150300007;940;491;3;856;3;446;3;2;446;4;3;1;0;8;438;318;120;
150300008;1090;630;1;999;9;459;9;0;459;0;4;1;0;5;454;324;130;
150300009;580;322;1;529;2;257;2;2;257;2;1;2;2;7;250;170;80;
150300010;460;213;0;418;1;247;1;0;247;2;3;0;0;5;242;192;50;
150300011;480;228;1;432;5;251;5;0;251;3;0;11;1;15;236;171;65;
150300012;260;125;2;237;1;133;1;1;133;1;3;1;0;5;128;100;28;
150300013;380;196;1;347;0;183;0;0;183;2;0;0;0;2;181;131;50;
150300014;60;13;1;49;0;46;0;1;46;3;1;2;0;6;40;33;7;
150300015;610;316;2;555;2;292;2;1;292;0;2;3;0;5;287;200;87;
150300016;821;544;1;746;0;276;0;0;276;0;4;0;0;4;272;164;108;
150800001;717;383;2;670;0;332;0;1;332;0;2;0;1;3;329;232;97;
150800002;618;402;1;572;0;215;0;0;215;0;1;1;0;2;213;102;111;
150800003;980;574;0;906;0;406;0;0;406;1;3;2;0;6;400;225;175;
150800004;851;522;0;789;1;329;1;0;329;0;2;8;0;10;319;189;130;
150800005;393;165;0;367;0;228;0;0;228;6;3;0;0;9;219;129;90;
150800006;324;167;5;302;0;152;0;0;152;2;3;0;0;5;147;129;18;
150800007;457;207;0;427;3;250;3;0;250;5;3;0;0;8;242;167;75;
150800008;712;468;0;658;2;244;2;0;244;0;1;4;0;5;239;163;76;
150800009;631;345;1;587;1;285;1;0;285;4;1;5;0;10;275;169;106;
150800010;661;412;1;611;0;248;0;0;248;1;2;0;0;3;245;147;98;
150800011;598;313;1;554;0;284;0;0;284;2;0;1;0;3;281;197;84;
150800012;762;417;1;710;0;344;0;0;344;2;0;0;0;2;342;252;90;
150800013;797;557;1;739;0;239;0;0;239;2;2;0;1;5;234;118;116;
150800014;886;559;2;825;1;325;1;0;325;0;7;6;0;13;312;145;167;
150800015;662;418;0;614;1;244;1;1;244;0;0;12;0;12;232;139;93;
150800016;839;548;0;776;0;291;0;0;291;10;2;0;0;12;279;194;85;
150800017;827;512;0;765;0;315;0;0;315;2;0;3;0;5;310;229;81;
150800018;594;347;3;551;2;244;2;0;244;0;2;1;0;3;241;167;74;
150800019;396;159;1;371;0;236;0;0;236;0;8;0;0;8;228;165;63;
150800020;475;234;1;440;0;240;0;0;240;5;1;0;0;6;234;172;62;
150800021;577;345;1;536;0;231;0;3;231;2;0;1;0;3;228;190;38;
151000001;515;180;2;517;3;333;3;0;333;1;0;5;0;6;327;286;41;
151000002;457;261;0;456;1;196;1;0;196;2;2;3;1;8;188;147;41;
151000003;876;450;1;875;0;425;0;0;425;3;13;4;0;20;405;295;110;
151000004;642;287;0;640;5;355;5;0;355;0;2;2;0;4;351;306;45;
151000005;522;266;2;522;0;254;0;0;254;4;0;1;0;5;249;183;66;
151000006;512;266;1;512;0;245;0;0;245;2;1;0;0;3;242;169;73;
151000007;500;292;0;500;2;208;2;0;208;0;0;0;0;0;208;144;64;
151000008;245;88;2;245;2;155;2;0;155;1;0;0;0;1;154;134;20;
151000009;813;409;1;813;5;403;5;0;403;9;0;0;0;9;394;258;136;
151000010;859;490;0;859;3;369;3;0;369;0;3;0;0;3;366;264;102;
151000011;814;443;1;814;0;370;0;0;370;0;1;0;0;1;369;228;141;
151000012;879;501;0;883;0;378;0;0;378;0;11;0;0;11;367;312;55;
151000013;751;458;3;755;3;290;3;0;290;0;4;4;0;8;282;191;91;
151000014;469;246;0;475;0;223;0;6;223;1;3;8;0;12;211;126;85;
151000015;478;267;0;480;2;211;2;0;211;0;9;0;0;9;202;160;42;
151000016;657;336;2;659;0;319;0;0;319;1;2;6;0;9;310;231;79;
151000017;477;203;1;477;1;273;1;0;273;0;2;0;0;2;271;204;67;
151000018;474;226;1;475;1;247;1;0;247;1;1;2;0;4;243;177;66;
151000019;375;158;1;375;0;216;0;0;216;2;1;7;1;11;205;149;56;
151000020;501;211;0;503;1;290;1;0;290;3;1;0;0;4;286;217;69;
151000021;896;425;1;898;3;470;3;0;470;0;5;13;1;19;451;313;138;
151000022;647;240;1;646;6;406;6;0;406;2;4;1;1;8;398;305;93;
151000023;572;229;0;573;0;343;0;0;343;4;1;0;0;5;338;274;64;
151000024;431;262;1;436;3;168;3;0;168;0;0;0;0;0;168;115;53;
151000025;548;303;2;547;7;243;7;0;243;0;3;2;0;5;238;193;45;
151000026;614;331;0;617;2;283;2;0;283;2;1;13;0;16;267;227;40;
151000027;564;273;1;564;0;290;0;0;290;0;0;4;0;4;286;242;44;
151000028;468;256;1;473;0;211;0;3;211;4;6;0;0;10;201;128;73;
151000029;510;320;1;511;1;189;1;0;189;0;3;0;0;3;186;143;43;
151000030;498;329;0;503;0;169;0;2;169;1;0;0;0;1;168;116;52;
151000031;568;316;1;573;2;251;2;0;251;2;4;0;0;6;245;162;83;
151000032;597;358;1;601;1;238;1;1;238;1;0;0;0;1;237;160;77;
151000033;521;393;1;520;0;127;0;0;127;1;0;0;0;1;126;82;44;
151100001;600;318;3;658;0;279;0;0;279;1;0;8;0;9;270;238;32;
151100002;500;281;1;567;2;218;2;0;218;7;0;0;0;7;211;151;60;
151100003;450;253;1;494;0;196;0;0;196;1;1;0;1;3;193;126;67;
151100004;600;318;7;598;0;275;0;0;275;3;3;0;0;6;269;198;71;
151100005;450;247;1;475;0;202;0;0;202;0;3;0;0;3;199;141;58;
151100006;400;252;1;452;0;147;0;0;147;1;1;0;0;2;145;110;35;
151100007;450;234;1;474;1;215;1;0;215;1;0;7;0;8;207;157;50;
151100008;500;263;3;494;0;234;0;4;234;7;3;4;0;14;220;160;60;
151100009;500;220;0;541;0;280;0;0;280;2;1;0;0;3;277;176;101;
151100010;650;329;2;661;1;319;1;0;319;1;3;0;1;5;314;206;108;
151100011;500;176;1;505;5;323;5;0;323;3;2;2;1;8;315;258;57;
151100012;350;147;1;351;5;202;5;0;202;1;1;11;0;13;189;147;42;
151100013;500;262;1;539;0;237;0;2;237;1;3;7;0;11;226;130;96;
151100014;450;160;3;449;0;287;0;0;287;0;1;1;0;2;285;265;20;
151100015;450;200;1;470;1;249;1;0;249;0;2;0;0;2;247;192;55;
151100016;499;262;1;521;4;236;4;0;236;2;2;0;0;4;232;179;53;
151100017;350;160;1;365;0;189;0;3;189;6;0;0;0;6;183;128;55;
151100018;400;197;1;404;1;202;1;0;202;0;1;0;0;1;201;169;32;
151100019;500;230;1;521;3;269;3;0;269;1;0;0;0;1;268;195;73;
151100020;350;172;1;380;0;177;0;0;177;3;2;0;0;5;172;146;26;
151100021;400;244;1;385;0;155;0;0;155;3;3;0;0;6;149;124;25;
151600001;600;244;1;699;0;355;0;2;355;4;1;2;0;7;348;208;140;
151600002;800;462;0;856;1;338;1;1;338;1;9;0;0;10;328;211;117;
151600003;801;440;1;848;0;360;0;0;360;2;3;6;0;11;349;185;164;
151600004;600;365;1;639;0;234;0;0;234;2;0;0;0;2;232;149;83;
151600005;600;334;1;589;0;265;0;0;265;0;2;0;0;2;263;153;110;
151600006;801;441;0;909;0;360;0;0;360;4;0;1;0;5;355;191;164;
151600007;800;447;0;808;0;353;0;4;353;2;2;12;0;16;337;219;118;
151600008;800;401;2;837;0;397;0;0;397;2;1;8;0;11;386;336;50;
151600009;1000;564;1;892;3;435;3;1;435;7;0;20;0;27;408;394;14;
151600010;800;427;1;829;0;372;0;0;372;0;0;7;0;7;365;305;60;
151600011;600;276;0;642;0;324;0;0;324;0;5;0;0;5;319;211;108;
151600012;600;246;0;729;0;354;0;5;354;1;2;2;0;5;349;190;159;
151600013;600;327;0;553;0;273;0;0;273;1;3;0;0;4;269;184;85;
151600015;600;316;0;641;0;284;0;2;284;0;2;0;0;2;282;242;40;
151600016;600;339;1;589;0;260;0;0;260;5;0;0;0;5;255;236;19;
151600017;400;144;1;487;3;255;3;3;255;0;2;1;0;3;252;172;80;
151600018;200;132;0;116;4;68;4;0;68;0;0;0;0;0;68;59;9;
151600019;800;420;0;929;2;380;2;0;380;0;17;0;0;17;363;251;112;
151600020;50;16;0;55;2;34;2;0;34;1;1;2;0;4;30;22;8;
151600021;600;316;0;678;0;284;0;1;284;1;2;0;0;3;281;198;83;
151600022;400;169;0;492;0;231;0;0;231;0;0;4;0;4;227;154;73;
151600023;401;119;2;456;4;280;4;0;280;6;2;0;0;8;272;247;25;
151600024;800;444;0;856;0;356;0;3;356;0;6;0;0;6;350;191;159;
151600025;600;346;1;631;0;253;0;3;253;7;0;0;0;7;246;126;120;
151600026;800;535;0;805;1;265;1;0;265;3;0;13;0;16;249;106;143;
151600027;600;349;0;556;1;251;1;2;251;0;11;0;0;11;240;151;89;
151600028;600;291;0;667;3;309;3;0;309;0;0;7;0;7;302;219;83;
151600029;600;332;1;707;0;267;0;3;267;2;2;1;0;5;262;189;73;
151600030;600;312;0;557;1;288;1;0;288;1;2;6;0;9;279;208;71;
151600031;800;456;0;758;0;344;0;1;344;2;6;0;0;8;336;196;140;
152100001;950;394;1;989;2;555;2;0;555;2;4;1;0;7;548;539;9;
152100002;600;325;1;647;0;274;0;0;274;1;2;9;0;12;262;214;48;
152100003;800;276;4;843;0;520;0;0;520;1;0;1;0;2;518;513;5;
152100004;900;478;1;942;0;421;0;0;421;2;0;0;0;2;419;335;84;
152100005;610;282;0;609;0;328;0;0;328;1;2;0;0;3;325;266;59;
152100006;855;457;2;849;4;396;4;0;396;2;1;0;0;3;393;276;117;
152100007;232;83;0;232;3;149;3;0;149;0;2;0;0;2;147;117;30;
152100008;306;99;0;306;1;207;1;0;207;7;0;0;0;7;200;150;50;
152100009;500;277;0;493;0;223;0;0;223;0;0;0;0;0;223;125;98;
152100010;100;24;2;101;2;74;2;0;74;0;0;0;0;0;74;62;12;
152100011;800;419;0;795;2;381;2;0;381;0;2;5;0;7;374;233;141;
152100012;130;39;0;121;0;91;0;0;91;0;1;0;0;1;90;72;18;
152100013;600;289;1;609;4;310;4;0;310;1;2;2;0;5;305;253;52;
152100014;270;85;2;276;1;183;1;2;183;10;2;0;0;12;171;142;29;
152100015;600;342;2;591;1;256;1;0;256;0;1;13;0;14;242;195;47;
152100016;620;306;1;313;0;313;0;0;313;14;2;0;0;16;297;234;63;
152100017;371;223;1;373;0;147;0;2;147;0;0;1;0;1;146;124;22;
152100018;480;226;1;478;2;253;2;0;253;1;2;0;0;3;250;187;63;
152300001;600;306;2;584;1;292;1;0;292;0;0;22;0;22;270;219;51;
152300002;700;369;2;716;0;329;0;0;329;4;5;12;3;24;305;225;80;
152300003;700;369;1;721;0;330;0;1;330;10;2;0;0;12;318;254;64;
152300004;700;396;1;731;0;303;0;0;303;2;2;6;1;11;292;231;61;
152300005;500;305;1;482;0;194;0;0;194;1;3;1;0;5;189;140;49;
152300006;700;398;1;698;0;301;0;0;301;1;0;0;0;1;300;175;125;
152300007;500;269;1;508;0;230;0;0;230;3;0;4;0;7;223;192;31;
152300008;700;354;0;749;4;346;4;0;346;1;3;13;0;17;329;256;73;
152300009;500;268;1;536;4;231;4;0;231;2;1;0;0;3;228;175;53;
152300010;500;273;1;520;0;226;0;0;226;1;2;3;0;6;220;168;52;
152400001;811;478;0;813;0;333;0;0;333;0;3;0;0;3;330;242;88;
152400002;760;493;1;760;20;266;20;0;266;1;1;4;0;6;260;180;80;
152400003;735;442;1;750;0;292;0;0;292;3;2;0;0;5;287;181;106;
152400004;889;606;1;279;3;282;3;0;282;16;2;0;0;18;264;182;82;
152400005;890;532;1;960;0;357;0;3;357;0;2;2;0;4;353;211;142;
152400006;921;600;0;927;6;321;6;0;321;5;0;0;0;5;316;210;106;
152400007;865;512;2;351;0;351;0;7;351;1;3;4;0;8;343;250;93;
152400008;826;457;6;836;34;363;34;0;363;0;3;7;0;10;353;240;113;
152400009;906;574;1;911;0;331;0;3;331;0;1;1;0;2;329;206;123;
152400010;866;560;3;876;0;303;0;0;303;0;2;0;0;2;301;197;104;
152400011;901;617;1;904;0;283;0;3;283;2;2;1;1;6;277;157;120;
152400012;845;587;1;846;0;257;0;0;257;3;1;0;0;4;253;159;94;
152400013;927;659;0;931;4;268;4;0;268;0;5;0;0;5;263;169;94;
152400014;810;579;1;815;0;230;0;2;230;0;2;0;0;2;228;151;77;
152400015;886;626;2;894;0;258;0;5;258;0;0;0;0;0;258;169;89;
152400016;747;540;0;642;0;207;0;0;207;0;0;0;0;0;207;145;62;
152400017;781;553;1;785;0;227;0;4;227;0;1;0;0;1;226;150;76;
152400018;871;636;0;878;0;235;0;6;235;2;5;0;0;7;228;146;82;
152400019;887;602;1;902;0;284;0;0;284;0;1;0;0;1;283;182;101;
152400020;915;618;1;919;0;296;0;2;296;1;0;0;0;1;295;216;79;
152400021;930;610;0;934;0;320;0;4;320;2;5;0;0;7;313;216;97;
152400022;863;642;1;863;1;220;1;0;220;1;0;1;0;2;218;133;85;
152400023;867;642;4;808;5;221;5;0;221;3;1;0;0;4;217;140;77;
152400024;670;490;1;676;0;179;0;0;179;0;0;0;0;0;179;108;71;
152400025;952;669;0;951;1;283;1;0;283;0;1;7;0;8;275;173;102;
152400026;883;600;1;885;2;282;2;0;282;3;1;0;0;4;278;199;79;
152400027;839;614;1;844;0;224;0;3;224;0;0;0;0;0;224;149;75;
152400028;842;564;1;849;0;277;0;5;277;1;6;7;0;14;263;161;102;
152400029;930;655;0;859;5;275;5;3;275;0;0;1;0;1;274;175;99;
152400030;918;588;0;922;4;330;4;4;330;3;4;0;2;9;321;201;120;
152400031;958;677;2;965;0;279;0;2;279;1;4;0;0;5;274;179;95;
152400032;840;568;0;843;0;272;0;3;272;0;3;1;1;5;267;170;97;
152400033;845;574;0;856;11;271;11;8;271;4;3;0;0;7;264;176;88;
152400034;887;554;1;887;0;332;0;0;332;3;0;3;0;6;326;219;107;
152400035;802;518;0;807;0;284;0;0;284;1;0;6;0;7;277;173;104;
152400036;966;648;1;972;0;317;0;0;317;1;3;3;0;7;310;202;108;
152400037;723;474;1;727;4;248;4;0;248;0;1;0;0;1;247;140;107;
152400038;887;611;0;891;0;276;0;0;276;0;1;10;0;11;265;172;93;
152400039;801;559;1;801;0;241;0;0;241;0;6;0;0;6;235;153;82;
152400040;984;687;1;879;1;296;1;2;296;2;3;2;0;7;289;170;119;
152400041;724;512;1;723;0;211;0;0;211;1;2;1;0;4;207;125;82;
152400042;888;553;1;893;0;334;0;2;334;0;5;1;0;6;328;224;104;
152400043;783;507;1;800;1;275;1;0;275;3;1;0;0;4;271;158;113;
152400044;694;435;0;699;0;259;0;5;259;1;1;1;0;3;256;172;84;
152400045;700;487;2;700;0;211;0;3;211;0;3;1;0;4;207;137;70;
152400046;778;567;1;780;3;210;3;0;210;1;0;3;0;4;206;124;82;
152400047;824;594;2;824;3;228;3;0;228;0;8;0;0;8;220;133;87;
152400048;944;608;1;944;7;335;7;0;335;6;0;0;0;6;329;220;109;
152400049;924;637;2;926;0;285;0;1;285;3;1;0;0;4;281;168;113;
152400050;949;667;1;950;0;281;0;0;281;0;0;0;1;1;280;165;115;
152400051;738;460;3;738;1;275;1;0;275;2;0;0;0;2;273;176;97;
152400052;806;504;2;812;0;300;0;0;300;0;5;0;1;6;294;177;117;
152400053;881;536;1;886;0;344;0;0;344;0;3;3;0;6;338;208;130;
152400054;813;561;10;815;0;242;0;6;242;2;7;0;0;9;233;143;90;
152400055;849;588;2;851;0;259;0;0;259;0;4;0;0;4;255;171;84;
152400056;844;544;2;850;0;298;0;3;298;0;3;5;0;8;290;217;73;
152400057;675;358;1;673;10;316;10;0;316;8;1;1;0;10;306;191;115;
152400058;1201;950;1;1204;0;250;0;1;250;1;2;1;0;4;246;166;80;
152400059;696;460;2;863;0;234;0;3;234;0;0;1;0;1;233;158;75;
152400060;637;401;0;640;0;236;0;0;236;0;2;0;1;3;233;148;85;
152400061;630;406;1;638;0;223;0;4;223;1;5;0;0;6;217;134;83;
152400062;539;293;1;542;0;245;0;0;245;0;4;2;0;6;239;166;73;
152400063;857;553;2;861;0;302;0;4;302;1;8;0;0;9;293;189;104;
152400064;949;599;1;954;0;349;0;0;349;0;8;0;0;8;341;247;94;
152400065;961;599;2;964;0;360;0;0;360;1;4;0;0;5;355;254;101;
152400066;945;639;2;948;3;304;3;0;304;0;1;2;0;3;301;195;106;
152400067;830;521;1;833;0;308;0;0;308;1;3;2;0;6;302;181;121;
152400068;1186;789;1;1189;0;396;0;4;396;1;3;1;1;6;390;254;136;
152400069;997;653;1;1005;0;343;0;5;343;5;2;0;0;7;336;231;105;
152400070;900;557;1;909;4;342;4;0;342;2;1;0;0;3;339;229;110;
152400071;1178;832;1;1187;0;345;0;0;345;2;1;2;0;5;340;253;87;
152400072;1056;710;1;1057;1;345;1;1;345;1;2;0;0;3;342;236;106;
152400073;738;443;2;743;0;293;0;0;293;2;3;0;0;5;288;210;78;
152400074;838;583;0;841;3;255;3;2;255;0;2;4;0;6;249;160;89;
152400075;602;384;1;608;0;217;0;0;217;0;7;0;0;7;210;168;42;
152400076;720;415;1;726;0;304;0;0;304;2;3;0;1;6;298;190;108;
152400077;870;565;2;876;0;303;0;3;303;1;1;6;0;8;295;210;85;
152400078;900;588;0;903;0;312;0;3;312;0;2;0;0;2;310;213;97;
152400079;623;325;1;631;0;297;0;6;297;1;1;0;2;4;293;213;80;
152400080;779;495;2;786;0;282;0;0;282;1;0;0;0;1;281;201;80;
152400081;788;525;1;791;0;262;0;0;262;1;2;0;0;3;259;179;80;
152400082;596;330;1;599;0;265;0;0;265;1;5;0;0;6;259;175;84;
152400083;869;576;1;873;0;292;0;1;292;1;1;2;0;4;288;174;114;
152400084;859;510;2;862;0;347;0;0;347;0;2;0;0;2;345;216;129;
152400085;962;600;2;967;0;360;0;1;360;0;3;0;0;3;357;262;95;
152400086;831;488;0;835;0;343;0;0;343;1;6;0;0;7;336;237;99;
152400087;856;541;1;863;0;314;0;6;314;0;1;6;0;7;307;206;101;
152400088;838;546;1;840;0;291;0;0;291;1;1;1;0;3;288;188;100;
152400089;809;513;0;810;0;296;0;0;296;7;0;0;0;7;289;186;103;
152400090;920;536;1;929;0;383;0;2;383;2;2;2;0;6;377;270;107;
152400091;727;475;2;729;2;250;2;0;250;0;5;2;1;8;242;154;88;
152400092;617;378;3;236;0;236;0;0;236;1;2;4;0;7;229;157;72;
152400093;737;442;0;739;0;295;0;0;295;9;0;0;0;9;286;187;99;
152400094;862;541;3;864;2;318;2;0;318;4;0;4;0;8;310;213;97;
152400095;873;570;2;882;1;301;1;9;301;1;3;1;0;5;296;206;90;
152400096;843;503;0;842;5;340;5;0;340;5;0;0;0;5;335;234;101;
152400097;725;442;1;719;6;282;6;4;282;0;3;0;0;3;279;188;91;
152400098;683;402;3;687;0;278;0;1;278;0;4;0;2;6;272;169;103;
152400099;845;523;3;852;1;319;1;0;319;5;1;1;0;7;312;217;95;
152400100;545;299;3;546;0;243;0;1;243;1;1;0;0;2;241;155;86;
152400101;590;367;0;592;0;223;0;5;223;1;1;2;0;4;219;155;64;
152400102;944;602;0;947;0;342;0;0;342;1;5;5;1;12;330;241;89;
152400103;709;432;1;716;7;276;7;0;276;0;5;2;0;7;269;199;70;
152400104;703;431;2;732;0;270;0;0;270;3;0;5;0;8;262;203;59;
152400105;771;490;1;280;0;280;0;0;280;5;4;0;0;9;271;190;81;
152400106;728;474;0;730;1;254;1;0;254;1;1;0;0;2;252;176;76;
152400107;722;432;1;726;1;289;1;0;289;1;1;0;0;2;287;199;88;
152400108;971;616;1;976;2;354;2;2;354;0;2;0;0;2;352;246;106;
152400109;945;600;1;946;0;344;0;0;344;0;3;7;0;10;334;242;92;
152400110;699;446;1;700;0;252;0;0;252;1;1;5;0;7;245;166;79;
152400111;630;426;1;633;0;203;0;3;203;0;3;0;0;3;200;141;59;
152400112;774;475;0;707;4;299;4;2;299;2;2;0;0;4;295;237;58;
152400113;724;402;1;731;0;321;0;0;321;2;1;5;0;8;313;222;91;
152400114;736;448;1;742;0;287;0;0;287;2;7;0;0;9;278;193;85;
152400115;896;543;1;898;1;352;1;2;352;0;3;3;0;6;346;251;95;
152400116;777;494;1;282;0;282;0;0;282;1;2;2;2;7;275;205;70;
152400117;787;505;3;793;0;279;0;4;279;2;0;0;0;2;277;173;104;
152400118;768;517;1;770;0;250;0;0;250;0;0;0;1;1;249;161;88;
152400119;602;303;2;610;5;297;5;3;297;7;0;0;0;7;290;229;61;
152400120;617;312;1;621;0;304;0;0;304;2;1;8;0;11;293;137;156;
152400121;755;422;1;759;4;332;4;0;332;1;6;0;2;9;323;193;130;
152400122;619;282;8;625;5;329;5;0;329;0;8;0;0;8;321;178;143;
152400123;637;388;2;638;0;247;0;2;247;2;1;1;1;5;242;171;71;
152400124;929;495;3;934;0;431;0;0;431;25;2;0;0;27;404;388;16;
152400125;401;59;0;799;0;342;0;0;342;2;3;4;0;9;333;277;56;
152400126;799;560;2;401;8;237;8;0;237;0;1;0;0;1;236;172;64;
152400127;108;35;2;111;10;71;10;3;71;0;0;0;0;0;71;55;16;
152400128;559;372;0;559;3;187;3;3;187;0;0;2;0;2;185;122;63;
152400129;824;558;3;821;1;263;1;0;263;2;1;0;0;3;260;163;97;
152400130;474;246;0;474;1;228;1;0;228;0;1;0;1;2;226;156;70;
152400131;504;262;1;507;3;241;3;0;241;3;4;0;1;8;233;186;47;
152400132;103;36;1;107;0;66;0;0;66;0;4;0;0;4;62;45;17;
152400133;236;108;2;241;0;126;0;0;126;0;2;0;0;2;124;84;40;
152400134;96;16;1;96;7;79;7;2;79;2;6;0;0;8;71;54;17;
152400135;595;214;2;378;1;379;1;0;379;3;6;10;2;21;358;239;119;
152400136;481;245;1;481;12;235;12;3;235;2;0;1;0;3;232;198;34;
152400137;776;442;0;777;0;334;0;0;334;1;10;0;0;11;323;148;175;
152400138;673;459;0;673;0;214;0;0;214;0;9;0;0;9;205;119;86;
152400139;492;220;0;495;4;272;4;0;272;0;0;2;0;2;270;212;58;
152400140;396;258;1;410;0;137;0;0;137;0;2;0;0;2;135;85;50;
152400141;214;39;0;252;17;175;17;0;175;1;1;3;0;5;170;81;89;
152400142;589;322;0;590;0;267;0;2;267;2;2;0;0;4;263;135;128;
152400143;491;180;2;496;0;309;0;0;309;0;0;0;0;0;309;267;42;
152400144;710;278;1;717;0;431;0;0;431;1;3;7;0;11;420;410;10;
152400145;916;445;2;917;0;469;0;0;469;4;5;2;0;11;458;320;138;
152400146;963;529;2;965;3;432;3;0;432;3;4;0;0;7;425;226;199;
152400147;323;133;1;301;2;189;2;1;189;2;2;6;0;10;179;126;53;
152400148;281;155;1;283;2;125;2;3;125;0;2;6;0;8;117;68;49;
152400149;578;300;1;578;2;277;2;2;277;9;0;11;1;21;256;172;84;
152400150;822;481;2;822;0;339;0;1;339;1;2;9;0;12;327;168;159;
152400151;1161;691;1;1160;0;469;0;0;469;3;4;9;0;16;453;262;191;
152400152;572;304;0;575;0;268;0;0;268;0;9;1;0;10;258;168;90;
152400153;40;2;2;33;3;36;3;3;36;0;0;0;0;0;36;22;14;
152400154;882;594;2;886;0;286;0;1;286;3;0;0;0;3;283;205;78;
152400155;894;619;3;900;0;272;0;4;272;2;3;2;0;7;265;164;101;
152400156;794;526;0;799;0;268;0;0;268;3;0;0;0;3;265;177;88;
152400157;841;616;2;841;0;223;0;1;223;2;1;0;0;3;220;137;83;
152400158;777;565;1;784;0;211;0;2;211;2;0;0;0;2;209;164;45;
152400159;644;442;1;647;0;201;0;4;201;0;1;1;0;2;199;118;81;
152400160;596;361;6;602;0;229;0;3;229;0;0;0;0;0;229;151;78;
152400161;733;469;0;738;0;264;0;5;264;0;2;0;0;2;262;174;88;
152400162;506;378;1;513;0;127;0;5;127;0;2;0;1;3;124;64;60;
152400163;104;32;1;86;0;71;0;7;71;1;1;1;0;3;68;55;13;
152400164;62;18;1;62;0;43;0;5;43;0;0;2;0;2;41;24;17;
152400165;20;5;1;30;0;14;0;0;14;0;0;0;0;0;14;7;7;
152400166;67;19;1;59;0;47;0;7;47;0;1;0;0;1;46;37;9;
152400167;43;39;0;43;0;4;0;0;4;0;0;0;0;0;4;2;2;
152700001;650;399;1;596;4;250;4;0;250;3;0;8;0;11;239;183;56;
152700002;630;399;1;572;0;230;0;0;230;1;4;4;0;9;221;162;59;
152700003;600;330;1;551;0;269;0;0;269;5;4;5;0;14;255;160;95;
152700004;230;87;1;206;3;142;3;0;142;0;1;4;1;6;136;104;32;
152700005;520;305;1;474;0;214;0;2;214;0;6;7;0;13;201;158;43;
152700006;550;326;4;502;2;220;2;0;220;2;1;1;0;4;216;147;69;
152700007;570;335;2;520;2;233;2;1;233;1;3;0;0;4;229;199;30;
152700008;930;476;1;856;3;453;3;2;453;5;2;18;1;26;427;249;178;
152700009;100;36;1;94;1;63;1;0;63;5;1;0;0;6;57;40;17;
152700010;950;427;1;865;5;522;5;0;522;1;0;3;0;4;518;395;123;
152700011;470;246;1;437;4;223;4;0;223;0;3;4;0;7;216;137;79;
153700001;330;122;0;372;3;208;3;2;208;0;0;4;0;4;204;172;32;
153700002;420;212;1;467;3;207;3;2;207;2;4;0;0;6;201;144;57;
153700003;550;266;1;615;0;283;0;0;283;1;3;0;0;4;279;256;23;
153700004;337;142;2;387;3;193;3;4;193;3;0;1;0;4;189;158;31;
153700005;405;196;1;475;0;208;0;0;208;2;0;6;0;8;200;178;22;
153700006;610;266;1;684;3;343;3;0;343;2;2;6;0;10;333;285;48;
153700007;750;448;5;840;1;297;1;0;297;2;0;0;0;2;295;227;68;
153700008;570;343;1;633;0;226;0;0;226;6;7;0;0;13;213;187;26;
153700009;710;443;0;794;1;267;1;0;267;0;1;5;0;6;261;191;70;
153700010;640;396;0;715;0;244;0;0;244;0;3;1;0;4;240;205;35;
153700011;500;233;0;562;0;267;0;0;267;11;0;0;0;11;256;251;5;
153700012;360;119;1;409;2;240;2;3;240;2;3;6;1;12;228;187;41;
153700013;550;291;3;608;1;256;1;0;256;0;3;0;0;3;253;197;56;
153700014;530;265;1;595;5;264;5;0;264;0;0;3;0;3;261;174;87;
153700015;690;270;2;769;3;418;3;0;418;13;9;0;1;23;395;247;148;
153700016;800;352;2;884;1;446;1;0;446;2;3;0;0;5;441;293;148;
153700017;820;387;1;909;0;432;0;0;432;0;7;0;0;7;425;311;114;
153700018;530;166;1;584;5;363;5;2;363;2;10;0;0;12;351;317;34;
153700019;440;229;1;486;6;210;6;0;210;2;1;3;0;6;204;154;50;
153700020;460;245;2;509;2;213;2;0;213;1;2;1;0;4;209;154;55;
153700021;630;339;1;698;1;290;1;0;290;4;1;0;0;5;285;192;93;
153700022;590;334;1;657;0;255;0;2;255;1;2;0;0;3;252;162;90;
153700023;700;418;1;781;1;281;1;0;281;4;7;6;0;17;264;190;74;
153700024;690;399;1;763;0;290;0;3;290;2;4;2;0;8;282;177;105;
153700025;630;333;3;705;1;294;1;0;294;3;4;7;0;14;280;190;90;
153700026;700;437;2;774;1;261;1;0;261;2;2;2;0;6;255;161;94;
153700027;580;332;2;648;1;246;1;0;246;2;1;1;0;4;242;164;78;
153700028;770;508;3;862;2;259;2;0;259;2;3;0;0;5;254;175;79;
153700029;670;413;1;744;0;256;0;0;256;1;0;1;0;2;254;157;97;
153700030;650;356;3;724;0;291;0;0;291;5;6;1;0;12;279;172;107;
153700031;790;519;1;882;0;270;0;0;270;0;6;0;0;6;264;162;102;
153700032;600;345;1;683;0;254;0;3;254;1;1;0;0;2;252;165;87;
153700033;810;580;1;903;0;229;0;3;229;4;3;0;0;7;222;144;78;
153700034;830;544;1;927;0;285;0;0;285;2;4;5;0;11;274;159;115;
153700035;900;643;3;1004;0;254;0;0;254;1;2;0;0;3;251;164;87;
153700036;580;306;1;641;0;273;0;0;273;1;0;0;0;1;272;250;22;
153700037;439;247;1;494;0;191;0;3;191;0;0;0;0;0;191;171;20;
153700038;440;234;1;495;0;205;0;0;205;0;0;0;0;0;205;136;69;
153700039;440;220;3;499;3;217;3;0;217;0;1;0;0;1;216;163;53;
153700040;30;11;2;27;2;17;2;0;17;0;2;0;0;2;15;9;6;
153900001;1000;654;2;914;0;344;0;1;344;3;2;8;0;13;331;184;147;
153900002;800;535;1;792;0;264;0;2;264;5;1;0;1;7;257;146;111;
153900003;1000;708;2;892;0;290;0;0;290;0;2;0;0;2;288;193;95;
153900004;800;504;0;797;0;296;0;0;296;1;5;0;0;6;290;201;89;
153900005;900;568;0;812;0;332;0;0;332;2;1;7;0;10;322;221;101;
153900006;700;454;1;614;9;245;9;0;245;1;1;4;0;6;239;192;47;
153900007;900;563;4;809;2;333;2;2;333;2;0;1;0;3;330;273;57;
153900008;900;594;0;859;11;306;11;0;306;3;1;0;0;4;302;163;139;
153900009;700;467;1;659;1;232;1;0;232;6;0;0;2;8;224;137;87;
153900010;700;475;1;628;1;224;1;1;224;0;3;0;0;3;221;160;61;
153900011;700;478;1;591;7;221;7;0;221;0;1;0;0;1;220;121;99;
153900012;700;367;2;662;0;331;0;2;331;3;0;1;0;4;327;313;14;
153900013;600;215;1;577;4;384;4;0;384;1;1;0;0;2;382;379;3;
153900014;900;553;0;863;1;347;1;0;347;0;3;0;0;3;344;238;106;
153900015;900;562;2;781;2;336;2;1;336;1;4;5;0;10;326;185;141;
153900016;900;459;1;793;5;440;5;0;440;2;0;0;0;2;438;375;63;
153900017;500;292;0;425;0;208;0;0;208;0;3;0;0;3;205;148;57;
153900018;50;25;0;37;0;25;0;0;25;1;0;0;0;1;24;17;7;
162201001;513;309;0;530;17;204;17;5;204;0;14;0;0;14;190;138;52;
162201002;503;310;1;503;18;192;18;0;192;1;6;2;0;9;183;142;41;
162201003;476;283;0;402;8;193;8;5;193;0;3;0;0;3;190;152;38;
162201004;723;440;0;757;4;283;4;0;283;1;9;0;0;10;273;185;88;
162201005;481;293;1;476;2;187;2;7;187;0;2;0;0;2;185;128;57;
162201006;380;233;0;387;2;147;2;4;147;1;0;0;0;1;146;100;46;
162201007;531;345;0;533;0;186;0;4;186;3;1;0;1;5;181;115;66;
162201008;760;494;0;767;8;266;8;5;266;1;13;0;0;14;252;143;109;
162201009;755;450;0;759;4;305;4;3;305;3;6;0;0;9;296;191;105;
162201010;552;378;1;541;4;173;4;3;173;0;0;0;0;0;173;130;43;
162201011;402;257;1;390;2;144;2;0;144;0;1;0;0;1;143;95;48;
162201012;706;410;2;712;2;294;2;0;294;0;9;0;0;9;285;201;84;
162201013;849;515;2;848;4;332;4;0;332;0;4;0;0;4;328;236;92;
162201014;627;425;0;634;0;202;0;7;202;7;0;0;0;7;195;134;61;
162201015;435;257;0;436;7;178;7;0;178;3;1;0;0;4;174;108;66;
162201016;765;462;2;766;8;301;8;4;301;1;4;0;0;5;296;207;89;
162201017;600;373;3;602;0;224;0;0;224;0;3;0;0;3;221;159;62;
162201018;452;310;0;458;0;142;0;3;142;1;4;0;0;5;137;101;36;
162201019;655;439;0;578;7;216;7;4;216;3;7;0;0;10;206;129;77;
162201020;556;326;0;563;4;230;4;7;230;9;5;0;0;14;216;138;78;
162201021;677;468;0;207;2;209;2;0;209;3;10;0;0;13;196;134;62;
162201022;657;428;0;678;1;229;1;7;229;0;6;6;0;12;217;147;70;
162201023;668;411;9;675;1;248;1;6;248;3;9;0;0;12;236;158;78;
162201024;786;505;0;792;0;281;0;0;281;0;15;0;0;15;266;167;99;
162201025;454;288;0;461;0;166;0;7;166;0;3;0;0;3;163;117;46;
162201026;666;412;1;666;0;253;0;0;253;6;0;9;0;15;238;161;77;
162201027;715;484;0;715;3;231;3;0;231;0;2;0;0;2;229;163;66;
162201028;953;627;1;951;4;325;4;7;325;1;3;0;0;4;321;232;89;
162201029;693;415;1;699;2;277;2;6;277;1;8;0;0;9;268;192;76;
162201030;883;565;0;885;2;318;2;3;318;1;9;0;0;10;308;227;81;
162201031;454;255;0;467;1;199;1;13;199;0;1;0;0;1;198;159;39;
162201032;625;397;0;624;2;228;2;0;228;2;6;8;0;16;212;153;59;
162201033;699;398;1;711;0;300;0;12;300;2;7;0;0;9;291;204;87;
162201034;695;468;0;703;0;227;0;5;227;0;3;0;0;3;224;145;79;
162201035;645;455;0;649;1;190;1;1;190;0;0;0;0;0;190;129;61;
162201036;852;542;0;856;5;310;5;7;310;1;3;0;0;4;306;228;78;
162201037;613;352;2;619;1;259;1;2;259;0;4;0;0;4;255;173;82;
162201038;700;394;0;685;5;306;5;0;306;6;0;0;0;6;300;226;74;
162201039;517;314;0;514;0;203;0;4;203;6;1;0;0;7;196;147;49;
162201040;857;480;3;865;1;374;1;6;374;1;2;1;0;4;370;263;107;
162201041;530;309;0;535;5;221;5;3;221;0;5;0;0;5;216;150;66;
162201042;730;428;0;736;6;302;6;6;302;2;5;2;0;9;293;211;82;
162201043;668;409;1;677;2;258;2;9;258;2;1;0;0;3;255;177;78;
162201044;815;511;0;807;2;304;2;3;304;1;3;0;0;4;300;200;100;
162201045;505;247;1;513;30;257;30;5;257;1;3;5;0;9;248;200;48;
162201046;772;435;1;774;34;336;34;2;336;1;4;1;0;6;330;239;91;
162201047;701;368;2;705;46;331;46;4;331;0;1;5;0;6;325;235;90;
162201048;705;431;1;707;21;273;21;3;273;2;1;4;0;7;266;170;96;
162201049;540;306;2;582;28;232;28;12;232;2;6;2;0;10;222;145;77;
162201050;685;416;0;687;17;269;17;1;269;3;0;0;0;3;266;200;66;
162201051;575;339;1;597;12;235;12;2;235;0;2;0;0;2;233;152;81;
162201052;505;267;0;517;14;238;14;1;238;6;0;0;0;6;232;180;52;
162201053;639;406;0;648;9;233;9;0;233;1;12;0;0;13;220;161;59;
162201054;931;560;0;933;0;371;0;5;371;8;2;0;0;10;361;278;83;
162201055;771;501;0;772;0;270;0;4;270;1;4;1;0;6;264;208;56;
162201056;606;399;1;609;0;206;0;2;206;1;4;0;1;6;200;138;62;
162201057;670;434;0;683;10;236;10;0;236;1;0;0;0;1;235;159;76;
162201058;842;531;0;842;0;311;0;9;311;2;5;0;1;8;303;210;93;
162201059;615;351;0;619;8;264;8;4;264;2;0;0;0;2;262;198;64;
162201060;729;467;1;736;0;261;0;0;261;1;3;3;0;7;254;182;72;
162201061;792;486;1;795;1;305;1;0;305;1;2;0;0;3;302;193;109;
162201062;702;444;1;674;0;257;0;0;257;0;8;0;0;8;249;179;70;
162201063;671;418;2;674;0;251;0;4;251;2;4;0;0;6;245;168;77;
162201064;839;493;0;843;0;346;0;2;346;3;5;1;0;9;337;233;104;
162201065;669;431;0;669;9;238;9;0;238;2;4;6;0;12;226;158;68;
162201066;875;565;0;833;9;310;9;0;310;1;6;0;0;7;303;197;106;
162201067;497;309;0;502;0;188;0;3;188;3;3;1;0;7;181;140;41;
162201068;470;311;0;419;1;159;1;2;159;3;0;0;0;3;156;108;48;
162201069;745;463;2;746;0;280;0;1;280;3;5;0;0;8;272;174;98;
162201070;710;455;0;689;6;255;6;2;255;2;2;1;0;5;250;146;104;
162201071;449;284;0;463;6;165;6;8;165;1;4;0;0;5;160;112;48;
162201072;698;427;1;712;5;270;5;8;270;1;7;0;0;8;262;169;93;
162201073;723;424;2;745;2;297;2;4;297;5;2;0;0;7;290;210;80;
162201074;910;574;0;864;18;336;18;0;336;3;7;0;0;10;326;224;102;
162201075;463;274;0;460;3;189;3;4;189;2;3;0;0;5;184;141;43;
162201076;688;420;2;693;0;266;0;5;266;1;5;0;0;6;260;184;76;
162201077;607;392;2;605;0;213;0;2;213;1;5;0;0;6;207;139;68;
162201078;469;266;3;434;2;200;2;2;200;0;6;0;0;6;194;159;35;
162201079;701;438;0;704;0;263;0;2;263;0;12;0;0;12;251;153;98;
162201080;695;338;2;699;0;355;0;0;355;1;1;3;0;5;350;341;9;
162201081;411;220;2;446;0;189;0;14;189;0;2;0;0;2;187;139;48;
162201082;587;385;2;587;0;200;0;6;200;2;3;0;0;5;195;137;58;
162201083;739;468;0;747;2;271;2;7;271;12;0;0;0;12;259;188;71;
162201084;412;209;5;436;1;198;1;23;198;0;1;1;0;2;196;176;20;
162201085;472;267;1;473;5;204;5;5;204;0;2;0;0;2;202;153;49;
162201086;687;422;2;694;1;263;1;8;263;1;0;0;0;1;262;179;83;
162201087;593;336;3;602;0;254;0;3;254;0;8;0;0;8;246;168;78;
162201088;761;467;3;762;0;291;0;6;291;0;0;3;0;3;288;197;91;
162201089;697;457;1;703;0;239;0;3;239;2;2;0;0;4;235;163;72;
162201090;738;480;0;746;4;258;4;5;258;0;4;2;0;6;252;154;98;
162201091;709;413;1;713;2;295;2;4;295;0;6;0;0;6;289;193;96;
162201092;861;537;0;863;12;324;12;6;324;3;5;1;0;9;315;215;100;
162201093;693;469;0;585;2;224;2;4;224;0;11;6;0;17;207;148;59;
162201094;487;326;1;441;5;160;5;2;160;5;4;0;0;9;151;107;44;
162201095;804;485;0;802;0;319;0;6;319;0;11;0;0;11;308;200;108;
162201096;627;418;0;653;3;209;3;3;209;0;6;1;0;7;202;147;55;
162201097;372;252;0;381;0;120;0;8;120;0;8;0;0;8;112;64;48;
162201098;503;352;3;506;2;148;2;0;148;0;2;0;0;2;146;94;52;
162201099;610;433;0;619;9;177;9;0;177;1;1;3;0;5;172;97;75;
162201100;561;363;0;567;0;198;0;2;198;2;7;0;0;9;189;116;73;
162201101;80;36;0;58;0;44;0;3;44;0;0;0;0;0;44;40;4;
162201102;200;129;0;186;0;71;0;3;71;0;0;0;0;0;71;55;16;
162201103;62;42;0;61;0;20;0;7;20;0;1;0;0;1;19;13;6;
162201104;142;53;1;100;0;88;0;13;88;1;2;0;0;3;85;64;21;
162201105;108;90;0;78;0;18;0;4;18;1;0;0;0;1;17;16;1;
162202001;675;479;1;646;0;195;0;9;195;1;0;0;0;1;194;128;66;
162202002;782;483;2;752;0;297;0;7;297;13;0;0;0;13;284;221;63;
162202003;712;476;0;715;0;236;0;0;236;0;1;0;0;1;235;141;94;
162202004;774;507;0;778;0;267;0;4;267;1;0;11;0;12;255;148;107;
162202005;502;301;0;558;0;201;0;0;201;4;2;0;0;6;195;137;58;
162202006;622;401;0;639;1;221;1;0;221;0;6;0;0;6;215;147;68;
162202007;606;420;0;580;1;186;1;1;186;2;0;0;0;2;184;108;76;
162202008;673;423;1;721;6;249;6;0;249;0;0;0;0;0;249;145;104;
162202009;672;416;0;675;0;256;0;3;256;3;0;0;0;3;253;154;99;
162202010;612;437;9;579;1;166;1;7;166;2;0;7;0;9;157;71;86;
162202011;724;458;0;725;0;266;0;3;266;6;3;0;0;9;257;174;83;
162202012;572;370;0;575;1;202;1;0;202;1;3;0;0;4;198;132;66;
162202013;618;360;0;623;2;258;2;0;258;0;1;0;0;1;257;198;59;
162202014;584;337;0;586;0;247;0;0;247;2;4;0;0;6;241;169;72;
162202015;681;373;2;788;0;306;0;2;306;1;3;0;0;4;302;175;127;
162202016;450;287;1;444;6;162;6;4;162;0;0;0;1;1;161;111;50;
162202017;643;435;1;648;0;207;0;4;207;3;1;0;0;4;203;144;59;
162202018;595;378;0;601;1;217;1;2;217;0;5;0;0;5;212;123;89;
162202019;639;448;0;645;0;191;0;0;191;1;4;0;0;5;186;100;86;
162202020;640;415;0;639;0;225;0;4;225;0;3;0;0;3;222;134;88;
162202021;585;274;4;574;0;307;0;15;307;6;3;0;0;9;298;293;5;
162202022;618;424;0;639;0;194;0;9;194;0;4;1;0;5;189;104;85;
162202023;585;356;0;591;0;229;0;6;229;3;0;0;0;3;226;192;34;
162202024;633;270;0;695;2;363;2;1;363;3;0;0;0;3;360;355;5;
162202025;510;195;0;514;0;315;0;1;315;1;6;0;0;7;308;301;7;
162202026;648;279;0;620;2;369;2;0;369;0;5;0;0;5;364;357;7;
162202027;630;221;0;630;0;409;0;7;409;31;0;0;0;31;378;357;21;
162202028;582;366;1;545;0;215;0;4;215;1;3;0;0;4;211;148;63;
162202029;577;361;2;580;0;214;0;4;214;1;2;0;0;3;211;151;60;
162202030;500;277;1;506;0;222;0;7;222;3;1;0;0;4;218;190;28;
162202031;573;254;0;570;0;319;0;14;319;0;0;3;0;3;316;309;7;
162202032;562;230;2;563;0;330;0;0;330;5;0;0;0;5;325;323;2;
162202033;561;231;0;566;5;330;5;0;330;6;3;17;0;26;304;298;6;
162202034;594;285;0;604;0;309;0;0;309;22;0;0;0;22;287;280;7;
162202035;501;206;3;508;0;292;0;7;292;2;2;4;0;8;284;275;9;
162202036;504;269;0;504;4;235;4;3;235;17;0;0;0;17;218;208;10;
162202037;501;195;2;504;0;304;0;7;304;3;2;0;0;5;299;298;1;
162202038;513;213;0;513;0;300;0;0;300;0;1;0;0;1;299;298;1;
162202039;610;282;1;609;0;327;0;7;327;0;4;0;0;4;323;320;3;
162202040;607;255;0;607;2;352;2;7;352;4;2;0;0;6;346;342;4;
162202041;672;330;0;687;0;342;0;0;342;0;1;0;0;1;341;330;11;
162202042;625;308;1;613;0;316;0;7;316;0;2;0;0;2;314;311;3;
162202043;500;160;0;563;0;340;0;6;340;6;9;2;0;17;323;322;1;
162202044;688;422;2;702;0;264;0;12;264;3;1;0;0;4;260;211;49;
162202045;687;512;0;688;2;175;2;0;175;1;3;0;0;4;171;104;67;
162202046;754;546;0;762;0;208;0;4;208;0;5;0;0;5;203;143;60;
162202047;485;267;0;489;0;218;0;1;218;0;0;0;1;1;217;188;29;
162202048;497;243;3;500;0;251;0;3;251;3;1;0;0;4;247;240;7;
162202049;579;274;2;593;0;303;0;6;303;2;2;0;0;4;299;295;4;
162202050;576;258;0;318;4;318;4;0;318;11;0;0;0;11;307;296;11;
162202051;633;276;2;355;0;355;0;6;355;0;0;0;0;0;355;351;4;
162202052;661;330;0;674;0;331;0;5;331;8;0;5;0;13;318;315;3;
162202053;648;307;2;642;0;339;0;9;339;0;0;0;0;0;339;335;4;
162202054;730;470;0;739;0;260;0;3;260;2;2;0;0;4;256;215;41;
162202055;825;564;1;828;1;260;1;3;260;1;1;0;0;2;258;193;65;
162202056;870;528;6;826;6;336;6;5;336;2;4;0;0;6;330;263;67;
162202057;745;440;0;714;0;305;0;0;305;2;4;0;0;6;299;240;59;
162202058;634;372;1;569;2;261;2;6;261;2;2;1;0;5;256;204;52;
162202059;666;442;0;624;0;224;0;3;224;0;3;0;0;3;221;176;45;
162202060;564;358;0;562;4;206;4;0;206;0;2;0;0;2;204;124;80;
162202061;665;374;1;369;2;290;2;0;290;1;1;0;0;2;288;196;92;
162202062;601;354;1;603;0;246;0;2;246;2;4;0;0;6;240;177;63;
162202063;731;423;4;733;2;304;2;0;304;0;3;4;0;7;297;211;86;
162202064;480;298;0;486;0;182;0;2;182;0;2;0;0;2;180;125;55;
162202065;671;426;2;674;0;243;0;2;243;1;3;4;0;8;235;171;64;
162202066;673;406;0;673;37;267;37;1;267;1;3;6;0;10;257;179;78;
162202067;729;396;0;736;28;333;28;5;333;0;4;1;0;5;328;257;71;
162202068;728;423;1;735;10;304;10;5;304;4;3;0;0;7;297;195;102;
162202069;512;315;0;534;22;197;22;0;197;0;0;0;0;0;197;149;48;
162202070;500;331;1;489;1;168;1;4;168;5;0;0;1;6;162;136;26;
162203001;600;331;1;683;4;268;4;5;268;0;5;0;0;5;263;170;93;
162203002;700;426;0;750;0;274;0;1;274;0;7;0;0;7;267;192;75;
162203003;700;391;1;783;1;308;1;5;308;0;7;0;0;7;301;227;74;
162203004;600;357;1;722;1;242;1;0;242;3;2;0;0;5;237;157;80;
162203005;600;342;1;714;0;257;0;0;257;0;2;0;0;2;255;179;76;
162203006;600;218;0;699;1;382;1;0;382;2;5;0;0;7;375;317;58;
162203007;700;329;1;783;2;370;2;10;370;3;3;2;0;8;362;277;85;
162203008;600;363;0;644;0;237;0;0;237;2;3;0;0;5;232;166;66;
162203009;608;346;0;670;2;262;2;6;262;2;3;0;0;5;257;199;58;
162203010;700;450;2;764;6;248;6;5;248;3;6;0;0;9;239;145;94;
162203011;600;374;1;645;3;225;3;4;225;1;3;1;0;5;220;154;66;
162203012;600;342;1;700;0;257;0;0;257;3;5;4;0;12;245;187;58;
162203013;600;390;1;660;0;209;0;2;209;3;3;0;0;6;203;137;66;
162203014;200;44;2;36;142;154;142;0;154;2;0;0;1;3;151;124;27;
162203015;500;323;0;612;0;177;0;3;177;2;2;0;0;4;173;117;56;
162203016;500;274;0;605;0;226;0;0;226;0;1;3;0;4;222;161;61;
162203017;600;331;0;650;0;269;0;0;269;0;3;1;0;4;265;184;81;
162203018;600;342;0;671;0;258;0;3;258;3;3;3;0;9;249;163;86;
162203019;600;371;1;697;0;228;0;0;228;3;3;0;0;6;222;146;76;
162203020;601;365;0;693;4;236;4;0;236;1;4;0;1;6;230;163;67;
162203021;700;420;1;751;0;279;0;0;279;11;0;0;0;11;268;187;81;
162203022;700;421;2;740;0;277;0;3;277;2;5;0;0;7;270;193;77;
162203023;600;301;1;718;1;298;1;0;298;2;3;8;0;13;285;206;79;
162203024;625;393;0;627;4;232;4;0;232;0;0;0;0;0;232;161;71;
162203025;500;254;1;600;1;245;1;13;245;1;0;0;0;1;244;180;64;
162203026;600;339;2;683;0;259;0;2;259;1;0;0;0;1;258;185;73;
162203027;500;296;2;577;0;202;0;1;202;0;2;0;0;2;200;144;56;
162203028;600;372;0;654;0;228;0;5;228;1;3;1;0;5;223;158;65;
162203029;700;483;2;764;0;215;0;10;215;0;0;6;0;6;209;135;74;
162203030;600;391;2;714;0;207;0;0;207;2;2;4;0;8;199;140;59;
162203031;600;337;0;708;0;263;0;2;263;1;4;0;0;5;258;177;81;
162203032;604;327;0;667;0;277;0;5;277;4;5;0;0;9;268;215;53;
162203033;500;279;8;590;3;213;3;0;213;5;3;0;0;8;205;139;66;
162203034;600;338;2;681;6;260;6;2;260;0;2;0;0;2;258;165;93;
162203035;600;331;0;651;0;269;0;0;269;6;0;0;0;6;263;171;92;
162203036;600;297;1;734;0;302;0;6;302;2;5;3;0;10;292;209;83;
162203037;500;288;0;583;3;212;3;0;212;0;0;1;0;1;211;151;60;
162203038;600;340;0;702;1;260;1;1;260;0;3;0;0;3;257;177;80;
162203039;698;397;1;705;1;300;1;0;300;1;2;0;0;3;297;241;56;
162203040;600;263;2;701;0;335;0;5;335;1;0;3;0;4;331;281;50;
162203041;600;350;1;700;3;249;3;6;249;1;2;4;0;7;242;144;98;
162203042;740;465;0;743;4;275;4;0;275;2;2;0;0;4;271;192;79;
162203043;700;453;0;793;1;247;1;0;247;0;2;0;0;2;245;155;90;
162203044;800;519;1;837;2;280;2;0;280;2;1;0;0;3;277;155;122;
162203045;800;530;1;840;7;269;7;0;269;1;3;0;0;4;265;152;113;
162203046;500;311;8;550;3;181;3;0;181;6;2;0;0;8;173;113;60;
162203047;300;254;0;218;0;46;0;4;46;1;1;0;0;2;44;33;11;
162203048;200;119;0;215;0;81;0;6;81;0;1;1;0;2;79;63;16;
162204001;483;302;0;488;1;181;1;5;181;0;2;0;0;2;179;109;70;
162204002;443;274;0;166;3;169;3;0;169;0;3;0;0;3;166;110;56;
162204003;612;408;0;627;4;204;4;5;204;0;0;0;0;0;204;141;63;
162204004;700;476;4;699;1;220;1;0;220;4;0;0;0;4;216;139;77;
162204005;837;556;0;814;1;281;1;3;281;1;2;0;0;3;278;184;94;
162204006;539;397;1;539;0;141;0;0;141;0;1;0;0;1;140;88;52;
162204007;365;222;1;370;0;142;0;5;142;1;1;0;0;2;140;92;48;
162204008;555;389;1;554;0;165;0;0;165;0;4;0;0;4;161;101;60;
162204009;785;496;0;787;5;289;5;15;289;2;3;0;0;5;284;183;101;
162204010;701;417;0;706;6;284;6;5;284;0;4;0;0;4;280;187;93;
162204011;877;541;0;878;5;336;5;0;336;3;4;0;0;7;329;232;97;
162204012;463;271;0;464;0;192;0;0;192;0;3;1;0;4;188;130;58;
162204013;805;538;1;805;2;266;2;0;266;7;0;0;0;7;259;177;82;
162204014;814;391;3;816;0;420;0;4;420;15;0;0;0;15;405;366;39;
162204015;709;337;0;712;3;372;3;2;372;2;5;0;0;7;365;336;29;
162204016;530;252;2;535;0;276;0;0;276;0;0;11;0;11;265;264;1;
162204017;746;496;0;747;0;250;0;5;250;0;4;0;0;4;246;158;88;
162204018;499;318;0;506;0;181;0;13;181;3;2;1;0;6;175;113;62;
162204019;1010;677;0;1014;1;333;1;3;333;2;6;0;0;8;325;216;109;
162204020;503;362;1;502;0;140;0;0;140;0;2;0;0;2;138;98;40;
162204021;525;344;0;180;1;181;1;2;181;5;5;0;0;10;171;114;57;
162204022;357;228;1;363;3;128;3;5;128;4;0;0;0;4;124;90;34;
162204023;863;526;1;866;3;336;3;0;336;3;6;2;0;11;325;234;91;
162204024;505;250;0;506;2;255;2;0;255;2;3;0;0;5;250;196;54;
162204025;493;313;0;500;1;180;1;6;180;0;0;1;0;1;179;81;98;
162204026;605;418;0;608;0;187;0;0;187;2;4;0;0;6;181;133;48;
162204027;565;412;0;566;1;153;1;0;153;0;2;0;0;2;151;89;62;
162204028;528;322;2;540;0;204;0;6;204;3;1;2;0;6;198;134;64;
162204029;650;400;0;656;1;250;1;3;250;4;0;0;0;4;246;198;48;
162204030;375;221;1;378;0;153;0;2;153;0;1;1;0;2;151;113;38;
162204031;785;436;2;810;0;347;0;23;347;1;6;1;0;8;339;245;94;
162204032;637;416;0;646;9;221;9;2;221;5;0;0;0;5;216;133;83;
162204033;705;334;0;710;0;371;0;1;371;3;3;0;1;7;364;359;5;
162204034;723;418;0;733;0;305;0;6;305;1;6;0;0;7;298;226;72;
162204035;516;308;2;519;1;206;1;4;206;1;2;2;0;5;201;138;63;
162204036;550;311;0;555;1;239;1;0;239;1;1;0;0;2;237;152;85;
162204037;760;552;0;761;2;208;2;1;208;1;1;0;0;2;206;113;93;
162204038;941;619;0;943;0;322;0;2;322;5;0;3;0;8;314;224;90;
162204039;552;374;0;552;0;178;0;0;178;0;2;0;0;2;176;121;55;
162204040;675;441;1;677;1;233;1;0;233;0;9;0;0;9;224;137;87;
162204041;752;458;2;756;0;292;0;0;292;1;10;0;0;11;281;183;98;
162204042;306;185;1;323;2;120;2;1;120;1;4;0;0;5;115;76;39;
162204043;557;351;0;557;0;206;0;0;206;2;0;3;0;5;201;158;43;
162204044;879;514;0;899;4;365;4;10;365;1;3;2;0;6;359;243;116;
162204045;854;334;0;856;0;520;0;5;520;4;0;0;0;4;516;511;5;
162204046;791;537;1;794;0;253;0;4;253;3;4;0;0;7;246;153;93;
162204047;675;431;0;679;0;244;0;2;244;4;0;0;0;4;240;175;65;
162204048;491;311;1;491;0;179;0;1;179;1;2;0;0;3;176;136;40;
162204049;427;300;4;425;0;123;0;0;123;0;1;0;0;1;122;90;32;
162204050;463;348;2;464;2;113;2;0;113;2;0;0;0;2;111;85;26;
162204051;665;428;1;662;0;236;0;7;236;0;4;2;0;6;230;148;82;
162204052;756;449;0;756;6;307;6;15;307;1;1;0;0;2;305;222;83;
162204053;682;382;0;682;0;300;0;0;300;2;2;0;0;4;296;212;84;
162204054;387;234;0;389;2;153;2;2;153;0;4;0;0;4;149;88;61;
162204055;469;294;0;478;0;175;0;4;175;3;0;0;0;3;172;106;66;
162204056;438;270;2;441;2;166;2;2;166;0;1;0;0;1;165;121;44;
162204057;512;318;0;514;0;194;0;2;194;0;6;0;0;6;188;111;77;
162204058;756;458;2;759;0;296;0;3;296;1;1;9;0;11;285;192;93;
162204059;461;267;0;466;0;194;0;0;194;1;0;0;0;1;193;127;66;
162204060;755;402;0;755;1;353;1;0;353;10;0;0;0;10;343;259;84;
162204061;794;518;0;819;1;276;1;0;276;0;2;0;0;2;274;190;84;
162204062;726;426;1;731;1;299;1;0;299;4;1;0;0;5;294;193;101;
162204063;543;372;0;545;0;171;0;1;171;0;1;0;0;1;170;106;64;
162204064;1000;709;0;911;0;291;0;2;291;0;4;0;0;4;287;212;75;
162204065;585;353;0;594;5;232;5;0;232;0;5;0;0;5;227;153;74;
162204066;145;67;0;113;0;78;0;0;78;1;0;1;0;2;76;62;14;
162205001;450;284;3;163;1;163;1;0;163;1;0;2;0;3;160;114;46;
162205002;800;490;2;810;1;308;1;0;308;1;4;5;0;10;298;205;93;
162205003;690;442;0;684;7;248;7;5;248;1;2;0;0;3;245;168;77;
162205004;530;344;0;530;4;186;4;3;186;0;1;3;0;4;182;116;66;
162205005;776;484;0;785;2;292;2;5;292;1;6;0;0;7;285;194;91;
162205006;800;527;2;795;0;271;0;1;271;1;2;0;0;3;268;206;62;
162205007;380;231;0;379;0;149;0;0;149;1;0;3;0;4;145;96;49;
162205008;760;513;10;759;7;237;7;0;237;0;10;0;0;10;227;127;100;
162205009;650;415;0;657;0;235;0;6;235;0;7;0;0;7;228;151;77;
162205010;710;494;0;717;0;216;0;5;216;3;4;6;0;13;203;100;103;
162205011;740;471;0;734;1;269;1;0;269;1;5;0;0;6;263;178;85;
162205012;630;384;1;634;1;245;1;5;245;0;1;0;0;1;244;140;104;
162205013;450;285;0;464;0;165;0;17;165;0;3;0;0;3;162;99;63;
162205014;480;292;0;480;11;188;11;0;188;2;1;2;0;5;183;133;50;
162205015;460;253;0;460;6;207;6;0;207;6;0;0;0;6;201;147;54;
162205016;600;368;2;596;0;230;0;0;230;2;7;8;0;17;213;126;87;
162205017;750;472;0;747;1;278;1;6;278;1;0;6;0;7;271;194;77;
162205018;570;392;1;567;0;177;0;2;177;2;4;0;0;6;171;117;54;
162205019;540;358;0;543;5;182;5;0;182;0;0;4;0;4;178;119;59;
162205020;750;466;1;747;1;283;1;0;283;0;0;0;0;0;283;189;94;
162205021;800;486;1;801;0;313;0;6;313;1;5;0;0;6;307;198;109;
162205022;530;353;0;530;1;177;1;6;177;1;1;0;0;2;175;117;58;
162205023;530;338;0;528;0;192;0;0;192;2;7;0;0;9;183;123;60;
162205024;530;314;1;530;0;215;0;3;215;3;0;0;0;3;212;135;77;
162205025;630;457;0;628;0;173;0;4;173;2;0;1;0;3;170;116;54;
162205026;650;398;0;649;0;252;0;0;252;0;3;0;0;3;249;172;77;
162205027;680;465;0;674;10;215;10;1;215;0;2;1;0;3;212;140;72;
162205028;500;314;0;471;0;186;0;0;186;4;0;1;0;5;181;142;39;
162205029;520;337;0;520;0;183;0;6;183;2;1;0;0;3;180;109;71;
162205030;630;411;0;644;11;219;11;3;219;2;1;0;0;3;216;136;80;
162205031;629;350;0;639;0;279;0;9;279;1;1;0;0;2;277;215;62;
162205032;760;545;0;737;6;215;6;3;215;4;0;0;0;4;211;145;66;
162205033;730;484;2;731;3;244;3;0;244;5;3;0;0;8;236;167;69;
162205034;670;456;2;659;0;212;0;0;212;0;3;0;0;3;209;131;78;
162205035;620;407;0;619;4;213;4;4;213;7;0;0;0;7;206;125;81;
162205036;764;534;0;768;0;230;0;0;230;0;1;0;0;1;229;161;68;
162205037;620;368;1;616;1;251;1;5;251;1;5;0;0;6;245;191;54;
162205038;720;482;0;234;4;238;4;4;238;0;12;0;0;12;226;132;94;
162205039;557;347;2;564;1;208;1;4;208;1;4;0;0;5;203;161;42;
162205040;750;479;1;754;0;270;0;4;270;0;0;7;0;7;263;180;83;
162205041;660;403;0;660;1;257;1;6;257;4;0;0;0;4;253;188;65;
162205042;750;464;0;750;2;286;2;4;286;1;7;0;0;8;278;178;100;
162205043;770;441;3;767;0;326;0;4;326;0;2;0;0;2;324;225;99;
162205044;720;458;2;710;0;260;0;0;260;8;0;0;1;9;251;160;91;
162205045;600;376;1;592;1;223;1;7;223;1;2;2;0;5;218;154;64;
162205046;530;337;1;535;2;192;2;0;192;0;3;0;0;3;189;155;34;
162205047;740;470;1;749;0;269;0;14;269;0;1;0;0;1;268;198;70;
162205048;696;425;0;692;0;271;0;6;271;1;4;0;0;5;266;204;62;
162205049;790;467;0;786;1;323;1;3;323;9;0;0;0;9;314;203;111;
162205050;830;523;0;821;0;307;0;0;307;2;1;2;0;5;302;204;98;
162205051;628;351;0;628;0;277;0;0;277;8;0;0;0;8;269;199;70;
162205052;562;371;1;568;0;190;0;1;190;0;1;0;0;1;189;125;64;
162205053;460;298;0;460;0;162;0;7;162;0;1;0;0;1;161;117;44;
162205054;480;324;0;474;4;156;4;0;156;2;2;0;0;4;152;121;31;
162205055;750;511;2;760;0;237;0;0;237;1;0;0;0;1;236;187;49;
162205056;530;338;1;550;0;191;0;30;191;2;0;0;0;2;189;119;70;
162205057;620;403;0;614;0;217;0;0;217;0;0;0;0;0;217;140;77;
162205058;820;525;1;820;2;294;2;1;294;1;4;0;0;5;289;177;112;
162205059;760;461;0;755;5;299;5;5;299;2;1;0;0;3;296;195;101;
162205060;560;267;0;629;3;293;3;0;293;2;2;1;0;5;288;194;94;
162205061;620;346;2;624;4;272;4;0;272;0;2;0;0;2;270;188;82;
162205062;710;440;1;714;0;269;0;6;269;0;0;0;0;0;269;192;77;
162205063;810;513;0;814;0;297;0;8;297;0;5;0;0;5;292;172;120;
162205064;730;479;0;725;1;251;1;4;251;0;0;2;0;2;249;163;86;
162205065;670;419;0;673;2;251;2;4;251;3;0;6;0;9;242;157;85;
162205066;690;463;0;694;1;227;1;4;227;3;1;0;0;4;223;153;70;
162205067;430;282;0;430;0;148;0;0;148;1;1;0;0;2;146;110;36;
162205068;540;354;0;543;0;186;0;6;186;0;3;0;0;3;183;121;62;
162205069;750;464;0;746;0;286;0;4;286;0;5;0;0;5;281;213;68;
162205070;600;392;0;605;0;208;0;4;208;1;2;2;0;5;203;146;57;
162205071;710;414;0;709;0;296;0;0;296;0;3;3;0;6;290;210;80;
162205072;810;510;0;803;7;300;7;7;300;3;3;4;0;10;290;206;84;
162205073;700;438;0;705;0;262;0;0;262;0;6;0;0;6;256;176;80;
162205074;670;449;0;673;0;221;0;4;221;1;0;0;0;1;220;155;65;
162205075;800;562;0;802;0;238;0;2;238;0;0;2;0;2;236;142;94;
162205076;610;390;7;603;0;213;0;4;213;7;0;0;0;7;206;137;69;
162205077;580;378;0;580;2;202;2;7;202;0;3;5;0;8;194;138;56;
162205078;680;441;0;682;6;239;6;0;239;2;6;0;0;8;231;164;67;
162205079;760;505;0;758;2;255;2;2;255;1;2;8;2;13;242;148;94;
162205080;740;564;0;176;0;176;0;0;176;0;6;0;0;6;170;110;60;
162205081;820;559;1;820;0;260;0;3;260;0;4;0;0;4;256;173;83;
162205082;870;603;4;876;0;263;0;0;263;0;4;0;0;4;259;181;78;
162205083;750;519;0;750;0;231;0;4;231;0;2;1;0;3;228;164;64;
162205084;460;296;0;466;0;164;0;6;164;1;2;0;0;3;161;121;40;
162205085;970;639;1;967;0;330;0;4;330;0;0;0;0;0;330;234;96;
162205086;660;500;0;667;11;160;11;0;160;1;3;0;0;4;156;101;55;
162205087;560;387;1;560;2;172;2;4;172;0;1;0;0;1;171;114;57;
162205088;550;346;1;544;0;203;0;0;203;0;0;1;0;1;202;125;77;
162205089;590;371;0;592;0;219;0;4;219;0;0;0;0;0;219;132;87;
162205090;850;539;0;843;2;311;2;0;311;2;5;3;0;10;301;166;135;
162205091;710;465;0;702;0;245;0;3;245;0;1;0;0;1;244;114;130;
162205092;470;320;0;466;0;150;0;2;150;0;2;0;0;2;148;73;75;
162205093;550;360;2;188;0;188;0;2;188;1;1;0;0;2;186;112;74;
162205094;620;400;2;621;0;218;0;1;218;0;2;0;0;2;216;118;98;
162205095;650;453;0;650;0;197;0;2;197;0;0;0;0;0;197;122;75;
162205096;100;59;0;55;0;41;0;8;41;0;0;1;0;1;40;30;10;
162205099;100;58;1;61;0;41;0;5;41;0;2;2;0;4;37;29;8;
162205100;308;71;1;236;0;236;0;0;236;1;0;14;0;15;221;170;51;
162206001;700;481;1;630;3;218;3;0;218;1;0;0;0;1;217;146;71;
162206002;689;460;0;646;0;229;0;1;229;2;0;6;0;8;221;164;57;
162206003;500;250;0;496;7;250;7;23;250;3;1;0;0;4;246;205;41;
162206004;750;493;2;715;3;255;3;0;255;1;6;0;0;7;248;169;79;
162206005;650;394;0;619;2;256;2;0;256;1;6;0;0;7;249;191;58;
162206006;700;502;0;625;2;198;2;3;198;1;0;0;0;1;197;124;73;
162206007;650;442;0;610;0;208;0;0;208;0;0;2;0;2;206;153;53;
162206008;814;591;0;728;1;223;1;1;223;0;3;2;0;5;218;152;66;
162206009;700;443;1;678;2;256;2;3;256;1;3;0;0;4;252;167;85;
162206010;650;456;1;613;0;193;0;0;193;3;0;0;0;3;190;129;61;
162206011;700;442;0;670;2;258;2;3;258;0;1;4;0;5;253;216;37;
162206012;700;517;0;667;0;183;0;1;183;5;1;0;0;6;177;128;49;
162206013;700;455;0;650;0;245;0;1;245;2;6;1;0;9;236;158;78;
162206014;700;487;0;637;0;213;0;1;213;0;3;0;0;3;210;150;60;
162206015;750;535;0;710;0;215;0;0;215;0;0;10;0;10;205;147;58;
162206016;700;491;1;694;0;208;0;6;208;1;4;3;0;8;200;143;57;
162206017;650;451;0;615;0;199;0;6;199;1;1;0;0;2;197;125;72;
162206018;700;497;0;646;0;203;0;0;203;0;4;0;0;4;199;123;76;
162206019;637;455;0;606;0;182;0;0;182;3;2;0;0;5;177;118;59;
162206020;700;488;2;651;3;210;3;0;210;5;1;0;0;6;204;147;57;
162206021;750;515;1;719;1;234;1;3;234;3;3;1;0;7;227;163;64;
162206022;800;540;2;742;2;258;2;3;258;0;4;0;0;4;254;159;95;
162206023;592;403;1;583;0;188;0;0;188;5;1;0;0;6;182;133;49;
162206024;700;507;1;652;1;192;1;2;192;0;1;0;0;1;191;128;63;
162206025;710;531;0;644;0;179;0;1;179;1;0;0;0;1;178;121;57;
162206026;500;341;1;488;0;158;0;2;158;1;0;0;0;1;157;106;51;
162206027;500;338;1;458;1;161;1;13;161;0;1;0;0;1;160;105;55;
162206028;600;398;1;590;0;201;0;1;201;0;3;2;0;5;196;129;67;
162206029;750;484;0;702;4;266;4;5;266;2;0;1;0;3;263;201;62;
162206030;600;412;1;579;1;187;1;1;187;1;1;2;0;4;183;103;80;
162206031;600;412;2;591;1;186;1;0;186;1;6;0;0;7;179;115;64;
162206032;637;430;0;628;0;207;0;0;207;1;2;0;0;3;204;142;62;
162206033;692;492;1;654;0;199;0;0;199;1;1;2;0;4;195;150;45;
162206034;800;524;1;736;0;275;0;5;275;1;6;0;0;7;268;178;90;
162206035;700;488;2;680;0;210;0;5;210;1;4;0;0;5;205;130;75;
162206036;788;533;1;772;0;254;0;0;254;1;3;0;0;4;250;167;83;
162206037;650;430;0;623;9;220;9;0;220;0;3;0;0;3;217;142;75;
162206038;800;590;1;738;0;209;0;2;209;2;1;4;0;7;202;126;76;
162206039;500;347;0;482;7;153;7;3;153;0;2;0;0;2;151;92;59;
162206040;500;336;0;470;0;164;0;6;164;1;0;2;0;3;161;78;83;
162206041;700;482;0;641;2;218;2;1;218;2;8;0;0;10;208;146;62;
162206042;550;389;1;520;0;160;0;0;160;3;0;0;0;3;157;116;41;
162206043;500;314;0;493;2;186;2;2;186;3;0;1;0;4;182;128;54;
162206044;500;334;0;461;0;166;0;0;166;0;3;0;0;3;163;124;39;
162206045;550;399;0;507;0;151;0;5;151;0;0;0;0;0;151;106;45;
162206046;500;335;2;477;5;163;5;12;163;0;0;1;0;1;162;117;45;
162206047;693;407;1;694;4;285;4;0;285;5;1;0;0;6;279;207;72;
162206048;800;524;0;785;0;276;0;5;276;0;2;2;0;4;272;186;86;
162206049;700;428;2;643;1;270;1;0;270;1;0;0;0;1;269;214;55;
162206050;700;456;0;662;0;244;0;8;244;0;3;0;0;3;241;164;77;
162206051;600;372;0;589;0;228;0;0;228;1;0;0;0;1;227;182;45;
162206052;700;459;0;669;0;241;0;9;241;1;2;0;0;3;238;170;68;
162206053;700;489;8;631;3;203;3;4;203;1;4;3;0;8;195;124;71;
162206054;700;500;0;684;0;200;0;2;200;1;1;1;0;3;197;108;89;
162206055;700;429;0;700;4;271;4;6;271;0;3;0;0;3;268;197;71;
162206056;800;540;0;805;0;260;0;5;260;4;2;4;0;10;250;148;102;
162206057;800;547;1;781;3;252;3;0;252;0;1;0;0;1;251;156;95;
162206058;800;572;1;758;0;227;0;5;227;1;0;0;0;1;226;147;79;
162206059;750;502;0;712;0;248;0;0;248;0;7;0;0;7;241;182;59;
162206060;750;530;0;718;7;220;7;5;220;1;3;0;0;4;216;146;70;
162206061;900;631;2;849;0;267;0;6;267;2;2;0;0;4;263;150;113;
162206062;800;529;2;773;0;269;0;5;269;1;2;0;1;4;265;201;64;
162206063;1000;653;1;948;6;346;6;6;346;1;3;0;0;4;342;233;109;
162206064;700;457;1;668;2;242;2;0;242;2;4;1;3;10;232;157;75;
162206065;700;459;1;668;0;240;0;6;240;0;3;0;0;3;237;145;92;
162206066;800;532;1;740;1;267;1;4;267;1;2;0;0;3;264;162;102;
162206067;600;366;2;572;0;232;0;23;232;10;0;0;0;10;222;161;61;
162206068;850;591;0;818;6;259;6;0;259;2;4;0;0;6;253;158;95;
162206069;700;482;0;707;9;218;9;7;218;1;1;1;0;3;215;163;52;
162206070;693;460;0;675;0;233;0;0;233;2;0;1;0;3;230;139;91;
162206071;750;517;2;737;6;231;6;11;231;0;2;3;0;5;226;169;57;
162206072;250;159;0;191;1;91;1;0;91;1;2;7;0;10;81;61;20;
170100001;900;536;3;921;0;361;0;2;361;2;3;1;0;6;355;243;112;
170100002;800;477;1;753;0;322;0;0;322;0;3;15;0;18;304;173;131;
170100003;800;477;0;846;0;323;0;0;323;3;0;6;0;9;314;186;128;
170100004;700;407;1;756;0;292;0;3;292;2;1;1;0;4;288;156;132;
170100005;800;518;0;839;0;282;0;3;282;0;4;0;0;4;278;164;114;
170100006;498;269;0;558;2;229;2;0;229;1;7;0;0;8;221;136;85;
170100007;700;374;0;724;0;326;0;0;326;0;6;0;0;6;320;161;159;
170100008;800;475;0;903;6;325;6;3;325;0;0;0;0;0;325;197;128;
170100009;700;344;0;750;0;356;0;4;356;1;3;5;1;10;346;204;142;
170100010;600;350;0;569;0;250;0;0;250;2;4;0;0;6;244;138;106;
170100011;700;358;0;778;2;342;2;0;342;0;2;0;0;2;340;187;153;
170100012;700;382;2;715;0;316;0;0;316;7;5;0;0;12;304;194;110;
170100013;400;217;1;442;0;182;0;2;182;0;1;1;0;2;180;126;54;
170100014;600;355;0;585;0;245;0;0;245;0;4;6;0;10;235;154;81;
170100015;700;412;0;667;0;288;0;2;288;1;1;6;0;8;280;184;96;
170100016;700;379;1;759;2;320;2;2;320;3;5;2;0;10;310;209;101;
170100017;500;271;5;498;0;224;0;5;224;3;8;0;1;12;212;119;93;
170100018;500;281;5;541;0;214;0;0;214;2;0;3;0;5;209;118;91;
170100019;500;273;0;518;0;227;0;0;227;0;0;2;0;2;225;127;98;
170100020;700;393;0;704;0;307;0;3;307;3;2;5;0;10;297;164;133;
170100021;801;422;1;866;4;378;4;0;378;4;11;0;0;15;363;217;146;
170100022;800;410;0;835;0;390;0;0;390;2;3;3;0;8;382;224;158;
170100023;600;329;0;591;0;271;0;0;271;1;0;8;0;9;262;154;108;
170100024;700;356;0;771;0;344;0;3;344;2;3;1;0;6;338;188;150;
170100025;400;226;0;377;0;174;0;0;174;6;0;0;0;6;168;103;65;
170100026;600;296;0;664;0;304;0;0;304;0;4;0;0;4;300;195;105;
170100027;500;252;0;531;0;248;0;0;248;1;0;3;0;4;244;142;102;
170100028;400;229;0;399;0;171;0;0;171;4;0;0;0;4;167;103;64;
170100029;600;329;2;641;0;269;0;3;269;3;2;3;0;8;261;196;65;
170100030;400;223;0;445;1;177;1;1;177;0;2;2;0;4;173;101;72;
170100031;600;334;0;630;0;266;0;0;266;0;0;5;0;5;261;202;59;
170100032;500;214;1;570;0;285;0;4;285;7;0;1;0;8;277;182;95;
170100033;500;248;0;593;0;252;0;0;252;1;1;0;0;2;250;176;74;
170100034;800;480;0;828;0;320;0;0;320;2;1;3;0;6;314;226;88;
170100035;600;374;1;626;0;225;0;0;225;0;1;1;0;2;223;117;106;
170100036;500;282;1;504;1;217;1;0;217;1;0;0;0;1;216;142;74;
170100037;600;373;0;626;0;227;0;0;227;0;2;0;0;2;225;116;109;
170100038;800;474;0;800;6;326;6;7;326;1;1;6;0;8;318;230;88;
170100039;700;421;0;736;0;279;0;1;279;0;0;0;0;0;279;206;73;
170100040;500;227;0;273;0;273;0;0;273;5;0;0;0;5;268;231;37;
170100041;500;309;0;490;2;191;2;0;191;0;2;0;0;2;189;112;77;
170100042;600;375;1;629;0;224;0;0;224;0;2;4;0;6;218;116;102;
170100043;700;416;0;683;1;284;1;0;284;2;2;1;0;5;279;159;120;
170100044;700;433;1;689;0;266;0;0;266;2;2;1;0;5;261;155;106;
170100045;498;305;1;495;0;192;0;0;192;1;2;0;0;3;189;111;78;
170100046;800;390;0;835;0;410;0;0;410;4;2;0;10;16;394;243;151;
170100047;800;443;0;785;0;357;0;1;357;0;0;0;0;0;357;244;113;
170100048;600;313;0;606;0;287;0;0;287;0;0;4;0;4;283;217;66;
170100049;600;319;0;666;0;281;0;6;281;0;2;1;0;3;278;172;106;
170100050;600;348;0;632;2;252;2;1;252;0;0;0;0;0;252;191;61;
170100051;400;207;1;430;3;192;3;0;192;0;1;0;0;1;191;139;52;
170100052;700;434;1;694;0;265;0;6;265;0;2;0;0;2;263;177;86;
170100053;600;348;1;648;0;251;0;4;251;0;5;0;0;5;246;166;80;
170100054;700;324;2;721;0;374;0;0;374;0;3;0;0;3;371;348;23;
170100055;500;274;2;553;0;224;0;11;224;3;0;0;0;3;221;202;19;
170100056;700;318;1;756;0;381;0;0;381;3;1;4;0;8;373;354;19;
170100057;800;341;0;810;0;459;0;5;459;0;1;15;0;16;443;439;4;
170100058;700;330;3;769;0;367;0;0;367;2;4;0;0;6;361;357;4;
170100059;900;362;0;980;0;538;0;0;538;5;0;29;0;34;504;494;10;
170100060;500;238;0;486;0;262;0;2;262;0;1;6;1;8;254;171;83;
170100061;500;213;0;505;0;287;0;0;287;2;0;0;0;2;285;252;33;
170100062;800;391;2;828;0;407;0;0;407;1;0;6;0;7;400;362;38;
170100063;900;434;0;929;0;466;0;0;466;1;1;1;0;3;463;368;95;
170100064;800;272;1;850;0;527;0;3;527;3;0;0;0;3;524;511;13;
170100065;700;292;0;703;0;408;0;0;408;1;1;7;0;9;399;378;21;
170100066;700;259;0;748;0;441;0;0;441;2;0;1;0;3;438;412;26;
170100067;300;136;0;335;0;164;0;4;164;2;1;0;0;3;161;127;34;
170100068;500;314;1;482;0;185;0;0;185;0;0;4;0;4;181;117;64;
170100069;70;35;0;41;0;35;0;0;35;0;0;0;0;0;35;35;0;
170100070;60;38;0;38;0;22;0;0;22;0;0;0;0;0;22;20;2;
170100071;100;35;0;96;0;65;0;8;65;0;1;0;0;1;64;32;32;
170100072;300;146;0;271;1;154;1;2;154;0;3;0;0;3;151;98;53;
170100073;80;29;0;71;0;51;0;6;51;0;1;0;0;1;50;36;14;
170100074;500;285;0;504;0;215;0;1;215;0;0;0;0;0;215;159;56;
170100075;600;323;0;594;3;277;3;0;277;3;0;2;0;5;272;216;56;
170100076;500;253;0;529;0;247;0;0;247;1;1;6;0;8;239;128;111;
170100077;700;450;0;660;3;250;3;0;250;0;13;0;0;13;237;158;79;
170100078;40;17;1;27;1;22;1;0;22;0;1;0;0;1;21;19;2;
170100079;600;180;0;622;6;420;6;0;420;1;0;0;0;1;419;398;21;
170100080;120;58;0;104;4;62;4;4;62;0;0;0;0;0;62;51;11;
170100081;500;263;0;462;1;237;1;2;237;0;7;2;0;9;228;189;39;
170100082;300;114;0;282;3;186;3;3;186;0;0;0;0;0;186;173;13;
170100083;300;208;0;263;0;92;0;0;92;2;0;0;0;2;90;61;29;
170100084;450;276;5;419;4;169;4;0;169;0;0;5;0;5;164;99;65;
170100085;200;96;2;171;0;102;0;0;102;2;0;0;1;3;99;82;17;
170100086;150;76;0;128;1;74;1;0;74;0;1;2;0;3;71;68;3;
170100087;80;28;0;61;3;52;3;0;52;0;0;0;0;0;52;45;7;
170100088;400;104;1;418;1;295;1;0;295;2;2;11;0;15;280;237;43;
170100089;500;137;1;533;0;362;0;0;362;4;2;1;0;7;355;343;12;
170100090;501;196;0;501;1;305;1;0;305;0;1;0;0;1;304;294;10;
170100091;700;389;0;631;9;311;9;0;311;0;5;0;1;6;305;208;97;
170100092;1000;478;2;977;2;520;2;0;520;1;3;9;0;13;507;348;159;
170100093;800;429;1;768;0;370;0;1;370;2;1;9;0;12;358;269;89;
170100094;80;20;0;69;6;60;6;0;60;0;0;0;0;0;60;60;0;
170100095;40;33;0;28;0;7;0;0;7;0;0;0;0;0;7;7;0;
170100096;600;332;0;564;2;268;2;3;268;0;4;1;0;5;263;205;58;
170100097;60;23;0;45;0;37;0;5;37;0;0;0;0;0;37;17;20;
170100098;800;299;1;800;0;500;0;0;500;2;0;3;0;5;495;469;26;
170100099;500;264;0;429;1;236;1;0;236;8;3;0;0;11;225;161;64;
170100100;500;162;0;484;2;338;2;2;338;0;0;9;0;9;329;327;2;
170100101;50;18;1;35;1;31;1;0;31;0;3;0;0;3;28;20;8;
170100102;300;221;0;79;8;79;8;0;79;1;0;0;0;1;78;59;19;
170700001;540;193;0;539;3;347;3;0;347;3;10;0;0;13;334;288;46;
170700002;440;192;0;436;1;248;1;0;248;10;1;0;0;11;237;201;36;
170700003;660;192;1;659;0;467;0;0;467;1;2;0;0;3;464;424;40;
170700004;390;184;1;389;1;205;1;0;205;1;1;5;0;7;198;129;69;
170700005;440;236;1;430;0;203;0;2;203;3;1;0;0;4;199;155;44;
170700006;350;118;1;346;0;231;0;1;231;1;1;8;0;10;221;177;44;
170700007;460;180;1;456;2;279;2;0;279;1;4;0;0;5;274;248;26;
170700008;90;13;0;84;5;77;5;1;77;0;2;0;1;3;74;68;6;
170700009;289;75;2;287;4;212;4;1;212;6;0;0;0;6;206;193;13;
170700010;90;12;0;87;2;78;2;0;78;0;0;0;0;0;78;73;5;
170700011;160;46;1;159;5;113;5;0;113;2;1;0;1;4;109;94;15;
170700012;160;47;1;157;3;112;3;2;112;1;0;3;0;4;108;95;13;
170700013;320;108;0;312;0;212;0;0;212;5;0;0;0;5;207;184;23;
170700014;300;118;1;281;0;181;0;0;181;0;3;0;0;3;178;151;27;
170700015;620;221;2;620;3;397;3;1;397;1;0;1;0;2;395;334;61;
170700016;200;98;0;193;0;102;0;0;102;0;1;0;0;1;101;81;20;
170700017;500;233;0;493;4;267;4;1;267;3;0;12;0;15;252;217;35;
170700018;550;182;3;544;2;365;2;1;365;3;4;3;0;10;355;309;46;
170700019;140;30;0;139;3;110;3;2;110;4;0;0;0;4;106;88;18;
171200001;786;454;0;793;5;332;5;0;332;0;4;0;0;4;328;229;99;
171200002;711;340;0;711;0;371;0;0;371;5;13;0;0;18;353;251;102;
171200003;635;352;1;636;1;282;1;0;282;7;3;0;0;10;272;196;76;
171200004;480;253;0;481;3;227;3;0;227;1;1;2;0;4;223;115;108;
171200005;717;452;0;718;1;265;1;0;265;1;5;0;0;6;259;146;113;
171200006;655;395;0;656;2;260;2;0;260;1;13;0;0;14;246;144;102;
171200007;947;564;2;946;2;381;2;0;381;3;20;0;0;23;358;261;97;
171200008;698;369;0;696;0;329;0;0;329;1;3;0;0;4;325;154;171;
171200009;712;384;0;710;0;328;0;0;328;3;2;1;0;6;322;245;77;
171200010;651;344;1;650;4;306;4;1;306;3;1;1;0;5;301;221;80;
171200011;198;67;0;197;0;131;0;0;131;1;0;0;0;1;130;109;21;
171200012;234;92;0;224;1;142;1;0;142;2;1;4;0;7;135;112;23;
171200013;323;148;1;323;2;174;2;1;174;2;0;0;0;2;172;98;74;
171200014;635;328;2;637;2;305;2;0;305;0;1;10;0;11;294;254;40;
171200015;181;37;0;183;3;144;3;0;144;2;4;0;0;6;138;88;50;
171200016;209;75;0;214;5;134;5;2;134;7;4;0;0;11;123;90;33;
171200017;355;181;1;355;0;173;0;0;173;1;4;0;0;5;168;142;26;
171200018;228;107;0;228;4;121;4;2;121;1;2;0;0;3;118;97;21;
171200019;297;152;0;297;0;145;0;0;145;4;1;0;0;5;140;91;49;
171200020;626;370;0;629;3;256;3;0;256;0;14;0;0;14;242;188;54;
171300001;900;531;0;903;1;369;1;4;369;12;0;0;0;12;357;272;85;
171300002;952;606;0;954;1;346;1;1;346;1;4;0;0;5;341;202;139;
171300003;895;566;1;900;0;328;0;2;328;5;8;0;0;13;315;210;105;
171300004;558;325;0;562;0;233;0;4;233;3;4;0;0;7;226;139;87;
171300005;654;412;0;654;0;242;0;0;242;0;2;0;0;2;240;145;95;
171300006;566;311;1;570;0;254;0;2;254;0;3;7;0;10;244;163;81;
171300007;458;257;0;458;0;201;0;6;201;0;2;4;0;6;195;126;69;
171300008;847;497;0;847;0;350;0;0;350;0;7;0;0;7;343;213;130;
171300009;970;513;0;980;0;457;0;0;457;2;2;9;1;14;443;367;76;
171300010;943;406;0;954;0;537;0;7;537;4;1;11;0;16;521;508;13;
171300011;910;558;2;910;0;350;0;0;350;2;4;0;0;6;344;221;123;
171300012;856;471;0;856;1;385;1;0;385;2;3;0;0;5;380;203;177;
171300013;900;521;3;870;0;376;0;0;376;2;3;0;0;5;371;263;108;
171300014;646;422;0;642;0;224;0;0;224;2;2;1;0;5;219;129;90;
171300015;742;462;0;744;0;280;0;0;280;0;0;1;0;1;279;168;111;
171300016;583;324;2;587;0;257;0;0;257;1;0;0;0;1;256;166;90;
171300017;600;343;0;601;0;257;0;0;257;2;0;0;0;2;255;144;111;
171300018;794;436;0;794;0;358;0;0;358;2;0;3;0;5;353;187;166;
171300019;673;388;8;676;0;277;0;0;277;0;4;4;0;8;269;155;114;
171300020;755;432;0;756;0;323;0;0;323;0;2;0;0;2;321;194;127;
171300021;579;329;0;584;1;250;1;0;250;2;1;0;0;3;247;146;101;
171300022;545;327;0;550;5;218;5;0;218;0;8;0;0;8;210;124;86;
171300023;588;357;1;587;0;230;0;0;230;0;8;4;0;12;218;126;92;
171300024;793;313;0;796;1;480;1;0;480;4;5;0;0;9;471;298;173;
171300025;486;267;0;486;0;219;0;0;219;0;1;0;0;1;218;147;71;
171300026;592;376;0;593;0;216;0;0;216;0;2;1;0;3;213;136;77;
171300027;947;586;0;957;1;361;1;0;361;0;1;0;0;1;360;256;104;
171300028;883;554;0;883;3;329;3;0;329;1;0;0;0;1;328;203;125;
171300029;716;456;1;716;1;259;1;0;259;2;5;0;0;7;252;155;97;
171300030;561;287;0;562;0;274;0;0;274;1;1;3;0;5;269;163;106;
171300031;69;36;0;69;0;33;0;0;33;0;1;0;0;1;32;25;7;
171300032;549;260;1;552;0;288;0;0;288;0;0;0;0;0;288;207;81;
171300033;691;350;0;691;7;341;7;0;341;5;4;0;0;9;332;175;157;
171300034;722;417;0;725;4;305;4;0;305;0;11;0;1;12;293;199;94;
171300035;129;56;1;130;2;72;2;0;72;0;0;0;0;0;72;61;11;
171300036;244;119;0;243;1;125;1;0;125;0;3;0;0;3;122;85;37;
171300037;40;17;0;40;1;23;1;0;23;0;1;0;0;1;22;19;3;
171300038;486;301;0;496;10;185;10;8;185;1;1;2;0;4;181;123;58;
171300039;776;503;0;767;0;273;0;0;273;0;10;0;0;10;263;160;103;
171300040;593;381;0;596;0;212;0;1;212;4;4;0;0;8;204;146;58;
171300041;471;258;0;475;0;213;0;0;213;1;1;5;0;7;206;118;88;
171300042;626;386;0;626;0;240;0;5;240;2;5;0;0;7;233;150;83;
171300043;228;81;0;228;0;147;0;0;147;3;0;0;1;4;143;104;39;
171300044;278;100;0;277;0;178;0;0;178;0;0;0;0;0;178;164;14;
171300045;719;450;0;721;2;269;2;0;269;2;1;0;0;3;266;169;97;
171300046;761;449;0;764;7;312;7;0;312;1;3;1;0;5;307;179;128;
171300047;775;459;0;778;2;316;2;0;316;0;2;7;0;9;307;230;77;
171300048;771;472;4;776;1;295;1;0;295;3;4;10;0;17;278;223;55;
171300049;379;186;0;377;0;193;0;0;193;2;0;0;0;2;191;143;48;
171300050;551;316;0;551;0;235;0;0;235;3;0;0;0;3;232;160;72;
171300051;397;216;0;397;0;181;0;0;181;2;1;3;0;6;175;126;49;
171300052;640;380;0;633;2;260;2;0;260;2;1;4;0;7;253;174;79;
171300053;506;277;0;510;1;229;1;2;229;1;1;5;0;7;222;142;80;
171300054;428;299;0;428;0;129;0;0;129;0;1;0;0;1;128;65;63;
171300055;624;444;0;623;1;180;1;0;180;1;5;0;0;6;174;83;91;
171300056;427;282;0;428;0;145;0;1;145;0;0;7;0;7;138;108;30;
171300057;507;294;1;504;1;212;1;0;212;1;2;0;0;3;209;118;91;
171300058;449;317;1;449;1;131;1;0;131;1;1;0;0;2;129;76;53;
171300059;493;300;0;494;1;193;1;0;193;1;1;1;0;3;190;124;66;
171300060;581;253;0;582;0;328;0;0;328;19;0;2;1;22;306;178;128;
171300061;576;259;0;576;4;317;4;0;317;1;2;6;0;9;308;151;157;
171300062;631;359;2;629;0;270;0;0;270;1;1;9;0;11;259;135;124;
171300063;695;333;1;693;0;361;0;0;361;0;4;5;0;9;352;244;108;
171300064;1055;509;0;1053;4;546;4;0;546;6;3;0;0;9;537;424;113;
171300065;687;284;0;688;0;403;0;0;403;0;9;0;0;9;394;336;58;
171300066;752;312;0;753;0;440;0;0;440;0;4;1;0;5;435;384;51;
171300067;759;314;0;760;0;445;0;0;445;2;1;3;0;6;439;392;47;
171300068;806;379;0;807;0;427;0;0;427;21;1;0;0;22;405;372;33;
171300069;388;180;0;388;2;208;2;0;208;3;1;0;0;4;204;115;89;
171300070;471;227;0;471;0;244;0;0;244;2;3;1;0;6;238;151;87;
171300071;600;317;0;604;3;283;3;0;283;0;0;0;0;0;283;210;73;
171300072;589;317;0;591;0;272;0;0;272;1;3;0;0;4;268;188;80;
171300073;537;328;0;540;0;209;0;0;209;1;1;0;0;2;207;138;69;
171300074;950;561;1;949;0;388;0;0;388;0;2;1;0;3;385;298;87;
171300075;480;227;0;478;0;253;0;0;253;2;3;5;0;10;243;204;39;
171300076;424;225;0;424;0;199;0;2;199;1;1;0;0;2;197;153;44;
171300077;392;194;0;392;1;198;1;0;198;3;0;0;0;3;195;146;49;
171500001;792;547;1;793;1;244;1;0;244;3;2;9;0;14;230;202;28;
171500002;502;355;2;507;0;145;0;5;145;0;1;0;0;1;144;106;38;
171500003;721;533;1;725;0;187;0;0;187;1;2;4;0;7;180;142;38;
171500004;75;24;1;81;0;50;0;0;50;0;0;0;0;0;50;39;11;
171500005;81;21;1;86;1;59;1;5;59;3;0;0;0;3;56;43;13;
171500006;237;110;0;241;0;127;0;0;127;0;0;0;0;0;127;119;8;
171500007;37;16;0;44;0;21;0;7;21;0;1;0;0;1;20;18;2;
171500008;108;42;0;113;2;66;2;0;66;0;1;0;0;1;65;56;9;
171500009;215;147;1;217;0;67;0;0;67;0;0;1;0;1;66;54;12;
171500010;98;57;1;102;0;40;0;4;40;0;0;2;0;2;38;33;5;
171500011;56;29;2;63;1;25;1;0;25;3;0;0;1;4;21;17;4;
171700001;898;567;0;856;0;331;0;0;331;0;5;0;0;5;326;167;159;
171700002;946;529;0;904;0;417;0;0;417;2;2;7;0;11;406;242;164;
171700003;490;303;0;469;2;187;2;0;187;8;0;0;0;8;179;109;70;
171700004;832;474;2;791;0;356;0;0;356;0;2;0;0;2;354;250;104;
171700005;597;251;8;570;0;338;0;0;338;2;3;0;0;5;333;211;122;
171700006;529;298;1;504;0;230;0;1;230;0;4;0;0;4;226;152;74;
171700007;823;410;1;791;1;412;1;2;412;3;4;11;1;19;393;340;53;
171700008;758;501;1;722;0;256;0;0;256;1;1;7;0;9;247;177;70;
171700009;941;608;1;901;0;332;0;0;332;2;4;9;0;15;317;219;98;
171700010;805;535;0;768;0;270;0;1;270;6;0;0;0;6;264;177;87;
171700011;758;471;0;754;0;287;0;0;287;5;1;5;1;12;275;235;40;
171700012;671;459;1;638;0;211;0;0;211;4;3;3;0;10;201;121;80;
171700013;874;512;3;832;0;359;0;0;359;0;2;1;0;3;356;242;114;
171700014;718;478;0;683;0;240;0;0;240;2;0;0;0;2;238;159;79;
171700015;819;532;0;780;0;287;0;0;287;2;1;3;0;6;281;194;87;
171700016;909;577;0;868;2;332;2;0;332;3;4;0;0;7;325;197;128;
171700017;757;468;3;727;2;286;2;1;286;1;3;0;0;4;282;181;101;
171700018;1068;557;1;1019;0;510;0;0;510;0;3;0;1;4;506;386;120;
171700019;943;521;1;900;0;421;0;0;421;1;2;0;0;3;418;272;146;
171700020;312;145;1;298;0;166;0;1;166;0;0;0;0;0;166;138;28;
171700021;492;310;0;470;0;182;0;0;182;8;2;0;0;10;172;145;27;
171700022;552;119;0;526;2;433;2;0;433;0;3;1;2;6;427;417;10;
171700023;806;518;0;772;0;288;0;4;288;0;0;0;0;0;288;194;94;
171700024;998;530;3;953;0;465;0;0;465;6;1;0;0;7;458;352;106;
171700025;645;402;0;613;3;243;3;0;243;1;8;0;0;9;234;163;71;
171700026;867;552;3;828;0;312;0;0;312;2;1;6;0;9;303;180;123;
171700027;937;581;3;893;1;353;1;0;353;4;1;13;1;19;334;285;49;
171700028;644;316;0;636;0;328;0;1;328;2;1;0;1;4;324;253;71;
171700029;863;535;0;828;1;328;1;0;328;3;1;0;0;4;324;295;29;
171700030;1004;651;0;959;0;353;0;0;353;4;3;0;0;7;346;258;88;
171700031;602;373;1;574;0;228;0;0;228;2;3;0;0;5;223;145;78;
171700032;647;269;2;620;0;376;0;3;376;9;0;0;1;10;366;205;161;
171700033;641;386;0;610;0;255;0;0;255;2;2;1;0;5;250;183;67;
171700034;547;336;1;520;0;210;0;0;210;4;3;0;0;7;203;137;66;
172300001;700;407;1;691;0;292;0;0;292;2;1;0;0;3;289;163;126;
172300002;540;258;1;540;0;281;0;0;281;2;0;0;0;2;279;197;82;
172300003;670;375;0;663;0;295;0;0;295;2;2;0;0;4;291;171;120;
172300004;799;434;1;801;1;364;1;0;364;1;4;1;0;6;358;229;129;
172300005;860;398;0;860;0;462;0;0;462;0;0;3;0;3;459;285;174;
172300006;817;440;0;811;0;377;0;4;377;5;0;1;0;6;371;290;81;
172300007;760;407;0;754;0;353;0;1;353;1;2;0;0;3;350;234;116;
172300008;810;443;0;807;2;367;2;0;367;0;6;0;0;6;361;228;133;
172300009;640;367;1;639;1;272;1;0;272;1;1;0;0;2;270;139;131;
172300010;510;229;5;515;0;276;0;0;276;4;1;0;0;5;271;190;81;
172300011;750;412;1;748;0;337;0;4;337;2;0;0;0;2;335;205;130;
172300012;710;396;2;704;0;312;0;0;312;1;3;0;0;4;308;205;103;
172300013;630;331;4;632;1;295;1;0;295;0;4;0;0;4;291;194;97;
172300014;530;365;2;529;0;163;0;6;163;1;0;14;2;17;146;92;54;
172300015;430;278;0;431;0;152;0;6;152;2;0;8;0;10;142;90;52;
172300016;800;433;0;795;0;367;0;0;367;0;2;1;0;3;364;181;183;
172300017;810;452;0;808;0;358;0;0;358;2;1;2;0;5;353;248;105;
172300018;920;558;0;914;0;362;0;0;362;2;1;0;0;3;359;195;164;
172300019;770;387;0;763;3;383;3;1;383;3;2;0;1;6;377;180;197;
172300020;730;367;0;713;0;363;0;0;363;0;2;4;0;6;357;146;211;
172300021;720;347;1;715;2;372;2;4;372;4;4;5;0;13;359;148;211;
172300022;740;307;1;740;3;432;3;0;432;0;1;0;0;1;431;204;227;
172300023;100;45;0;90;1;55;1;4;55;1;0;0;0;1;54;37;17;
172300024;460;310;1;447;1;149;1;4;149;3;0;1;0;4;145;87;58;
172300025;550;368;0;549;1;182;1;4;182;1;2;0;0;3;179;128;51;
172300026;690;318;0;685;2;372;2;2;372;3;4;0;0;7;365;257;108;
172300027;320;132;0;306;1;188;1;0;188;4;0;0;0;4;184;156;28;
172300028;670;285;2;663;2;383;2;3;383;9;1;1;0;11;372;286;86;
172300029;540;144;0;525;0;396;0;0;396;0;0;0;0;0;396;396;0;
172300030;460;157;2;438;1;301;1;4;301;1;1;0;0;2;299;258;41;
172300031;400;142;0;387;0;258;0;0;258;0;0;0;0;0;258;250;8;
172300032;560;288;0;549;1;272;1;2;272;6;0;5;0;11;261;200;61;
172300033;680;319;1;666;0;360;0;0;360;0;0;0;0;0;360;174;186;
172300034;770;476;0;751;0;294;0;0;294;2;1;0;0;3;291;206;85;
172300035;630;328;0;619;2;302;2;0;302;2;9;1;0;12;290;182;108;
172300036;700;299;1;687;1;400;1;0;400;0;4;0;0;4;396;242;154;
172300037;130;56;0;114;0;74;0;2;74;0;0;0;0;0;74;52;22;
172300038;570;274;1;556;0;295;0;0;295;2;1;0;0;3;292;205;87;
172300039;710;421;1;703;0;288;0;0;288;1;2;5;0;8;280;246;34;
172500001;850;628;0;835;0;222;0;0;222;1;3;9;0;13;209;99;110;
172500002;820;567;0;817;0;253;0;3;253;1;0;0;0;1;252;130;122;
172500003;550;414;0;546;0;136;0;0;136;0;0;1;0;1;135;53;82;
172500004;450;329;5;464;0;116;0;0;116;0;0;5;0;5;111;51;60;
172500005;870;710;2;865;0;158;0;0;158;2;0;0;0;2;156;83;73;
172500006;800;606;0;779;0;194;0;2;194;0;0;1;0;1;193;117;76;
172500007;810;577;0;798;0;233;0;0;233;1;0;10;0;11;222;135;87;
172500008;500;320;0;480;0;180;0;0;180;0;1;0;0;1;179;75;104;
172500009;600;408;2;606;2;190;2;0;190;1;1;6;0;8;182;103;79;
172500010;726;494;1;797;0;231;0;0;231;0;0;0;0;0;231;113;118;
172500011;700;491;0;699;0;209;0;0;209;0;0;0;0;0;209;118;91;
172500012;810;588;2;803;1;220;1;0;220;0;1;2;0;3;217;105;112;
172500013;820;584;2;816;0;234;0;1;234;3;1;0;0;4;230;124;106;
172500014;960;633;0;957;0;327;0;0;327;6;3;0;0;9;318;239;79;
172500016;730;469;1;722;0;260;0;1;260;0;0;0;0;0;260;187;73;
172500017;500;303;2;490;0;195;0;0;195;1;1;3;0;5;190;134;56;
172500018;700;346;1;678;5;353;5;0;353;3;0;13;0;16;337;309;28;
172500019;710;417;14;711;4;279;4;0;279;0;1;13;0;14;265;170;95;
172500020;610;250;0;605;1;360;1;0;360;0;1;4;0;5;355;314;41;
172500021;770;385;0;760;0;385;0;0;385;5;0;12;0;17;368;299;69;
172500022;380;226;0;370;0;154;0;0;154;3;2;1;0;6;148;98;50;
172500023;760;530;0;752;1;230;1;1;230;0;1;0;0;1;229;146;83;
172500024;800;478;0;787;0;322;0;0;322;5;5;0;0;10;312;207;105;
172500025;750;555;0;748;0;195;0;0;195;1;0;0;0;1;194;131;63;
172500026;710;438;0;706;0;272;0;1;272;2;1;0;0;3;269;210;59;
172500027;850;515;1;855;2;334;2;0;334;4;4;8;0;16;318;284;34;
172500028;620;238;1;631;0;381;0;0;381;6;0;0;0;6;375;370;5;
172500029;300;151;1;299;0;148;0;0;148;2;5;0;0;7;141;115;26;
172500030;450;323;1;446;0;126;0;1;126;0;1;0;0;1;125;68;57;
172500031;960;652;5;958;0;303;0;0;303;9;1;0;0;10;293;216;77;
172500032;730;500;0;732;0;230;0;0;230;1;2;0;0;3;227;114;113;
172500033;750;536;0;756;0;214;0;0;214;2;0;0;0;2;212;125;87;
172600001;800;427;1;792;0;372;0;0;372;1;1;6;0;8;364;195;169;
172600002;600;417;0;535;0;183;0;0;183;1;0;2;0;3;180;93;87;
172600003;200;121;0;110;6;79;6;3;79;2;5;0;0;7;72;56;16;
172600004;1300;612;0;1260;0;688;0;0;688;4;0;11;0;15;673;568;105;
172600005;950;533;3;892;3;414;3;0;414;4;0;10;0;14;400;278;122;
172600006;600;376;0;600;1;224;1;0;224;1;1;1;0;3;221;114;107;
172600007;650;437;0;621;0;213;0;0;213;1;5;0;0;6;207;112;95;
172600008;700;453;0;684;0;247;0;0;247;2;8;0;0;10;237;112;125;
172600009;660;463;0;558;0;197;0;1;197;8;0;0;0;8;189;70;119;
172600010;650;337;3;626;2;310;2;0;310;0;0;0;0;0;310;264;46;
172600011;750;399;0;747;0;351;0;1;351;0;6;0;0;6;345;213;132;
172600012;752;393;2;745;2;357;2;0;357;1;1;0;0;2;355;203;152;
172600014;519;305;1;515;1;213;1;0;213;1;1;0;0;2;211;118;93;
172600015;512;300;1;538;1;211;1;0;211;2;5;3;0;10;201;112;89;
172600016;150;89;0;89;0;61;0;0;61;0;0;0;0;0;61;38;23;
172600017;920;535;0;918;0;385;0;0;385;0;6;0;0;6;379;222;157;
172600018;730;471;0;717;0;259;0;0;259;2;3;0;0;5;254;133;121;
172600019;720;461;1;703;1;258;1;0;258;3;3;0;0;6;252;134;118;
172600020;843;482;3;790;0;358;0;0;358;0;21;0;0;21;337;192;145;
172600021;549;340;1;543;0;208;0;0;208;2;7;0;0;9;199;105;94;
172600028;100;78;0;37;3;22;3;6;22;0;0;0;0;0;22;12;10;
172600029;1020;624;0;1015;0;396;0;0;396;0;3;0;0;3;393;190;203;
172600030;740;468;0;739;0;272;0;1;272;2;4;0;0;6;266;121;145;
172600031;300;150;14;244;4;136;4;3;136;0;0;0;0;0;136;113;23;
172600032;1020;616;2;1013;0;402;0;0;402;0;2;0;0;2;400;171;229;
172600033;550;330;0;534;0;220;0;0;220;0;0;0;0;0;220;100;120;
172600034;600;344;0;599;0;256;0;0;256;0;6;5;0;11;245;107;138;
172600035;900;511;5;383;1;384;1;6;384;4;0;0;0;4;380;244;136;
172600036;100;54;0;54;4;46;4;1;46;0;0;0;0;0;46;40;6;
172600037;200;104;1;142;3;95;3;0;95;1;0;0;0;1;94;66;28;
172600038;600;330;0;574;3;270;3;0;270;0;1;8;0;9;261;216;45;
172600039;680;404;3;657;1;273;1;1;273;9;0;0;1;10;263;223;40;
172600040;700;410;0;672;0;290;0;0;290;2;5;1;0;8;282;219;63;
172600041;600;287;1;527;1;312;1;0;312;2;2;0;0;4;308;150;158;
172600043;450;244;0;442;0;206;0;4;206;0;0;6;0;6;200;151;49;
172600044;470;262;1;465;0;207;0;1;207;0;6;0;0;6;201;122;79;
172600045;440;304;0;454;0;136;0;15;136;3;1;0;0;4;132;84;48;
172600046;600;357;2;597;0;241;0;1;241;2;0;8;0;10;231;196;35;
172600047;560;390;1;554;1;169;1;1;169;2;2;6;0;10;159;102;57;
172600048;660;437;0;655;0;223;0;0;223;3;2;0;0;5;218;125;93;
172600049;540;352;0;538;1;188;1;0;188;2;2;2;0;6;182;117;65;
172600051;950;618;0;940;0;332;0;0;332;0;6;0;0;6;326;183;143;
172600052;750;463;0;746;0;287;0;0;287;1;2;5;0;8;279;145;134;
172600053;800;493;0;797;0;307;0;0;307;4;0;3;0;7;300;230;70;
172600054;133;66;1;83;5;66;5;1;66;0;1;0;0;1;65;53;12;
172800001;1150;696;4;1114;1;450;1;1;450;19;3;8;0;30;420;357;63;
172800002;920;642;0;881;0;278;0;0;278;0;0;0;0;0;278;217;61;
172800003;880;611;0;852;0;269;0;2;269;0;3;7;0;10;259;173;86;
172800004;780;464;0;734;0;316;0;0;316;2;0;11;0;13;303;201;102;
172800005;750;441;0;720;6;309;6;0;309;2;1;7;1;11;298;160;138;
172800006;710;463;0;684;0;247;0;0;247;6;3;0;0;9;238;171;67;
172800007;650;420;0;613;0;230;0;0;230;1;2;8;0;11;219;174;45;
172800008;210;72;0;204;1;138;1;1;138;1;17;0;0;18;120;100;20;
172800009;440;207;0;410;0;233;0;0;233;1;1;3;0;5;228;178;50;
172800010;500;288;0;475;4;212;4;0;212;1;2;5;0;8;204;128;76;
172800011;680;417;0;652;1;263;1;0;263;0;2;0;0;2;261;200;61;
172800012;780;448;2;753;2;330;2;4;330;0;4;8;0;12;318;233;85;
172800013;700;390;0;661;0;310;0;1;310;4;5;0;0;9;301;297;4;
172800014;380;207;0;360;3;173;3;0;173;0;2;0;0;2;171;146;25;
172800015;420;173;0;457;0;247;0;2;247;2;1;2;0;5;242;179;63;
172800016;790;428;4;761;0;358;0;0;358;3;1;0;0;4;354;303;51;
172800017;750;474;0;719;0;276;0;0;276;0;0;0;0;0;276;194;82;
172800018;560;388;0;521;1;172;1;0;172;0;1;5;0;6;166;87;79;
172800019;780;540;0;748;0;240;0;0;240;2;1;0;0;3;237;151;86;
173300001;800;519;0;725;1;281;1;0;281;4;0;8;0;12;269;141;128;
173300002;700;427;1;637;0;272;0;0;272;1;1;1;0;3;269;166;103;
173300003;610;373;2;555;1;235;1;0;235;0;4;4;0;8;227;127;100;
173300004;520;290;3;471;0;227;0;0;227;2;1;0;0;3;224;130;94;
173300005;550;352;0;497;0;198;0;0;198;0;8;0;0;8;190;112;78;
173300006;710;399;14;651;0;297;0;2;297;1;5;7;0;13;284;159;125;
173300007;840;502;0;769;0;338;0;0;338;3;1;0;1;5;333;274;59;
173300008;510;310;0;463;0;200;0;0;200;0;2;7;0;9;191;96;95;
173300009;140;84;3;134;0;53;0;0;53;1;2;0;0;3;50;36;14;
173300010;450;242;5;413;3;203;3;1;203;2;2;0;0;4;199;135;64;
173300011;690;389;0;623;1;301;1;0;301;6;3;11;0;20;281;171;110;
173300012;400;209;1;368;0;190;0;2;190;2;2;0;0;4;186;109;77;
173300013;430;235;0;398;0;195;0;0;195;3;1;2;0;6;189;103;86;
173300014;430;218;0;385;0;212;0;0;212;8;0;0;0;8;204;184;20;
173300015;460;211;2;415;2;247;2;0;247;1;3;1;1;6;241;191;50;
173300016;460;298;1;417;3;161;3;3;161;2;1;0;0;3;158;99;59;
173300017;610;394;3;556;3;213;3;3;213;1;1;0;0;2;211;124;87;
173300018;350;172;1;322;1;177;1;0;177;2;1;0;0;3;174;144;30;
173300019;300;133;0;276;0;167;0;0;167;0;1;1;0;2;165;111;54;
173700001;700;387;0;788;0;313;0;3;313;0;11;0;0;11;302;198;104;
173700002;880;557;2;903;4;321;4;0;321;4;5;0;0;9;312;204;108;
173700003;900;553;0;926;0;347;0;0;347;3;1;0;0;4;343;197;146;
173700004;726;429;0;726;9;297;9;5;297;2;1;0;1;4;293;179;114;
173700005;799;496;1;819;0;302;0;6;302;2;1;0;0;3;299;148;151;
173700006;500;339;0;159;2;161;2;7;161;1;1;0;0;2;159;92;67;
173700007;800;434;0;796;0;366;0;0;366;3;1;0;0;4;362;271;91;
173700008;500;336;1;539;1;163;1;3;163;3;1;0;0;4;159;101;58;
173700009;150;60;0;148;0;90;0;3;90;1;1;0;0;2;88;77;11;
173700010;300;133;0;329;5;167;5;0;167;1;6;0;0;7;160;133;27;
173700011;545;276;0;546;6;269;6;0;269;3;0;2;0;5;264;205;59;
173700012;300;113;0;286;1;187;1;0;187;0;1;0;0;1;186;147;39;
173700014;900;466;1;933;1;433;1;3;433;2;1;0;0;3;430;298;132;
173700015;120;57;1;119;0;62;0;4;62;1;1;0;0;2;60;41;19;
173700016;633;375;0;640;7;258;7;0;258;0;3;0;0;3;255;188;67;
173700017;600;303;0;591;3;297;3;0;297;1;0;0;0;1;296;233;63;
173700018;900;508;0;903;5;392;5;1;392;3;2;0;0;5;387;237;150;
173700019;200;188;1;10;1;11;1;0;11;0;1;0;0;1;10;9;1;
173700020;750;367;1;777;5;382;5;3;382;0;2;1;0;3;379;297;82;
173700021;353;136;0;347;0;217;0;4;217;3;0;0;0;3;214;190;24;
173700022;330;129;0;330;1;201;1;3;201;2;0;0;0;2;199;149;50;
173700023;200;147;1;186;0;52;0;0;52;0;1;0;0;1;51;35;16;
173700024;196;104;1;73;18;91;18;0;91;0;0;0;0;0;91;73;18;
173700025;200;141;0;61;0;59;0;8;59;0;0;0;0;0;59;41;18;
173700026;200;147;0;50;3;53;3;7;53;0;0;0;0;0;53;40;13;
173900001;750;476;1;675;2;273;2;0;273;0;3;0;0;3;270;146;124;
173900002;850;532;0;765;0;318;0;0;318;2;1;0;0;3;315;212;103;
173900003;950;545;2;871;0;403;0;0;403;0;0;1;0;1;402;253;149;
173900004;750;415;0;700;0;335;0;0;335;5;0;15;0;20;315;314;1;
173900005;750;423;0;699;0;327;0;0;327;1;1;5;0;7;320;258;62;
173900006;750;485;0;677;0;265;0;0;265;0;1;10;0;11;254;178;76;
173900007;550;328;0;495;0;222;0;0;222;1;4;0;0;5;217;174;43;
173900008;600;331;1;567;0;268;0;0;268;2;8;0;0;10;258;188;70;
173900009;900;525;0;822;0;375;0;0;375;0;3;0;0;3;372;331;41;
173900010;650;357;0;583;0;293;0;0;293;2;0;0;0;2;291;255;36;
174000001;580;336;2;533;1;242;1;5;242;5;1;2;0;8;234;134;100;
174000002;830;460;3;733;0;367;0;0;367;2;1;0;0;3;364;254;110;
174000003;830;556;0;732;0;274;0;1;274;0;3;0;0;3;271;170;101;
174000004;830;497;0;735;0;333;0;0;333;4;5;0;0;9;324;216;108;
174000005;880;517;0;779;0;363;0;3;363;0;7;0;0;7;356;249;107;
174000006;890;385;0;795;0;505;0;0;505;1;0;0;0;1;504;501;3;
174100001;850;570;1;800;0;279;0;0;279;1;3;0;0;4;275;132;143;
174100002;1060;559;3;1012;0;498;0;0;498;8;0;0;0;8;490;406;84;
174100003;660;473;0;612;0;187;0;0;187;1;1;9;0;11;176;85;91;
174100004;850;594;0;816;0;256;0;0;256;2;1;0;0;3;253;160;93;
174100005;359;70;5;800;0;284;0;0;284;5;0;0;0;5;279;197;82;
174100006;395;103;0;776;0;292;0;0;292;1;0;0;0;1;291;205;86;
174100007;750;476;0;693;0;274;0;2;274;0;3;4;0;7;267;146;121;
174100008;900;621;1;841;0;278;0;0;278;0;2;0;0;2;276;156;120;
174100009;750;504;0;720;1;246;1;0;246;2;3;0;0;5;241;155;86;
174100010;550;377;1;522;4;172;4;4;172;0;1;0;0;1;171;83;88;
174100011;700;440;0;688;0;260;0;0;260;0;4;0;0;4;256;156;100;
174100012;700;464;1;645;0;235;0;0;235;3;0;0;1;4;231;134;97;
174100013;700;458;2;640;0;240;0;0;240;0;4;1;0;5;235;146;89;
174100014;344;97;4;789;0;243;0;0;243;0;4;0;0;4;239;132;107;
174100015;453;237;2;544;0;214;0;2;214;3;0;2;0;5;209;154;55;
174100016;850;511;1;822;0;338;0;4;338;1;2;0;0;3;335;248;87;
174100017;700;428;0;672;0;272;0;3;272;5;1;0;1;7;265;153;112;
174100018;536;210;0;761;2;326;2;2;326;0;20;0;0;20;306;217;89;
174100019;750;472;1;694;1;277;1;1;277;7;6;0;0;13;264;146;118;
174100020;800;481;1;748;1;318;1;0;318;0;1;4;2;7;311;181;130;
174100021;900;518;0;880;0;382;0;0;382;0;6;1;0;7;375;191;184;
174100022;1050;514;0;1012;0;536;0;0;536;1;2;25;0;28;508;465;43;
174100023;807;329;0;928;0;478;0;0;478;1;4;9;0;14;464;357;107;
174200001;670;375;1;610;0;294;0;0;294;12;0;0;0;12;282;215;67;
174200002;550;338;0;504;0;212;0;1;212;2;0;2;0;4;208;153;55;
174200003;800;492;0;751;0;308;0;0;308;2;0;11;0;13;295;215;80;
174200004;750;396;2;701;0;352;0;0;352;3;3;4;0;10;342;282;60;
174200005;650;377;1;619;0;272;0;0;272;1;1;0;0;2;270;216;54;
174200006;530;304;1;491;0;225;0;0;225;1;1;2;0;4;221;158;63;
174200007;700;433;0;661;0;267;0;0;267;0;4;5;0;9;258;177;81;
174200008;700;407;1;656;1;292;1;0;292;6;0;0;0;6;286;226;60;
174200009;140;61;1;128;2;78;2;2;78;1;0;0;0;1;77;54;23;
174200010;110;45;0;104;3;65;3;0;65;0;2;3;0;5;60;47;13;
174200011;160;52;0;145;0;108;0;1;108;0;2;0;0;2;106;83;23;
174200012;80;30;0;70;0;50;0;1;50;7;4;0;0;11;39;25;14;
174200013;70;18;0;66;2;52;2;2;52;1;0;0;0;1;51;42;9;
174300001;600;241;3;702;0;356;0;0;356;0;6;0;0;6;350;197;153;
174300002;700;317;1;846;0;382;0;0;382;2;2;0;0;4;378;246;132;
174300003;699;295;0;845;0;404;0;0;404;0;3;0;1;4;400;231;169;
174300004;700;389;0;854;0;311;0;0;311;1;2;0;0;3;308;176;132;
174300005;700;337;1;802;1;362;1;0;362;2;2;7;2;13;349;211;138;
174300006;500;258;3;639;0;239;0;0;239;1;1;1;0;3;236;139;97;
174300007;700;383;0;853;0;317;0;0;317;4;0;1;0;5;312;202;110;
174300008;700;339;2;866;2;359;2;4;359;1;0;3;0;4;355;235;120;
174300009;700;397;1;870;3;302;3;0;302;1;1;1;1;4;298;162;136;
174300010;700;287;0;881;3;413;3;1;413;0;8;0;0;8;405;241;164;
174300011;800;309;3;909;0;488;0;0;488;1;1;13;0;15;473;336;137;
181100001;900;438;1;836;0;461;0;1;461;0;0;1;0;1;460;417;43;
181100002;800;395;1;727;0;404;0;0;404;3;2;0;0;5;399;388;11;
181100003;900;412;1;862;0;487;0;0;487;12;0;0;0;12;475;460;15;
181100004;1000;434;0;956;0;566;0;0;566;0;0;0;0;0;566;561;5;
181100005;800;430;0;781;1;370;1;0;370;2;0;0;0;2;368;204;164;
181100006;700;317;1;709;0;382;0;0;382;1;4;0;0;5;377;355;22;
181100007;700;272;2;692;0;426;0;0;426;1;3;0;0;4;422;398;24;
181100008;700;331;1;677;1;368;1;0;368;2;1;2;0;5;363;279;84;
181100009;400;176;1;372;0;223;0;4;223;0;0;0;0;0;223;215;8;
181100010;700;251;1;669;0;448;0;0;448;3;1;0;0;4;444;435;9;
181100011;600;160;1;568;0;439;0;3;439;0;0;0;0;0;439;435;4;
181100012;700;283;0;642;0;417;0;2;417;1;0;0;0;1;416;413;3;
181100013;900;388;1;506;5;511;5;0;511;2;1;4;0;7;504;501;3;
181100014;600;139;2;589;9;459;9;0;459;1;1;0;0;2;457;451;6;
181400001;484;162;1;502;2;321;2;2;321;1;0;0;0;1;320;316;4;
181400002;276;83;0;281;0;193;0;5;193;5;0;1;0;6;187;182;5;
181400003;965;349;0;613;3;616;3;0;616;2;5;0;0;7;609;599;10;
181400004;553;202;1;561;0;350;0;0;350;2;2;1;0;5;345;326;19;
181400005;633;230;4;638;2;399;2;3;399;3;1;3;0;7;392;388;4;
181400006;467;139;0;481;2;328;2;2;328;2;0;2;0;4;324;320;4;
181400007;933;384;1;941;0;548;0;0;548;1;3;1;0;5;543;436;107;
181400008;953;466;0;486;1;487;1;7;487;3;10;7;0;20;467;325;142;
181400009;831;432;0;841;2;399;2;0;399;1;2;7;0;10;389;265;124;
181400010;874;415;1;879;0;458;0;4;458;0;2;7;0;9;449;303;146;
181400011;949;468;0;958;0;481;0;7;481;0;8;5;0;13;468;313;155;
181400012;971;488;0;970;1;483;1;4;483;1;2;0;0;3;480;362;118;
181400013;1031;501;0;530;0;530;0;0;530;0;0;0;0;0;530;335;195;
181400014;629;269;0;636;0;360;0;0;360;5;1;0;0;6;354;244;110;
181400015;605;259;2;616;0;344;0;0;344;2;8;0;0;10;334;259;75;
181400016;685;372;2;698;1;311;1;0;311;0;0;17;0;17;294;229;65;
181400017;811;348;0;821;7;463;7;0;463;3;2;0;0;5;458;442;16;
181400018;480;202;0;487;4;278;4;7;278;1;0;2;0;3;275;272;3;
181400019;604;230;0;613;4;374;4;0;374;4;0;0;0;4;370;365;5;
181400020;693;277;2;708;0;414;0;6;414;0;0;0;0;0;414;411;3;
181400021;98;24;0;103;5;74;5;0;74;1;0;2;0;3;71;62;9;
181400022;189;22;0;229;3;167;3;0;167;0;7;0;0;7;160;157;3;
181400023;788;295;1;800;0;492;0;6;492;7;2;1;0;10;482;466;16;
181400024;480;203;1;488;0;276;0;0;276;3;3;3;1;10;266;250;16;
181400025;624;278;0;629;1;346;1;0;346;0;0;3;0;3;343;335;8;
181400026;275;74;0;279;5;201;5;0;201;1;0;0;0;1;200;199;1;
181400027;258;79;1;260;3;178;3;2;178;1;0;4;0;5;173;155;18;
181400028;718;202;0;742;1;516;1;0;516;2;2;0;0;4;512;508;4;
181400029;712;191;0;730;2;521;2;4;521;0;0;4;0;4;517;512;5;
181400030;293;83;0;304;4;210;4;0;210;0;3;1;0;4;206;204;2;
181400031;481;204;0;486;3;277;3;0;277;1;0;1;0;2;275;230;45;
181400032;672;275;4;680;5;393;5;0;393;1;0;4;0;5;388;368;20;
181400033;392;122;0;403;0;270;0;5;270;2;1;0;0;3;267;261;6;
181400034;322;68;1;331;1;253;1;2;253;0;0;0;0;0;253;252;1;
181400035;801;270;1;816;3;530;3;3;530;1;1;5;0;7;523;518;5;
181400036;260;74;1;262;6;185;6;0;185;0;0;1;0;1;184;179;5;
181600001;900;366;2;855;0;532;0;3;532;0;1;3;0;4;528;512;16;
181600002;800;494;1;770;0;305;0;3;305;0;0;11;0;11;294;272;22;
181600003;800;370;2;769;0;428;0;6;428;3;3;2;0;8;420;413;7;
181600004;600;241;2;586;0;357;0;2;357;3;2;0;0;5;352;349;3;
181600005;400;162;0;417;1;238;1;0;238;1;0;0;0;1;237;227;10;
181600006;300;56;2;323;1;242;1;7;242;1;0;6;0;7;235;232;3;
181600007;500;212;1;440;2;287;2;0;287;0;3;0;0;3;284;272;12;
181600008;600;238;1;574;1;361;1;2;361;1;1;4;0;6;355;329;26;
181600009;400;227;1;406;2;172;2;0;172;2;1;0;0;3;169;156;13;
181600010;800;463;0;786;0;337;0;3;337;0;1;1;0;2;335;268;67;
181600011;900;465;3;893;0;432;0;7;432;3;2;0;0;5;427;356;71;
181600012;900;488;2;927;1;410;1;9;410;0;1;0;0;1;409;349;60;
181600013;1000;610;0;963;0;390;0;0;390;3;1;0;0;4;386;263;123;
181600014;900;485;1;883;0;414;0;1;414;1;0;0;0;1;413;284;129;
181600015;800;426;1;778;0;373;0;0;373;1;3;0;0;4;369;250;119;
181600016;900;465;1;864;0;434;0;2;434;8;3;2;0;13;421;320;101;
181600017;800;455;0;733;0;345;0;0;345;2;2;2;0;6;339;244;95;
181600018;800;380;2;816;0;418;0;0;418;11;3;1;0;15;403;399;4;
181600019;300;120;1;308;0;179;0;0;179;2;0;0;0;2;177;161;16;
181600020;500;189;1;499;0;310;0;5;310;1;2;1;0;4;306;299;7;
181600021;500;196;1;566;0;303;0;0;303;1;1;0;0;2;301;299;2;
181600022;600;224;3;611;0;373;0;0;373;1;1;1;2;5;368;360;8;
181600023;500;245;0;445;2;255;2;0;255;2;2;0;0;4;251;242;9;
181600024;800;333;1;821;1;466;1;5;466;1;1;0;0;2;464;458;6;
181600025;800;324;0;802;0;476;0;0;476;2;1;0;0;3;473;471;2;
181600026;700;265;1;657;1;434;1;3;434;2;1;1;0;4;430;416;14;
181600027;200;112;0;201;7;88;7;0;88;2;2;0;0;4;84;65;19;
181600028;300;69;1;300;0;230;0;8;230;1;1;0;0;2;228;227;1;
181600029;600;351;1;550;3;248;3;0;248;1;1;0;0;2;246;186;60;
181600030;100;79;1;30;0;20;0;6;20;1;0;0;0;1;19;13;6;
181600031;100;58;1;43;6;41;6;6;41;1;0;1;0;2;39;35;4;
181700001;770;254;1;776;0;515;0;1;515;0;0;1;0;1;514;513;1;
181700002;950;327;1;958;0;622;0;4;622;1;3;0;0;4;618;616;2;
181700003;330;92;2;334;0;236;0;4;236;0;0;1;0;1;235;224;11;
181700004;340;35;0;344;4;305;4;0;305;0;0;0;0;0;305;304;1;
181700005;370;128;0;369;0;242;0;0;242;1;1;0;0;2;240;237;3;
181700006;150;53;0;153;0;97;0;0;97;0;1;0;0;1;96;91;5;
181700007;840;368;0;834;1;472;1;0;472;0;10;0;0;10;462;332;130;
181700008;560;253;0;562;6;307;6;0;307;0;5;0;0;5;302;217;85;
181700009;720;326;1;715;0;393;0;2;393;4;5;0;0;9;384;298;86;
181700010;640;310;2;607;0;328;0;5;328;2;1;3;0;6;322;307;15;
181700011;240;54;0;231;0;186;0;2;186;0;0;0;0;0;186;185;1;
181700012;190;76;1;184;0;113;0;5;113;0;1;0;0;1;112;111;1;
181700013;430;197;0;427;1;233;1;2;233;6;3;0;0;9;224;221;3;
181700014;850;332;1;854;1;517;1;0;517;3;2;5;0;10;507;504;3;
181700015;310;88;1;310;0;221;0;0;221;2;0;0;0;2;219;214;5;
181700016;570;189;3;568;1;378;1;0;378;4;0;0;0;4;374;362;12;
181700017;140;52;0;88;7;88;7;4;88;1;0;0;0;1;87;84;3;
181700018;300;108;2;304;0;190;0;0;190;1;1;0;0;2;188;175;13;
181700019;40;8;1;35;0;31;0;4;31;0;0;0;0;0;31;31;0;
182600001;220;120;1;214;4;99;4;0;99;0;0;0;0;0;99;84;15;
182600002;500;227;1;476;2;272;2;5;272;1;2;0;0;3;269;244;25;
182600003;800;422;1;832;0;377;0;0;377;2;1;0;0;3;374;206;168;
182600004;800;409;2;797;0;389;0;0;389;1;2;1;0;4;385;201;184;
182600005;600;334;1;593;1;265;1;5;265;0;2;0;0;2;263;176;87;
182600006;700;327;1;754;1;372;1;0;372;3;2;2;0;7;365;347;18;
182600007;800;303;12;892;3;485;3;0;485;5;0;5;0;10;475;470;5;
182600008;800;351;2;870;0;447;0;0;447;3;0;2;0;5;442;436;6;
182600009;700;304;1;395;0;395;0;0;395;0;0;0;0;0;395;387;8;
182600010;500;182;2;531;0;316;0;0;316;0;0;0;0;0;316;312;4;
182600011;1000;427;2;1096;0;571;0;4;571;1;3;2;0;6;565;555;10;
182600012;210;72;1;200;1;137;1;10;137;0;0;0;0;0;137;136;1;
182600013;700;321;4;696;1;375;1;4;375;2;4;0;0;6;369;204;165;
182600014;120;30;1;107;0;89;0;6;89;0;0;1;0;1;88;69;19;
182600015;250;144;1;219;1;105;1;3;105;2;1;1;0;4;101;73;28;
182600016;400;107;2;383;1;291;1;0;291;2;1;0;0;3;288;244;44;
182600017;150;67;1;122;1;82;1;0;82;0;0;0;0;0;82;70;12;
182600018;300;141;3;269;2;156;2;3;156;1;0;0;0;1;155;149;6;
182600019;700;302;1;786;0;397;0;0;397;0;3;0;0;3;394;379;15;
182600020;816;333;1;861;0;482;0;6;482;15;1;0;0;16;466;459;7;
182600021;500;221;2;519;0;277;0;3;277;2;2;0;0;4;273;263;10;
182600022;700;300;1;807;0;399;0;6;399;1;1;0;0;2;397;351;46;
182600023;700;371;2;731;0;327;0;6;327;1;2;0;0;3;324;276;48;
182600024;400;174;1;388;2;225;2;5;225;2;3;1;0;6;219;169;50;
182600025;200;86;1;184;2;113;2;5;113;1;1;0;0;2;111;83;28;
182600026;120;43;1;108;2;76;2;6;76;4;2;0;0;6;70;60;10;
182600027;600;248;1;600;0;351;0;3;351;2;0;6;0;8;343;340;3;
182600028;600;180;0;651;3;420;3;3;420;0;1;1;0;2;418;416;2;
182600029;700;237;1;719;0;462;0;2;462;1;3;2;0;6;456;452;4;
182600030;800;412;2;858;0;386;0;0;386;0;2;3;0;5;381;242;139;
182600031;800;458;1;854;0;341;0;0;341;0;6;0;1;7;334;223;111;
182600032;900;503;1;993;0;396;0;0;396;0;2;0;0;2;394;279;115;
182600033;900;500;1;936;1;399;1;0;399;3;4;0;0;7;392;284;108;
182600034;800;418;2;905;0;380;0;0;380;4;1;0;0;5;375;238;137;
182600035;900;481;1;937;0;418;0;6;418;4;2;0;0;6;412;298;114;
182600036;900;461;1;945;0;438;0;3;438;3;5;0;0;8;430;316;114;
182600037;800;424;1;864;0;375;0;0;375;9;0;0;0;9;366;232;134;
182600038;800;463;2;845;0;335;0;0;335;6;3;0;0;9;326;231;95;
182600039;900;490;1;954;0;409;0;0;409;3;8;5;0;16;393;260;133;
182600040;900;542;1;931;0;357;0;5;357;1;2;7;0;10;347;205;142;
182600041;800;485;1;880;0;314;0;6;314;0;1;0;0;1;313;174;139;
182600042;800;446;1;885;0;353;0;5;353;1;1;0;0;2;351;244;107;
182600043;900;482;1;918;0;417;0;0;417;4;4;0;0;8;409;300;109;
182600044;800;415;2;857;3;383;3;4;383;2;5;0;0;7;376;286;90;
182600045;900;446;2;950;0;452;0;7;452;2;4;0;0;6;446;303;143;
182600046;800;389;2;862;0;409;0;3;409;8;2;0;0;10;399;265;134;
182600047;900;521;1;927;0;378;0;8;378;2;4;0;0;6;372;275;97;
182600048;800;458;1;907;0;341;0;6;341;1;2;0;0;3;338;224;114;
182600049;800;403;1;888;2;396;2;0;396;2;2;9;0;13;383;242;141;
182600050;800;497;2;887;0;301;0;5;301;2;3;5;0;10;291;176;115;
182600051;900;512;3;944;0;385;0;6;385;5;2;0;0;7;378;248;130;
182600052;900;543;1;938;0;356;0;0;356;0;2;0;0;2;354;198;156;
182600053;800;526;1;870;0;273;0;8;273;3;1;13;0;17;256;224;32;
182600054;800;428;1;872;1;371;1;9;371;3;2;3;0;8;363;295;68;
182600055;900;523;1;953;0;376;0;0;376;4;4;0;0;8;368;260;108;
182600056;800;431;2;891;0;367;0;0;367;0;2;4;0;6;361;304;57;
182600057;700;395;1;771;0;304;0;9;304;0;3;0;0;3;301;215;86;
182600058;700;385;1;798;8;314;8;0;314;1;3;0;0;4;310;246;64;
182600059;700;443;1;767;0;256;0;8;256;0;2;0;0;2;254;181;73;
182600060;800;505;1;828;0;294;0;0;294;6;3;0;0;9;285;208;77;
182600061;700;405;2;773;15;293;15;0;293;0;1;0;0;1;292;205;87;
182600062;800;520;2;841;0;278;0;0;278;1;2;0;0;3;275;188;87;
182600063;800;478;4;823;0;318;0;6;318;1;0;0;0;1;317;229;88;
182600064;800;506;1;810;1;293;1;0;293;2;2;2;0;6;287;209;78;
182600065;800;471;1;904;1;328;1;0;328;1;3;0;0;4;324;209;115;
182600066;800;525;1;852;0;274;0;0;274;0;2;0;0;2;272;187;85;
182600067;100;47;1;87;0;52;0;0;52;0;0;0;0;0;52;35;17;
182600068;70;23;1;48;0;46;0;0;46;0;0;1;0;1;45;33;12;
182600069;100;22;1;79;0;77;0;0;77;3;2;1;0;6;71;62;9;
182600070;150;64;1;118;0;85;0;6;85;1;3;0;0;4;81;72;9;
182900001;502;125;1;511;0;376;0;0;376;0;2;0;0;2;374;366;8;
182900002;306;107;1;315;3;198;3;3;198;0;2;0;0;2;196;195;1;
182900003;716;327;1;727;0;388;0;0;388;0;1;0;0;1;387;377;10;
182900004;376;179;1;384;0;196;0;0;196;3;2;0;0;5;191;178;13;
182900005;325;73;1;328;1;251;1;2;251;0;1;0;0;1;250;249;1;
182900006;275;92;1;280;0;182;0;4;182;2;0;0;0;2;180;175;5;
182900007;651;302;3;664;4;346;4;0;346;2;3;0;0;5;341;328;13;
182900008;383;97;1;392;0;285;0;0;285;0;0;0;0;0;285;284;1;
182900009;300;107;0;310;2;193;2;0;193;0;0;0;0;0;193;193;0;
182900010;575;97;1;577;0;477;0;0;477;0;1;1;0;2;475;473;2;
182900011;311;107;1;318;0;203;0;3;203;0;2;0;0;2;201;199;2;
182900012;81;22;0;81;2;59;2;0;59;1;2;0;0;3;56;52;4;
182900013;260;53;1;265;1;206;1;0;206;0;2;0;0;2;204;204;0;
182900014;92;18;1;94;0;73;0;2;73;0;0;1;0;1;72;63;9;
182900015;358;136;1;359;3;221;3;1;221;8;0;1;0;9;212;184;28;
182900016;829;391;2;838;2;436;2;0;436;0;1;0;0;1;435;427;8;
182900017;647;257;1;657;1;389;1;6;389;2;2;1;0;5;384;382;2;
183600001;700;222;0;773;0;478;0;2;478;1;0;0;0;1;477;474;3;
183600002;500;227;1;544;0;272;0;3;272;1;2;0;0;3;269;253;16;
183600003;500;169;1;590;0;330;0;2;330;0;1;0;0;1;329;326;3;
183600004;400;174;1;451;3;225;3;0;225;1;1;0;0;2;223;114;109;
183600005;500;140;1;602;2;359;2;8;359;5;2;4;0;11;348;120;228;
183600006;600;181;1;648;0;418;0;0;418;2;1;1;0;4;414;340;74;
183600007;600;116;1;664;0;483;0;0;483;4;0;0;0;4;479;469;10;
183600008;700;172;0;528;0;528;0;0;528;4;3;2;0;9;519;497;22;
183600009;800;244;0;845;0;556;0;0;556;5;0;2;0;7;549;397;152;
190300001;600;288;0;621;1;312;1;0;312;0;1;0;0;1;311;159;152;
190300002;600;240;0;638;2;360;2;0;360;3;3;0;1;7;353;201;152;
190300003;700;303;4;758;1;393;1;0;393;2;4;17;0;23;370;251;119;
190300004;150;77;1;140;0;72;0;3;72;0;0;0;0;0;72;59;13;
190300005;250;108;2;250;1;140;1;2;140;2;1;0;1;4;136;67;69;
190300006;700;355;2;634;0;343;0;0;343;6;1;0;0;7;336;269;67;
190300007;500;254;1;495;1;245;1;0;245;2;1;1;0;4;241;208;33;
190300008;650;345;1;602;1;304;1;0;304;1;5;6;0;12;292;184;108;
190300009;400;217;1;375;2;182;2;0;182;1;1;2;0;4;178;107;71;
190300010;600;384;1;550;0;215;0;1;215;0;1;0;0;1;214;171;43;
190300011;700;274;1;665;0;425;0;1;425;2;4;2;0;8;417;368;49;
190400001;550;338;0;497;0;212;0;1;212;2;2;2;0;6;206;116;90;
190400002;850;521;0;805;0;329;0;0;329;3;3;0;0;6;323;180;143;
190400003;650;367;1;624;0;282;0;0;282;1;0;8;1;10;272;193;79;
190400004;1000;601;0;953;3;399;3;1;399;0;5;0;0;5;394;251;143;
190400005;750;457;2;699;2;291;2;0;291;2;2;0;0;4;287;174;113;
190400006;900;671;3;877;0;226;0;4;226;5;2;3;0;10;216;175;41;
190400007;1000;587;1;957;0;412;0;2;412;0;2;0;0;2;410;224;186;
190400008;750;466;0;693;0;284;0;0;284;0;2;0;0;2;282;170;112;
190400009;600;393;0;557;0;207;0;0;207;1;2;0;0;3;204;118;86;
190400010;750;459;2;721;0;289;0;0;289;1;3;0;0;4;285;188;97;
190400011;700;473;0;685;0;227;0;0;227;4;1;1;0;6;221;117;104;
190400012;100;60;1;43;0;39;0;4;39;0;0;0;0;0;39;26;13;
190400013;100;57;2;66;0;41;0;6;41;0;1;0;0;1;40;26;14;
190400014;300;128;0;251;1;172;1;0;172;2;0;0;0;2;170;168;2;
190400015;300;133;0;270;1;167;1;3;167;2;0;0;0;2;165;96;69;
190400016;100;69;0;54;1;31;1;1;31;0;0;0;0;0;31;16;15;
190400017;700;454;1;647;0;245;0;0;245;0;2;0;0;2;243;192;51;
190400018;650;342;0;628;3;308;3;0;308;5;0;0;0;5;303;213;90;
190400019;400;201;0;330;3;199;3;1;199;0;0;9;0;9;190;147;43;
190400020;700;377;1;623;0;322;0;1;322;0;5;0;0;5;317;196;121;
190400021;350;191;1;327;3;158;3;0;158;1;5;0;0;6;152;108;44;
190400022;500;246;0;468;0;254;0;0;254;1;0;0;0;1;253;147;106;
190400023;450;237;1;418;0;212;0;0;212;3;0;0;0;3;209;96;113;
190400024;600;301;1;550;0;298;0;0;298;1;0;0;0;1;297;203;94;
190400025;350;206;0;276;3;144;3;0;144;1;5;5;0;11;133;96;37;
190500001;501;266;1;459;1;234;1;0;234;1;1;0;0;2;232;211;21;
190500002;660;306;0;626;0;354;0;0;354;0;1;0;0;1;353;340;13;
190500003;646;349;0;602;0;297;0;0;297;3;0;0;0;3;294;205;89;
190500004;683;373;0;640;0;310;0;0;310;5;0;0;0;5;305;195;110;
190500005;812;444;0;770;1;368;1;0;368;4;3;7;0;14;354;266;88;
190500006;645;329;0;602;0;316;0;0;316;0;1;1;0;2;314;180;134;
190500007;786;335;0;749;0;451;0;9;451;8;1;4;1;14;437;423;14;
190500008;766;362;0;726;1;404;1;0;404;1;0;1;0;2;402;374;28;
190500009;540;228;0;505;0;312;0;0;312;0;3;0;0;3;309;300;9;
190500010;479;189;0;439;0;290;0;0;290;1;3;0;0;4;286;272;14;
190500011;550;226;0;512;4;324;4;1;324;1;2;0;0;3;321;314;7;
190500012;715;303;0;676;0;412;0;0;412;4;4;0;0;8;404;393;11;
190500013;542;201;0;499;2;341;2;0;341;1;4;7;0;12;329;323;6;
190500014;567;270;0;488;1;297;1;1;297;2;2;1;0;5;292;290;2;
190500015;527;260;0;522;4;267;4;0;267;3;2;4;0;9;258;204;54;
190500016;401;219;1;378;4;181;4;0;181;0;4;0;0;4;177;141;36;
190500017;387;205;0;345;3;182;3;4;182;2;3;0;0;5;177;73;104;
190500018;560;283;0;526;0;277;0;0;277;0;0;0;0;0;277;235;42;
190500019;465;258;1;421;0;206;0;0;206;0;1;0;0;1;205;106;99;
190500020;639;235;0;598;1;404;1;0;404;0;2;0;0;2;402;400;2;
190500021;542;257;0;502;0;285;0;0;285;0;1;0;0;1;284;280;4;
190500022;625;238;1;587;0;386;0;0;386;0;0;0;0;0;386;386;0;
190500023;629;167;0;607;0;462;0;0;462;0;1;0;0;1;461;454;7;
190800001;634;305;0;643;2;329;2;0;329;2;5;0;0;7;322;149;173;
190800002;580;285;0;581;1;295;1;0;295;2;1;0;0;3;292;116;176;
190800003;814;418;2;813;1;394;1;0;394;3;2;8;0;13;381;212;169;
190800004;1015;423;0;1017;0;592;0;1;592;4;6;0;0;10;582;469;113;
190800005;571;369;1;201;0;201;0;10;201;5;5;5;0;15;186;176;10;
190800006;630;214;2;632;7;414;7;0;414;2;4;0;0;6;408;360;48;
190800007;84;13;0;95;11;71;11;0;71;0;5;0;0;5;66;46;20;
190800008;24;3;1;24;4;20;4;0;20;0;0;0;0;0;20;14;6;
190800009;318;142;1;319;0;175;0;0;175;1;1;0;0;2;173;167;6;
190800010;444;175;1;446;0;268;0;0;268;1;2;16;0;19;249;225;24;
190800011;833;347;0;832;1;486;1;0;486;5;3;2;0;10;476;337;139;
190800012;855;345;0;854;0;510;0;0;510;5;2;0;0;7;503;352;151;
190800013;454;196;0;456;0;258;0;2;258;4;0;0;0;4;254;193;61;
190800014;839;403;0;838;1;436;1;0;436;15;8;33;0;56;380;303;77;
190800015;250;79;0;251;3;171;3;1;171;2;2;2;0;6;165;116;49;
190800016;459;174;2;468;0;283;0;9;283;1;2;0;0;3;280;262;18;
191300001;150;46;0;144;0;104;0;1;104;1;0;2;0;3;101;76;25;
191300002;750;359;0;755;2;391;2;0;391;0;2;0;0;2;389;302;87;
191300003;350;170;1;353;0;179;0;0;179;2;1;0;0;3;176;147;29;
191300004;280;157;0;283;0;123;0;0;123;1;3;0;0;4;119;78;41;
191300005;120;51;1;112;3;68;3;1;68;1;1;0;0;2;66;54;12;
191300006;850;525;0;849;1;325;1;1;325;0;1;0;0;1;324;175;149;
191300007;740;444;1;736;4;295;4;3;295;0;5;0;0;5;290;166;124;
191300008;670;365;0;663;2;305;2;0;305;4;1;0;0;5;300;196;104;
191300009;800;488;1;804;0;311;0;0;311;3;2;0;0;5;306;247;59;
191300010;620;356;1;619;4;263;4;0;263;0;3;5;0;8;255;205;50;
191300011;550;297;1;559;0;252;0;0;252;1;1;1;0;3;249;192;57;
191300012;790;416;2;782;1;372;1;0;372;3;7;0;0;10;362;241;121;
191300013;640;363;1;645;1;276;1;0;276;0;0;4;0;4;272;263;9;
191300014;700;358;6;692;4;336;4;0;336;2;4;0;0;6;330;235;95;
191300015;100;40;1;93;3;59;3;0;59;0;0;0;0;0;59;48;11;
191300016;900;440;0;893;0;460;0;0;460;1;3;3;0;7;453;373;80;
191300017;110;39;1;109;0;70;0;3;70;0;1;0;0;1;69;62;7;
192700001;700;447;0;692;0;253;0;3;253;0;4;0;0;4;249;152;97;
192700002;700;444;0;681;0;256;0;2;256;1;3;2;0;6;250;141;109;
192700003;900;515;0;905;0;385;0;0;385;0;7;0;1;8;377;257;120;
192700004;900;559;0;868;1;341;1;1;341;0;5;0;0;5;336;198;138;
192700005;920;544;1;924;0;375;0;5;375;4;4;0;0;8;367;243;124;
192700006;950;639;2;953;0;309;0;0;309;0;5;0;0;5;304;188;116;
192700007;670;446;0;668;0;224;0;0;224;0;3;0;0;3;221;159;62;
192700008;750;470;0;742;0;280;0;2;280;0;9;0;0;9;271;164;107;
192700009;800;506;1;788;1;293;1;4;293;0;2;3;0;5;288;179;109;
192700010;820;495;0;814;0;325;0;4;325;2;4;1;0;7;318;205;113;
192700011;880;561;0;873;1;319;1;0;319;0;0;0;0;0;319;189;130;
192700012;1000;616;0;996;1;384;1;0;384;2;4;0;0;6;378;253;125;
192700013;680;380;0;675;0;300;0;0;300;2;5;0;0;7;293;199;94;
192700014;900;524;0;893;0;376;0;3;376;2;6;0;0;8;368;243;125;
192700015;750;455;0;760;0;295;0;0;295;0;0;8;0;8;287;195;92;
192700016;630;415;2;625;0;213;0;4;213;0;1;1;0;2;211;131;80;
192700017;710;437;0;704;1;273;1;1;273;1;4;0;0;5;268;174;94;
192700018;1000;641;1;994;1;358;1;0;358;1;9;0;0;10;348;243;105;
192700019;830;500;0;835;3;330;3;5;330;0;7;0;0;7;323;210;113;
192700020;730;455;0;731;0;275;0;0;275;2;3;1;0;6;269;196;73;
192700021;740;433;0;757;0;307;0;5;307;1;3;0;0;4;303;217;86;
192700022;720;459;1;713;1;260;1;0;260;1;5;0;0;6;254;174;80;
192700023;850;510;1;843;0;339;0;5;339;2;3;1;0;6;333;224;109;
192700024;850;498;1;838;2;351;2;2;351;2;5;0;0;7;344;237;107;
192700025;710;444;0;715;0;266;0;0;266;0;6;1;0;7;259;161;98;
192700026;770;455;1;768;0;314;0;0;314;0;6;2;0;8;306;211;95;
192700027;710;462;2;711;0;246;0;4;246;0;0;5;0;5;241;165;76;
192700028;810;554;1;813;0;255;0;0;255;2;6;0;0;8;247;152;95;
192700029;270;177;1;261;1;92;1;0;92;0;3;0;0;3;89;61;28;
192700030;920;571;2;916;1;347;1;7;347;1;3;1;0;5;342;248;94;
192700031;890;569;1;893;0;320;0;3;320;0;2;1;0;3;317;210;107;
192700032;680;429;0;678;0;251;0;5;251;5;1;1;1;8;243;181;62;
192700033;550;335;1;559;0;214;0;8;214;0;3;0;0;3;211;128;83;
192700034;850;502;0;850;0;348;0;3;348;1;0;3;0;4;344;238;106;
192700035;980;639;1;988;0;340;0;0;340;1;2;0;0;3;337;233;104;
192700036;870;495;2;867;1;373;1;0;373;0;5;0;0;5;368;234;134;
192700037;630;430;1;629;0;199;0;3;199;1;1;0;0;2;197;110;87;
192700038;500;305;0;493;0;195;0;1;195;0;0;0;0;0;195;121;74;
192700039;680;408;1;682;1;271;1;1;271;1;1;0;0;2;269;177;92;
192700040;830;508;0;826;0;322;0;0;322;7;0;0;0;7;315;189;126;
192700041;840;501;1;834;0;338;0;0;338;0;8;0;0;8;330;199;131;
192700042;860;509;0;869;0;351;0;0;351;1;3;0;0;4;347;240;107;
192700043;770;503;1;770;0;266;0;8;266;0;1;0;0;1;265;162;103;
192700044;760;455;1;758;0;304;0;3;304;1;1;0;0;2;302;204;98;
192700045;910;584;1;902;0;325;0;4;325;0;2;0;0;2;323;215;108;
192700046;880;542;0;895;0;338;0;0;338;3;0;0;0;3;335;205;130;
192700047;990;631;1;987;0;358;0;2;358;1;4;2;0;7;351;188;163;
192700048;850;555;0;870;0;295;0;5;295;0;8;0;0;8;287;161;126;
192700049;830;529;0;833;0;301;0;3;301;3;3;0;1;7;294;191;103;
192700050;900;604;2;901;0;294;0;6;294;1;0;1;0;2;292;241;51;
192700051;810;468;0;823;0;342;0;3;342;4;1;2;0;7;335;309;26;
192700052;790;483;2;814;0;305;0;2;305;0;2;3;0;5;300;253;47;
192700053;800;498;2;799;0;300;0;1;300;1;0;5;0;6;294;233;61;
192700054;710;473;1;705;0;236;0;4;236;4;2;0;0;6;230;174;56;
192700055;780;467;1;773;0;312;0;0;312;1;3;0;0;4;308;185;123;
192700056;840;551;1;834;0;288;0;0;288;2;1;0;0;3;285;168;117;
192700057;960;659;1;974;0;300;0;0;300;3;4;0;0;7;293;196;97;
192700058;600;397;1;606;4;202;4;0;202;2;1;1;0;4;198;119;79;
192700059;700;482;1;704;0;217;0;0;217;1;0;1;0;2;215;138;77;
192700060;830;499;1;834;0;330;0;3;330;3;2;0;0;5;325;212;113;
192700061;951;648;1;956;0;302;0;1;302;1;4;0;0;5;297;203;94;
192700062;640;434;1;639;0;205;0;0;205;0;3;0;0;3;202;125;77;
192700063;900;562;0;918;1;338;1;7;338;3;0;0;0;3;335;226;109;
192700064;690;438;1;691;0;251;0;2;251;1;4;0;0;5;246;166;80;
192700065;710;417;1;715;0;292;0;0;292;1;5;1;0;7;285;197;88;
192700066;670;399;0;673;4;271;4;0;271;5;0;0;0;5;266;194;72;
192700067;690;444;1;691;5;245;5;0;245;0;1;0;0;1;244;165;79;
192700068;810;598;2;800;1;210;1;6;210;1;4;0;0;5;205;126;79;
192700069;910;638;2;918;0;270;0;6;270;0;7;0;0;7;263;168;95;
192700070;960;630;2;970;0;328;0;8;328;1;5;0;0;6;322;202;120;
192700071;700;539;0;707;0;161;0;6;161;5;0;0;0;5;156;97;59;
192700072;563;347;0;216;0;216;0;0;216;2;7;0;0;9;207;126;81;
192700073;710;475;0;727;0;235;0;5;235;0;1;0;0;1;234;147;87;
192700074;620;473;1;631;0;146;0;1;146;0;1;4;0;5;141;84;57;
192700075;900;645;0;904;0;255;0;4;255;1;0;0;0;1;254;185;69;
192700076;970;655;0;973;0;315;0;6;315;0;9;5;0;14;301;198;103;
192700077;960;626;2;967;0;332;0;5;332;0;2;0;0;2;330;222;108;
192700078;590;394;1;586;0;195;0;0;195;6;1;0;0;7;188;138;50;
192700079;950;612;0;961;8;338;8;0;338;0;6;0;0;6;332;222;110;
192700080;860;603;0;860;0;257;0;7;257;0;2;2;0;4;253;156;97;
192700081;700;482;0;706;0;218;0;0;218;1;5;5;0;11;207;144;63;
192700082;880;579;1;903;1;300;1;3;300;0;1;0;0;1;299;205;94;
192700083;880;595;1;883;0;284;0;0;284;1;2;0;0;3;281;168;113;
192700084;1100;732;1;1108;0;367;0;4;367;0;2;5;0;7;360;240;120;
192700085;860;536;0;864;0;324;0;3;324;3;3;0;0;6;318;218;100;
192700086;920;636;1;929;0;283;0;0;283;0;0;0;0;0;283;184;99;
192700087;870;588;0;882;0;282;0;1;282;0;2;2;0;4;278;176;102;
192700088;670;450;0;683;0;220;0;4;220;5;1;0;0;6;214;126;88;
192700089;740;515;0;755;0;225;0;2;225;3;0;0;0;3;222;139;83;
192700090;720;485;0;721;0;235;0;6;235;0;7;7;0;14;221;156;65;
192700091;630;357;0;645;0;273;0;5;273;0;2;0;0;2;271;209;62;
192700092;960;651;0;966;4;309;4;0;309;4;3;0;0;7;302;211;91;
192700093;990;672;0;986;0;318;0;2;318;1;2;0;0;3;315;219;96;
192700094;1040;725;2;1047;0;313;0;0;313;0;3;0;0;3;310;203;107;
192700095;820;509;1;830;0;310;0;0;310;5;1;0;0;6;304;204;100;
192700096;640;407;1;640;0;232;0;0;232;1;0;0;0;1;231;155;76;
192700097;770;496;1;761;1;273;1;0;273;3;1;1;0;5;268;171;97;
192700098;700;442;1;704;0;257;0;2;257;0;1;0;0;1;256;142;114;
192700099;900;557;2;899;0;341;0;1;341;1;2;3;0;6;335;202;133;
192700100;790;516;1;792;0;273;0;0;273;3;2;0;2;7;266;172;94;
192700101;730;456;1;734;0;273;0;0;273;0;0;0;0;0;273;151;122;
192700102;600;404;0;600;0;196;0;0;196;1;0;0;0;1;195;124;71;
192700103;760;502;0;769;0;258;0;0;258;1;3;0;0;4;254;161;93;
192700104;920;616;2;925;0;302;0;0;302;0;3;0;0;3;299;181;118;
192700105;690;418;0;682;0;272;0;0;272;0;0;0;1;1;271;190;81;
192700106;670;435;0;673;0;235;0;1;235;1;3;0;0;4;231;154;77;
192700107;780;531;1;790;0;248;0;0;248;1;1;0;0;2;246;82;164;
192700108;800;533;0;796;0;267;0;0;267;0;0;0;0;0;267;169;98;
192700109;870;572;2;876;0;296;0;0;296;1;1;0;0;2;294;160;134;
192700110;840;466;0;845;0;374;0;0;374;0;0;0;0;0;374;245;129;
192700111;940;564;0;930;1;376;1;1;376;0;5;3;0;8;368;221;147;
192700112;750;466;0;735;0;284;0;2;284;1;6;0;0;7;277;182;95;
192700113;610;371;0;603;1;239;1;7;239;0;2;0;0;2;237;148;89;
192700114;720;431;1;708;1;288;1;4;288;3;1;1;0;5;283;165;118;
192700115;670;409;0;671;0;261;0;0;261;0;4;0;0;4;257;161;96;
192700116;800;458;0;784;0;342;0;5;342;0;5;0;0;5;337;214;123;
192700117;760;457;0;763;0;303;0;0;303;4;2;2;0;8;295;179;116;
192700118;560;357;1;558;0;202;0;0;202;0;2;0;0;2;200;130;70;
192700119;670;409;1;679;0;260;0;3;260;1;3;0;0;4;256;173;83;
192700120;690;441;0;683;1;249;1;0;249;0;5;0;0;5;244;156;88;
192700121;790;499;1;791;0;290;0;6;290;2;0;0;0;2;288;184;104;
192700122;660;436;1;661;0;223;0;2;223;0;0;1;0;1;222;141;81;
192700123;860;508;2;859;0;350;0;5;350;5;0;2;0;7;343;208;135;
192700124;540;312;1;543;0;227;0;0;227;0;1;1;0;2;225;146;79;
192700125;720;451;0;720;0;269;0;5;269;0;2;0;0;2;267;189;78;
192700126;680;440;2;672;1;238;1;3;238;1;0;0;0;1;237;154;83;
192700127;640;423;1;641;0;216;0;2;216;0;1;0;0;1;215;132;83;
192700128;610;375;0;609;0;235;0;2;235;0;1;0;0;1;234;157;77;
192700129;670;393;0;676;0;277;0;0;277;3;3;0;0;6;271;195;76;
192700130;540;320;2;551;0;218;0;5;218;5;0;0;0;5;213;134;79;
192700131;760;482;1;757;0;277;0;0;277;0;11;0;0;11;266;181;85;
192700132;880;597;0;880;0;283;0;0;283;0;2;4;0;6;277;183;94;
192700133;720;478;1;718;1;241;1;7;241;0;3;0;0;3;238;144;94;
192700134;700;438;1;716;0;261;0;5;261;1;2;0;0;3;258;168;90;
192700135;580;399;0;573;0;181;0;5;181;5;1;0;0;6;175;109;66;
192700136;910;604;0;913;0;306;0;3;306;0;8;0;0;8;298;191;107;
192700137;680;400;1;688;1;279;1;0;279;0;2;0;0;2;277;189;88;
192700138;850;537;1;847;6;312;6;0;312;8;0;0;0;8;304;207;97;
192700139;800;466;0;797;0;334;0;7;334;4;2;0;0;6;328;223;105;
192700140;960;551;0;962;1;409;1;7;409;0;2;0;0;2;407;257;150;
192700141;600;380;0;602;0;220;0;0;220;2;2;0;0;4;216;142;74;
192700142;880;481;0;877;0;399;0;0;399;1;5;0;0;6;393;295;98;
192700143;690;435;2;695;0;253;0;9;253;2;4;0;0;6;247;166;81;
192700144;900;507;0;908;2;393;2;0;393;3;2;0;0;5;388;277;111;
192700145;720;442;1;723;6;277;6;0;277;10;1;0;0;11;266;205;61;
192700146;630;380;0;629;1;250;1;3;250;1;5;2;0;8;242;167;75;
192700147;670;405;0;659;2;265;2;0;265;1;3;0;0;4;261;175;86;
192700148;790;453;0;771;3;337;3;0;337;0;7;0;0;7;330;224;106;
192700149;750;430;0;750;0;320;0;4;320;0;4;0;0;4;316;215;101;
192700150;630;384;0;629;0;246;0;5;246;3;2;0;0;5;241;161;80;
192700151;750;462;0;747;5;288;5;0;288;1;7;0;0;8;280;195;85;
192700152;880;526;1;883;2;353;2;0;353;0;4;1;0;5;348;236;112;
192700153;860;485;2;869;25;373;25;1;373;1;8;0;0;9;364;230;134;
192700154;630;366;0;627;0;264;0;0;264;5;2;1;0;8;256;184;72;
192700155;350;34;0;243;227;316;227;6;316;2;1;0;0;3;313;234;79;
192700156;810;517;2;815;0;291;0;4;291;4;2;0;0;6;285;213;72;
192700157;670;381;0;677;2;289;2;0;289;3;4;0;0;7;282;168;114;
192700158;710;418;1;713;12;291;12;0;291;0;1;2;0;3;288;196;92;
192700159;790;505;1;798;3;284;3;3;284;0;4;1;0;5;279;176;103;
192700160;830;494;0;813;17;336;17;0;336;1;3;0;0;4;332;236;96;
192700161;610;389;0;602;0;221;0;0;221;1;4;0;0;5;216;137;79;
192700162;720;413;3;712;0;304;0;1;304;2;0;0;0;2;302;190;112;
192700163;810;443;1;818;0;366;0;3;366;3;4;0;0;7;359;229;130;
192700164;900;544;1;899;3;355;3;4;355;0;5;0;0;5;350;243;107;
192700165;670;422;3;658;1;245;1;0;245;0;2;0;0;2;243;155;88;
192700166;770;487;2;771;0;281;0;7;281;2;6;0;0;8;273;179;94;
192700167;810;547;0;804;1;263;1;1;263;0;0;3;0;3;260;186;74;
192700168;490;317;2;483;0;171;0;0;171;1;0;0;0;1;170;130;40;
192700169;450;337;3;441;0;110;0;0;110;1;0;1;0;2;108;94;14;
192700170;960;712;1;960;0;247;0;0;247;2;1;0;1;4;243;127;116;
192700171;880;546;0;887;6;334;6;0;334;0;4;0;0;4;330;169;161;
192700172;790;498;0;789;2;292;2;0;292;0;10;1;0;11;281;126;155;
192700173;600;378;0;600;0;222;0;3;222;0;0;0;0;0;222;144;78;
192700174;620;423;0;620;0;197;0;4;197;0;1;0;0;1;196;135;61;
192700175;150;60;0;152;0;90;0;0;90;2;0;0;0;2;88;80;8;
192700176;310;180;1;310;0;129;0;5;129;0;0;2;0;2;127;85;42;
192700177;560;371;1;562;0;188;0;2;188;1;0;0;0;1;187;119;68;
192700178;500;350;1;489;0;149;0;3;149;1;1;4;0;6;143;99;44;
192700179;190;73;2;192;1;115;1;0;115;0;0;2;0;2;113;64;49;
192700180;840;533;0;839;1;307;1;0;307;1;5;0;0;6;301;186;115;
192700181;780;521;1;782;0;258;0;0;258;0;1;0;0;1;257;168;89;
192700182;580;413;0;581;0;167;0;0;167;0;0;0;0;0;167;101;66;
192700183;800;561;0;796;0;239;0;0;239;0;0;0;0;0;239;163;76;
192700184;710;372;1;713;0;337;0;0;337;1;2;0;0;3;334;205;129;
192700185;550;300;1;550;1;249;1;0;249;0;1;2;0;3;246;127;119;
192700186;560;329;2;565;8;229;8;1;229;0;2;4;0;6;223;86;137;
192700187;560;326;1;566;0;233;0;8;233;2;5;0;0;7;226;90;136;
192700188;470;238;2;464;1;230;1;4;230;1;4;1;0;6;224;166;58;
192700189;450;207;1;452;1;242;1;4;242;2;1;6;0;9;233;190;43;
192700190;510;268;0;516;0;242;0;2;242;11;3;0;0;14;228;182;46;
192700191;560;373;0;558;0;187;0;0;187;1;1;0;0;2;185;112;73;
192700192;550;378;0;555;0;172;0;2;172;0;0;0;1;1;171;99;72;
192700193;450;196;1;445;0;253;0;2;253;0;1;0;0;1;252;229;23;
192700194;580;245;0;588;0;335;0;3;335;1;2;0;0;3;332;301;31;
192700195;910;440;1;932;1;469;1;2;469;1;3;3;0;7;462;347;115;
192700196;780;399;1;794;0;380;0;3;380;2;18;0;0;20;360;271;89;
192700197;500;214;0;510;0;286;0;0;286;0;2;0;0;2;284;262;22;
192700198;580;351;2;587;2;227;2;3;227;2;1;0;0;3;224;102;122;
192700199;530;342;3;524;3;185;3;0;185;1;2;0;0;3;182;110;72;
192700200;340;115;1;341;0;224;0;6;224;0;0;0;0;0;224;224;0;
192700201;100;74;1;25;2;25;2;0;25;0;0;0;0;0;25;18;7;
192700202;80;20;0;122;10;60;10;0;60;0;0;0;0;0;60;33;27;
192700203;200;39;1;209;0;160;0;0;160;2;2;1;0;5;155;109;46;
192700204;230;112;1;197;0;117;0;7;117;0;3;1;0;4;113;78;35;
192700205;50;20;0;36;0;30;0;0;30;0;2;0;0;2;28;24;4;
192700206;50;9;0;45;0;41;0;0;41;0;1;1;0;2;39;28;11;
192700207;129;53;0;98;0;76;0;1;76;4;0;0;0;4;72;47;25;
193300001;700;375;0;724;1;325;1;0;325;4;1;0;0;5;320;248;72;
193300002;800;404;0;843;0;396;0;0;396;1;5;0;0;6;390;344;46;
193300003;600;302;1;598;0;297;0;1;297;4;0;0;0;4;293;280;13;
193300004;500;238;1;490;1;261;1;0;261;0;0;0;0;0;261;256;5;
193300005;700;328;2;712;2;370;2;1;370;4;2;11;0;17;353;296;57;
193300006;850;393;0;845;2;457;2;1;457;2;1;5;0;8;449;428;21;
193300007;550;248;3;559;0;299;0;0;299;2;3;0;0;5;294;285;9;
193300008;600;234;1;633;0;365;0;2;365;1;1;0;0;2;363;362;1;
193300009;700;352;1;672;2;347;2;0;347;0;3;0;0;3;344;329;15;
193300010;800;411;0;808;0;389;0;0;389;1;3;0;0;4;385;377;8;
193300011;800;392;0;783;0;408;0;0;408;0;3;0;0;3;405;384;21;
193300012;500;258;1;500;1;241;1;1;241;0;1;5;0;6;235;186;49;
193300013;400;204;1;382;1;195;1;3;195;0;4;0;0;4;191;136;55;
193300014;650;412;0;565;1;238;1;0;238;0;0;0;0;0;238;160;78;
193300015;650;378;2;660;1;270;1;0;270;3;2;9;0;14;256;161;95;
193300016;500;316;0;184;0;184;0;0;184;1;3;0;0;4;180;115;65;
193300017;100;29;2;102;2;69;2;3;69;1;1;0;0;2;67;56;11;
193700001;850;497;1;805;1;352;1;1;352;0;4;3;0;7;345;228;117;
193700002;800;490;0;776;0;310;0;1;310;1;0;0;0;1;309;239;70;
193700003;550;315;2;522;0;233;0;0;233;1;4;1;0;6;227;150;77;
193700004;800;522;1;753;0;277;0;1;277;5;2;3;0;10;267;174;93;
193700005;950;505;2;931;0;443;0;0;443;1;2;3;0;6;437;345;92;
193700006;550;297;1;517;0;252;0;0;252;0;1;0;0;1;251;159;92;
193700007;300;163;2;288;0;135;0;0;135;0;2;0;0;2;133;106;27;
193700008;150;70;0;148;0;80;0;0;80;1;0;0;0;1;79;61;18;
193700009;950;542;1;909;0;407;0;1;407;2;4;0;0;6;401;266;135;
193700010;450;244;0;439;0;206;0;0;206;2;2;8;0;12;194;114;80;
200100201;740;418;2;697;0;320;0;0;320;4;2;1;0;7;313;212;101;
200100202;610;299;3;576;1;308;1;0;308;3;1;2;0;6;302;234;68;
200100203;330;179;0;313;0;151;0;0;151;0;2;0;0;2;149;111;38;
200100204;500;302;2;470;0;196;0;4;196;3;1;1;0;5;191;156;35;
200100205;320;90;1;306;0;229;0;3;229;1;0;0;0;1;228;227;1;
200100206;100;42;1;89;2;57;2;4;57;1;0;0;0;1;56;50;6;
200100207;100;39;1;87;5;60;5;0;60;0;0;0;0;0;60;43;17;
200100208;100;29;1;95;1;70;1;0;70;0;1;3;0;4;66;57;9;
200100209;300;103;1;294;0;196;0;5;196;3;2;0;0;5;191;189;2;
200700301;850;414;1;780;0;435;0;1;435;1;2;0;0;3;432;328;104;
200700302;880;439;1;827;3;440;3;0;440;0;2;0;0;2;438;320;118;
200700303;180;44;1;175;1;135;1;3;135;1;1;0;0;2;133;133;0;
200700304;470;203;1;447;0;266;0;0;266;1;0;0;0;1;265;257;8;
200700305;340;94;1;330;0;245;0;4;245;2;2;0;0;4;241;240;1;
200700306;480;185;1;463;1;294;1;0;294;0;1;0;0;1;293;291;2;
200700307;330;71;1;325;1;258;1;3;258;0;1;0;0;1;257;246;11;
200700308;412;159;1;384;5;252;5;5;252;0;1;0;0;1;251;251;0;
200700309;390;229;1;379;1;160;1;9;160;0;0;0;0;0;160;120;40;
200700310;450;251;1;424;0;198;0;0;198;1;0;0;0;1;197;167;30;
200700311;650;176;1;617;0;473;0;0;473;0;0;0;0;0;473;471;2;
200700312;410;142;1;389;0;267;0;6;267;0;0;0;0;0;267;263;4;
200700313;540;183;2;519;0;355;0;0;355;0;0;0;0;0;355;351;4;
200700314;330;151;1;328;0;178;0;6;178;0;2;0;0;2;176;167;9;
200700315;200;62;1;190;1;137;1;3;137;0;0;0;0;0;137;136;1;
200700316;500;142;1;478;0;357;0;3;357;1;0;0;0;1;356;356;0;
200700317;300;160;1;279;1;139;1;0;139;3;1;0;0;4;135;117;18;
200700318;520;208;2;495;1;310;1;0;310;1;1;2;0;4;306;301;5;
200700319;150;47;1;148;1;102;1;0;102;1;2;0;0;3;99;72;27;
200700320;350;102;1;341;0;247;0;5;247;2;0;0;0;2;245;241;4;
200700321;170;68;1;165;0;101;0;5;101;5;0;1;0;6;95;66;29;
200700322;390;165;1;359;3;224;3;1;224;4;2;2;0;8;216;185;31;
200700323;660;271;2;640;0;387;0;0;387;0;1;3;0;4;383;311;72;
200700324;640;173;2;618;1;465;1;5;465;2;0;0;0;2;463;461;2;
200700325;410;165;1;391;0;244;0;0;244;2;1;0;0;3;241;213;28;
201000401;835;481;1;777;1;353;1;0;353;3;4;0;0;7;346;255;91;
201000402;480;269;1;455;0;210;0;0;210;1;1;0;0;2;208;111;97;
201000403;980;469;1;941;1;510;1;0;510;2;0;7;0;9;501;421;80;
201000404;850;442;1;801;0;407;0;0;407;1;1;0;0;2;405;286;119;
201000405;670;339;1;639;0;330;0;0;330;2;1;0;0;3;327;181;146;
201000406;980;453;0;935;0;527;0;0;527;0;4;1;0;5;522;485;37;
201000407;800;410;1;753;0;389;0;1;389;3;2;0;0;5;384;284;100;
201000408;910;352;1;870;0;557;0;1;557;2;1;0;0;3;554;513;41;
201000409;950;316;0;910;0;634;0;0;634;0;1;0;3;4;630;610;20;
201000410;820;304;0;784;1;516;1;0;516;1;0;0;0;1;515;503;12;
201000411;500;158;1;470;0;341;0;4;341;3;3;0;0;6;335;333;2;
201000412;77;16;1;72;5;60;5;0;60;0;0;1;0;1;59;53;6;
201000413;840;286;3;782;7;551;7;6;551;2;1;0;0;3;548;536;12;
201000414;440;120;1;415;0;319;0;0;319;0;1;1;0;2;317;306;11;
201000415;466;208;2;447;0;256;0;0;256;3;1;0;0;4;252;212;40;
201000416;195;48;0;189;3;147;3;2;147;1;2;0;0;3;144;127;17;
201000417;575;192;1;557;0;382;0;0;382;0;0;0;0;0;382;378;4;
201000418;555;143;2;538;0;410;0;5;410;0;0;0;0;0;410;408;2;
201000419;655;330;1;616;0;324;0;2;324;1;0;17;0;18;306;258;48;
201000420;75;23;1;75;0;51;0;4;51;0;1;0;0;1;50;44;6;
201000421;390;86;1;389;1;303;1;0;303;1;0;0;0;1;302;299;3;
201000422;289;91;0;281;0;198;0;4;198;2;0;0;0;2;196;192;4;
201000423;980;333;12;907;0;635;0;6;635;10;0;0;0;10;625;617;8;
201000424;630;198;1;611;1;431;1;4;431;3;2;4;0;9;422;416;6;
201000425;700;332;1;663;4;367;4;0;367;0;0;0;6;6;361;307;54;
201000426;180;50;5;181;0;125;0;3;125;1;0;3;1;5;120;102;18;
201000427;730;245;1;693;0;484;0;6;484;4;0;0;0;4;480;473;7;
201000428;590;215;0;564;0;375;0;6;375;1;2;0;0;3;372;367;5;
201000429;890;366;1;806;0;523;0;4;523;2;3;0;0;5;518;512;6;
201000430;640;213;0;427;0;427;0;0;427;0;2;0;0;2;425;425;0;
201000431;660;204;0;630;5;456;5;0;456;0;0;0;0;0;456;453;3;
201000432;670;189;1;639;2;480;2;4;480;0;1;0;0;1;479;472;7;
201000433;850;159;1;803;0;690;0;3;690;2;0;0;0;2;688;686;2;
201000434;450;94;2;436;0;354;0;0;354;1;0;0;0;1;353;349;4;
201000435;840;298;2;803;0;540;0;0;540;1;1;0;0;2;538;535;3;
201000436;350;28;1;348;0;321;0;0;321;0;0;0;0;0;321;320;1;
201000437;960;376;1;910;1;583;1;4;583;3;0;0;0;3;580;569;11;
201000438;770;373;3;740;0;394;0;2;394;1;3;2;0;6;388;334;54;
201000439;650;295;1;627;0;354;0;0;354;2;0;0;0;2;352;279;73;
201000440;620;78;0;593;0;542;0;0;542;1;1;0;0;2;540;538;2;
201000441;545;168;1;525;0;376;0;0;376;2;7;0;0;9;367;360;7;
201000442;960;248;1;926;0;711;0;0;711;0;0;0;0;0;711;702;9;
201500501;160;59;1;156;0;100;0;3;100;1;0;0;0;1;99;85;14;
201500502;870;366;1;804;0;503;0;1;503;0;0;0;0;0;503;497;6;
201500503;115;29;1;110;0;85;0;3;85;0;0;0;0;0;85;85;0;
201500504;115;41;1;102;0;73;0;3;73;2;1;3;0;6;67;41;26;
201500505;340;139;1;313;0;200;0;0;200;0;0;0;0;0;200;196;4;
201500506;440;223;1;399;0;216;0;0;216;0;1;6;0;7;209;155;54;
201500507;430;230;3;395;0;197;0;0;197;1;1;0;0;2;195;143;52;
201500508;160;48;3;148;0;109;0;1;109;0;0;3;0;3;106;97;9;
201500509;170;89;1;164;0;80;0;3;80;0;1;1;0;2;78;76;2;
201500510;160;79;1;151;0;80;0;4;80;3;0;0;0;3;77;75;2;
201500511;30;7;1;28;0;22;0;2;22;0;0;0;0;0;22;20;2;
201500512;110;50;1;103;0;59;0;3;59;0;2;1;0;3;56;44;12;
201500513;540;261;1;507;0;278;0;0;278;0;2;0;0;2;276;248;28;
201500514;550;395;1;515;0;154;0;2;154;2;0;1;0;3;151;149;2;
201500515;40;18;1;38;0;21;0;0;21;0;0;0;0;0;21;19;2;
201500516;40;7;2;38;0;31;0;0;31;0;0;0;0;0;31;25;6;
203100101;637;366;7;597;0;264;0;7;264;0;4;1;0;5;259;201;58;
203100102;550;291;1;521;4;258;4;0;258;0;2;0;0;2;256;194;62;
203100103;600;344;1;553;14;255;14;8;255;0;7;0;0;7;248;181;67;
203100104;620;341;3;588;1;276;1;7;276;2;5;4;0;11;265;190;75;
203100105;550;320;2;523;0;228;0;0;228;0;2;0;0;2;226;165;61;
203100106;550;298;1;519;0;251;0;0;251;0;1;0;0;1;250;180;70;
203100107;500;288;3;481;0;209;0;0;209;1;0;0;1;2;207;142;65;
203100108;750;452;2;711;0;296;0;5;296;1;3;0;0;4;292;212;80;
203100109;600;364;4;567;0;232;0;5;232;1;1;1;0;3;229;164;65;
203100110;790;436;1;770;0;353;0;0;353;0;3;1;0;4;349;251;98;
203100111;770;454;1;720;0;315;0;0;315;2;1;1;0;4;311;233;78;
203100112;870;530;2;821;1;338;1;0;338;0;2;0;0;2;336;226;110;
203100113;580;329;2;566;20;249;20;0;249;0;2;0;0;2;247;192;55;
203100114;750;450;3;716;0;297;0;0;297;0;4;0;0;4;293;209;84;
203100115;980;529;1;926;0;450;0;0;450;1;3;9;0;13;437;309;128;
203100116;620;336;1;586;0;283;0;7;283;1;0;1;0;2;281;207;74;
203100117;750;434;1;708;0;315;0;7;315;0;1;0;0;1;314;216;98;
203100118;960;559;2;908;0;399;0;5;399;3;5;0;0;8;391;298;93;
203100119;717;438;1;680;0;278;0;0;278;0;2;0;0;2;276;194;82;
203100120;560;356;1;539;0;203;0;0;203;0;1;0;0;1;202;153;49;
203100121;540;314;1;518;0;225;0;9;225;5;0;3;0;8;217;151;66;
203100122;600;374;1;580;0;225;0;7;225;1;0;0;0;1;224;171;53;
203100123;900;524;1;850;0;375;0;8;375;1;3;3;0;7;368;296;72;
203100124;620;380;1;596;1;239;1;6;239;1;3;7;0;11;228;166;62;
203100125;530;341;1;498;0;188;0;5;188;0;7;0;0;7;181;125;56;
203100126;660;381;1;631;0;278;0;0;278;1;2;0;0;3;275;220;55;
203100127;750;436;3;717;0;311;0;8;311;1;2;0;0;3;308;226;82;
203100128;560;333;2;539;0;225;0;7;225;1;5;0;0;6;219;157;62;
203100129;790;429;1;360;0;360;0;4;360;1;3;0;0;4;356;253;103;
203100130;750;457;1;709;0;292;0;0;292;1;3;0;0;4;288;187;101;
203100131;820;478;2;777;0;340;0;7;340;5;2;1;0;8;332;256;76;
203100132;920;514;1;405;0;405;0;2;405;3;0;0;0;3;402;301;101;
203100133;970;532;0;916;1;438;1;0;438;2;2;2;0;6;432;309;123;
203100134;510;266;1;486;1;243;1;0;243;0;4;0;0;4;239;178;61;
203100135;530;286;3;505;1;241;1;5;241;2;0;0;0;2;239;192;47;
203100136;560;339;1;529;0;220;0;5;220;0;1;0;0;1;219;163;56;
203100137;720;396;1;663;0;323;0;7;323;1;0;0;0;1;322;281;41;
203100138;580;303;2;553;0;275;0;0;275;1;1;0;0;2;273;200;73;
203100139;920;528;1;892;1;391;1;0;391;0;4;0;0;4;387;366;21;
203100140;640;450;1;455;0;189;0;0;189;1;0;0;0;1;188;160;28;
203100141;680;410;2;657;0;268;0;0;268;1;3;0;0;4;264;177;87;
203100142;550;320;7;528;0;223;0;0;223;3;2;1;0;6;217;187;30;
203100143;840;486;2;794;0;352;0;0;352;0;5;7;0;12;340;254;86;
203100144;970;552;3;912;0;415;0;0;415;0;3;1;0;4;411;277;134;
203100145;980;535;2;923;0;443;0;3;443;2;5;0;0;7;436;314;122;
203100146;930;554;2;879;1;374;1;0;374;1;1;0;0;2;372;264;108;
203100147;750;455;0;707;2;295;2;0;295;3;0;0;0;3;292;202;90;
203100148;490;283;0;478;0;207;0;0;207;0;0;0;0;0;207;144;63;
203100149;660;385;0;630;0;275;0;3;275;7;0;0;0;7;268;185;83;
203100150;570;310;1;559;0;259;0;9;259;1;1;0;0;2;257;169;88;
203100151;800;441;2;762;0;357;0;0;357;0;6;5;0;11;346;259;87;
203100152;520;299;3;493;0;218;0;5;218;5;2;0;0;7;211;152;59;
203100153;588;345;2;571;0;241;0;9;241;0;0;0;0;0;241;176;65;
203100154;540;341;1;519;0;198;0;3;198;0;0;2;0;2;196;143;53;
203100155;810;448;1;754;0;361;0;0;361;0;3;0;0;3;358;261;97;
203100156;90;25;1;89;0;64;0;4;64;1;0;0;0;1;63;49;14;
203100157;220;72;0;207;0;148;0;7;148;7;3;0;0;10;138;114;24;
203100158;560;329;0;542;0;231;0;7;231;0;0;0;0;0;231;182;49;
203100159;560;342;1;528;0;217;0;0;217;0;5;0;0;5;212;152;60;
203100160;650;393;1;618;0;256;0;0;256;0;1;0;0;1;255;202;53;
203100161;510;304;2;481;0;204;0;0;204;1;2;0;0;3;201;150;51;
203100162;520;343;2;492;0;175;0;2;175;1;0;0;0;1;174;123;51;
203100163;730;451;1;694;0;278;0;2;278;1;2;1;2;6;272;190;82;
203100164;880;513;1;823;0;366;0;5;366;0;16;0;0;16;350;234;116;
203100165;630;331;1;600;3;298;3;0;298;1;2;5;0;8;290;190;100;
203100166;540;285;2;519;0;253;0;0;253;1;3;2;0;6;247;138;109;
203100167;540;340;1;518;0;199;0;0;199;4;2;13;0;19;180;134;46;
203100168;100;24;1;94;0;75;0;0;75;2;0;4;0;6;69;48;21;
203100169;520;231;1;491;0;288;0;3;288;5;0;7;0;12;276;226;50;
203100170;70;16;1;69;4;53;4;0;53;1;1;0;0;2;51;43;8;
203100171;480;121;1;461;0;358;0;2;358;0;0;0;1;1;357;353;4;
203100172;520;151;0;492;2;369;2;0;369;0;0;0;0;0;369;364;5;
203100173;140;70;2;133;2;68;2;5;68;0;0;0;0;0;68;62;6;
203100174;290;102;1;287;4;187;4;7;187;1;2;0;0;3;184;158;26;
203100175;90;26;0;82;0;64;0;5;64;0;0;0;0;0;64;61;3;
203100176;500;157;1;473;6;342;6;0;342;0;0;0;0;0;342;340;2;
203100177;750;378;2;714;0;370;0;2;370;0;7;0;0;7;363;251;112;
203100178;780;438;3;743;0;339;0;7;339;0;1;0;0;1;338;261;77;
203100179;530;313;2;498;0;215;0;0;215;0;2;0;0;2;213;142;71;
203100180;730;391;1;682;0;338;0;0;338;1;4;0;0;5;333;251;82;
203100181;650;380;1;631;0;269;0;4;269;1;0;2;0;3;266;260;6;
203100182;540;337;1;522;0;202;0;7;202;0;2;1;0;3;199;159;40;
203100183;140;43;0;131;0;97;0;6;97;4;2;0;0;6;91;81;10;
203100184;50;10;1;45;2;39;2;7;39;0;0;0;0;0;39;32;7;
203100185;90;25;1;92;0;64;0;6;64;0;0;1;0;1;63;52;11;
203100186;630;265;1;597;0;364;0;0;364;1;2;0;0;3;361;318;43;
203100187;560;215;3;537;2;342;2;0;342;2;2;0;0;4;338;287;51;
203100188;90;21;1;90;0;68;0;6;68;0;1;0;0;1;67;59;8;
203100189;420;227;0;396;1;193;1;4;193;1;3;0;1;5;188;148;40;
203100190;300;93;0;293;8;207;8;0;207;0;1;1;0;2;205;180;25;
203100191;700;326;1;662;1;373;1;0;373;2;4;0;0;6;367;320;47;
203100192;50;10;1;38;10;39;10;0;39;3;0;0;0;3;36;32;4;
203200601;870;410;4;800;0;456;0;0;456;1;6;2;0;9;447;391;56;
203200602;410;99;2;389;0;309;0;0;309;0;1;0;0;1;308;308;0;
203200603;440;241;1;411;3;198;3;5;198;1;2;0;0;3;195;152;43;
203200604;470;214;1;432;1;255;1;2;255;0;0;1;0;1;254;143;111;
203200605;110;54;1;98;0;55;0;6;55;0;1;0;1;2;53;44;9;
203200606;1085;442;1;1020;0;642;0;3;642;1;2;12;0;15;627;624;3;
203200607;590;228;1;559;0;361;0;3;361;0;0;5;0;5;356;351;5;
203200608;550;216;2;514;0;332;0;5;332;3;2;0;0;5;327;322;5;
203200609;75;30;1;69;0;44;0;5;44;0;0;0;0;0;44;39;5;
203200610;160;76;1;155;0;83;0;5;83;0;0;2;0;2;81;59;22;
203200611;710;419;1;662;1;290;1;5;290;1;0;1;0;2;288;224;64;
203200612;130;49;1;127;0;80;0;0;80;0;1;1;0;2;78;68;10;
203400701;680;391;2;637;1;287;1;5;287;0;4;3;0;7;280;177;103;
203400702;910;523;2;851;0;385;0;0;385;2;3;0;0;5;380;291;89;
203400703;880;426;1;829;1;453;1;0;453;3;1;0;0;4;449;432;17;
203400704;960;546;2;895;0;412;0;1;412;3;2;0;0;5;407;318;89;
203400705;930;561;1;863;0;368;0;0;368;2;2;3;0;7;361;270;91;
203400706;990;604;2;922;0;384;0;0;384;0;0;0;0;0;384;268;116;
203400707;931;558;1;802;0;372;0;0;372;4;4;3;1;12;360;242;118;
203400708;940;596;2;874;0;342;0;5;342;18;4;2;0;24;318;204;114;
203400709;930;531;1;860;0;398;0;4;398;7;2;0;0;9;389;270;119;
203400710;960;436;1;909;0;523;0;0;523;2;4;0;0;6;517;475;42;
203400711;650;317;3;605;4;330;4;0;330;0;1;2;0;3;327;178;149;
203400712;750;421;0;695;0;329;0;1;329;1;4;0;0;5;324;256;68;
203400713;880;330;1;840;0;549;0;2;549;4;1;0;0;5;544;534;10;
203400714;110;39;1;104;2;70;2;2;70;2;0;0;0;2;68;47;21;
203400715;590;220;1;562;0;369;0;0;369;1;0;7;0;8;361;355;6;
203400716;240;112;0;226;0;128;0;0;128;0;1;0;0;1;127;127;0;
203400717;490;277;1;454;3;212;3;0;212;2;0;0;0;2;210;152;58;
203400718;640;379;1;592;0;260;0;2;260;1;0;2;0;3;257;179;78;
203400719;590;324;1;550;1;265;1;3;265;3;1;2;0;6;259;225;34;
203400720;365;182;1;339;0;182;0;0;182;9;0;0;0;9;173;141;32;
203400721;115;49;1;105;0;65;0;0;65;0;1;0;0;1;64;53;11;
203400722;580;243;0;546;0;337;0;4;337;1;1;1;0;3;334;294;40;
203400723;840;252;1;586;1;587;1;0;587;0;1;0;0;1;586;573;13;
203400724;330;85;1;305;0;244;0;0;244;0;0;0;0;0;244;239;5;
203400725;60;28;1;55;1;31;1;0;31;0;1;0;0;1;30;28;2;
203400726;60;23;1;57;0;36;0;0;36;1;0;1;0;2;34;31;3;
203400727;75;28;1;69;0;46;0;0;46;0;1;0;0;1;45;39;6;
211100001;200;117;0;150;0;83;0;3;83;0;0;7;0;7;76;63;13;
211100002;100;70;1;45;0;29;0;0;29;0;0;0;0;0;29;28;1;
211100003;800;546;0;737;1;254;1;7;254;1;2;0;0;3;251;169;82;
211100004;1200;1048;0;1107;0;152;0;0;152;10;0;38;0;48;104;101;3;
211100005;1400;1230;0;1323;0;170;0;4;170;5;3;2;0;10;160;147;13;
211100006;100;59;0;71;5;41;5;0;41;0;0;0;0;0;41;40;1;
211100007;400;236;2;395;3;162;3;1;162;0;0;0;0;0;162;122;40;
211100008;100;67;0;38;0;33;0;7;33;2;0;0;0;2;31;18;13;
211100009;600;349;1;591;2;250;2;0;250;2;0;0;0;2;248;147;101;
211100010;1000;685;4;815;1;311;1;0;311;0;4;0;0;4;307;169;138;
211100011;1000;616;1;915;4;383;4;3;383;2;4;9;0;15;368;189;179;
211100012;1200;802;4;1078;5;394;5;6;394;3;5;0;0;8;386;260;126;
211100013;1000;674;0;983;0;326;0;0;326;17;3;3;0;23;303;254;49;
211100014;1000;638;2;982;6;360;6;0;360;3;0;0;0;3;357;260;97;
211100015;800;572;0;684;0;228;0;0;228;4;3;3;0;10;218;201;17;
211100016;600;297;1;569;0;302;0;6;302;1;1;3;0;5;297;290;7;
211100017;200;88;0;159;5;112;5;3;112;2;2;2;0;6;106;81;25;
211100018;800;448;7;620;3;345;3;0;345;2;3;19;0;24;321;268;53;
211100019;400;236;1;369;2;163;2;4;163;2;1;0;0;3;160;142;18;
211100020;200;90;1;191;0;109;0;0;109;1;0;5;0;6;103;100;3;
211100021;300;197;0;286;1;103;1;5;103;0;0;3;0;3;100;99;1;
211100022;460;248;0;463;0;212;0;1;212;2;1;12;0;15;197;147;50;
211100023;100;70;0;38;0;30;0;8;30;0;2;0;0;2;28;22;6;
211100024;600;356;0;535;0;244;0;0;244;0;0;5;1;6;238;236;2;
211100025;600;367;0;432;0;233;0;2;233;8;0;0;0;8;225;224;1;
211100026;1000;412;1;924;0;587;0;0;587;1;1;5;0;7;580;534;46;
211100027;200;128;0;163;2;72;2;0;72;0;0;0;0;0;72;72;0;
211100028;600;284;2;590;0;314;0;0;314;1;1;10;0;12;302;298;4;
211100029;800;417;0;767;0;383;0;0;383;0;0;0;0;0;383;380;3;
211100030;800;441;0;667;0;359;0;0;359;0;0;0;0;0;359;357;2;
211100031;800;447;0;642;0;353;0;0;353;1;0;3;0;4;349;348;1;
211100032;800;362;4;767;0;434;0;0;434;0;0;0;0;0;434;430;4;
211600001;900;506;0;1167;0;394;0;0;394;7;1;0;0;8;386;219;167;
211600002;900;594;0;953;0;306;0;0;306;2;3;0;0;5;301;192;109;
211600003;600;324;2;750;1;274;1;0;274;4;4;0;0;8;266;150;116;
211600004;900;528;1;1030;0;371;0;4;371;4;3;8;0;15;356;205;151;
211600005;600;336;2;782;0;262;0;0;262;0;2;5;0;7;255;136;119;
211600006;700;401;1;823;0;298;0;0;298;1;2;5;0;8;290;148;142;
211600007;500;257;1;608;5;242;5;0;242;2;0;9;0;11;231;130;101;
211600008;800;453;0;905;2;347;2;0;347;2;2;1;0;5;342;223;119;
211600009;400;187;0;199;14;213;14;0;213;1;0;0;0;1;212;210;2;
211600010;601;416;2;518;0;183;0;3;183;2;5;0;0;7;176;174;2;
211600011;700;480;0;649;0;220;0;0;220;0;1;0;0;1;219;219;0;
211600012;200;90;0;289;4;110;4;4;110;3;1;7;0;11;99;98;1;
211600013;300;210;2;321;0;88;0;0;88;0;1;4;0;5;83;80;3;
211600014;500;358;0;524;19;142;19;2;142;2;4;4;0;10;132;129;3;
211600015;500;288;0;547;0;212;0;0;212;0;1;0;0;1;211;210;1;
211600016;700;377;0;662;0;323;0;3;323;0;0;3;0;3;320;318;2;
211600017;600;315;0;704;2;285;2;1;285;3;0;4;0;7;278;162;116;
211600018;700;382;0;836;6;318;6;0;318;3;7;0;0;10;308;185;123;
211600019;400;223;0;482;1;177;1;0;177;0;1;0;0;1;176;102;74;
211600020;400;236;0;435;0;164;0;0;164;3;0;0;0;3;161;83;78;
211600021;600;358;0;689;3;242;3;0;242;0;0;3;0;3;239;126;113;
211600022;600;376;0;593;0;224;0;1;224;0;0;0;0;0;224;117;107;
211600023;600;322;0;731;0;278;0;0;278;3;3;0;0;6;272;149;123;
211600024;598;358;0;696;6;240;6;6;240;0;1;0;0;1;239;143;96;
211600025;800;557;0;912;0;243;0;3;243;1;1;3;0;5;238;123;115;
211600026;600;345;1;696;0;254;0;7;254;0;2;2;0;4;250;158;92;
211600027;700;348;2;851;0;350;0;1;350;4;2;2;0;8;342;205;137;
211600028;700;366;1;783;3;333;3;0;333;0;13;0;0;13;320;217;103;
211600030;600;238;0;711;0;362;0;0;362;2;0;5;0;7;355;254;101;
211600031;800;404;2;814;0;394;0;2;394;3;1;0;0;4;390;265;125;
211600032;500;259;0;507;4;241;4;4;241;1;9;0;0;10;231;163;68;
211600033;300;182;0;272;10;118;10;0;118;0;1;2;0;3;115;96;19;
211600034;500;145;1;585;0;354;0;1;354;0;2;9;0;11;343;291;52;
211600035;50;30;1;35;0;19;0;0;19;0;0;0;0;0;19;14;5;
211600036;500;235;1;459;0;264;0;0;264;7;9;0;0;16;248;247;1;
211600037;500;296;1;469;0;203;0;3;203;5;0;0;0;5;198;168;30;
211600038;600;237;0;691;3;363;3;3;363;4;3;0;0;7;356;240;116;
211600039;100;37;0;114;6;63;6;5;63;5;0;0;0;5;58;52;6;
211600040;300;145;1;297;0;154;0;4;154;2;8;0;0;10;144;108;36;
211600041;140;32;0;145;3;108;3;0;108;0;1;0;0;1;107;74;33;
211600042;400;257;0;344;0;143;0;6;143;2;2;5;0;9;134;103;31;
211600043;700;288;2;743;0;410;0;3;410;5;6;1;0;12;398;306;92;
211600044;400;224;0;402;0;176;0;0;176;1;1;0;0;2;174;117;57;
211600045;300;177;0;309;4;123;4;0;123;1;2;2;0;5;118;88;30;
211600046;300;110;0;376;3;190;3;0;190;1;2;7;0;10;180;107;73;
211600047;298;86;1;408;1;211;1;2;211;0;4;7;0;11;200;146;54;
211600048;150;63;2;164;0;85;0;0;85;0;0;0;0;0;85;54;31;
211600049;500;266;1;497;1;233;1;0;233;1;0;0;1;2;231;181;50;
211600050;150;70;1;167;0;79;0;5;79;0;0;2;0;2;77;55;22;
211600051;200;114;1;204;0;85;0;0;85;2;0;3;0;5;80;54;26;
211600052;600;301;0;663;1;299;1;2;299;2;3;5;0;10;289;140;149;
211600053;250;138;0;267;6;112;6;0;112;1;0;0;0;1;111;89;22;
211600054;350;135;0;403;8;215;8;0;215;1;1;0;0;2;213;168;45;
211600055;400;219;1;404;3;180;3;0;180;0;2;0;0;2;178;114;64;
211600056;500;238;1;502;3;261;3;0;261;2;6;0;0;8;253;146;107;
211600057;500;241;2;519;0;257;0;0;257;1;3;2;2;8;249;191;58;
211600058;300;157;1;313;0;142;0;4;142;0;1;0;0;1;141;97;44;
211600059;300;133;0;300;0;167;0;0;167;2;2;0;0;4;163;131;32;
211600060;800;436;0;754;0;364;0;0;364;1;3;0;0;4;360;194;166;
211600061;400;184;0;393;0;216;0;0;216;5;0;0;0;5;211;162;49;
211600062;297;145;1;299;3;151;3;2;151;4;1;0;0;5;146;110;36;
211600063;300;145;0;301;1;155;1;3;155;1;0;0;0;1;154;119;35;
212000001;650;406;0;650;0;244;0;6;244;1;0;2;0;3;241;176;65;
212000002;700;438;0;690;0;262;0;0;262;1;3;6;0;10;252;173;79;
212000003;600;383;2;602;0;215;0;0;215;0;1;1;0;2;213;141;72;
212000004;700;490;1;681;0;209;0;3;209;3;0;4;0;7;202;138;64;
212000005;700;508;1;652;0;191;0;0;191;0;1;0;0;1;190;116;74;
212000006;900;633;0;860;0;267;0;0;267;2;1;0;0;3;264;178;86;
212000007;700;466;1;683;0;233;0;3;233;4;2;0;0;6;227;158;69;
212000008;700;491;1;694;0;208;0;3;208;0;2;0;0;2;206;147;59;
212000009;750;550;1;699;1;199;1;0;199;0;0;1;0;1;198;134;64;
212000010;500;306;1;491;0;193;0;3;193;1;0;8;0;9;184;132;52;
212000011;599;376;1;588;0;222;0;3;222;1;3;5;0;9;213;128;85;
212000012;698;489;1;666;0;208;0;0;208;0;0;2;0;2;206;148;58;
212000013;500;364;0;448;0;136;0;5;136;2;0;0;0;2;134;92;42;
212000014;600;407;6;572;0;187;0;4;187;2;1;2;0;5;182;134;48;
212000015;500;365;1;442;3;134;3;0;134;1;0;0;0;1;133;95;38;
212000016;600;404;2;586;0;194;0;0;194;2;2;0;0;4;190;142;48;
212000017;750;483;0;717;1;267;1;3;267;0;1;2;0;3;264;183;81;
212000018;600;385;0;595;0;215;0;0;215;3;0;0;0;3;212;144;68;
212000019;450;266;1;447;0;183;0;6;183;1;0;7;0;8;175;145;30;
212000020;600;350;2;567;0;248;0;1;248;16;0;2;0;18;230;218;12;
212000021;700;351;3;707;0;346;0;5;346;14;1;0;0;15;331;328;3;
212000022;600;378;3;576;0;219;0;3;219;1;0;0;0;1;218;199;19;
212000023;700;471;0;660;6;229;6;0;229;1;8;0;0;9;220;169;51;
212000024;600;393;4;561;0;203;0;4;203;0;1;5;0;6;197;119;78;
212000025;600;379;2;569;0;219;0;8;219;2;1;1;0;4;215;153;62;
212000026;800;504;0;791;2;296;2;6;296;2;1;1;0;4;292;211;81;
212000027;550;381;0;530;0;169;0;11;169;5;0;0;0;5;164;116;48;
212000028;450;296;0;440;3;154;3;0;154;2;2;0;0;4;150;102;48;
212000029;700;443;2;686;0;255;0;4;255;0;3;0;0;3;252;175;77;
212000030;600;370;3;613;4;227;4;1;227;4;4;1;0;9;218;144;74;
212000031;599;377;1;605;1;221;1;4;221;1;1;2;0;4;217;150;67;
212000032;745;449;0;745;0;296;0;0;296;1;11;0;0;12;284;214;70;
212000033;700;384;1;704;0;315;0;0;315;1;9;0;0;10;305;223;82;
212000034;700;418;3;606;0;279;0;6;279;2;3;1;0;6;273;206;67;
212000035;400;218;0;406;0;182;0;6;182;1;2;4;0;7;175;138;37;
212000036;599;375;2;602;0;222;0;9;222;3;5;2;0;10;212;163;49;
212000037;600;360;1;239;1;239;1;0;239;9;0;0;0;9;230;173;57;
212000038;500;303;1;493;0;196;0;5;196;3;0;0;0;3;193;146;47;
212000039;650;377;0;651;0;273;0;0;273;1;1;3;0;5;268;200;68;
212000040;650;424;1;600;0;225;0;0;225;2;1;0;0;3;222;168;54;
212000041;645;420;0;630;2;225;2;0;225;0;5;0;2;7;218;151;67;
212000042;500;328;7;462;9;165;9;0;165;2;0;5;0;7;158;143;15;
212000043;648;380;2;645;1;266;1;2;266;0;0;9;0;9;257;186;71;
212000044;550;321;2;526;1;227;1;7;227;0;1;3;0;4;223;159;64;
212000045;650;414;3;233;0;233;0;0;233;0;0;1;0;1;232;147;85;
212000046;450;295;2;458;0;153;0;0;153;0;3;0;0;3;150;97;53;
212000047;700;446;1;690;0;253;0;0;253;7;0;0;0;7;246;147;99;
212000048;600;424;1;603;0;175;0;1;175;0;1;1;0;2;173;108;65;
212000049;700;486;1;667;0;213;0;0;213;0;2;0;0;2;211;139;72;
212000050;700;525;0;677;0;175;0;4;175;0;1;5;0;6;169;118;51;
212000051;650;416;0;633;0;234;0;5;234;1;1;0;0;2;232;147;85;
212000052;500;337;0;495;1;163;1;0;163;1;1;0;0;2;161;104;57;
212000053;750;466;0;732;0;284;0;0;284;1;8;4;0;13;271;206;65;
212000054;550;316;1;598;0;233;0;7;233;2;2;1;0;5;228;162;66;
212000055;700;453;2;673;0;245;0;7;245;3;1;0;0;4;241;163;78;
212000056;599;406;0;565;6;193;6;0;193;2;1;0;0;3;190;124;66;
212000057;850;584;1;839;0;265;0;4;265;0;1;0;0;1;264;195;69;
212000058;700;461;2;666;7;237;7;0;237;1;2;2;0;5;232;149;83;
212000059;750;537;2;757;0;211;0;10;211;2;0;2;0;4;207;122;85;
212000060;750;536;1;735;1;213;1;1;213;2;3;0;0;5;208;139;69;
212000061;750;483;1;726;2;266;2;0;266;3;0;0;0;3;263;173;90;
212000062;750;484;0;783;0;266;0;0;266;0;4;0;0;4;262;188;74;
212000063;800;543;2;784;0;255;0;0;255;0;0;0;0;0;255;169;86;
212000064;850;606;2;804;0;242;0;1;242;2;0;0;0;2;240;157;83;
212000065;650;459;0;620;1;191;1;0;191;1;2;3;0;6;185;125;60;
212000066;800;565;0;780;0;235;0;0;235;0;1;6;0;7;228;143;85;
212000067;600;437;1;622;0;162;0;2;162;0;0;0;0;0;162;104;58;
212000068;800;593;2;803;0;205;0;5;205;4;0;0;0;4;201;132;69;
212000069;800;580;2;756;0;218;0;6;218;1;1;1;0;3;215;144;71;
212000070;700;529;0;663;0;171;0;2;171;0;2;2;0;4;167;119;48;
212000071;750;500;0;254;0;250;0;1;250;0;0;0;0;0;250;155;95;
212000072;750;488;1;702;0;261;0;5;261;2;0;0;0;2;259;188;71;
212000073;650;428;6;615;5;216;5;4;216;5;0;0;0;5;211;151;60;
212000074;500;316;1;493;0;183;0;0;183;0;1;0;0;1;182;132;50;
212000075;654;432;1;624;0;221;0;5;221;0;2;0;0;2;219;146;73;
212000076;850;635;0;817;0;215;0;6;215;2;2;0;0;4;211;129;82;
212000077;800;528;0;792;0;272;0;1;272;0;2;0;0;2;270;195;75;
212000078;750;526;0;732;0;224;0;0;224;1;8;0;0;9;215;141;74;
212000079;858;633;1;813;0;224;0;3;224;0;1;0;0;1;223;141;82;
212000080;650;487;0;630;0;163;0;0;163;0;0;0;0;0;163;112;51;
212000081;650;438;0;633;0;212;0;1;212;0;0;4;0;4;208;140;68;
212000082;700;496;0;658;0;204;0;3;204;1;1;3;0;5;199;148;51;
212000083;600;383;0;575;0;217;0;13;217;2;2;3;0;7;210;148;62;
212000084;600;416;0;573;0;184;0;0;184;0;1;2;0;3;181;120;61;
212000085;800;591;2;780;0;207;0;0;207;0;0;0;0;0;207;148;59;
212000086;650;485;0;603;3;165;3;2;165;0;0;0;0;0;165;114;51;
212000087;750;548;2;710;5;200;5;0;200;0;0;1;0;1;199;135;64;
212000088;850;604;0;843;5;246;5;1;246;2;1;0;0;3;243;170;73;
212000089;750;589;1;739;5;160;5;2;160;0;2;0;0;2;158;97;61;
212000090;750;550;5;701;0;195;0;3;195;2;2;1;0;5;190;128;62;
212000091;750;523;0;739;1;227;1;6;227;0;9;0;0;9;218;170;48;
212000092;800;578;0;762;7;222;7;0;222;2;1;0;0;3;219;141;78;
212000093;550;368;3;607;0;179;0;0;179;3;0;0;0;3;176;121;55;
212000094;450;247;1;512;20;202;20;2;202;2;1;0;0;3;199;123;76;
212000095;600;360;1;584;0;239;0;0;239;2;3;0;0;5;234;164;70;
212000096;550;289;0;695;0;261;0;0;261;0;1;0;0;1;260;189;71;
212000097;500;247;1;588;0;252;0;0;252;0;2;1;0;3;249;174;75;
212000098;500;303;0;461;0;197;0;0;197;3;1;0;0;4;193;153;40;
212000099;700;475;1;224;15;224;15;5;224;2;0;0;0;2;222;162;60;
212000100;700;426;0;269;5;274;5;1;274;0;1;4;0;5;269;214;55;
212000101;700;410;0;800;0;290;0;6;290;1;1;0;0;2;288;215;73;
212000102;750;492;0;741;0;258;0;0;258;1;4;1;0;6;252;170;82;
212000103;700;471;2;693;0;227;0;4;227;0;0;0;0;0;227;173;54;
212000104;500;305;1;517;0;194;0;5;194;1;1;0;0;2;192;139;53;
212000105;600;398;3;560;0;199;0;0;199;0;0;1;0;1;198;138;60;
212000106;450;275;0;461;0;175;0;4;175;0;0;6;0;6;169;135;34;
212000107;550;342;0;541;4;208;4;0;208;3;2;0;0;5;203;147;56;
212000108;800;497;0;846;0;303;0;4;303;2;3;5;1;11;292;232;60;
212000109;600;368;0;606;4;232;4;0;232;4;1;0;0;5;227;177;50;
212000110;746;510;1;730;0;235;0;0;235;0;4;1;1;6;229;161;68;
212000111;600;392;1;596;0;207;0;1;207;3;0;7;0;10;197;131;66;
212000112;600;380;3;661;0;217;0;1;217;3;1;2;0;6;211;146;65;
212000113;600;200;0;697;0;400;0;5;400;0;0;15;0;15;385;385;0;
212000114;650;314;1;630;26;335;26;0;335;0;1;0;0;1;334;334;0;
212000115;600;296;0;606;0;304;0;8;304;0;0;0;0;0;304;302;2;
212000116;700;370;5;685;7;325;7;0;325;3;2;0;0;5;320;318;2;
212000117;650;369;0;620;2;281;2;0;281;0;1;10;0;11;270;269;1;
212000118;750;482;2;735;0;266;0;0;266;1;7;0;0;8;258;255;3;
212000119;750;272;6;730;0;472;0;0;472;0;6;0;0;6;466;459;7;
212000120;700;250;0;710;0;450;0;0;450;1;0;0;0;1;449;442;7;
212000121;600;444;2;593;0;154;0;8;154;2;0;2;0;4;150;113;37;
212000122;850;647;1;202;0;202;0;2;202;0;1;4;0;5;197;118;79;
212000123;750;584;0;714;0;166;0;3;166;0;9;0;0;9;157;132;25;
212000124;650;500;0;650;1;150;1;3;150;0;1;1;0;2;148;111;37;
212000125;850;608;1;832;0;241;0;3;241;0;3;16;0;19;222;149;73;
212000126;450;278;0;436;0;172;0;6;172;1;0;0;0;1;171;138;33;
212000127;500;272;1;582;4;227;4;0;227;5;5;0;0;10;217;163;54;
212000128;600;332;0;579;5;268;5;0;268;3;4;0;0;7;261;250;11;
212000129;200;118;0;176;8;82;8;3;82;2;4;0;0;6;76;46;30;
212000130;50;19;0;49;3;31;3;3;31;0;0;0;0;0;31;25;6;
212000131;500;344;1;483;3;155;3;3;155;1;0;0;0;1;154;117;37;
212000132;100;51;0;93;0;49;0;4;49;0;1;0;0;1;48;41;7;
212000133;250;163;1;236;1;86;1;0;86;0;0;0;0;0;86;68;18;
212000134;150;73;1;133;1;76;1;0;76;1;0;0;0;1;75;73;2;
212000135;50;16;0;44;0;34;0;7;34;0;0;0;0;0;34;27;7;
212000136;550;205;0;345;4;345;4;4;345;2;0;9;2;13;332;325;7;
212000137;900;274;1;869;2;625;2;0;625;1;0;4;0;5;620;613;7;
212000138;97;57;0;91;0;40;0;0;40;0;1;0;0;1;39;38;1;
212000139;598;331;1;586;1;266;1;0;266;0;1;3;0;4;262;112;150;
212000140;599;325;0;599;1;274;1;3;274;0;1;10;0;11;263;145;118;
212000141;800;366;4;788;0;430;0;6;430;2;2;12;1;17;413;361;52;
212000142;300;121;1;300;1;178;1;2;178;5;2;0;0;7;171;126;45;
212000143;200;134;0;174;0;66;0;0;66;1;0;3;0;4;62;44;18;
212000144;500;278;4;476;1;218;1;0;218;0;1;3;0;4;214;148;66;
212000145;500;298;1;502;2;201;2;0;201;2;0;0;0;2;199;146;53;
212000146;600;214;3;596;0;383;0;3;383;3;0;7;0;10;373;337;36;
212000147;500;265;0;485;3;235;3;3;235;3;1;8;0;12;223;157;66;
212000148;150;72;0;144;0;78;0;0;78;1;1;6;0;8;70;54;16;
212000149;200;57;0;194;8;143;8;3;143;0;3;1;0;4;139;131;8;
212000150;200;77;1;196;2;122;2;3;122;2;0;7;0;9;113;96;17;
212000151;800;429;0;765;2;371;2;0;371;3;1;3;0;7;364;285;79;
212000152;800;471;0;795;2;329;2;4;329;0;13;0;0;13;316;203;113;
212000153;400;221;0;388;3;179;3;0;179;2;1;2;0;5;174;130;44;
212000154;300;163;0;298;2;137;2;0;137;0;0;3;0;3;134;79;55;
212000155;300;138;0;301;2;162;2;2;162;0;0;8;0;8;154;117;37;
212000156;500;214;11;476;4;275;4;0;275;10;0;0;0;10;265;219;46;
212000157;300;164;0;263;0;136;0;0;136;1;3;7;0;11;125;96;29;
212000158;100;53;0;77;2;47;2;0;47;0;0;0;0;0;47;30;17;
212000159;350;184;0;354;0;166;0;0;166;0;2;0;0;2;164;116;48;
212000160;650;335;9;626;1;306;1;0;306;3;5;0;0;8;298;198;100;
212000161;500;316;1;493;1;183;1;0;183;1;3;9;0;13;170;91;79;
212000162;550;299;0;521;0;251;0;0;251;0;5;1;0;6;245;173;72;
212000163;450;230;11;424;3;209;3;0;209;0;11;0;0;11;198;124;74;
212000164;500;314;18;475;5;168;5;0;168;1;9;8;0;18;150;104;46;
212000165;850;538;3;856;0;309;0;0;309;3;0;3;0;6;303;263;40;
212000166;650;388;1;641;1;261;1;0;261;0;1;0;0;1;260;161;99;
212000167;550;292;1;556;0;257;0;2;257;1;3;2;0;6;251;151;100;
212000168;900;535;1;867;1;364;1;1;364;1;4;0;0;5;359;284;75;
212000169;650;438;1;620;0;211;0;0;211;0;1;1;0;2;209;118;91;
212000170;900;515;3;892;3;382;3;0;382;5;2;0;0;7;375;251;124;
212000171;600;332;0;613;1;268;1;0;268;2;0;0;0;2;266;157;109;
212000172;600;305;1;619;0;294;0;0;294;2;0;0;0;2;292;226;66;
212000173;800;477;0;787;0;323;0;0;323;2;2;0;0;4;319;199;120;
212000174;700;297;0;686;0;403;0;0;403;6;3;0;0;9;394;372;22;
212000175;600;257;21;609;3;322;3;0;322;1;17;3;0;21;301;262;39;
212000176;600;391;0;597;1;209;1;0;209;1;1;0;0;2;207;133;74;
212000177;400;188;1;415;0;211;0;0;211;0;3;4;0;7;204;187;17;
212000178;250;130;1;249;2;119;2;0;119;1;1;5;0;7;112;72;40;
212000179;650;336;0;661;4;314;4;0;314;2;0;11;0;13;301;247;54;
212000180;450;231;3;456;2;216;2;6;216;1;1;12;0;14;202;146;56;
212000181;300;137;0;298;5;163;5;4;163;2;1;7;0;10;153;112;41;
212000182;500;255;0;472;3;245;3;3;245;15;2;4;2;23;222;166;56;
212000183;115;17;0;113;0;98;0;6;98;0;7;0;0;7;91;65;26;
212000184;103;41;2;91;0;60;0;9;60;1;2;0;0;3;57;32;25;
212000185;126;44;1;112;0;81;0;8;81;0;0;0;0;0;81;63;18;
212000186;97;45;1;59;0;51;0;0;51;1;0;0;0;1;50;43;7;
212400001;654;396;2;545;0;256;0;0;256;0;6;1;0;7;249;149;100;
212400002;977;658;1;813;0;318;0;1;318;3;5;0;0;8;310;218;92;
212400003;810;524;0;680;0;286;0;0;286;3;0;11;0;14;272;176;96;
212400004;941;594;1;782;2;346;2;0;346;4;5;0;0;9;337;226;111;
212400005;1240;633;1;1041;0;606;0;0;606;13;11;2;0;26;580;560;20;
212400006;882;539;2;739;1;341;1;2;341;3;2;3;0;8;333;266;67;
212400007;544;305;1;455;2;238;2;0;238;7;3;0;0;10;228;182;46;
212400008;842;581;1;701;1;260;1;0;260;1;3;5;0;9;251;160;91;
212400009;778;482;0;647;0;296;0;0;296;9;0;20;0;29;267;218;49;
212400010;1052;733;1;875;2;318;2;0;318;3;1;0;0;4;314;216;98;
212400011;1288;847;1;1072;0;440;0;0;440;2;13;0;0;15;425;356;69;
212400012;1024;688;1;853;0;335;0;0;335;9;22;0;0;31;304;213;91;
212400013;230;91;0;197;2;139;2;0;139;4;0;0;0;4;135;124;11;
212400014;84;25;2;78;0;57;0;0;57;2;0;0;0;2;55;43;12;
212400015;52;22;0;34;4;30;4;0;30;0;3;0;0;3;27;22;5;
212400016;588;390;2;495;4;196;4;4;196;0;0;0;0;0;196;180;16;
212400017;438;249;1;365;0;188;0;0;188;1;6;0;0;7;181;168;13;
212400018;1076;434;2;900;0;640;0;0;640;0;3;2;0;5;635;631;4;
220200001;690;390;1;635;2;299;2;1;299;1;5;0;0;6;293;259;34;
220200002;290;158;2;266;0;130;0;0;130;0;1;0;0;1;129;123;6;
220200003;720;454;1;657;0;265;0;0;265;0;1;2;0;3;262;250;12;
220200004;380;216;3;349;0;161;0;0;161;1;1;0;0;2;159;157;2;
220200005;590;338;1;549;1;251;1;0;251;2;0;0;0;2;249;243;6;
220200006;60;9;1;58;0;50;0;0;50;0;0;0;0;0;50;50;0;
220200007;40;14;1;32;5;25;5;0;25;0;0;0;0;0;25;25;0;
220200008;280;137;1;264;0;142;0;0;142;2;1;0;0;3;139;119;20;
220200009;100;39;1;91;2;60;2;0;60;0;0;0;0;0;60;60;0;
220200010;360;199;2;338;0;159;0;0;159;0;0;0;0;0;159;154;5;
220200011;500;329;1;455;1;170;1;0;170;0;2;0;0;2;168;158;10;
220200012;390;202;2;358;0;186;0;0;186;0;1;0;0;1;185;174;11;
220200013;70;43;1;67;0;26;0;0;26;0;1;0;0;1;25;21;4;
220200014;30;5;1;24;0;24;0;0;24;0;0;0;0;0;24;24;0;
220200015;370;205;1;434;1;164;1;0;164;0;2;0;0;2;162;156;6;
220200016;120;63;1;109;0;56;0;0;56;0;0;0;0;0;56;54;2;
220200017;160;95;2;148;0;63;0;1;63;1;0;0;0;1;62;56;6;
220200018;430;301;1;401;0;128;0;1;128;2;1;0;0;3;125;109;16;
220200019;30;18;1;27;4;11;4;0;11;0;0;0;0;0;11;11;0;
220200020;31;10;1;24;0;20;0;4;20;0;0;0;0;0;20;20;0;
220200021;100;55;1;44;0;44;0;0;44;0;0;0;0;0;44;39;5;
220500001;870;426;3;795;0;441;0;0;441;0;0;0;0;0;441;432;9;
220500002;790;359;2;722;0;429;0;0;429;0;2;0;0;2;427;415;12;
220500003;930;422;1;850;2;507;2;0;507;0;1;0;0;1;506;503;3;
220500004;180;58;1;170;1;121;1;0;121;0;0;0;0;0;121;118;3;
220500005;530;309;2;491;0;219;0;2;219;0;0;2;0;2;217;191;26;
220500006;410;172;1;375;0;237;0;0;237;2;1;2;0;5;232;211;21;
220500007;120;55;1;114;0;64;0;0;64;0;1;0;0;1;63;63;0;
220900001;740;432;0;683;2;308;2;0;308;2;6;0;0;8;300;275;25;
220900002;810;549;1;730;0;260;0;0;260;2;2;5;0;9;251;226;25;
220900003;670;437;1;614;3;232;3;0;232;3;0;0;0;3;229;199;30;
220900004;900;596;1;825;0;303;0;4;303;0;1;0;0;1;302;272;30;
220900005;620;389;1;574;0;230;0;0;230;0;0;0;0;0;230;193;37;
220900006;620;386;2;563;1;232;1;2;232;1;0;0;0;1;231;203;28;
220900007;1070;713;2;994;5;355;5;1;355;1;1;0;0;2;353;307;46;
220900008;630;367;1;578;0;262;0;1;262;0;0;0;0;0;262;249;13;
220900009;710;431;1;653;0;278;0;0;278;0;0;0;0;0;278;262;16;
220900010;500;271;1;454;0;228;0;0;228;0;0;1;0;1;227;216;11;
220900011;590;411;1;535;0;178;0;0;178;0;2;0;0;2;176;157;19;
220900012;890;450;0;805;1;440;1;0;440;0;0;0;0;0;440;436;4;
220900013;900;310;0;817;0;590;0;0;590;2;3;0;0;5;585;583;2;
220900014;750;346;1;689;4;403;4;0;403;0;0;2;0;2;401;389;12;
220900015;140;45;1;136;0;94;0;0;94;1;0;0;0;1;93;92;1;
220900016;120;36;2;116;2;82;2;0;82;1;2;0;0;3;79;73;6;
220900017;910;580;0;828;0;330;0;0;330;3;0;0;0;3;327;280;47;
220900018;370;192;2;347;4;176;4;0;176;0;0;0;0;0;176;151;25;
220900019;820;500;1;757;0;319;0;0;319;0;0;1;0;1;318;315;3;
220900020;270;119;1;249;0;150;0;0;150;0;0;0;0;0;150;150;0;
220900021;370;222;1;341;1;147;1;0;147;1;0;0;0;1;146;141;5;
220900022;60;16;1;58;0;43;0;0;43;0;0;0;0;0;43;39;4;
220900023;100;84;0;29;0;16;0;4;16;0;0;0;0;0;16;14;2;
221000001;740;428;1;680;0;311;0;0;311;0;1;0;0;1;310;308;2;
221000002;830;500;1;755;0;329;0;0;329;3;0;0;0;3;326;319;7;
221000003;760;373;1;699;0;386;0;0;386;2;3;0;0;5;381;377;4;
221000004;700;356;1;634;0;343;0;0;343;1;3;0;0;4;339;336;3;
221000005;820;453;1;755;0;366;0;0;366;2;0;0;0;2;364;360;4;
221000006;820;480;1;754;0;339;0;0;339;3;0;0;0;3;336;330;6;
221000007;540;267;1;511;0;272;0;0;272;0;1;0;0;1;271;267;4;
221000008;670;350;2;693;0;318;0;0;318;0;0;3;0;3;315;313;2;
221000009;310;161;1;285;0;148;0;0;148;0;0;0;0;0;148;147;1;
221000010;850;538;0;767;0;312;0;0;312;0;0;0;0;0;312;279;33;
221000011;750;507;1;680;0;242;0;0;242;0;0;0;0;0;242;227;15;
221000012;910;614;1;842;0;295;0;0;295;0;16;0;0;16;279;269;10;
221100001;990;699;0;913;2;291;2;9;291;0;5;0;0;5;286;189;97;
221100002;530;362;1;489;0;167;0;0;167;0;0;0;0;0;167;118;49;
221100003;510;376;1;478;0;133;0;0;133;0;0;0;0;0;133;117;16;
221100004;880;562;2;812;0;316;0;5;316;0;3;0;0;3;313;278;35;
221100005;930;627;2;858;7;301;7;0;301;1;10;1;0;12;289;227;62;
221100006;610;422;1;551;5;187;5;0;187;2;0;0;2;4;183;141;42;
221100007;950;647;2;878;0;301;0;0;301;2;2;0;0;4;297;243;54;
221100008;880;644;1;819;1;235;1;2;235;2;5;0;0;7;228;195;33;
221100009;1020;724;4;947;0;292;0;0;292;2;0;0;0;2;290;228;62;
221100010;320;225;2;298;0;93;0;0;93;0;1;0;0;1;92;77;15;
221100011;600;374;1;559;1;225;1;0;225;0;2;0;0;2;223;198;25;
221100012;400;260;1;384;0;139;0;0;139;0;2;1;0;3;136;111;25;
221100013;90;31;1;79;0;58;0;0;58;0;1;0;0;1;57;54;3;
221100014;1070;822;1;974;0;247;0;0;247;0;0;0;0;0;247;234;13;
221100015;110;76;1;112;0;33;0;7;33;0;0;0;0;0;33;31;2;
221100016;130;72;1;118;0;57;0;5;57;0;1;2;0;3;54;53;1;
221100017;140;81;1;133;0;58;0;5;58;2;0;0;0;2;56;49;7;
221100018;70;42;1;64;0;27;0;0;27;0;0;0;0;0;27;23;4;
221100019;980;731;1;901;0;248;0;0;248;3;3;4;0;10;238;170;68;
221100020;750;565;1;692;0;184;0;1;184;0;4;0;0;4;180;145;35;
221100021;700;495;1;638;0;204;0;0;204;0;1;0;0;1;203;159;44;
221600001;1050;749;2;957;0;299;0;0;299;2;2;4;0;8;291;281;10;
221600002;550;382;1;507;1;167;1;0;167;0;4;0;0;4;163;154;9;
221600003;620;435;1;580;0;184;0;0;184;0;1;0;0;1;183;175;8;
221600004;421;301;1;394;0;119;0;0;119;1;1;0;0;2;117;112;5;
221600005;460;280;1;420;4;179;4;0;179;1;4;0;0;5;174;163;11;
221600006;700;474;1;639;0;225;0;0;225;0;7;0;0;7;218;210;8;
221600007;830;607;1;770;0;222;0;0;222;2;2;3;0;7;215;194;21;
221600008;249;175;1;236;0;73;0;1;73;3;1;0;0;4;69;68;1;
221600009;420;276;1;388;0;143;0;0;143;0;1;0;0;1;142;138;4;
221600010;60;38;1;49;0;21;0;0;21;0;0;0;0;0;21;21;0;
221600011;300;182;1;277;0;117;0;5;117;1;0;3;0;4;113;110;3;
221600012;190;78;1;181;0;111;0;6;111;0;0;0;0;0;111;109;2;
221600013;130;86;1;124;4;43;4;0;43;0;0;0;0;0;43;43;0;
221600014;200;140;1;184;0;59;0;0;59;1;0;0;0;1;58;52;6;
221600015;90;70;0;82;0;20;0;0;20;0;0;0;0;0;20;20;0;
221600016;220;104;0;202;3;116;3;0;116;0;1;0;0;1;115;115;0;
221600017;270;169;1;257;0;100;0;5;100;0;0;1;0;1;99;99;0;
221600018;190;150;1;177;0;39;0;0;39;0;0;0;0;0;39;38;1;
221600019;890;524;1;817;0;365;0;3;365;2;1;1;0;4;361;345;16;
221600020;220;126;2;206;0;92;0;0;92;2;0;0;0;2;90;88;2;
221600021;330;230;1;313;0;99;0;5;99;1;0;0;0;1;98;92;6;
221600022;400;283;1;367;0;116;0;0;116;5;0;0;0;5;111;108;3;
221600023;180;116;1;132;0;63;0;1;63;0;2;0;0;2;61;59;2;
221600024;420;246;1;393;0;173;0;0;173;1;3;0;0;4;169;165;4;
221600025;200;145;1;186;0;54;0;0;54;0;1;0;0;1;53;53;0;
221600026;130;79;1;126;0;50;0;2;50;0;0;0;0;0;50;50;0;
221600027;480;350;1;445;0;129;0;0;129;0;2;0;0;2;127;119;8;
221600028;560;422;1;523;0;137;0;0;137;1;1;0;0;2;135;129;6;
221600029;110;68;1;103;0;41;0;3;41;0;0;0;0;0;41;40;1;
221600030;170;95;1;155;0;74;0;0;74;2;0;0;0;2;72;68;4;
221600031;430;261;1;399;0;168;0;0;168;0;0;0;0;0;168;165;3;
221600032;360;174;1;332;0;185;0;3;185;1;2;2;0;5;180;175;5;
221600033;260;122;1;245;0;137;0;0;137;1;0;0;0;1;136;130;6;
221600034;80;36;0;77;0;44;0;4;44;1;0;0;0;1;43;43;0;
221600035;120;55;1;112;0;64;0;3;64;0;0;0;0;0;64;63;1;
221800001;770;555;0;711;3;215;3;0;215;0;1;2;0;3;212;139;73;
221800002;770;601;2;711;0;167;0;1;167;2;0;6;0;8;159;114;45;
221800003;810;601;1;757;0;208;0;5;208;1;3;0;0;4;204;120;84;
221800004;640;526;1;584;2;113;2;0;113;0;6;0;0;6;107;62;45;
221800005;670;518;2;624;0;150;0;0;150;4;0;0;0;4;146;84;62;
221800006;780;578;2;715;2;200;2;0;200;1;0;0;0;1;199;139;60;
221800007;90;56;1;87;0;33;0;6;33;0;0;0;0;0;33;27;6;
221800008;180;114;1;174;3;65;3;0;65;1;0;0;0;1;64;60;4;
221800009;170;93;0;159;0;77;0;3;77;0;0;2;0;2;75;65;10;
221800010;90;36;3;90;0;51;0;0;51;1;0;0;0;1;50;45;5;
221800011;170;96;0;165;0;74;0;0;74;0;0;0;0;0;74;71;3;
221800012;200;139;1;177;4;60;4;0;60;0;0;0;0;0;60;58;2;
221800013;130;66;0;124;0;64;0;0;64;0;0;0;0;0;64;53;11;
221800014;310;222;1;288;0;87;0;0;87;2;1;0;0;3;84;70;14;
221800015;120;60;2;116;0;58;0;0;58;0;0;0;0;0;58;50;8;
221800016;520;325;1;478;0;194;0;0;194;0;4;1;0;5;189;171;18;
221800017;220;75;1;213;5;144;5;0;144;0;0;0;0;0;144;142;2;
221800018;270;151;0;253;0;119;0;0;119;0;0;0;0;0;119;110;9;
221800019;220;115;2;213;0;103;0;5;103;0;0;0;0;0;103;99;4;
221800020;70;1;1;71;0;68;0;6;68;0;0;0;0;0;68;68;0;
221800021;90;55;0;92;6;35;6;0;35;0;0;0;0;0;35;33;2;
221800022;40;17;1;45;0;22;0;0;22;1;0;0;0;1;21;20;1;
222700001;659;465;1;615;0;193;0;6;193;1;2;0;0;3;190;182;8;
222700002;800;541;1;736;0;258;0;1;258;4;1;0;0;5;253;233;20;
222700003;480;314;1;444;0;165;0;6;165;4;0;1;0;5;160;131;29;
222700004;540;330;1;502;1;209;1;3;209;3;2;4;0;9;200;166;34;
222700005;560;367;1;508;3;192;3;2;192;6;0;0;0;6;186;161;25;
222700006;820;517;2;750;0;301;0;2;301;6;3;0;0;9;292;259;33;
222700007;240;132;1;223;0;107;0;2;107;1;1;2;0;4;103;102;1;
222700008;320;157;1;300;0;162;0;5;162;1;0;1;0;2;160;151;9;
222700009;304;148;2;288;0;154;0;1;154;1;0;0;0;1;153;151;2;
222700010;142;54;1;137;0;87;0;5;87;1;0;0;0;1;86;86;0;
222700011;1020;753;1;936;0;266;0;2;266;0;3;1;0;4;262;257;5;
222700012;930;670;1;855;0;259;0;1;259;1;2;3;0;6;253;241;12;
222700013;720;526;1;653;0;193;0;2;193;0;0;0;0;0;193;186;7;
222700014;160;89;1;154;0;70;0;5;70;1;1;5;0;7;63;61;2;
222700015;110;30;1;107;0;79;0;0;79;2;0;0;0;2;77;75;2;
222700016;50;15;1;48;0;34;0;7;34;0;1;0;0;1;33;33;0;
222700017;250;157;1;233;0;92;0;3;92;0;0;3;0;3;89;86;3;
222700018;200;125;1;178;0;74;0;0;74;0;0;0;0;0;74;73;1;
222700019;70;43;1;61;4;26;4;4;26;0;1;0;0;1;25;25;0;
222700020;210;91;1;202;0;118;0;0;118;1;4;1;0;6;112;106;6;
222700021;180;110;0;173;1;70;1;3;70;0;0;0;0;0;70;69;1;
222700022;290;174;1;271;0;115;0;4;115;0;0;5;0;5;110;110;0;
222700023;380;300;1;350;0;79;0;1;79;1;2;0;0;3;76;74;2;
222700024;170;77;0;161;0;93;0;5;93;0;0;0;0;0;93;92;1;
222700025;170;94;1;160;0;75;0;0;75;0;1;0;0;1;74;72;2;
223100001;940;660;1;874;0;279;0;10;279;1;0;0;0;1;278;230;48;
223100002;700;459;2;649;1;239;1;6;239;3;3;1;0;7;232;196;36;
223100003;1050;696;1;957;0;353;0;4;353;3;0;2;0;5;348;327;21;
223100004;130;79;1;127;0;50;0;0;50;0;0;1;0;1;49;45;4;
223100005;780;517;3;774;1;260;1;7;260;2;3;0;0;5;255;205;50;
223100006;820;493;1;757;12;326;12;0;326;4;2;0;0;6;320;278;42;
223100007;880;607;0;807;0;273;0;0;273;4;1;7;0;12;261;237;24;
223100008;740;431;1;678;7;308;7;5;308;5;3;2;1;11;297;261;36;
223100009;650;349;0;603;0;301;0;8;301;2;5;1;0;8;293;262;31;
223100010;660;435;0;603;0;225;0;0;225;3;0;0;0;3;222;195;27;
223100011;930;572;0;862;0;358;0;3;358;4;2;1;0;7;351;329;22;
223100012;720;449;0;666;1;271;1;5;271;3;3;0;0;6;265;215;50;
223100013;590;367;1;550;1;222;1;0;222;2;4;0;0;6;216;178;38;
223100014;900;645;1;835;1;254;1;7;254;1;4;0;0;5;249;205;44;
223100015;610;430;2;571;1;178;1;0;178;1;0;0;0;1;177;153;24;
223100016;870;573;1;800;0;296;0;12;296;2;9;0;0;11;285;247;38;
223100017;830;625;1;768;4;204;4;0;204;3;2;0;0;5;199;165;34;
223100018;950;628;0;873;0;322;0;8;322;1;1;0;0;2;320;254;66;
223100019;800;557;1;738;0;242;0;3;242;3;8;0;0;11;231;198;33;
223100020;700;464;2;659;0;234;0;4;234;4;1;2;0;7;227;198;29;
223100021;860;610;1;795;1;249;1;7;249;2;1;0;0;3;246;217;29;
223100022;860;576;1;792;0;283;0;0;283;1;3;0;0;4;279;219;60;
223100023;970;654;1;886;0;315;0;0;315;0;1;3;0;4;311;287;24;
223100024;940;581;1;842;2;358;2;0;358;3;1;2;0;6;352;294;58;
223100025;810;463;0;753;6;347;6;0;347;0;3;1;0;4;343;295;48;
223100026;820;505;2;753;0;313;0;0;313;3;3;0;0;6;307;243;64;
223100027;760;501;3;699;1;256;1;2;256;4;3;2;0;9;247;209;38;
223100028;820;519;1;758;1;300;1;5;300;1;1;5;0;7;293;221;72;
223100029;670;409;1;622;2;260;2;5;260;1;6;0;0;7;253;198;55;
223100030;830;563;1;757;0;266;0;4;266;0;4;0;0;4;262;209;53;
223100031;650;437;1;603;1;212;1;3;212;0;2;0;0;2;210;164;46;
223100032;790;541;8;725;0;241;0;7;241;2;4;0;2;8;233;193;40;
223100033;810;575;3;756;0;232;0;0;232;1;0;0;1;2;230;207;23;
223100034;1010;763;1;926;0;246;0;0;246;0;1;0;0;1;245;224;21;
223100035;530;364;1;489;5;165;5;0;165;0;0;2;0;2;163;155;8;
223100036;350;171;2;327;0;177;0;0;177;0;5;0;0;5;172;164;8;
223100037;120;42;0;109;0;78;0;4;78;0;2;0;0;2;76;65;11;
223100038;168;84;1;166;0;83;0;0;83;1;1;1;0;3;80;69;11;
223100039;140;44;0;137;2;96;2;0;96;0;0;0;0;0;96;80;16;
223100040;40;14;1;31;1;25;1;0;25;0;2;0;0;2;23;22;1;
223100041;199;108;1;195;0;90;0;0;90;1;0;0;0;1;89;54;35;
223100042;670;392;1;621;3;277;3;0;277;2;2;0;0;4;273;184;89;
223100043;620;365;8;573;1;247;1;0;247;3;2;0;0;5;242;167;75;
223100044;405;228;1;376;0;176;0;2;176;2;1;2;0;5;171;169;2;
223100045;540;293;1;487;2;246;2;0;246;0;1;0;0;1;245;237;8;
223100046;190;88;1;177;4;101;4;2;101;1;1;3;0;5;96;81;15;
223100047;290;158;1;254;6;131;6;0;131;1;1;0;0;2;129;126;3;
223100048;90;29;1;85;0;60;0;0;60;1;0;0;0;1;59;59;0;
223100049;210;87;1;196;0;122;0;0;122;0;1;0;0;1;121;121;0;
223100050;150;71;1;142;0;78;0;4;78;1;0;0;0;1;77;74;3;
223100051;140;56;1;128;0;83;0;1;83;0;0;0;0;0;83;80;3;
223100052;240;137;1;218;0;102;0;4;102;0;1;0;0;1;101;95;6;
223100053;120;21;0;102;6;99;6;0;99;0;0;0;0;0;99;99;0;
223100054;140;28;1;135;1;111;1;0;111;0;0;0;0;0;111;111;0;
223100055;680;299;1;624;0;380;0;0;380;3;1;1;0;5;375;372;3;
223100056;100;20;1;95;7;79;7;7;79;0;1;0;0;1;78;76;2;
223100057;180;93;1;167;0;86;0;2;86;0;2;4;0;6;80;78;2;
223100058;110;35;1;107;5;74;5;0;74;2;1;0;0;3;71;71;0;
223100059;110;45;1;107;0;64;0;4;64;2;2;0;0;4;60;59;1;
223100060;70;18;0;64;0;52;0;0;52;0;1;1;0;2;50;50;0;
223100061;40;7;1;34;0;32;0;4;32;0;0;0;0;0;32;32;0;
223100062;160;80;1;150;0;79;0;3;79;0;0;2;0;2;77;71;6;
223100063;70;17;1;63;10;52;10;8;52;3;1;4;0;8;44;36;8;
223100064;120;44;1;115;6;75;6;6;75;0;0;0;0;0;75;59;16;
223100065;820;531;1;762;0;288;0;0;288;2;1;1;0;4;284;263;21;
223100066;860;496;1;789;2;363;2;5;363;0;0;4;0;4;359;351;8;
223100067;90;48;1;84;0;41;0;0;41;0;0;0;0;0;41;40;1;
223100068;80;41;0;77;0;39;0;5;39;0;0;0;0;0;39;37;2;
223100069;100;41;1;92;1;58;1;0;58;1;1;0;0;2;56;56;0;
223100070;70;27;1;71;0;42;0;6;42;0;0;0;0;0;42;41;1;
223100071;100;32;1;93;3;67;3;0;67;1;0;0;0;1;66;63;3;
223100072;230;107;1;212;0;122;0;0;122;2;2;0;0;4;118;114;4;
223100073;150;71;0;148;0;79;0;0;79;2;1;0;0;3;76;76;0;
223100074;450;194;1;419;2;255;2;5;255;1;0;0;0;1;254;244;10;
223100075;70;23;2;71;0;45;0;3;45;1;0;0;0;1;44;42;2;
223100076;450;233;1;432;0;216;0;0;216;0;1;0;0;1;215;206;9;
223100077;40;9;1;45;0;30;0;0;30;0;0;1;0;1;29;26;3;
223100078;80;24;1;80;0;55;0;4;55;0;0;1;0;1;54;53;1;
223100079;60;19;0;48;1;41;1;4;41;0;0;0;0;0;41;40;1;
223100080;90;21;1;83;10;68;10;6;68;1;1;0;0;2;66;63;3;
223100081;50;24;1;45;4;25;4;5;25;0;0;0;0;0;25;22;3;
223100082;400;193;2;364;2;205;2;4;205;5;3;0;0;8;197;183;14;
223100083;90;51;1;84;0;38;0;4;38;0;1;0;0;1;37;30;7;
223100084;50;16;1;43;0;33;0;33;33;0;1;0;0;1;32;29;3;
223100085;60;23;1;46;0;36;0;0;36;0;1;0;0;1;35;33;2;
223100086;510;253;1;476;4;256;4;3;256;5;2;0;0;7;249;202;47;
223100087;311;199;0;281;0;112;0;0;112;0;0;0;0;0;112;84;28;
223100088;770;440;1;714;3;329;3;5;329;1;8;0;0;9;320;262;58;
223100089;580;362;1;545;51;217;51;0;217;0;5;0;0;5;212;185;27;
223100090;580;366;1;212;1;213;1;0;213;3;1;0;0;4;209;183;26;
223100091;200;105;1;146;0;94;0;0;94;1;0;0;0;1;93;84;9;
223800001;1000;630;4;915;3;366;3;0;366;1;2;0;0;3;363;306;57;
223800002;930;608;1;858;1;321;1;0;321;0;3;0;1;4;317;230;87;
223800003;850;582;1;778;0;267;0;0;267;0;2;0;0;2;265;214;51;
223800004;780;585;1;717;0;194;0;0;194;0;1;0;0;1;193;161;32;
223800005;870;631;2;794;0;237;0;0;237;0;4;0;0;4;233;192;41;
223800006;590;446;1;538;0;143;0;0;143;1;2;0;0;3;140;120;20;
223800007;760;440;1;699;2;319;2;0;319;2;1;0;0;3;316;227;89;
223800008;90;49;1;86;0;40;0;0;40;1;2;0;0;3;37;37;0;
223800009;560;325;1;508;5;234;5;0;234;3;1;0;0;4;230;151;79;
223800010;200;100;1;188;0;99;0;0;99;1;1;0;0;2;97;86;11;
223800011;250;134;1;234;3;115;3;0;115;0;2;0;0;2;113;92;21;
223800012;214;130;1;207;0;83;0;3;83;0;0;0;0;0;83;81;2;
223800013;560;395;1;513;1;164;1;0;164;1;1;0;0;2;162;135;27;
223800014;60;19;1;53;0;40;0;0;40;0;0;2;0;2;38;38;0;
223800015;60;29;2;56;0;29;0;6;29;0;1;0;0;1;28;24;4;
223800016;40;20;1;19;0;19;0;0;19;0;0;0;0;0;19;17;2;
234602001;650;398;0;769;1;252;1;21;252;3;3;0;1;7;245;174;71;
234602002;750;460;0;828;2;290;2;2;290;1;4;2;0;7;283;204;79;
234602003;658;415;0;765;1;243;1;8;243;7;8;0;0;15;228;166;62;
234602004;405;222;0;553;0;183;0;22;183;2;4;0;0;6;177;111;66;
234602005;644;418;0;726;6;226;6;2;226;1;11;0;0;12;214;135;79;
234602006;500;333;0;626;0;167;0;0;167;0;5;0;0;5;162;115;47;
234602007;650;447;0;721;5;203;5;3;203;1;8;0;0;9;194;139;55;
234602008;650;447;0;782;0;203;0;3;203;2;4;0;0;6;197;143;54;
234602009;750;530;0;841;0;220;0;5;220;2;3;0;0;5;215;152;63;
234602010;650;427;0;736;0;223;0;3;223;3;4;0;0;7;216;168;48;
234602011;750;513;0;793;7;237;7;5;237;0;9;1;0;10;227;168;59;
234602012;649;391;0;721;3;258;3;0;258;1;6;0;0;7;251;200;51;
234602013;750;407;1;862;0;342;0;4;342;3;7;3;0;13;329;254;75;
234602014;750;433;1;807;1;316;1;2;316;5;8;0;0;13;303;208;95;
234602015;750;471;0;802;11;279;11;6;279;1;3;0;0;4;275;225;50;
234602016;745;460;2;869;3;283;3;2;283;2;5;0;0;7;276;195;81;
234602017;739;438;12;871;0;289;0;0;289;2;9;1;0;12;277;209;68;
234602018;750;432;0;823;1;318;1;0;318;2;6;1;0;9;309;222;87;
234602019;750;419;0;886;6;331;6;19;331;2;5;0;0;7;324;227;97;
234602020;750;396;4;868;5;350;5;0;350;1;6;0;0;7;343;288;55;
234602021;749;415;1;850;0;333;0;0;333;4;2;6;0;12;321;258;63;
234602022;851;471;0;901;3;380;3;0;380;0;7;0;0;7;373;307;66;
234602023;750;466;0;845;5;284;5;0;284;0;10;0;0;10;274;203;71;
234602024;750;448;1;857;0;301;0;0;301;3;1;6;0;10;291;243;48;
234602025;750;443;0;889;0;307;0;3;307;3;6;2;0;11;296;225;71;
234602026;850;582;0;912;6;268;6;0;268;0;7;0;0;7;261;193;68;
234602027;750;500;0;848;6;250;6;0;250;6;0;0;0;6;244;181;63;
234602028;650;378;0;759;8;272;8;1;272;1;8;0;0;9;263;197;66;
234602029;750;538;0;802;1;212;1;4;212;0;1;0;0;1;211;156;55;
234602030;750;496;0;923;0;254;0;4;254;1;4;0;0;5;249;174;75;
234602031;750;460;0;822;8;290;8;0;290;1;4;0;0;5;285;212;73;
234602032;850;530;0;910;9;320;9;12;320;2;1;0;0;3;317;230;87;
234602033;750;402;0;835;0;348;0;7;348;2;2;2;0;6;342;303;39;
234602034;750;459;0;823;0;291;0;3;291;6;6;0;0;12;279;239;40;
234602035;650;362;0;743;1;288;1;26;288;2;2;0;0;4;284;246;38;
234602036;650;344;0;772;5;306;5;0;306;4;5;0;0;9;297;251;46;
234602037;750;372;0;867;5;378;5;0;378;0;2;0;0;2;376;319;57;
234602038;743;449;2;856;7;292;7;0;292;5;4;1;0;10;282;215;67;
234602039;850;584;0;906;0;266;0;0;266;1;3;0;0;4;262;187;75;
234602040;850;556;2;925;0;292;0;5;292;1;0;3;0;4;288;232;56;
234602041;750;530;0;799;2;220;2;1;220;0;1;0;0;1;219;172;47;
234602042;750;435;0;815;0;315;0;6;315;3;0;2;0;5;310;259;51;
234602043;750;414;0;819;0;336;0;7;336;4;7;0;0;11;325;259;66;
234602044;850;508;7;916;0;335;0;0;335;0;2;5;0;7;328;277;51;
234602045;750;392;0;783;0;358;0;0;358;2;2;0;0;4;354;276;78;
234602046;850;546;1;916;0;303;0;2;303;0;6;0;0;6;297;215;82;
234602047;750;431;0;871;0;319;0;0;319;1;5;0;0;6;313;255;58;
234602048;750;440;0;885;2;310;2;2;310;1;4;0;0;5;305;239;66;
234602049;750;454;0;890;1;296;1;0;296;1;3;1;0;5;291;231;60;
234602050;750;524;0;864;1;226;1;8;226;2;1;0;0;3;223;174;49;
234602051;550;292;0;633;2;258;2;4;258;1;2;0;0;3;255;210;45;
234602052;750;454;0;790;9;296;9;0;296;1;1;4;0;6;290;234;56;
234602053;550;272;0;644;0;278;0;0;278;2;15;0;0;17;261;232;29;
234602054;650;407;0;776;2;243;2;0;243;0;5;0;0;5;238;189;49;
234602055;650;378;3;736;1;269;1;0;269;0;2;0;1;3;266;223;43;
234602056;650;340;0;722;1;310;1;0;310;1;5;0;0;6;304;245;59;
234602057;750;437;0;825;0;313;0;1;313;3;1;4;0;8;305;246;59;
234602058;750;399;0;784;0;351;0;0;351;2;3;1;0;6;345;309;36;
234602059;650;353;0;694;0;297;0;0;297;3;1;0;0;4;293;242;51;
234602060;746;443;0;874;0;303;0;5;303;6;6;0;0;12;291;232;59;
234602061;750;433;0;845;1;317;1;0;317;8;0;0;0;8;309;240;69;
234602062;650;396;0;754;0;254;0;0;254;8;0;0;0;8;246;182;64;
234602063;750;461;0;821;3;289;3;0;289;1;5;0;0;6;283;224;59;
234602064;750;449;0;859;1;301;1;7;301;1;5;0;1;7;294;227;67;
234602065;750;531;0;813;0;219;0;2;219;6;0;0;0;6;213;166;47;
234602066;650;333;0;777;3;317;3;0;317;1;3;0;0;4;313;256;57;
234602067;750;442;0;837;2;308;2;3;308;3;4;0;0;7;301;222;79;
234602068;850;482;0;932;3;368;3;0;368;10;0;0;0;10;358;293;65;
234602069;750;444;0;825;1;306;1;0;306;3;9;0;0;12;294;249;45;
234602070;750;459;0;856;1;291;1;1;291;4;3;4;0;11;280;226;54;
234602071;650;408;12;780;0;230;0;1;230;1;11;0;0;12;218;171;47;
234602072;750;366;0;864;1;384;1;8;384;0;4;0;0;4;380;316;64;
234602073;750;430;0;317;3;320;3;2;320;2;2;4;0;8;312;259;53;
234602074;742;304;1;802;2;437;2;0;437;4;4;0;0;8;429;355;74;
234602075;850;502;0;961;0;348;0;0;348;3;3;0;0;6;342;259;83;
234602076;1000;721;0;900;0;279;0;1;279;0;3;0;0;3;276;217;59;
234602077;750;393;1;885;1;356;1;3;356;1;2;0;0;3;353;298;55;
234602078;650;382;0;741;1;268;1;0;268;9;3;6;0;18;250;192;58;
234602079;750;467;0;883;0;283;0;3;283;1;2;2;0;5;278;218;60;
234602080;750;426;0;903;0;324;0;5;324;3;4;0;0;7;317;265;52;
234602081;750;478;0;866;2;272;2;3;272;1;2;0;0;3;269;202;67;
234602082;750;453;0;816;0;297;0;9;297;2;6;0;0;8;289;237;52;
234602083;850;496;0;949;4;354;4;4;354;0;9;0;0;9;345;293;52;
234602084;243;81;0;197;0;162;0;0;162;3;2;7;0;12;150;117;33;
234602085;200;87;0;161;0;113;0;0;113;0;1;0;0;1;112;94;18;
234602086;248;226;0;22;0;22;0;2;22;0;0;0;0;0;22;15;7;
234608001;800;500;0;849;2;300;2;0;300;4;15;0;0;19;281;234;47;
234608002;800;543;0;838;1;257;1;0;257;1;4;0;0;5;252;191;61;
234608003;800;481;2;891;1;317;1;2;317;0;10;0;2;12;305;243;62;
234608004;800;346;0;1062;3;454;3;0;454;1;6;0;0;7;447;364;83;
234608005;806;431;1;957;1;374;1;0;374;2;4;0;0;6;368;284;84;
234608006;800;466;1;879;2;333;2;0;333;2;5;0;0;7;326;248;78;
234608007;800;472;0;857;1;328;1;10;328;1;11;0;0;12;316;273;43;
234608008;800;428;0;906;5;372;5;3;372;0;3;2;3;8;364;297;67;
234608009;800;468;0;982;1;332;1;0;332;0;5;0;0;5;327;258;69;
234608010;800;473;1;978;1;326;1;9;326;3;4;0;0;7;319;251;68;
234608011;800;466;0;970;10;334;10;12;334;9;3;0;0;12;322;247;75;
234608012;800;437;2;1015;10;361;10;3;361;1;5;9;0;15;346;267;79;
234608013;800;447;1;968;3;352;3;4;352;0;12;0;0;12;340;281;59;
234608014;800;469;1;979;0;330;0;1;330;2;9;0;0;11;319;259;60;
234608015;800;488;0;970;0;312;0;5;312;3;0;0;0;3;309;240;69;
234608016;800;424;2;781;2;374;2;0;374;1;7;0;1;9;365;320;45;
234608017;800;466;0;811;5;334;5;3;334;14;0;0;0;14;320;256;64;
234608018;800;498;1;762;5;301;5;3;301;4;5;0;0;9;292;232;60;
234608019;800;513;0;925;1;287;1;5;287;4;9;0;1;14;273;219;54;
234608020;800;495;0;827;2;305;2;5;305;5;2;0;0;7;298;247;51;
234608021;800;446;0;859;1;354;1;5;354;4;3;0;0;7;347;303;44;
234608022;791;482;0;785;0;309;0;10;309;10;0;0;0;10;299;223;76;
234608023;800;503;0;861;2;297;2;4;297;1;2;0;0;3;294;231;63;
234608024;800;500;0;779;0;300;0;30;300;1;5;0;1;7;293;226;67;
234608025;800;454;2;971;2;344;2;5;344;2;2;1;0;5;339;269;70;
234608026;800;397;0;985;0;403;0;8;403;3;10;0;0;13;390;326;64;
234608027;800;424;0;929;1;376;1;2;376;3;4;0;0;7;369;307;62;
234608028;800;349;3;970;3;448;3;4;448;5;5;0;0;10;438;374;64;
234608029;800;373;0;932;5;427;5;16;427;3;4;0;0;7;420;333;87;
234608030;200;154;1;45;0;45;0;0;45;1;0;0;0;1;44;32;12;
234608031;200;97;0;107;0;103;0;2;103;5;1;1;0;7;96;68;28;
234609001;640;409;0;658;3;231;3;2;231;0;5;0;0;5;226;181;45;
234609002;380;265;2;392;0;113;0;5;113;1;0;0;0;1;112;76;36;
234609003;580;373;0;605;0;207;0;0;207;1;5;1;0;7;200;140;60;
234609004;530;350;2;549;0;178;0;0;178;5;2;0;0;7;171;128;43;
234609005;600;393;1;623;2;206;2;4;206;0;3;0;0;3;203;159;44;
234609006;720;483;1;736;0;236;0;0;236;2;5;0;0;7;229;168;61;
234609007;560;344;1;583;0;215;0;0;215;2;2;0;0;4;211;169;42;
234609008;600;421;0;617;3;179;3;2;179;3;6;0;0;9;170;127;43;
234609009;650;462;1;672;1;187;1;0;187;2;4;3;0;9;178;134;44;
234609010;580;365;4;605;1;211;1;2;211;3;4;1;0;8;203;159;44;
234609011;410;304;1;414;0;105;0;2;105;1;4;2;0;7;98;67;31;
234609012;591;401;1;606;4;189;4;1;189;3;4;0;0;7;182;140;42;
234609013;700;490;0;712;1;210;1;0;210;1;11;0;0;12;198;139;59;
234609014;630;421;0;650;2;209;2;1;209;4;0;0;0;4;205;154;51;
234609015;520;341;0;521;0;179;0;2;179;2;1;0;2;5;174;132;42;
234609016;700;488;0;709;1;212;1;0;212;0;6;0;0;6;206;153;53;
234609017;520;369;1;527;3;150;3;0;150;1;3;0;1;5;145;116;29;
234609018;730;504;3;747;0;223;0;0;223;0;2;0;0;2;221;161;60;
234609019;519;314;1;520;4;204;4;5;204;2;0;0;1;3;201;166;35;
234609020;350;247;0;330;0;103;0;0;103;3;2;0;0;5;98;69;29;
234609021;460;300;0;481;0;160;0;0;160;6;0;0;0;6;154;43;111;
234609022;740;452;0;766;4;288;4;4;288;1;2;1;2;6;282;231;51;
234609023;560;362;0;592;0;198;0;5;198;5;0;0;0;5;193;153;40;
234609024;690;451;3;713;0;236;0;0;236;4;0;7;0;11;225;179;46;
234609025;510;310;1;537;0;199;0;3;199;1;4;2;0;7;192;149;43;
234609026;670;450;0;686;2;220;2;0;220;3;6;0;0;9;211;159;52;
234609027;800;538;3;847;2;259;2;1;259;1;3;0;0;4;255;198;57;
234609028;490;306;0;512;0;184;0;0;184;1;0;0;0;1;183;148;35;
234609029;710;496;0;759;2;214;2;1;214;0;9;0;0;9;205;156;49;
234609030;530;327;0;545;1;203;1;0;203;4;3;4;0;11;192;164;28;
234609031;720;497;1;742;0;222;0;4;222;1;3;0;0;4;218;168;50;
234609032;680;490;0;700;0;190;0;4;190;0;6;1;0;7;183;132;51;
234609033;720;446;1;732;0;273;0;1;273;1;4;0;0;5;268;195;73;
234609034;670;494;0;679;0;176;0;3;176;1;5;0;0;6;170;133;37;
234609035;870;543;0;903;3;327;3;0;327;0;5;0;0;5;322;251;71;
234609036;600;386;0;677;0;214;0;0;214;0;12;0;0;12;202;150;52;
234609037;690;451;0;729;1;239;1;0;239;6;0;0;0;6;233;172;61;
234609038;510;346;0;526;0;164;0;4;164;0;0;2;0;2;162;132;30;
234609039;550;308;0;569;0;242;0;5;242;1;3;5;0;9;233;203;30;
234609040;550;330;1;571;12;219;12;7;219;0;6;0;0;6;213;178;35;
234609041;600;384;0;626;13;216;13;3;216;4;0;0;0;4;212;166;46;
234609042;400;271;0;434;1;129;1;0;129;1;4;0;0;5;124;102;22;
234609043;610;366;1;652;1;243;1;4;243;0;1;0;0;1;242;191;51;
234609044;647;406;0;653;8;241;8;0;241;1;6;0;0;7;234;174;60;
234609045;620;373;9;656;4;238;4;0;238;2;3;4;0;9;229;167;62;
234609046;600;328;0;631;1;272;1;0;272;1;7;0;0;8;264;230;34;
234609047;710;476;0;722;1;234;1;0;234;1;6;0;0;7;227;178;49;
234609048;570;319;0;588;2;251;2;0;251;1;1;0;0;2;249;198;51;
234609049;620;408;2;653;1;210;1;3;210;6;0;0;0;6;204;149;55;
234609050;620;403;0;655;1;217;1;0;217;1;8;0;0;9;208;173;35;
234609051;450;236;0;478;15;214;15;0;214;0;0;6;0;6;208;163;45;
234609052;670;384;0;686;0;286;0;0;286;0;6;4;0;10;276;222;54;
234609053;640;394;0;672;2;246;2;0;246;3;8;0;0;11;235;179;56;
234609054;750;392;0;796;2;358;2;4;358;8;0;0;0;8;350;289;61;
234609055;310;180;0;342;7;130;7;1;130;0;0;0;0;0;130;99;31;
234609056;820;564;1;868;1;255;1;3;255;0;5;0;0;5;250;192;58;
234609057;716;490;1;811;3;225;3;0;225;0;4;0;0;4;221;174;47;
234609058;870;585;3;906;0;282;0;0;282;0;8;0;0;8;274;206;68;
234609059;460;308;1;510;0;151;0;0;151;0;3;0;0;3;148;113;35;
234610001;400;229;1;498;0;170;0;50;170;1;5;0;0;6;164;124;40;
234610002;350;213;3;406;5;134;5;2;134;0;3;0;0;3;131;93;38;
234610003;600;445;0;665;1;155;1;9;155;2;2;0;0;4;151;106;45;
234610004;400;285;0;463;0;115;0;4;115;1;2;0;0;3;112;74;38;
234610005;440;316;0;440;3;124;3;1;124;3;0;0;0;3;121;79;42;
234610006;462;293;0;507;0;169;0;9;169;1;6;0;0;7;162;108;54;
234610007;500;349;0;555;0;151;0;6;151;3;5;0;0;8;143;106;37;
234610008;500;357;0;554;1;143;1;11;143;0;2;0;0;2;141;100;41;
234610009;364;259;0;415;0;105;0;4;105;0;2;0;0;2;103;78;25;
234610010;500;341;0;540;0;159;0;4;159;1;1;0;0;2;157;110;47;
234610011;300;199;0;382;0;101;0;2;101;1;2;1;0;4;97;65;32;
234610012;300;157;0;400;3;143;3;16;143;1;1;0;0;2;141;90;51;
234610013;500;328;0;556;0;172;0;1;172;7;3;1;2;13;159;126;33;
234610014;400;281;0;465;1;119;1;2;119;2;4;0;0;6;113;76;37;
234610015;380;280;0;423;4;100;4;0;100;5;0;0;0;5;95;63;32;
234610016;550;385;0;616;2;165;2;0;165;0;9;0;0;9;156;106;50;
234610017;300;204;0;96;1;96;1;2;96;5;0;0;0;5;91;64;27;
234610018;500;336;0;564;1;164;1;1;164;1;5;1;0;7;157;102;55;
234610019;710;478;0;743;0;232;0;7;232;1;6;3;0;10;222;178;44;
234610020;500;380;0;553;0;120;0;5;120;2;3;0;0;5;115;83;32;
234610021;350;214;1;428;0;135;0;5;135;2;1;0;0;3;132;95;37;
234610022;550;368;0;606;0;182;0;6;182;2;3;0;0;5;177;136;41;
234610023;550;368;0;592;1;182;1;8;182;12;0;0;0;12;170;131;39;
234610024;553;323;1;615;1;229;1;4;229;1;6;0;0;7;222;176;46;
234610025;500;305;0;585;1;195;1;2;195;4;5;0;0;9;186;127;59;
234610026;400;253;1;480;7;146;7;5;146;0;5;0;0;5;141;121;20;
234610027;300;173;1;419;0;126;0;38;126;2;0;0;0;2;124;79;45;
234610028;900;536;0;1071;0;364;0;5;364;7;4;0;0;11;353;264;89;
234610029;650;389;0;713;2;261;2;6;261;1;1;1;0;3;258;198;60;
234610030;400;232;0;437;0;168;0;0;168;0;3;0;0;3;165;127;38;
234610031;500;278;0;593;3;222;3;0;222;3;5;3;0;11;211;154;57;
234610032;550;331;0;620;0;219;0;6;219;1;5;0;0;6;213;160;53;
234610033;650;422;1;718;1;227;1;0;227;2;2;0;0;4;223;171;52;
234610034;450;253;0;527;0;197;0;4;197;0;3;0;0;3;194;160;34;
234610035;600;360;1;713;2;239;2;6;239;1;9;0;0;10;229;173;56;
234610036;900;553;0;990;1;347;1;3;347;6;4;0;0;10;337;272;65;
234610037;700;426;0;273;1;274;1;4;274;2;7;0;0;9;265;189;76;
234610038;1200;781;0;1405;1;419;1;9;419;5;13;4;0;22;397;327;70;
234610039;1000;516;0;1190;1;484;1;1;484;6;14;3;0;23;461;362;99;
234610040;900;553;0;1002;3;347;3;4;347;2;2;11;0;15;332;267;65;
234610041;600;340;0;675;3;260;3;17;260;4;10;0;0;14;246;180;66;
234610042;500;298;1;582;2;201;2;0;201;2;5;0;0;7;194;150;44;
234610043;500;334;1;553;3;165;3;7;165;3;2;0;0;5;160;131;29;
234610044;600;327;0;699;0;273;0;4;273;2;11;0;0;13;260;192;68;
234610045;800;520;0;917;2;280;2;2;280;7;0;0;0;7;273;207;66;
234610046;800;445;0;915;4;355;4;2;355;3;2;0;0;5;350;300;50;
234610047;600;357;1;688;4;242;4;2;242;3;5;0;0;8;234;186;48;
234610048;650;377;0;734;0;273;0;0;273;4;3;0;0;7;266;228;38;
234610049;500;227;0;628;8;273;8;33;273;6;1;0;0;7;266;215;51;
234610050;650;351;0;745;2;299;2;0;299;0;4;0;0;4;295;251;44;
234610051;700;444;0;745;5;256;5;0;256;0;0;0;0;0;256;207;49;
234610052;600;384;0;645;0;216;0;8;216;0;2;0;0;2;214;167;47;
234610053;800;518;0;853;3;282;3;0;282;3;0;0;0;3;279;223;56;
234610054;600;387;0;668;0;213;0;5;213;2;11;0;0;13;200;148;52;
234610055;700;427;0;782;0;273;0;0;273;0;6;0;0;6;267;211;56;
234610056;800;500;1;890;1;299;1;2;299;1;2;0;0;3;296;224;72;
234610057;500;296;2;553;0;202;0;8;202;8;0;0;0;8;194;149;45;
234610058;643;403;0;718;2;240;2;5;240;7;1;0;0;8;232;181;51;
234610059;800;629;0;903;2;171;2;1;171;1;3;0;0;4;167;140;27;
234610060;600;381;0;634;0;219;0;0;219;3;7;0;0;10;209;159;50;
234610061;400;248;0;420;0;152;0;0;152;2;1;4;0;7;145;125;20;
234610062;650;382;0;725;1;268;1;4;268;2;4;0;0;6;262;210;52;
234610063;800;466;0;917;2;334;2;0;334;3;5;0;0;8;326;262;64;
234610064;600;340;0;703;0;260;0;0;260;3;4;0;0;7;253;198;55;
234610065;450;242;0;519;2;208;2;0;208;3;4;5;0;12;196;148;48;
234610066;450;215;0;545;0;235;0;4;235;1;2;0;0;3;232;196;36;
234610067;656;307;0;885;0;349;0;1;349;0;9;0;0;9;340;263;77;
234610068;600;358;0;686;1;242;1;2;242;0;3;5;0;8;234;174;60;
234610069;800;465;0;845;2;335;2;0;335;9;0;0;0;9;326;259;67;
234610070;800;533;1;266;0;266;0;0;266;0;3;5;0;8;258;214;44;
234610071;700;404;0;754;0;296;0;0;296;7;0;6;0;13;283;224;59;
234610072;500;291;0;546;1;209;1;0;209;2;3;0;0;5;204;144;60;
234610073;600;396;1;658;1;203;1;0;203;0;0;0;0;0;203;152;51;
234610074;600;354;0;340;2;246;2;3;246;9;0;0;0;9;237;176;61;
234610075;693;417;0;801;1;276;1;0;276;0;2;2;0;4;272;217;55;
234610076;700;473;0;803;0;227;0;3;227;1;1;4;0;6;221;158;63;
234610077;650;395;0;735;3;255;3;0;255;1;0;1;0;2;253;195;58;
234610078;800;467;0;856;1;333;1;0;333;1;2;0;0;3;330;285;45;
234610079;800;632;0;895;0;168;0;0;168;1;3;0;0;4;164;116;48;
234610080;70;52;0;18;0;18;0;4;18;0;1;0;0;1;17;13;4;
234610081;50;30;0;42;0;20;0;5;20;1;0;0;0;1;19;14;5;
234610082;60;23;0;37;0;37;0;5;37;0;1;3;0;4;33;27;6;
234610083;60;9;0;71;0;51;0;7;51;1;1;0;0;2;49;42;7;
234610084;60;26;0;34;0;34;0;0;34;0;4;0;0;4;30;27;3;
234610085;60;27;0;33;0;33;0;1;33;1;2;0;0;3;30;27;3;
234610086;48;19;0;40;0;29;0;5;29;0;0;0;0;0;29;23;6;
234610088;30;0;0;32;0;30;0;14;30;0;0;0;0;0;30;26;4;
234610090;630;496;0;607;0;134;0;6;134;0;9;0;0;9;125;101;24;
234610093;40;16;0;24;0;24;0;6;24;0;0;0;0;0;24;16;8;
234615001;500;305;0;533;9;195;9;0;195;1;1;0;0;2;193;154;39;
234615002;500;263;0;527;3;237;3;0;237;3;3;0;0;6;231;210;21;
234615003;501;301;1;522;0;199;0;0;199;0;3;0;0;3;196;172;24;
234615004;500;428;0;484;0;72;0;0;72;0;0;0;0;0;72;53;19;
234615005;500;237;0;653;1;263;1;47;263;3;3;0;0;6;257;196;61;
234615006;500;240;3;577;0;257;0;18;257;2;6;0;0;8;249;218;31;
234615007;500;300;0;571;1;200;1;11;200;1;5;1;0;7;193;140;53;
234615008;500;360;0;502;0;140;0;10;140;0;4;1;0;5;135;100;35;
234615009;500;303;0;541;2;197;2;12;197;0;3;0;0;3;194;153;41;
234615010;500;209;0;812;2;291;2;0;291;2;4;0;1;7;284;242;42;
234615011;501;230;0;770;4;271;4;4;271;7;1;0;0;8;263;190;73;
234615012;500;259;1;652;1;240;1;2;240;0;5;0;0;5;235;196;39;
234615013;500;295;0;608;1;205;1;0;205;0;2;0;0;2;203;136;67;
234615014;500;198;0;744;5;302;5;0;302;5;4;2;0;11;291;235;56;
234615015;500;205;0;709;0;295;0;2;295;1;2;0;0;3;292;241;51;
234615016;490;260;0;657;1;230;1;5;230;1;1;0;0;2;228;176;52;
234615017;500;273;0;739;0;227;0;0;227;0;2;2;0;4;223;167;56;
234615018;500;161;2;816;4;337;4;31;337;3;2;3;0;8;329;248;81;
234615019;500;255;0;668;0;245;0;1;245;0;3;0;0;3;242;199;43;
234615020;500;208;0;718;0;292;0;1;292;2;2;5;0;9;283;246;37;
234615021;500;205;2;701;1;293;1;5;293;1;2;0;0;3;290;224;66;
234615022;500;188;1;824;1;311;1;0;311;1;2;0;0;3;308;235;73;
234615023;500;218;2;737;2;280;2;5;280;1;7;2;0;10;270;220;50;
234615024;500;180;0;838;0;320;0;1;320;2;11;0;0;13;307;251;56;
234615025;500;234;0;784;2;266;2;1;266;0;1;0;0;1;265;203;62;
234615026;500;165;0;774;0;335;0;3;335;11;8;0;0;19;316;254;62;
234615027;500;274;0;683;1;226;1;3;226;2;1;0;0;3;223;174;49;
234615028;500;204;0;714;3;296;3;49;296;2;5;0;0;7;289;229;60;
234615029;500;106;0;793;9;394;9;6;394;2;3;4;0;9;385;342;43;
234615030;500;261;0;629;1;239;1;2;239;0;4;0;0;4;235;187;48;
234615031;500;283;0;634;2;217;2;5;217;0;1;6;0;7;210;172;38;
234615032;500;285;0;570;2;215;2;2;215;2;2;1;0;5;210;174;36;
234615033;500;234;0;634;0;266;0;10;266;2;8;2;0;12;254;206;48;
234615034;500;282;0;831;2;218;2;11;218;0;6;0;0;6;212;160;52;
234615035;500;295;0;584;2;205;2;9;205;4;0;0;0;4;201;166;35;
234615036;500;281;2;662;0;217;0;11;217;1;0;0;0;1;216;170;46;
234615037;500;299;0;576;2;201;2;7;201;1;3;0;0;4;197;145;52;
234615038;500;263;0;718;2;237;2;2;237;2;2;5;0;9;228;177;51;
234615039;500;238;0;756;1;262;1;1;262;0;6;0;0;6;256;199;57;
234615040;500;277;0;608;0;223;0;3;223;1;2;0;0;3;220;180;40;
234615041;500;355;0;499;18;145;18;145;145;2;0;0;0;2;143;94;49;
234615042;500;216;0;898;1;284;1;5;284;0;2;3;0;5;279;218;61;
234615043;500;255;0;697;0;245;0;3;245;1;1;0;0;2;243;198;45;
234615044;500;274;0;699;0;226;0;8;226;0;2;3;0;5;221;172;49;
234615045;500;192;2;674;4;306;4;53;306;0;8;0;0;8;298;248;50;
234615046;500;255;0;754;7;245;7;3;245;9;1;0;0;10;235;162;73;
234615047;500;231;0;755;0;269;0;0;269;0;3;0;0;3;266;234;32;
234615048;516;253;0;725;1;263;1;3;263;10;3;2;1;16;247;198;49;
234615049;500;293;0;463;2;207;2;2;207;4;0;0;0;4;203;179;24;
234615050;500;218;0;689;4;282;4;4;282;4;2;0;0;6;276;224;52;
234615051;510;248;0;746;2;262;2;7;262;1;2;0;0;3;259;212;47;
234615052;500;214;0;761;0;286;0;3;286;1;0;1;0;2;284;249;35;
234615053;500;248;0;635;0;252;0;3;252;0;5;0;0;5;247;202;45;
234615054;500;186;0;703;0;314;0;7;314;1;5;1;0;7;307;263;44;
234615055;500;236;1;823;6;263;6;0;263;3;12;0;0;15;248;187;61;
234615056;500;340;0;156;4;160;4;5;160;2;0;0;0;2;158;119;39;
234615057;500;277;0;713;2;223;2;3;223;2;1;0;0;3;220;169;51;
234615058;500;281;0;517;10;219;10;4;219;5;0;0;0;5;214;171;43;
234615059;490;222;0;737;1;268;1;0;268;0;8;0;0;8;260;196;64;
234615060;500;247;0;770;4;253;4;4;253;4;4;0;0;8;245;176;69;
234615061;496;280;7;695;0;209;0;0;209;2;3;2;0;7;202;152;50;
234615062;501;192;1;750;0;308;0;2;308;6;5;0;0;11;297;243;54;
234615063;500;293;0;487;0;207;0;5;207;2;0;0;0;2;205;180;25;
234615064;500;192;0;753;0;308;0;0;308;0;11;0;0;11;297;245;52;
234615065;500;225;1;728;0;274;0;0;274;1;0;0;0;1;273;205;68;
234615066;500;230;0;720;2;270;2;0;270;0;3;0;0;3;267;199;68;
234615067;500;216;0;730;6;284;6;0;284;2;0;0;0;2;282;234;48;
234615068;500;219;0;661;2;281;2;0;281;0;1;0;0;1;280;234;46;
234615069;500;132;0;925;0;368;0;1;368;2;4;0;0;6;362;302;60;
234615070;500;209;0;832;0;291;0;2;291;3;1;0;0;4;287;224;63;
234615071;500;167;1;914;0;332;0;5;332;2;3;0;0;5;327;278;49;
234615072;500;264;1;709;0;235;0;0;235;0;1;1;0;2;233;188;45;
234615073;500;278;0;724;1;222;1;6;222;6;0;0;0;6;216;168;48;
234615074;500;306;0;679;0;194;0;2;194;0;1;0;0;1;193;156;37;
234615075;500;276;1;738;18;223;18;16;223;9;0;0;0;9;214;173;41;
234615076;510;264;0;877;3;246;3;5;246;5;0;0;0;5;241;193;48;
234615077;500;213;1;735;2;286;2;1;286;0;3;0;0;3;283;242;41;
234615078;500;253;0;733;0;247;0;2;247;3;2;0;0;5;242;187;55;
234615079;500;280;1;664;2;219;2;0;219;0;0;3;1;4;215;181;34;
234615080;500;201;0;784;0;299;0;0;299;5;0;0;0;5;294;256;38;
234615081;500;310;0;637;1;190;1;3;190;6;0;0;0;6;184;146;38;
234615082;500;258;2;650;2;240;2;1;240;2;2;0;0;4;236;192;44;
234615083;500;298;2;618;0;200;0;5;200;0;1;6;0;7;193;151;42;
234615084;500;164;0;866;4;336;4;1;336;3;3;5;0;11;325;261;64;
234615085;500;68;0;970;0;432;0;0;432;1;3;3;0;7;425;371;54;
234615086;500;272;0;610;0;228;0;0;228;0;0;3;0;3;225;190;35;
234615087;500;228;0;606;6;272;6;10;272;2;0;0;0;2;270;231;39;
234615088;500;156;1;825;0;343;0;0;343;1;0;0;0;1;342;309;33;
234615089;500;235;0;661;0;265;0;0;265;2;0;0;0;2;263;233;30;
234615090;500;249;0;674;1;251;1;0;251;4;0;0;0;4;247;213;34;
234615091;500;231;2;833;11;267;11;0;267;4;3;0;0;7;260;203;57;
234615092;500;237;2;726;14;261;14;0;261;0;4;2;0;6;255;170;85;
234615093;500;180;4;905;0;316;0;0;316;5;0;0;0;5;311;252;59;
234615094;500;187;0;657;7;313;7;45;313;2;1;0;0;3;310;256;54;
234615095;500;227;0;743;0;273;0;0;273;1;1;0;0;2;271;222;49;
234615096;500;303;5;575;0;192;0;4;192;1;3;0;0;4;188;152;36;
234615097;500;256;0;712;6;244;6;0;244;2;5;5;0;12;232;183;49;
234615098;500;250;1;781;0;249;0;2;249;2;3;1;0;6;243;196;47;
234615099;500;190;0;751;0;310;0;0;310;2;2;0;0;4;306;265;41;
234615100;500;304;0;684;1;196;1;1;196;0;0;0;0;0;196;141;55;
234615101;500;266;1;760;2;233;2;0;233;4;1;0;0;5;228;180;48;
234615102;500;238;0;785;3;262;3;1;262;1;0;0;0;1;261;201;60;
234615103;500;284;11;651;3;205;3;0;205;4;0;0;0;4;201;153;48;
234615104;500;255;0;754;0;245;0;0;245;0;1;0;0;1;244;196;48;
234615105;500;296;0;762;1;204;1;3;204;1;0;0;0;1;203;156;47;
234615106;500;324;0;649;0;176;0;3;176;1;1;1;0;3;173;129;44;
234615107;500;260;0;731;0;240;0;0;240;2;2;4;0;8;232;167;65;
234615108;500;232;0;850;0;268;0;2;268;0;7;0;0;7;261;203;58;
234615109;500;281;0;727;2;219;2;0;219;1;0;0;0;1;218;172;46;
234615110;500;264;0;745;0;236;0;5;236;8;2;0;0;10;226;177;49;
234615111;500;312;6;581;0;182;0;0;182;1;1;4;0;6;176;135;41;
234615112;500;307;1;760;0;192;0;3;192;0;5;0;0;5;187;136;51;
234615113;500;235;0;893;0;265;0;4;265;0;2;1;0;3;262;202;60;
234615114;500;302;0;730;0;198;0;6;198;0;3;0;0;3;195;134;61;
234615115;500;242;0;768;2;258;2;0;258;0;6;0;1;7;251;170;81;
234615116;500;319;0;696;0;181;0;0;181;0;0;0;0;0;181;133;48;
234615117;500;271;0;883;0;229;0;1;229;0;4;1;0;5;224;145;79;
234615118;500;272;0;798;0;228;0;2;228;2;4;0;0;6;222;140;82;
234615119;500;333;0;745;0;167;0;0;167;2;2;0;0;4;163;117;46;
234615120;500;334;0;630;0;166;0;3;166;3;0;3;0;6;160;123;37;
234615121;500;412;1;183;0;87;0;4;87;1;6;0;0;7;80;63;17;
234616001;850;60;0;266;688;790;688;6;790;4;5;1;0;10;780;707;73;
234616002;800;112;1;89;662;687;662;9;687;2;6;0;2;10;677;550;127;
234616003;1050;124;0;267;857;926;857;8;926;10;9;0;0;19;907;771;136;
234616004;500;47;1;205;376;452;376;5;452;1;3;0;1;5;447;367;80;
234616005;920;68;0;213;814;852;814;4;852;2;8;0;2;12;840;700;140;
234616006;470;42;1;234;360;427;360;4;427;2;6;0;0;8;419;369;50;
234616007;400;54;0;383;198;346;198;9;346;4;8;1;0;13;333;272;61;
234616008;320;82;0;182;172;238;172;3;238;1;3;2;0;6;232;194;38;
234616009;600;81;9;676;318;510;318;9;510;3;6;0;0;9;501;400;101;
234616010;350;184;0;457;5;166;5;6;166;4;0;0;0;4;162;123;39;
234616011;200;110;0;234;5;90;5;0;90;2;3;1;0;6;84;61;23;
234616012;300;168;1;384;1;131;1;1;131;0;0;0;0;0;131;112;19;
234616013;250;139;0;336;1;111;1;2;111;2;0;0;0;2;109;77;32;
234616014;350;179;0;473;3;171;3;0;171;0;6;0;0;6;165;136;29;
234616015;650;379;0;842;1;271;1;2;271;2;6;0;0;8;263;205;58;
234616016;300;173;1;121;5;126;5;0;126;0;1;0;0;1;125;102;23;
234616017;400;241;0;513;1;159;1;3;159;0;4;0;0;4;155;112;43;
234616018;544;349;0;549;2;195;2;4;195;1;4;0;0;5;190;150;40;
234616019;450;248;1;509;0;201;0;3;201;2;6;0;0;8;193;136;57;
234616020;250;170;0;272;0;80;0;1;80;2;4;0;0;6;74;53;21;
234616021;300;189;0;355;0;111;0;4;111;0;2;0;0;2;109;81;28;
234616022;200;103;1;288;1;96;1;4;96;0;1;0;0;1;95;72;23;
234616023;250;140;0;333;2;110;2;2;110;0;3;1;0;4;106;82;24;
234616024;500;328;0;598;1;172;1;3;172;1;1;0;0;2;170;128;42;
234616025;298;152;1;427;5;145;5;4;145;0;4;0;0;4;141;108;33;
234616026;300;180;0;401;6;120;6;0;120;1;0;0;0;1;119;96;23;
234616027;400;255;1;506;1;144;1;3;144;2;1;0;0;3;141;99;42;
234616028;400;171;0;531;0;229;0;23;229;1;7;0;0;8;221;186;35;
234616029;399;209;5;504;11;185;11;6;185;1;2;2;0;5;180;134;46;
234616030;400;206;0;500;2;194;2;1;194;0;0;1;0;1;193;164;29;
234616031;400;189;0;509;2;211;2;3;211;3;3;0;0;6;205;145;60;
234616032;400;174;0;552;1;226;1;3;226;0;3;0;0;3;223;193;30;
234616033;300;151;0;414;0;149;0;0;149;3;5;0;0;8;141;97;44;
234616034;300;135;0;391;0;165;0;1;165;1;3;0;0;4;161;141;20;
234616035;451;241;1;550;0;209;0;3;209;2;1;1;0;4;205;157;48;
234616036;350;163;0;470;3;187;3;1;187;4;1;0;0;5;182;139;43;
234616037;450;200;0;586;0;250;0;2;250;2;2;0;0;4;246;207;39;
234616038;351;136;1;486;1;214;1;1;214;1;3;0;0;4;210;179;31;
234616039;450;286;1;562;0;163;0;9;163;5;4;0;0;9;154;115;39;
234616040;300;170;0;391;1;130;1;2;130;2;0;0;0;2;128;99;29;
234616041;350;162;1;488;0;187;0;4;187;0;2;0;0;2;185;152;33;
234616042;500;292;1;645;0;207;0;3;207;0;1;0;0;1;206;170;36;
234616043;350;151;0;461;1;199;1;4;199;1;6;0;0;7;192;148;44;
234616044;400;190;0;511;0;210;0;2;210;1;2;0;0;3;207;158;49;
234616045;500;236;0;670;1;264;1;3;264;1;2;1;0;4;260;213;47;
234616046;900;572;0;1133;4;328;4;3;328;1;4;0;0;5;323;271;52;
234616047;300;220;0;382;3;80;3;6;80;0;3;0;0;3;77;55;22;
234616048;97;32;0;95;26;65;26;6;65;0;0;0;0;0;65;51;14;
234616049;400;231;0;415;0;169;0;4;169;2;4;2;0;8;161;125;36;
234617001;890;664;0;896;0;226;0;4;226;0;6;1;0;7;219;146;73;
234617002;1026;762;0;1032;2;264;2;2;264;2;2;0;0;4;260;199;61;
234617003;990;722;0;997;7;268;7;0;268;0;1;0;0;1;267;183;84;
234617004;195;139;0;195;9;56;9;0;56;0;3;0;0;3;53;34;19;
234617005;781;533;0;785;0;248;0;3;248;4;1;0;0;5;243;183;60;
234617006;892;602;0;893;4;290;4;1;290;2;9;0;0;11;279;181;98;
234617007;933;662;0;938;0;271;0;3;271;0;1;8;0;9;262;179;83;
234617008;830;575;1;836;1;254;1;2;254;5;3;0;0;8;246;172;74;
234617009;500;306;0;663;0;194;0;2;194;0;6;0;0;6;188;134;54;
234617010;498;309;0;596;0;189;0;0;189;10;0;0;0;10;179;111;68;
234617011;282;129;0;389;4;153;4;0;153;0;4;0;0;4;149;103;46;
234617012;731;510;0;735;4;221;4;0;221;0;6;0;0;6;215;148;67;
234617013;771;554;0;775;4;217;4;3;217;0;5;0;0;5;212;120;92;
234617014;713;556;0;713;2;157;2;0;157;3;0;0;0;3;154;87;67;
234617015;610;454;0;610;1;156;1;0;156;2;1;0;0;3;153;103;50;
234617017;734;465;0;734;3;269;3;0;269;3;5;1;1;10;259;183;76;
234617018;671;437;4;761;1;230;1;2;230;5;0;3;0;8;222;151;71;
234617019;824;586;0;834;0;238;0;0;238;3;4;4;0;11;227;161;66;
234617020;1117;739;0;1121;0;378;0;0;378;15;0;0;0;15;363;274;89;
234617021;963;652;0;971;0;311;0;4;311;8;0;0;0;8;303;205;98;
234617022;813;673;0;814;0;140;0;0;140;1;6;0;0;7;133;90;43;
234617023;759;538;2;768;1;219;1;7;219;0;2;3;1;6;213;151;62;
234617024;968;660;1;980;3;307;3;1;307;1;5;4;0;10;297;209;88;
234617025;814;609;0;814;0;205;0;0;205;0;7;0;0;7;198;128;70;
234617026;495;364;0;586;0;131;0;1;131;0;8;0;0;8;123;77;46;
234617027;795;611;8;798;2;176;2;0;176;5;3;0;0;8;168;111;57;
234617028;920;744;0;925;0;176;0;2;176;3;4;0;0;7;169;131;38;
234617029;769;536;0;772;0;233;0;0;233;3;7;1;0;11;222;154;68;
234617030;811;583;0;819;1;228;1;4;228;1;2;4;0;7;221;150;71;
234617031;951;676;2;951;1;273;1;3;273;3;0;0;0;3;270;186;84;
234617032;869;571;2;875;1;296;1;3;296;2;3;0;0;5;291;229;62;
234617033;570;402;4;572;1;164;1;1;164;0;3;1;0;4;160;114;46;
234617034;848;574;4;854;0;270;0;0;270;3;0;1;0;4;266;219;47;
234617035;969;676;0;973;0;293;0;1;293;0;6;0;0;6;287;231;56;
234617036;92;64;0;58;0;28;0;7;28;0;0;0;0;0;28;18;10;
234617038;1299;875;0;1315;1;424;1;0;424;3;6;0;0;9;415;323;92;
234617039;1175;846;0;1180;1;329;1;1;329;0;3;0;0;3;326;245;81;
234617040;703;493;0;710;7;210;7;0;210;3;0;0;0;3;207;161;46;
234617041;1163;748;0;1184;1;415;1;13;415;3;1;1;1;6;409;314;95;
234617042;958;665;0;965;0;293;0;6;293;2;5;0;0;7;286;211;75;
234617043;638;435;6;640;1;197;1;4;197;3;2;1;0;6;191;162;29;
234617044;624;426;0;626;0;198;0;3;198;0;2;0;0;2;196;153;43;
234617045;735;463;0;749;2;272;2;9;272;2;0;5;0;7;265;203;62;
234617046;425;250;0;427;0;175;0;0;175;1;3;0;0;4;171;136;35;
234617047;637;419;0;639;1;218;1;0;218;0;6;0;0;6;212;148;64;
234617048;659;389;0;664;0;270;0;0;270;0;5;0;0;5;265;212;53;
234617049;650;391;0;650;0;259;0;0;259;0;10;0;0;10;249;202;47;
234617050;647;379;0;647;0;268;0;0;268;1;3;3;0;7;261;206;55;
234617051;628;405;0;628;1;223;1;0;223;0;0;0;0;0;223;176;47;
234617052;896;595;0;909;0;301;0;7;301;0;5;0;0;5;296;246;50;
234617053;717;493;0;722;0;224;0;5;224;0;1;1;0;2;222;166;56;
234617054;547;410;0;555;0;137;0;6;137;0;1;0;0;1;136;82;54;
234623001;630;412;0;634;0;218;0;2;218;5;1;0;0;6;212;182;30;
234623002;450;302;1;462;0;147;0;3;147;0;1;0;0;1;146;123;23;
234623003;970;693;0;986;0;277;0;0;277;0;1;1;0;2;275;206;69;
234623004;650;417;0;853;0;233;0;0;233;0;2;0;0;2;231;178;53;
234623005;780;560;0;784;1;220;1;0;220;4;1;0;0;5;215;169;46;
234623006;930;674;0;937;0;256;0;0;256;0;0;1;0;1;255;205;50;
234623008;580;403;0;595;0;177;0;3;177;1;2;0;0;3;174;124;50;
234623009;690;468;0;701;0;222;0;4;222;3;1;0;0;4;218;153;65;
234623010;780;563;0;785;0;217;0;0;217;1;0;0;0;1;216;168;48;
234623011;690;526;0;694;0;164;0;1;164;0;2;0;0;2;162;117;45;
234623012;650;441;0;662;0;209;0;0;209;0;2;0;0;2;207;171;36;
234623013;640;447;0;650;0;193;0;3;193;0;1;0;0;1;192;148;44;
234623014;570;400;0;573;1;170;1;0;170;0;0;0;0;0;170;128;42;
234623015;530;363;2;547;0;165;0;2;165;1;0;3;0;4;161;105;56;
234623016;471;316;0;474;0;155;0;0;155;2;0;0;0;2;153;98;55;
234623017;780;528;0;797;0;252;0;0;252;0;3;3;0;6;246;182;64;
234623019;870;637;1;885;0;232;0;3;232;1;0;1;0;2;230;166;64;
234623020;860;612;0;875;0;248;0;1;248;3;3;3;0;9;239;150;89;
234623021;730;433;0;740;1;297;1;0;297;0;3;0;0;3;294;199;95;
234623022;560;343;0;566;0;217;0;0;217;0;3;0;0;3;214;161;53;
234623023;520;351;0;520;0;169;0;0;169;0;0;3;0;3;166;117;49;
234623024;520;330;0;524;0;190;0;0;190;3;0;0;0;3;187;133;54;
234623025;910;651;1;921;1;258;1;3;258;6;2;0;0;8;250;168;82;
234623026;940;695;0;945;0;245;0;3;245;0;3;0;0;3;242;148;94;
234623027;750;535;0;753;0;215;0;2;215;2;1;0;0;3;212;147;65;
234623028;670;506;0;688;0;164;0;6;164;0;5;0;0;5;159;111;48;
234623029;570;384;1;573;1;185;1;0;185;1;2;0;0;3;182;115;67;
234623030;740;519;0;748;1;221;1;0;221;1;2;1;0;4;217;158;59;
234623031;85;50;0;91;0;35;0;5;35;0;0;0;0;0;35;22;13;
244601001;600;415;0;664;10;185;10;0;185;2;0;0;0;2;183;154;29;
244601002;600;377;0;732;3;223;3;0;223;1;12;0;0;13;210;149;61;
244601003;600;426;1;723;1;173;1;0;173;5;4;0;0;9;164;105;59;
244601004;800;551;1;728;1;248;1;17;248;0;6;1;0;7;241;175;66;
244601005;600;392;0;813;3;208;3;2;208;3;12;2;0;17;191;125;66;
244601006;600;402;0;709;0;198;0;2;198;0;11;0;0;11;187;119;68;
244601007;600;406;0;796;4;194;4;0;194;1;3;0;0;4;190;124;66;
244601008;600;401;1;666;1;198;1;0;198;3;12;0;0;15;183;130;53;
244601009;800;550;1;873;9;249;9;0;249;3;7;0;0;10;239;173;66;
244601010;800;549;3;802;5;248;5;5;248;1;8;0;0;9;239;182;57;
244601011;800;505;2;852;8;293;8;18;293;6;11;0;0;17;276;215;61;
244601012;800;537;2;816;0;261;0;3;261;3;7;0;0;10;251;178;73;
244601013;887;624;12;832;2;251;2;4;251;5;10;0;0;15;236;170;66;
244601014;600;362;1;803;1;237;1;0;237;1;6;1;0;8;229;185;44;
244601015;600;423;0;591;0;177;0;3;177;1;6;0;0;7;170;125;45;
244601016;600;352;0;789;2;248;2;2;248;11;0;0;0;11;237;153;84;
244601017;500;356;2;551;0;142;0;7;142;2;5;0;0;7;135;101;34;
244601018;600;388;0;745;2;212;2;0;212;2;3;0;0;5;207;149;58;
244601019;600;368;1;787;0;231;0;0;231;0;6;0;0;6;225;175;50;
244601020;600;436;0;717;0;164;0;2;164;5;5;0;0;10;154;107;47;
244601021;800;549;1;752;7;250;7;5;250;0;8;5;0;13;237;175;62;
244601022;800;541;0;834;3;259;3;0;259;6;8;1;0;15;244;180;64;
244601023;600;438;2;625;0;160;0;0;160;3;0;0;0;3;157;111;46;
244601024;630;457;2;669;0;171;0;2;171;0;12;0;0;12;159;110;49;
244601025;600;367;0;615;5;233;5;0;233;1;6;0;0;7;226;186;40;
244601026;614;424;0;742;1;190;1;2;190;3;2;0;0;5;185;141;44;
244601027;600;387;1;690;1;212;1;0;212;0;13;0;0;13;199;127;72;
244601028;800;532;0;961;5;268;5;2;268;2;11;0;0;13;255;205;50;
244601029;800;589;0;806;1;211;1;5;211;14;0;0;0;14;197;138;59;
244601030;600;371;0;740;1;229;1;0;229;11;0;0;0;11;218;168;50;
244601031;600;416;0;574;0;184;0;0;184;0;3;0;0;3;181;127;54;
244601032;600;379;0;752;3;221;3;0;221;1;8;0;0;9;212;166;46;
244601033;600;380;0;765;1;220;1;0;220;11;0;0;0;11;209;167;42;
244601034;600;429;1;682;4;170;4;7;170;1;8;2;0;11;159;93;66;
244601035;600;400;2;716;5;198;5;5;198;0;4;5;0;9;189;139;50;
244601036;800;574;1;829;4;225;4;4;225;3;7;2;0;12;213;141;72;
244601037;800;551;1;868;9;248;9;0;248;2;8;5;0;15;233;152;81;
244601038;620;415;2;809;3;203;3;2;203;2;8;2;0;12;191;135;56;
244601039;600;349;0;813;8;251;8;4;251;2;8;0;0;10;241;168;73;
244601040;600;370;0;676;0;230;0;0;230;4;9;0;0;13;217;163;54;
244601041;800;410;0;835;1;390;1;0;390;8;1;1;0;10;380;321;59;
244601042;600;258;0;719;0;342;0;0;342;18;0;0;0;18;324;269;55;
244601043;256;219;0;61;0;37;0;7;37;1;0;0;0;1;36;35;1;
244601044;200;144;0;83;0;56;0;12;56;2;1;0;0;3;53;36;17;
244603001;400;275;2;455;3;123;3;3;123;1;3;0;0;4;119;88;31;
244603002;500;318;0;620;0;182;0;0;182;1;4;0;0;5;177;129;48;
244603003;500;356;0;517;8;144;8;0;144;4;0;0;0;4;140;98;42;
244603004;900;694;0;926;0;206;0;0;206;1;3;0;0;4;202;143;59;
244603006;1000;687;0;1395;5;313;5;0;313;0;2;0;0;2;311;244;67;
244603008;500;391;0;755;3;109;3;0;109;0;6;2;0;8;101;71;30;
244603009;700;471;0;905;6;229;6;0;229;5;2;2;0;9;220;171;49;
244603011;500;348;0;723;5;152;5;0;152;4;2;5;0;11;141;95;46;
244603012;1000;771;0;998;2;229;2;0;229;5;0;0;0;5;224;164;60;
244603014;700;554;0;798;0;146;0;0;146;1;4;0;0;5;141;88;53;
244603016;400;282;0;447;1;118;1;1;118;2;4;0;0;6;112;81;31;
244603017;500;376;0;544;2;124;2;0;124;2;0;0;0;2;122;90;32;
244603018;1000;738;1;1053;7;261;7;6;261;3;3;0;0;6;255;170;85;
244603020;500;365;1;528;1;134;1;8;134;0;2;0;0;2;132;96;36;
244603021;500;387;0;674;5;113;5;2;113;4;0;0;0;4;109;64;45;
244603022;500;290;0;752;1;210;1;5;210;2;5;2;0;9;201;126;75;
244603024;800;574;0;824;1;226;1;0;226;0;4;0;0;4;222;144;78;
244603025;600;386;0;741;1;214;1;6;214;3;5;0;0;8;206;145;61;
244603026;900;664;2;936;1;234;1;5;234;0;10;0;0;10;224;172;52;
244603028;800;574;1;873;0;225;0;3;225;12;0;0;0;12;213;143;70;
244603031;400;275;3;494;1;122;1;1;122;5;1;1;0;7;115;78;37;
244603032;500;372;0;543;7;128;7;0;128;2;0;3;0;5;123;67;56;
244603034;500;281;0;662;0;219;0;5;219;0;2;0;0;2;217;169;48;
244603035;500;291;1;594;1;208;1;0;208;6;6;0;0;12;196;143;53;
244603036;600;292;0;775;0;308;0;0;308;10;0;0;0;10;298;213;85;
244603037;900;604;1;944;6;295;6;3;295;2;3;7;0;12;283;200;83;
244603038;500;226;0;803;1;274;1;6;274;2;4;0;2;8;266;198;68;
244603039;240;131;1;331;5;108;5;4;108;3;3;0;0;6;102;82;20;
244603040;300;183;0;354;8;117;8;0;117;0;9;0;0;9;108;70;38;
244603041;500;296;0;714;0;204;0;1;204;3;2;0;0;5;199;152;47;
244603042;833;515;0;843;3;318;3;5;318;2;2;0;0;4;314;232;82;
244603043;800;542;1;833;3;257;3;4;257;5;0;0;0;5;252;200;52;
244603044;500;282;0;729;8;218;8;5;218;0;1;0;0;1;217;169;48;
244603045;700;465;0;894;0;235;0;9;235;0;1;0;0;1;234;166;68;
244603046;900;576;1;911;0;323;0;6;323;3;0;0;0;3;320;251;69;
244603047;500;287;1;751;0;212;0;1;212;0;1;0;0;1;211;118;93;
244603048;800;560;0;826;1;240;1;3;240;5;11;0;0;16;224;145;79;
244603050;500;259;1;747;8;240;8;3;240;2;4;6;0;12;228;181;47;
244603052;500;326;0;608;0;174;0;6;174;0;3;0;0;3;171;118;53;
244603053;700;452;0;862;1;248;1;3;248;0;10;0;0;10;238;192;46;
244603054;400;240;0;500;2;160;2;15;160;1;1;4;0;6;154;116;38;
244603055;500;253;0;778;4;247;4;0;247;3;1;2;2;8;239;178;61;
244603056;500;307;3;662;0;190;0;0;190;0;0;0;0;0;190;140;50;
244603057;600;342;1;769;0;257;0;1;257;2;2;4;0;8;249;184;65;
244603058;500;291;0;553;1;209;1;1;209;0;2;4;0;6;203;142;61;
244603059;500;275;0;633;4;225;4;2;225;0;1;0;0;1;224;176;48;
244603060;500;250;2;671;0;248;0;1;248;1;1;0;0;2;246;176;70;
244603061;500;243;0;563;3;257;3;9;257;0;5;0;0;5;252;196;56;
244603062;500;290;0;656;0;210;0;0;210;3;2;0;0;5;205;155;50;
244603063;500;248;0;689;0;252;0;6;252;6;3;0;0;9;243;181;62;
244603064;600;358;2;740;0;240;0;9;240;8;1;0;0;9;231;162;69;
244604001;850;649;1;881;4;200;4;2;200;2;1;0;0;3;197;163;34;
244604002;600;415;0;649;5;185;5;3;185;0;15;0;0;15;170;133;37;
244604003;450;347;1;476;0;102;0;3;102;0;3;0;0;3;99;61;38;
244604004;350;236;0;356;3;114;3;10;114;2;0;0;0;2;112;69;43;
244604005;450;300;0;444;0;150;0;5;150;2;11;0;0;13;137;113;24;
244604006;350;227;0;376;0;123;0;2;123;2;1;0;0;3;120;91;29;
244604007;550;391;6;582;0;153;0;1;153;1;6;0;0;7;146;101;45;
244604008;500;355;0;519;0;145;0;2;145;3;2;0;0;5;140;101;39;
244604009;500;332;0;522;3;168;3;2;168;1;2;1;0;4;164;103;61;
244604010;450;336;0;455;1;114;1;2;114;1;2;4;0;7;107;79;28;
244604011;350;268;0;358;1;82;1;2;82;1;1;0;0;2;80;50;30;
244604012;600;418;1;634;2;181;2;1;181;4;1;0;0;5;176;120;56;
244604013;650;412;1;669;0;237;0;0;237;5;0;1;0;6;231;177;54;
244604016;700;483;1;752;6;216;6;6;216;1;6;2;0;9;207;156;51;
244604018;850;546;0;870;2;304;2;1;304;2;5;1;0;8;296;222;74;
244604020;400;274;2;448;1;124;1;3;124;0;5;0;0;5;119;76;43;
244604021;400;272;1;444;1;127;1;1;127;0;2;0;0;2;125;96;29;
244604022;550;377;2;566;0;171;0;1;171;2;3;0;0;5;166;122;44;
244604023;600;404;0;625;0;196;0;1;196;6;2;2;0;10;186;137;49;
244604024;500;341;0;523;2;159;2;0;159;0;4;0;0;4;155;114;41;
244604025;550;330;1;595;3;219;3;14;219;1;1;2;0;4;215;168;47;
244604027;650;414;0;694;10;236;10;0;236;4;3;0;0;7;229;174;55;
244604028;600;388;1;621;2;211;2;0;211;14;0;0;0;14;197;148;49;
244604029;600;391;0;633;3;209;3;0;209;3;5;0;0;8;201;148;53;
244604030;550;337;0;566;8;213;8;2;213;4;6;0;0;10;203;160;43;
244604031;350;214;1;366;0;135;0;2;135;0;1;0;0;1;134;111;23;
244604032;100;57;0;40;3;43;3;0;43;1;0;3;1;5;38;29;9;
244604033;650;428;2;662;0;220;0;0;220;0;3;0;0;3;217;177;40;
244604034;600;406;0;642;3;194;3;0;194;1;5;0;0;6;188;144;44;
244604035;450;268;0;490;10;182;10;4;182;2;7;1;0;10;172;143;29;
244604036;600;408;0;633;4;192;4;6;192;1;12;0;0;13;179;149;30;
244604037;450;282;1;447;2;167;2;0;167;0;13;0;0;13;154;121;33;
244604038;450;293;0;484;2;157;2;3;157;0;3;0;0;3;154;124;30;
244604039;500;348;0;520;3;152;3;8;152;1;3;9;0;13;139;98;41;
244604040;450;302;0;474;3;148;3;3;148;1;6;0;0;7;141;109;32;
244604042;500;320;1;534;0;179;0;4;179;0;0;12;0;12;167;131;36;
244604043;500;317;1;519;0;182;0;3;182;1;7;0;0;8;174;135;39;
244604044;550;361;0;589;1;189;1;0;189;9;0;0;0;9;180;121;59;
244604045;900;615;0;957;2;285;2;4;285;5;0;0;0;5;280;220;60;
244604046;650;429;2;689;0;219;0;2;219;0;8;3;0;11;208;158;50;
244604047;600;398;0;606;3;202;3;0;202;2;6;0;0;8;194;146;48;
244604049;650;381;0;665;1;269;1;0;269;3;0;3;0;6;263;231;32;
244604050;350;212;0;370;0;138;0;2;138;0;2;2;0;4;134;104;30;
244604051;700;471;0;741;3;229;3;4;229;0;1;8;0;9;220;160;60;
244604053;650;463;0;694;4;187;4;4;187;4;4;0;0;8;179;134;45;
244604054;500;315;1;555;16;184;16;16;184;2;2;0;1;5;179;139;40;
244604055;850;599;0;901;0;251;0;0;251;2;6;0;0;8;243;186;57;
244604056;450;312;3;479;0;135;0;3;135;0;0;0;0;0;135;107;28;
244604057;700;465;1;712;0;234;0;3;234;1;8;0;0;9;225;167;58;
244604058;400;272;0;444;0;128;0;0;128;0;5;0;0;5;123;94;29;
244605001;300;154;1;473;0;145;0;1;145;1;0;0;0;1;144;109;35;
244605002;300;147;0;509;0;153;0;0;153;0;5;0;0;5;148;119;29;
244605003;300;127;0;527;3;173;3;0;173;4;8;0;0;12;161;116;45;
244605004;300;141;0;483;1;159;1;6;159;0;6;0;0;6;153;106;47;
244605005;400;204;0;638;0;196;0;4;196;5;6;0;0;11;185;123;62;
244605006;300;143;0;454;1;157;1;0;157;2;3;1;0;6;151;110;41;
244605007;400;247;0;597;0;153;0;4;153;0;2;0;0;2;151;113;38;
244605008;450;242;0;708;0;208;0;0;208;0;9;0;0;9;199;143;56;
244605009;550;272;0;934;2;278;2;0;278;0;2;6;0;8;270;192;78;
244605010;300;126;0;664;3;174;3;10;174;1;9;0;0;10;164;113;51;
244605011;300;164;2;456;1;134;1;2;134;0;4;0;0;4;130;98;32;
244605012;500;208;0;798;0;292;0;4;292;0;7;0;1;8;284;218;66;
244605013;400;190;1;593;0;209;0;0;209;2;0;2;0;4;205;154;51;
244605014;450;195;0;780;2;255;2;0;255;1;5;0;0;6;249;191;58;
244605015;450;201;0;726;0;249;0;2;249;0;10;0;0;10;239;181;58;
244605016;500;199;0;849;0;301;0;4;301;3;10;0;0;13;288;222;66;
244605017;500;195;0;879;0;305;0;4;305;1;4;0;0;5;300;226;74;
244605018;450;222;0;745;2;228;2;0;228;0;3;4;0;7;221;136;85;
244605019;500;268;0;843;4;232;4;0;232;1;8;0;0;9;223;158;65;
244605020;300;133;0;445;7;167;7;0;167;0;0;0;4;4;163;118;45;
244605021;350;174;0;577;1;176;1;1;176;8;1;0;0;9;167;120;47;
244605022;250;127;0;398;0;123;0;0;123;0;2;0;0;2;121;82;39;
244605023;350;137;0;573;2;213;2;0;213;1;4;0;0;5;208;134;74;
244605024;350;209;0;586;0;141;0;0;141;0;1;0;0;1;140;102;38;
244605025;500;236;0;757;0;264;0;0;264;0;5;9;0;14;250;201;49;
244605026;300;100;1;502;0;199;0;0;199;1;3;0;0;4;195;133;62;
244605027;500;229;0;773;4;271;4;0;271;1;5;0;0;6;265;204;61;
244605028;500;215;0;803;0;285;0;1;285;0;3;0;0;3;282;238;44;
244605029;400;149;0;668;0;251;0;0;251;2;4;0;0;6;245;193;52;
244605030;500;163;2;833;0;335;0;1;335;4;2;0;1;7;328;241;87;
244605031;450;268;0;601;0;182;0;0;182;3;0;0;0;3;179;131;48;
244605032;450;251;0;583;0;199;0;0;199;1;0;2;0;3;196;159;37;
244605033;309;149;0;529;0;160;0;0;160;0;2;2;0;4;156;115;41;
244605034;450;182;0;723;0;268;0;0;268;5;0;0;0;5;263;196;67;
244605035;250;134;0;383;0;116;0;8;116;2;1;0;0;3;113;91;22;
244605036;450;223;0;610;0;227;0;0;227;0;2;0;0;2;225;152;73;
244605037;300;159;0;435;0;141;0;0;141;1;2;0;0;3;138;107;31;
244605038;400;217;0;659;0;183;0;4;183;3;3;0;0;6;177;118;59;
244605039;300;135;0;511;0;165;0;0;165;0;5;0;0;5;160;107;53;
244605040;238;104;0;510;5;134;5;0;134;4;0;0;0;4;130;88;42;
244605041;450;199;0;762;0;251;0;0;251;4;0;0;0;4;247;167;80;
244605042;231;71;0;522;1;160;1;1;160;0;1;4;0;5;155;94;61;
244605043;430;267;0;690;1;163;1;0;163;0;1;0;0;1;162;123;39;
244605044;600;334;0;934;0;266;0;0;266;0;0;8;0;8;258;218;40;
244605045;550;343;0;866;0;207;0;0;207;5;0;0;0;5;202;156;46;
244605046;350;228;0;522;5;122;5;0;122;0;1;0;0;1;121;92;29;
244605047;350;171;0;566;0;179;0;5;179;6;0;0;0;6;173;137;36;
244605048;400;186;0;629;0;214;0;0;214;1;2;0;0;3;211;163;48;
244605049;450;303;0;705;0;147;0;0;147;0;1;0;0;1;146;106;40;
244605050;500;256;0;786;2;244;2;0;244;10;0;0;0;10;234;156;78;
244605051;413;241;0;621;0;172;0;3;172;0;6;0;0;6;166;116;50;
244605052;270;167;0;412;0;103;0;6;103;0;3;5;0;8;95;56;39;
244605053;293;163;1;499;0;129;0;5;129;1;0;0;0;1;128;85;43;
244605054;450;248;0;699;1;202;1;4;202;1;1;0;0;2;200;133;67;
244605055;350;220;0;523;0;130;0;0;130;2;0;0;0;2;128;92;36;
244605056;400;241;0;523;0;159;0;2;159;2;0;1;0;3;156;97;59;
244605057;410;209;0;699;0;201;0;3;201;6;1;0;0;7;194;141;53;
244605058;450;219;0;822;3;231;3;0;231;0;1;0;0;1;230;169;61;
244605059;550;323;0;751;0;227;0;5;227;0;10;0;0;10;217;154;63;
244605060;550;318;0;876;6;232;6;0;232;0;2;7;0;9;223;175;48;
244605061;550;271;0;898;2;279;2;0;279;10;0;0;0;10;269;211;58;
244605062;131;91;0;138;0;40;0;0;40;0;0;0;0;0;40;29;11;
244605063;79;11;0;89;7;68;7;7;68;2;0;0;0;2;66;48;18;
244605064;104;50;2;85;0;52;0;3;52;0;2;2;0;4;48;40;8;
244605065;415;120;0;389;0;295;0;0;295;6;12;0;0;18;277;199;78;
244605066;100;33;0;88;0;67;0;0;67;1;1;3;0;5;62;41;21;
244606001;650;463;2;691;0;185;0;3;185;2;1;0;0;3;182;138;44;
244606002;800;567;0;838;0;233;0;4;233;1;10;0;1;12;221;161;60;
244606003;900;631;0;921;4;269;4;4;269;0;0;5;0;5;264;200;64;
244606004;950;629;0;953;0;321;0;4;321;8;4;0;0;12;309;234;75;
244606005;850;560;0;880;0;290;0;0;290;4;3;1;0;8;282;218;64;
244606006;750;467;0;767;1;283;1;0;283;11;0;0;0;11;272;217;55;
244606007;750;454;1;810;0;295;0;0;295;1;0;1;0;2;293;238;55;
244606008;950;652;3;981;0;295;0;3;295;1;5;1;0;7;288;220;68;
244606009;1000;745;0;1001;0;255;0;1;255;1;0;0;0;1;254;181;73;
244606010;900;665;3;905;0;232;0;1;232;0;0;2;0;2;230;182;48;
244606011;900;656;0;905;0;244;0;0;244;2;0;8;0;10;234;165;69;
244606012;800;535;2;826;0;263;0;3;263;1;2;3;0;6;257;206;51;
244606013;750;540;0;750;0;210;0;2;210;0;0;0;0;0;210;171;39;
244606014;850;653;3;894;0;194;0;3;194;1;3;0;0;4;190;140;50;
244606015;600;435;0;614;0;165;0;11;165;0;0;1;0;1;164;142;22;
244606016;700;480;0;701;0;220;0;5;220;0;5;0;0;5;215;155;60;
244606017;900;613;0;927;0;287;0;2;287;3;5;0;0;8;279;190;89;
244606018;950;639;0;942;0;311;0;3;311;1;5;5;0;11;300;213;87;
244606019;850;561;0;865;10;289;10;0;289;9;0;0;0;9;280;217;63;
244606020;950;684;1;939;3;265;3;2;265;0;4;1;0;5;260;194;66;
244606021;750;495;1;775;2;254;2;0;254;4;0;0;0;4;250;183;67;
244606022;650;445;1;681;0;204;0;8;204;1;1;0;0;2;202;148;54;
244606023;850;587;2;876;1;261;1;3;261;1;3;0;0;4;257;185;72;
244606024;900;615;1;911;0;284;0;5;284;1;2;1;0;4;280;202;78;
244606025;900;645;0;928;2;255;2;0;255;1;5;0;0;6;249;182;67;
244606026;850;607;0;880;0;243;0;0;243;3;4;0;0;7;236;175;61;
244606027;950;658;1;967;0;291;0;2;291;1;2;2;0;5;286;221;65;
244606028;900;673;0;935;0;227;0;2;227;2;3;0;0;5;222;165;57;
244606029;900;606;4;931;6;290;6;11;290;7;4;0;0;11;279;188;91;
244606030;850;611;2;854;1;237;1;0;237;2;0;0;0;2;235;166;69;
244606031;950;661;0;946;0;289;0;2;289;0;4;0;0;4;285;198;87;
244606032;950;625;0;952;0;325;0;0;325;1;8;0;0;9;316;245;71;
244606033;900;562;1;900;6;337;6;3;337;1;2;0;0;3;334;281;53;
244606034;950;666;0;941;0;284;0;0;284;1;2;0;0;3;281;212;69;
244606035;700;481;1;794;1;218;1;4;218;11;3;0;0;14;204;151;53;
244606036;950;708;2;942;0;240;0;5;240;2;1;0;0;3;237;187;50;
244606037;750;538;1;784;0;211;0;5;211;2;3;0;0;5;206;152;54;
244606038;850;570;0;931;3;280;3;0;280;1;6;6;0;13;267;207;60;
244606039;700;448;0;805;0;252;0;5;252;0;6;3;0;9;243;200;43;
244606040;900;596;0;966;3;304;3;0;304;1;3;0;0;4;300;199;101;
244606041;900;617;0;981;1;283;1;1;283;0;3;0;0;3;280;210;70;
244606042;850;591;4;909;0;255;0;1;255;1;1;1;0;3;252;188;64;
244606043;850;621;0;914;3;229;3;0;229;0;0;8;0;8;221;158;63;
244606044;850;552;0;936;1;298;1;8;298;5;3;0;0;8;290;210;80;
244606045;850;557;0;903;0;293;0;0;293;1;5;0;0;6;287;204;83;
244606046;800;540;1;885;4;259;4;0;259;0;1;2;0;3;256;190;66;
244606047;800;533;1;869;0;266;0;2;266;7;0;0;0;7;259;198;61;
244606048;800;499;0;888;0;301;0;2;301;2;9;0;0;11;290;220;70;
244606049;800;542;0;852;0;258;0;1;258;5;1;0;0;6;252;192;60;
244606050;800;505;0;873;3;295;3;0;295;2;1;1;0;4;291;202;89;
244606051;500;350;0;554;10;150;10;12;150;8;0;0;0;8;142;122;20;
244606052;850;677;1;960;0;172;0;5;172;2;1;5;0;8;164;116;48;
244606053;800;558;0;860;0;242;0;5;242;0;3;0;0;3;239;178;61;
244606054;700;506;2;758;1;192;1;1;192;5;0;0;0;5;187;140;47;
244606055;750;529;0;824;1;221;1;6;221;6;1;0;0;7;214;148;66;
244606056;400;243;0;498;18;157;18;17;157;0;0;0;0;0;157;106;51;
244606057;650;462;1;730;0;187;0;3;187;2;1;4;0;7;180;123;57;
244606058;900;589;0;962;0;311;0;3;311;2;3;2;0;7;304;226;78;
244606059;900;676;0;983;3;224;3;0;224;0;3;0;0;3;221;146;75;
244606060;900;593;0;959;0;307;0;3;307;0;11;0;0;11;296;188;108;
244606061;500;346;1;559;0;153;0;3;153;0;2;0;0;2;151;126;25;
244606062;750;521;2;827;0;227;0;2;227;1;2;0;0;3;224;163;61;
244606063;800;580;0;875;0;220;0;0;220;0;0;0;0;0;220;150;70;
244606064;700;459;0;767;0;241;0;2;241;2;3;0;0;5;236;154;82;
244606065;750;549;0;836;4;201;4;0;201;0;2;1;0;3;198;131;67;
244606066;840;602;1;844;1;237;1;2;237;0;8;0;0;8;229;176;53;
244606067;750;545;1;818;0;204;0;0;204;0;2;0;0;2;202;148;54;
244606068;900;561;1;1011;0;338;0;0;338;0;1;2;0;3;335;250;85;
244606069;700;463;0;756;1;237;1;2;237;0;8;0;0;8;229;160;69;
244606070;800;518;1;902;0;281;0;0;281;3;5;0;0;8;273;213;60;
244606071;650;442;0;705;1;208;1;0;208;2;0;0;0;2;206;159;47;
244606072;900;613;1;286;5;286;5;5;286;2;0;0;2;4;282;214;68;
244606073;900;651;3;915;1;246;1;0;246;4;5;0;0;9;237;202;35;
244606074;850;556;1;939;0;293;0;6;293;2;5;0;0;7;286;211;75;
244606075;589;392;1;679;0;196;0;1;196;0;2;0;0;2;194;155;39;
244606076;600;404;0;688;0;196;0;9;196;0;3;0;0;3;193;124;69;
244607001;500;302;0;505;0;198;0;0;198;4;0;0;0;4;194;154;40;
244607002;500;281;0;474;0;219;0;0;219;4;2;0;0;6;213;177;36;
244607003;500;320;0;447;0;180;0;7;180;1;4;0;0;5;175;146;29;
244607004;700;402;0;726;2;298;2;0;298;5;12;1;0;18;280;215;65;
244607005;800;554;2;793;0;244;0;2;244;5;0;0;0;5;239;188;51;
244607006;700;441;0;731;2;259;2;3;259;5;5;0;0;10;249;177;72;
244607007;800;531;0;869;2;269;2;3;269;1;5;1;0;7;262;191;71;
244607008;500;274;0;555;0;226;0;0;226;1;1;0;0;2;224;180;44;
244607009;700;490;0;709;6;210;6;6;210;1;3;0;0;4;206;167;39;
244607010;700;421;0;744;1;279;1;0;279;0;2;0;0;2;277;227;50;
244607011;500;271;2;540;3;227;3;6;227;2;6;0;0;8;219;185;34;
244607012;600;377;0;603;0;223;0;1;223;2;1;0;0;3;220;172;48;
244607013;500;305;0;484;0;195;0;1;195;1;4;4;0;9;186;136;50;
244607014;697;474;2;691;0;221;0;0;221;2;6;0;0;8;213;158;55;
244607015;600;337;0;650;9;263;9;0;263;2;5;0;0;7;256;199;57;
244607016;600;390;0;592;2;210;2;3;210;1;9;0;0;10;200;153;47;
244607017;700;459;1;744;0;240;0;1;240;1;3;0;0;4;236;186;50;
244607018;700;459;2;706;0;239;0;1;239;2;6;0;0;8;231;189;42;
244607019;700;413;0;687;4;287;4;0;287;2;1;0;0;3;284;222;62;
244607020;693;407;0;710;0;286;0;9;286;1;1;0;0;2;284;226;58;
244607021;800;494;0;843;1;306;1;0;306;2;6;0;0;8;298;231;67;
244607022;391;279;2;380;8;110;8;16;110;0;1;0;0;1;109;76;33;
244607023;600;310;0;610;2;290;2;2;290;1;4;0;0;5;285;251;34;
244607024;700;484;1;743;7;215;7;5;215;1;1;1;0;3;212;138;74;
244607025;400;208;1;433;4;191;4;1;191;0;4;0;0;4;187;144;43;
244607026;800;518;1;852;2;281;2;2;281;3;8;1;0;12;269;186;83;
244607027;497;315;2;464;4;180;4;0;180;3;5;0;0;8;172;134;38;
244607028;800;476;0;804;17;324;17;0;324;11;0;0;0;11;313;252;61;
244607029;500;280;0;576;13;220;13;0;220;7;5;2;0;14;206;157;49;
244607030;508;280;2;543;0;226;0;4;226;0;3;0;0;3;223;199;24;
244607031;500;278;0;545;3;222;3;1;222;1;8;0;0;9;213;155;58;
244607032;600;331;0;662;7;269;7;0;269;7;0;0;0;7;262;221;41;
244607033;600;400;0;646;0;200;0;0;200;0;3;4;0;7;193;139;54;
244607034;600;318;0;627;4;282;4;0;282;4;5;1;0;10;272;225;47;
244607035;606;405;0;606;1;201;1;0;201;0;5;4;0;9;192;164;28;
244607036;601;357;1;654;6;243;6;5;243;1;7;0;1;9;234;171;63;
244607037;800;473;0;796;0;327;0;0;327;1;3;8;0;12;315;261;54;
244607038;400;295;0;370;0;105;0;0;105;1;0;0;0;1;104;63;41;
244607039;800;547;0;795;2;253;2;6;253;1;11;0;0;12;241;190;51;
244607040;800;580;0;795;0;220;0;0;220;0;8;0;0;8;212;156;56;
244607041;800;530;0;840;0;270;0;3;270;2;4;0;0;6;264;213;51;
244607042;800;579;0;767;0;221;0;2;221;4;6;0;0;10;211;158;53;
244607043;1020;710;3;1022;4;307;4;0;307;5;0;0;0;5;302;242;60;
244607044;900;630;1;930;4;269;4;1;269;3;4;0;0;7;262;177;85;
244607045;700;466;0;721;4;234;4;4;234;0;5;0;0;5;229;171;58;
244607046;700;412;0;753;0;288;0;0;288;0;11;0;0;11;277;210;67;
244607047;800;534;2;818;0;264;0;3;264;1;1;1;0;3;261;192;69;
244607048;700;431;0;735;7;269;7;2;269;1;5;1;0;7;262;201;61;
244607049;800;519;1;780;4;280;4;5;280;2;4;0;0;6;274;208;66;
244607050;700;466;1;704;1;233;1;1;233;0;3;0;0;3;230;184;46;
244607051;500;292;0;537;4;208;4;2;208;0;4;0;0;4;204;143;61;
244607052;700;439;0;770;1;261;1;0;261;4;0;0;0;4;257;191;66;
244607053;500;316;0;528;0;184;0;4;184;9;0;0;0;9;175;136;39;
244607054;500;353;0;448;0;147;0;1;147;2;2;0;0;4;143;113;30;
244607055;600;404;0;678;5;196;5;0;196;0;7;0;0;7;189;148;41;
244607056;600;426;0;581;2;174;2;0;174;0;3;0;0;3;171;127;44;
244607057;600;384;0;646;0;216;0;7;216;3;2;0;0;5;211;177;34;
244607058;600;394;0;599;13;206;13;0;206;1;5;0;0;6;200;149;51;
244607059;500;310;0;545;2;190;2;0;190;0;7;0;0;7;183;136;47;
244607060;800;532;0;785;12;268;12;0;268;1;2;0;0;3;265;200;65;
244607061;400;284;0;416;23;116;23;13;116;0;0;0;0;0;116;85;31;
244607062;900;655;0;867;1;245;1;0;245;1;2;0;0;3;242;178;64;
244607063;600;318;0;594;15;282;15;2;282;0;2;0;0;2;280;233;47;
244607064;500;346;0;430;0;154;0;2;154;2;4;0;0;6;148;124;24;
244607065;576;425;0;596;0;151;0;0;151;2;2;0;0;4;147;117;30;
244607066;700;494;0;681;1;206;1;1;206;0;10;0;0;10;196;137;59;
244607067;500;325;0;550;0;175;0;0;175;1;2;0;0;3;172;133;39;
244607068;700;523;0;723;0;177;0;2;177;0;1;4;0;5;172;134;38;
244607069;700;489;0;701;2;211;2;2;211;2;0;0;0;2;209;150;59;
244607070;500;375;0;511;0;125;0;0;125;5;2;0;0;7;118;101;17;
244607071;700;506;0;710;0;194;0;3;194;1;0;10;0;11;183;167;16;
244607072;492;333;0;468;1;159;1;2;159;0;0;3;0;3;156;149;7;
244607073;704;441;2;767;0;261;0;0;261;0;0;3;0;3;258;251;7;
244607074;604;418;0;638;0;186;0;0;186;1;2;3;0;6;180;170;10;
244607075;700;474;0;756;0;226;0;2;226;0;3;1;0;4;222;208;14;
244607076;600;405;0;570;0;195;0;1;195;2;0;2;0;4;191;174;17;
244607077;700;472;2;752;0;226;0;1;226;0;0;1;0;1;225;216;9;
244607078;300;191;0;249;6;109;6;0;109;0;0;0;0;0;109;79;30;
244607079;528;365;0;506;0;163;0;7;163;0;3;0;0;3;160;120;40;
244607080;800;546;0;781;1;254;1;0;254;4;1;0;0;5;249;191;58;
244607081;600;437;0;536;0;163;0;0;163;0;0;3;0;3;160;116;44;
244614001;700;360;0;996;5;340;5;0;340;1;4;0;0;5;335;264;71;
244614002;700;400;0;926;2;300;2;0;300;3;3;0;0;6;294;211;83;
244614003;700;418;2;749;1;280;1;11;280;0;1;0;0;1;279;209;70;
244614004;700;390;1;904;1;309;1;0;309;5;3;0;0;8;301;239;62;
244614005;700;417;1;970;4;282;4;0;282;2;0;0;0;2;280;233;47;
244614006;700;418;1;916;1;281;1;0;281;5;3;5;0;13;268;202;66;
244614007;700;379;4;948;0;317;0;4;317;2;2;0;0;4;313;244;69;
244614008;700;401;0;825;0;299;0;5;299;2;0;0;0;2;297;235;62;
244614009;700;467;0;823;2;233;2;4;233;0;4;0;0;4;229;172;57;
244614011;500;260;1;720;0;239;0;11;239;3;1;0;0;4;235;186;49;
244614012;699;392;1;921;3;306;3;5;306;2;6;0;0;8;298;218;80;
244614013;700;404;2;944;0;294;0;0;294;0;0;3;0;3;291;223;68;
244614014;700;413;1;933;0;286;0;4;286;0;2;0;0;2;284;209;75;
244614015;600;366;0;843;3;234;3;3;234;2;3;0;0;5;229;173;56;
244614016;600;325;0;845;2;275;2;2;275;2;3;0;0;5;270;213;57;
244614017;600;377;0;692;0;223;0;7;223;4;1;0;1;6;217;163;54;
244614018;600;418;0;718;0;182;0;0;182;0;6;0;0;6;176;120;56;
244614019;400;246;5;520;0;149;0;1;149;0;0;2;0;2;147;135;12;
244614021;700;439;3;827;2;258;2;0;258;3;1;0;0;4;254;203;51;
244614022;600;362;0;682;4;238;4;21;238;1;0;5;0;6;232;187;45;
244614023;600;393;0;711;3;207;3;0;207;1;1;2;0;4;203;148;55;
244614024;600;381;0;709;0;219;0;0;219;0;3;3;0;6;213;165;48;
244614025;600;349;0;716;0;251;0;1;251;1;4;5;0;10;241;190;51;
244614026;600;365;0;823;0;235;0;0;235;4;1;4;0;9;226;158;68;
244614027;600;293;0;874;4;307;4;7;307;0;4;0;0;4;303;250;53;
244614028;600;378;0;727;0;222;0;4;222;0;4;7;0;11;211;162;49;
244614029;600;401;2;758;1;197;1;5;197;0;1;0;0;1;196;135;61;
244614030;600;426;2;702;1;172;1;8;172;1;0;5;0;6;166;124;42;
244614032;500;367;1;479;1;132;1;12;132;0;2;0;0;2;130;86;44;
244614033;700;375;0;888;0;325;0;0;325;6;0;0;0;6;319;236;83;
244614034;700;374;0;990;0;326;0;0;326;3;3;0;0;6;320;237;83;
244614035;700;428;0;766;0;272;0;0;272;10;0;0;0;10;262;192;70;
244614036;700;465;0;805;0;235;0;0;235;0;0;6;0;6;229;159;70;
244614037;700;439;0;755;0;261;0;0;261;0;0;5;0;5;256;205;51;
244614038;700;426;1;888;0;273;0;0;273;2;8;0;0;10;263;200;63;
244614039;700;414;1;285;0;285;0;11;285;1;0;4;0;5;280;232;48;
244614040;700;430;0;761;0;270;0;0;270;0;4;0;0;4;266;194;72;
244614041;700;449;2;885;3;249;3;1;249;0;0;1;0;1;248;189;59;
244614042;700;452;1;837;4;247;4;0;247;0;3;0;0;3;244;185;59;
244614043;600;333;0;793;0;267;0;1;267;1;2;1;0;4;263;207;56;
244614044;800;484;1;1010;1;315;1;0;315;0;1;0;0;1;314;218;96;
244614045;600;359;0;786;0;241;0;1;241;2;0;2;0;4;237;156;81;
244614046;600;371;0;726;0;229;0;2;229;0;0;0;0;0;229;173;56;
244614047;600;355;0;733;2;245;2;0;245;2;2;1;0;5;240;174;66;
244614048;500;329;0;541;4;171;4;5;171;0;2;0;0;2;169;139;30;
244614049;500;288;0;617;0;212;0;0;212;1;6;0;0;7;205;158;47;
244614050;700;414;0;900;0;286;0;4;286;2;0;0;0;2;284;206;78;
244614051;500;299;2;597;0;199;0;1;199;0;3;0;0;3;196;151;45;
244614052;600;364;0;800;0;236;0;2;236;0;3;0;0;3;233;173;60;
244614053;700;440;0;859;0;260;0;0;260;0;5;0;0;5;255;199;56;
244614055;800;316;1;1155;3;483;3;4;483;0;10;0;0;10;473;391;82;
244614056;600;386;0;792;0;214;0;0;214;0;2;0;0;2;212;164;48;
244614057;600;353;0;856;1;247;1;0;247;4;0;0;0;4;243;184;59;
244614058;800;419;0;1090;0;381;0;0;381;0;1;2;0;3;378;304;74;
244614059;700;383;1;921;0;316;0;2;316;0;0;9;0;9;307;223;84;
244614060;600;349;3;637;2;248;2;6;248;0;6;0;0;6;242;191;51;
244614061;600;346;1;849;1;253;1;0;253;0;4;0;0;4;249;187;62;
244614062;600;357;0;785;2;243;2;0;243;9;0;0;0;9;234;192;42;
244614063;600;417;1;721;0;182;0;2;182;1;5;0;0;6;176;131;45;
244614064;600;341;2;800;1;257;1;1;257;0;6;5;0;11;246;166;80;
244614065;600;334;0;705;6;266;6;2;266;0;2;0;0;2;264;221;43;
244614066;700;396;3;988;0;301;0;0;301;1;3;0;0;4;297;212;85;
244614067;700;349;1;948;0;350;0;1;350;0;6;6;2;14;336;292;44;
244614068;500;257;0;669;0;243;0;1;243;2;2;3;0;7;236;186;50;
244614069;800;414;0;1015;1;386;1;0;386;0;7;0;0;7;379;327;52;
244614071;200;136;0;227;0;64;0;0;64;0;0;0;0;0;64;52;12;
244614072;700;469;0;872;0;231;0;0;231;1;1;1;0;3;228;182;46;
244614073;700;470;0;749;0;230;0;4;230;5;0;0;0;5;225;159;66;
244614074;500;304;0;574;1;196;1;0;196;2;5;0;0;7;189;136;53;
244614075;700;447;0;804;0;253;0;5;253;1;2;3;0;6;247;180;67;
244622001;350;246;1;442;2;103;2;4;103;0;1;0;0;1;102;72;30;
244622002;310;207;1;393;0;102;0;0;102;0;0;2;0;2;100;60;40;
244622003;555;372;0;695;0;183;0;2;183;2;1;0;0;3;180;110;70;
244622004;430;266;0;540;0;164;0;0;164;0;0;0;0;0;164;102;62;
244622005;670;448;1;841;0;221;0;0;221;0;2;0;0;2;219;157;62;
244622006;480;347;0;602;0;133;0;0;133;0;4;0;0;4;129;94;35;
244622007;590;324;0;739;0;266;0;2;266;1;4;3;0;8;258;151;107;
244622008;530;331;0;671;0;199;0;0;199;0;4;0;0;4;195;147;48;
244622009;520;319;0;673;1;201;1;1;201;0;1;0;0;1;200;176;24;
244622010;480;255;0;606;0;225;0;3;225;0;0;0;0;0;225;177;48;
244622011;380;264;0;485;1;116;1;2;116;0;0;8;0;8;108;94;14;
244622012;630;428;0;813;0;202;0;0;202;1;2;0;0;3;199;166;33;
244622013;670;446;0;851;0;224;0;0;224;2;0;5;0;7;217;173;44;
244622014;620;385;0;784;6;235;6;1;235;1;2;0;0;3;232;204;28;
244622015;420;279;1;521;2;140;2;0;140;0;0;0;0;0;140;101;39;
244622016;505;302;0;636;3;203;3;3;203;0;3;0;0;3;200;160;40;
244622017;520;374;0;653;2;146;2;2;146;0;2;0;0;2;144;116;28;
244622018;400;274;0;518;2;126;2;2;126;0;10;0;0;10;116;94;22;
244622019;720;425;0;897;0;295;0;0;295;0;11;1;0;12;283;198;85;
244622020;500;286;0;630;1;214;1;0;214;1;0;2;0;3;211;149;62;
244622021;500;336;2;624;0;162;0;4;162;0;1;0;0;1;161;116;45;
244622022;360;211;0;451;0;149;0;0;149;0;4;0;0;4;145;111;34;
244622023;455;278;1;574;0;176;0;0;176;0;3;0;0;3;173;137;36;
244622024;360;210;0;459;0;150;0;3;150;2;3;0;0;5;145;105;40;
244622025;300;159;1;375;1;140;1;4;140;1;0;0;0;1;139;116;23;
244622026;330;180;0;411;2;150;2;2;150;0;0;0;0;0;150;90;60;
244622027;450;298;0;566;0;152;0;0;152;1;0;0;0;1;151;110;41;
244622028;320;200;0;407;0;120;0;2;120;1;1;0;0;2;118;88;30;
244622029;400;250;0;499;1;150;1;0;150;0;0;0;0;0;150;104;46;
244622030;400;175;1;529;0;224;0;2;224;2;1;0;0;3;221;150;71;
254611001;500;336;1;661;2;163;2;5;163;1;4;0;0;5;158;115;43;
254611002;600;390;0;738;0;210;0;2;210;0;6;0;0;6;204;151;53;
254611003;600;368;0;753;4;232;4;0;232;0;4;0;0;4;228;155;73;
254611004;450;229;0;584;0;221;0;0;221;3;1;0;0;4;217;165;52;
254611005;650;332;0;810;1;318;1;0;318;3;1;0;0;4;314;274;40;
254611006;400;139;1;534;34;260;34;34;260;2;5;3;0;10;250;222;28;
254611007;600;334;2;748;2;264;2;0;264;0;2;0;0;2;262;199;63;
254611008;400;219;1;486;3;180;3;1;180;1;3;0;0;4;176;127;49;
254611009;600;350;1;771;0;249;0;5;249;0;0;1;1;2;247;174;73;
254611010;700;425;0;895;3;275;3;4;275;0;8;0;0;8;267;192;75;
254611011;500;266;0;634;0;234;0;0;234;2;4;0;0;6;228;176;52;
254611012;450;242;2;611;2;206;2;40;206;3;0;0;0;3;203;160;43;
254611013;700;409;0;851;10;291;10;0;291;7;1;0;0;8;283;194;89;
254611014;450;261;1;581;0;188;0;5;188;2;4;0;0;6;182;128;54;
254611015;550;324;0;717;0;226;0;3;226;0;4;0;0;4;222;163;59;
254611016;550;349;0;683;0;201;0;8;201;2;2;0;0;4;197;140;57;
254611017;600;313;1;785;4;286;4;0;286;0;1;1;0;2;284;237;47;
254611018;800;387;12;982;3;401;3;0;401;3;3;0;0;6;395;329;66;
254611019;600;309;1;730;0;290;0;7;290;2;3;0;1;6;284;234;50;
254611020;650;376;1;817;6;273;6;0;273;0;6;0;0;6;267;210;57;
254611021;650;344;1;793;3;305;3;0;305;1;3;0;1;5;300;244;56;
254611022;550;292;0;688;4;258;4;0;258;1;0;0;0;1;257;190;67;
254611023;600;313;0;734;5;287;5;2;287;0;0;0;0;0;287;252;35;
254611024;700;313;0;870;1;387;1;11;387;0;5;1;0;6;381;317;64;
254611025;600;342;0;725;0;258;0;0;258;4;0;0;0;4;254;204;50;
254611026;450;223;1;579;3;226;3;5;226;2;1;1;0;4;222;179;43;
254611027;450;222;0;226;2;228;2;33;228;1;3;0;0;4;224;170;54;
254611028;600;289;1;773;0;310;0;0;310;2;3;0;0;5;305;231;74;
254611029;500;275;2;662;0;223;0;0;223;2;1;0;0;3;220;169;51;
254611030;550;305;0;673;1;245;1;0;245;2;3;0;0;5;240;205;35;
254611031;600;400;2;730;0;198;0;2;198;2;0;0;0;2;196;157;39;
254611032;600;321;0;750;1;279;1;4;279;1;4;1;0;6;273;208;65;
254611033;500;247;1;609;3;252;3;4;252;5;0;0;0;5;247;204;43;
254611034;650;285;2;793;1;363;1;3;363;1;5;0;0;6;357;305;52;
254611035;600;305;0;773;4;295;4;2;295;0;4;0;0;4;291;224;67;
254611036;550;268;0;724;0;282;0;7;282;0;2;0;0;2;280;238;42;
254611037;600;268;1;763;12;331;12;0;331;0;7;0;0;7;324;242;82;
254611038;500;207;0;619;4;293;4;4;293;5;0;0;0;5;288;249;39;
254611039;650;376;1;798;0;273;0;5;273;0;3;0;0;3;270;206;64;
254611040;700;441;1;867;1;258;1;3;258;4;0;0;0;4;254;201;53;
254611041;500;236;0;600;6;264;6;0;264;3;0;0;0;3;261;213;48;
254611042;550;202;0;717;6;348;6;6;348;4;1;0;0;5;343;283;60;
254611043;550;328;1;703;0;221;0;0;221;0;3;0;0;3;218;183;35;
254611044;500;294;2;635;0;204;0;3;204;0;7;0;0;7;197;145;52;
254611045;600;370;0;725;0;230;0;0;230;1;1;0;0;2;228;179;49;
254611046;550;346;0;681;0;204;0;0;204;0;4;4;0;8;196;146;50;
254611047;600;331;1;758;0;268;0;2;268;3;1;0;0;4;264;191;73;
254611048;550;280;1;679;0;269;0;0;269;0;3;3;2;8;261;205;56;
254611049;400;216;1;494;0;183;0;3;183;1;0;0;0;1;182;132;50;
254611050;450;259;0;540;5;191;5;0;191;5;0;0;0;5;186;139;47;
254611051;600;335;0;760;4;265;4;1;265;6;3;0;0;9;256;173;83;
254611052;450;225;0;595;0;225;0;0;225;1;6;0;0;7;218;166;52;
254611053;450;257;2;560;4;191;4;0;191;2;6;0;0;8;183;140;43;
254611054;550;292;1;690;5;257;5;3;257;3;0;0;0;3;254;194;60;
254611055;550;285;1;700;6;264;6;3;264;1;9;0;0;10;254;184;70;
254611056;650;387;0;836;5;263;5;0;263;7;1;1;0;9;254;247;7;
254611057;550;364;2;713;0;184;0;0;184;0;1;0;0;1;183;146;37;
254611058;850;477;1;1090;0;372;0;5;372;2;6;6;0;14;358;342;16;
254611059;600;320;1;770;3;279;3;6;279;1;0;9;0;10;269;230;39;
254611060;450;240;0;570;3;210;3;12;210;2;0;10;0;12;198;191;7;
254611061;700;318;2;895;0;380;0;4;380;2;0;17;1;20;360;357;3;
254611062;550;248;0;722;0;302;0;3;302;0;0;5;19;24;278;277;1;
254611063;800;394;0;988;0;406;0;6;406;0;25;0;0;25;381;374;7;
254611064;450;160;0;593;4;290;4;0;290;16;0;0;0;16;274;269;5;
254611065;550;177;0;732;0;373;0;2;373;0;25;0;0;25;348;345;3;
254611066;650;267;0;812;0;383;0;3;383;6;0;5;0;11;372;367;5;
254611067;550;348;2;704;2;200;2;0;200;4;0;0;0;4;196;180;16;
254611068;100;49;1;84;0;50;0;8;50;0;2;1;0;3;47;41;6;
254611069;500;323;1;654;1;176;1;1;176;1;6;0;0;7;169;125;44;
254611070;500;328;1;598;0;171;0;7;171;2;3;0;0;5;166;119;47;
254611071;450;152;2;568;0;296;0;0;296;1;2;5;0;8;288;287;1;
254612001;700;391;0;886;0;309;0;4;309;2;0;1;0;3;306;213;93;
254612002;700;414;0;879;2;286;2;0;286;2;2;0;0;4;282;188;94;
254612003;670;407;0;261;2;263;2;0;263;6;1;0;0;7;256;189;67;
254612004;530;325;0;667;0;205;0;6;205;2;4;0;1;7;198;130;68;
254612005;660;424;0;816;3;236;6;0;236;1;7;0;0;8;228;172;56;
254612006;520;311;0;655;3;209;3;0;209;2;1;2;0;5;204;137;67;
254612007;560;308;0;252;6;252;6;1;252;1;1;11;0;13;239;190;49;
254612008;580;337;0;713;0;243;0;0;243;0;4;0;0;4;239;195;44;
254612009;600;341;0;757;0;259;0;6;259;1;1;0;0;2;257;200;57;
254612010;540;296;0;679;3;244;3;0;244;3;8;2;0;13;231;148;83;
254612011;570;306;0;570;0;264;0;0;264;0;4;0;0;4;260;173;87;
254612012;400;201;0;479;0;199;0;3;199;2;3;0;0;5;194;153;41;
254612013;600;353;0;742;0;247;0;0;247;1;8;1;0;10;237;192;45;
254612014;610;284;0;762;0;326;0;5;326;1;4;0;0;5;321;263;58;
254612015;620;350;1;778;0;269;0;2;269;5;2;2;1;10;259;200;59;
254612016;530;273;1;664;0;256;0;0;256;1;2;0;0;3;253;186;67;
254612017;680;372;0;851;3;308;3;0;308;3;4;0;0;7;301;237;64;
254612018;560;259;0;706;3;301;0;3;301;0;1;0;0;1;300;227;73;
254612019;400;233;0;499;1;167;1;2;167;0;2;0;0;2;165;127;38;
254612020;600;382;0;736;0;218;0;0;218;6;0;0;0;6;212;152;60;
254612021;570;258;1;743;21;311;21;17;311;7;0;0;0;7;304;249;55;
254612022;610;364;0;757;0;246;0;8;246;3;4;2;1;10;236;183;53;
254612023;770;404;0;954;3;366;3;1;366;0;4;0;0;4;362;273;89;
254612024;610;304;0;770;2;306;2;2;306;0;4;1;0;5;301;224;77;
254612025;430;212;1;544;3;217;3;5;217;4;0;0;0;4;213;165;48;
254612026;600;289;0;737;4;311;4;4;311;5;0;0;0;5;306;252;54;
254612027;660;333;0;326;1;327;1;4;327;0;5;2;0;7;320;231;89;
254612028;660;366;1;828;0;293;0;6;293;0;6;0;0;6;287;208;79;
254612029;660;379;0;824;4;281;4;0;281;0;6;0;0;6;275;220;55;
254612030;560;353;0;703;1;207;1;1;207;2;0;0;0;2;205;148;57;
254612031;620;370;0;783;1;250;1;3;250;0;7;0;0;7;243;168;75;
254612032;700;392;0;866;0;308;0;0;308;6;6;0;0;12;296;232;64;
254612033;650;348;1;811;1;301;1;2;301;1;10;0;0;11;290;226;64;
254612034;560;263;0;714;0;297;0;11;297;1;4;8;0;13;284;215;69;
254612035;570;413;0;706;0;157;0;0;157;0;1;0;0;1;156;99;57;
254612036;570;328;2;715;3;240;3;3;240;2;0;3;0;5;235;161;74;
254612037;450;238;0;584;1;212;1;12;212;0;6;3;0;9;203;153;50;
254612038;550;369;1;682;5;180;5;0;180;2;6;1;0;9;171;116;55;
254612039;660;293;0;822;0;367;0;0;367;1;5;0;1;7;360;286;74;
254612040;380;198;0;485;0;182;0;19;182;0;1;1;0;2;180;145;35;
254612041;150;110;0;78;1;40;1;1;40;0;0;0;0;0;40;31;9;
254613001;1000;625;0;374;1;375;1;6;375;4;10;0;0;14;361;234;127;
254613002;1000;694;3;933;31;303;31;31;303;0;5;0;0;5;298;226;72;
254613003;1000;691;0;1084;0;309;0;5;309;0;2;0;0;2;307;225;82;
254613004;600;341;1;811;5;258;5;7;258;0;1;0;0;1;257;179;78;
254613005;500;291;0;700;0;209;0;3;209;2;0;0;0;2;207;154;53;
254613006;700;409;0;897;0;291;0;4;291;2;7;0;0;9;282;193;89;
254613007;1000;649;0;1018;0;351;0;0;351;2;4;0;0;6;345;273;72;
254613008;700;449;0;838;0;251;0;2;251;3;1;0;0;4;247;184;63;
254613009;800;521;0;900;0;279;0;13;279;5;3;7;0;15;264;185;79;
254613010;1000;628;0;1105;1;372;1;0;372;0;0;6;0;6;366;281;85;
254613011;1000;732;0;1010;0;268;0;1;268;1;1;2;0;4;264;197;67;
254613012;800;517;0;958;0;283;0;0;283;0;2;0;0;2;281;183;98;
254613013;800;487;0;1005;0;313;0;3;313;0;1;3;0;4;309;228;81;
254613014;700;409;0;924;0;291;0;3;291;0;4;0;1;5;286;211;75;
254613015;700;406;1;846;0;293;0;0;293;0;3;0;0;3;290;227;63;
254613016;700;416;2;840;1;282;1;4;282;0;0;0;0;0;282;225;57;
254613017;790;500;0;991;0;290;0;0;290;0;1;4;0;5;285;234;51;
254613018;1000;711;0;1017;1;289;1;1;289;2;0;0;0;2;287;234;53;
254613019;700;464;0;914;0;236;0;5;236;0;0;0;0;0;236;173;63;
254613020;800;517;0;978;1;283;1;2;283;0;2;0;0;2;281;212;69;
254613021;700;473;0;897;0;227;0;2;227;0;4;0;0;4;223;156;67;
254613022;1000;727;0;1047;4;273;4;0;273;1;0;0;0;1;272;202;70;
254613023;500;316;0;635;0;184;0;4;184;0;1;0;0;1;183;137;46;
254613024;1000;686;1;985;24;313;24;20;313;4;1;6;0;11;302;212;90;
254613025;800;510;1;938;0;289;0;0;289;1;1;7;0;9;280;203;77;
254613026;800;484;1;315;1;315;1;5;315;7;0;0;0;7;308;240;68;
254613027;800;483;0;929;0;317;0;6;317;0;9;0;0;9;308;251;57;
254613028;799;494;0;1002;2;305;2;5;305;0;7;0;0;7;298;229;69;
254613029;1000;645;0;1014;0;355;0;3;355;0;5;0;0;5;350;242;108;
254613030;1000;653;1;1024;0;346;0;2;346;7;0;0;0;7;339;241;98;
254613031;1000;734;0;948;0;266;0;27;266;6;0;0;0;6;260;185;75;
254613032;500;234;0;777;3;266;3;0;266;0;4;2;0;6;260;197;63;
254613033;500;268;0;742;0;232;0;0;232;3;2;1;0;6;226;178;48;
254613034;807;497;2;600;6;308;6;0;308;0;4;2;0;6;302;210;92;
254613035;1000;613;0;1006;3;387;3;0;387;3;3;0;0;6;381;286;95;
254613036;700;480;0;876;1;220;1;3;220;1;0;0;0;1;219;158;61;
254613037;800;551;0;950;2;249;2;1;249;2;6;0;0;8;241;164;77;
254613038;500;312;0;742;6;188;6;0;188;1;12;0;0;13;175;131;44;
254613039;500;288;0;658;3;212;3;0;212;2;3;0;0;5;207;163;44;
254613040;500;325;0;673;0;175;0;0;175;4;2;0;0;6;169;121;48;
254613041;700;457;1;902;0;242;0;3;242;8;2;0;0;10;232;182;50;
254613042;600;358;0;813;2;242;2;0;242;6;0;0;0;6;236;172;64;
254613043;600;309;0;848;0;291;0;2;291;0;3;0;0;3;288;208;80;
254613044;600;366;0;767;2;234;2;2;234;1;4;0;0;5;229;164;65;
254613045;800;521;1;977;0;278;0;3;278;0;9;0;0;9;269;198;71;
254613046;1000;705;0;915;3;295;3;28;295;8;1;1;0;10;285;218;67;
254613047;700;393;0;905;0;307;0;3;307;1;2;0;0;3;304;216;88;
254613048;800;516;0;944;0;284;0;3;284;2;2;8;0;12;272;212;60;
254613049;600;316;0;806;1;284;1;0;284;1;9;0;0;10;274;207;67;
254613050;500;241;0;720;2;259;2;0;259;0;6;1;0;7;252;193;59;
254613051;600;313;3;869;2;284;2;2;284;0;0;10;0;10;274;209;65;
254613052;700;355;1;920;3;344;3;11;344;0;13;0;1;14;330;261;69;
254613053;500;192;0;782;0;308;0;3;308;0;6;0;0;6;302;240;62;
254613054;700;441;1;905;0;258;0;0;258;2;4;0;0;6;252;206;46;
254613055;700;385;1;909;0;314;0;0;314;1;2;0;1;4;310;234;76;
254613056;500;197;0;774;4;303;4;4;303;3;9;2;0;14;289;225;64;
254613057;700;392;0;888;0;308;0;1;308;0;6;2;0;8;300;215;85;
254613058;500;346;1;514;0;153;0;3;153;0;2;1;0;3;150;82;68;
254613059;700;482;0;697;8;218;8;4;218;0;10;1;2;13;205;135;70;
254613060;500;240;0;754;1;260;1;3;260;1;1;1;1;4;256;185;71;
254613061;500;236;1;783;3;263;3;3;263;2;7;0;0;9;254;197;57;
254613062;600;308;3;897;0;289;0;0;289;9;0;0;0;9;280;201;79;
254613063;500;274;0;745;0;226;0;0;226;2;1;0;0;3;223;156;67;
254613064;600;372;1;840;0;227;0;1;227;0;0;4;0;4;223;170;53;
254613065;600;392;0;753;0;208;0;0;208;1;1;0;0;2;206;152;54;
254613066;600;356;1;802;0;243;0;1;243;1;1;3;0;5;238;180;58;
254613067;600;334;4;824;2;262;2;0;262;5;5;0;0;10;252;181;71;
254613068;1000;657;0;1118;0;343;0;0;343;4;3;0;0;7;336;244;92;
254618001;400;233;0;555;0;167;0;17;167;3;0;0;0;3;164;126;38;
254618002;850;516;0;1145;3;334;3;0;334;1;4;0;0;5;329;249;80;
254618003;800;452;0;1089;1;348;1;0;348;2;7;0;0;9;339;270;69;
254618004;800;424;0;1068;3;376;3;2;376;2;5;1;0;8;368;264;104;
254618005;800;435;0;1099;0;365;0;6;365;2;3;0;0;5;360;266;94;
254618006;502;341;2;658;0;159;0;0;159;2;1;1;0;4;155;130;25;
254618007;700;455;2;890;1;243;1;0;243;1;1;0;0;2;241;176;65;
254618008;900;579;0;1201;0;321;0;2;321;6;2;0;0;8;313;202;111;
254618009;700;435;0;922;0;265;0;1;265;0;2;0;0;2;263;210;53;
254618010;850;439;0;1119;1;411;1;2;411;2;0;0;0;2;409;335;74;
254618011;1000;677;0;1336;0;323;0;0;323;1;5;1;0;7;316;216;100;
254618012;600;262;1;838;14;337;1;0;337;0;7;0;0;7;330;278;52;
254618013;900;509;0;1164;3;391;3;3;391;0;4;0;0;4;387;281;106;
254618014;500;304;0;667;0;196;0;3;196;1;2;5;1;9;187;149;38;
254618015;850;500;1;1115;0;349;0;1;349;1;5;2;0;8;341;264;77;
254618016;700;381;0;964;0;319;0;3;319;2;0;0;0;2;317;249;68;
254618017;600;326;0;893;2;274;2;0;274;1;1;1;0;3;271;202;69;
254618018;700;409;0;917;0;291;0;0;291;0;7;0;0;7;284;219;65;
254618019;700;456;1;930;1;243;1;2;243;2;0;0;1;3;240;168;72;
254618020;800;492;0;1014;3;308;3;0;308;2;3;0;0;5;303;215;88;
254618021;800;437;0;1024;3;363;4;0;363;1;1;0;0;2;361;288;73;
254618022;700;367;1;921;13;332;13;6;332;1;3;9;0;13;319;232;87;
254618023;800;472;1;1043;18;327;18;0;327;6;3;0;0;9;318;210;108;
254618024;800;446;2;1089;10;352;10;1;352;3;0;1;0;4;348;262;86;
254618025;600;346;0;793;0;254;0;0;254;2;3;0;0;5;249;207;42;
254618026;600;364;0;820;1;236;1;0;236;3;2;0;0;5;231;167;64;
254618027;750;394;0;1011;2;356;2;0;356;2;2;4;0;8;348;277;71;
254618028;600;381;0;785;0;219;0;0;219;0;9;0;0;9;210;163;47;
254618029;650;352;0;866;5;298;5;3;298;2;2;0;0;4;294;222;72;
254618030;650;371;0;868;24;279;24;2;279;0;4;0;0;4;275;199;76;
254618031;700;428;0;927;4;272;4;0;272;8;0;0;0;8;264;192;72;
254618032;600;366;1;773;0;233;0;2;233;1;5;1;0;7;226;172;54;
254618033;600;309;1;775;11;290;11;6;290;2;8;0;0;10;280;189;91;
254618034;600;327;3;787;3;270;3;1;270;1;5;1;0;7;263;161;102;
254618035;350;195;6;430;4;149;4;0;149;0;6;0;0;6;143;100;43;
254618036;400;182;0;605;2;218;2;3;218;3;2;0;0;5;213;157;56;
254618037;700;432;0;906;0;268;0;0;268;0;4;1;0;5;263;196;67;
254618038;600;354;1;773;0;245;0;0;245;4;3;2;0;9;236;150;86;
254618039;650;382;0;848;0;268;0;0;268;0;3;4;0;7;261;208;53;
254618040;399;214;0;514;4;185;4;0;185;2;1;0;0;3;182;122;60;
254618041;500;287;0;624;2;213;1;0;213;6;1;0;0;7;206;163;43;
254618042;400;261;0;584;0;139;0;0;139;0;0;0;0;0;139;105;34;
254618043;650;350;0;865;0;300;0;2;300;2;3;0;0;5;295;144;151;
254618044;700;381;1;919;0;318;0;1;318;0;3;0;0;3;315;148;167;
254618045;200;128;0;143;0;72;0;0;72;5;0;0;0;5;67;48;19;
254618046;400;244;1;408;0;155;0;3;155;0;1;0;0;1;154;125;29;
254618047;375;186;0;560;9;189;9;7;189;1;0;1;0;2;187;142;45;
254618048;100;56;0;77;0;44;0;8;44;0;0;0;0;0;44;30;14;
254618050;50;20;0;36;8;30;8;8;30;0;0;0;0;0;30;11;19;
254619001;650;416;6;693;6;228;6;0;228;6;0;0;0;6;222;185;37;
254619002;750;455;4;818;0;291;0;0;291;3;3;0;0;6;285;237;48;
254619003;760;574;0;815;2;186;2;0;186;0;3;0;0;3;183;122;61;
254619004;630;456;0;676;0;174;0;2;174;1;1;0;0;2;172;127;45;
254619005;730;482;0;776;0;248;0;0;248;4;3;0;0;7;241;177;64;
254619006;650;455;0;715;0;195;0;0;195;2;0;1;0;3;192;150;42;
254619007;650;417;1;710;0;232;0;4;232;1;3;0;0;4;228;179;49;
254619008;580;380;0;627;5;200;5;0;200;2;1;1;0;4;196;150;46;
254619009;600;380;0;690;6;220;6;3;220;1;2;5;0;8;212;157;55;
254619010;540;380;1;585;1;159;1;0;159;2;0;0;0;2;157;121;36;
254619011;940;647;0;1032;2;293;2;2;293;0;5;0;0;5;288;212;76;
254619012;350;243;0;420;0;107;0;5;107;2;0;0;0;2;105;80;25;
254619014;600;389;0;641;0;211;0;15;211;1;0;8;0;9;202;125;77;
254619015;840;536;1;899;0;303;0;3;303;8;2;0;0;10;293;239;54;
254619016;880;685;2;839;0;193;0;0;193;0;1;0;0;1;192;150;42;
254619017;638;411;1;711;2;226;2;1;226;0;2;1;0;3;223;179;44;
254619018;600;374;0;629;2;226;2;0;226;4;1;0;0;5;221;178;43;
254619019;500;308;1;555;0;191;0;0;191;0;2;3;0;5;186;147;39;
254619020;600;391;1;655;0;208;0;0;208;0;2;1;0;3;205;153;52;
254619021;550;382;0;602;0;168;0;1;168;0;1;0;0;1;167;124;43;
254619022;640;423;1;683;0;216;0;1;216;5;1;0;0;6;210;150;60;
254619023;750;479;2;807;1;269;1;2;269;1;3;0;0;4;265;200;65;
254619024;720;452;1;763;1;267;1;3;267;8;0;0;0;8;259;203;56;
254619025;700;408;0;738;0;292;0;3;292;0;3;0;0;3;289;241;48;
254619026;670;438;0;746;1;232;1;11;232;0;1;0;0;1;231;187;44;
254619027;740;450;0;819;1;290;1;0;290;1;4;0;0;5;285;225;60;
254619028;600;353;0;634;2;247;2;1;247;1;1;0;0;2;245;200;45;
254619029;660;422;0;715;0;238;0;0;238;1;17;0;0;18;220;165;55;
254619030;950;613;2;1056;4;335;4;0;335;0;5;0;0;5;330;251;79;
254619031;660;444;1;719;1;215;1;2;215;1;1;1;0;3;212;165;47;
254619032;600;373;0;671;2;227;2;0;227;0;3;0;0;3;224;168;56;
254619033;740;451;0;789;0;289;0;0;289;0;12;0;0;12;277;200;77;
254619034;1000;699;0;1061;0;301;0;1;301;0;6;0;0;6;295;233;62;
254619035;850;556;1;909;0;293;0;0;293;0;5;0;0;5;288;233;55;
254619036;680;397;2;736;3;281;3;6;281;3;0;0;0;3;278;200;78;
254619037;570;348;0;609;0;222;0;0;222;0;2;0;0;2;220;165;55;
254619038;750;449;3;810;0;298;0;3;298;5;2;0;0;7;291;219;72;
254619039;628;369;0;632;0;259;0;0;259;2;6;0;0;8;251;183;68;
254619040;600;409;0;641;4;191;1;3;191;2;1;0;0;3;188;147;41;
254619041;677;452;0;747;8;225;8;0;225;7;0;0;0;7;218;157;61;
254619042;550;348;1;604;0;201;0;0;201;2;2;0;0;4;197;149;48;
254619043;600;331;0;678;8;269;8;0;269;1;2;0;0;3;266;216;50;
254619044;650;374;0;709;2;276;2;0;276;7;0;0;0;7;269;191;78;
254619045;720;494;0;780;0;226;0;0;226;0;5;0;0;5;221;156;65;
254619046;860;566;1;943;0;293;0;2;293;6;2;0;0;8;285;219;66;
254619047;550;337;0;597;0;213;0;0;213;6;0;0;0;6;207;165;42;
254619048;660;448;0;725;1;212;1;0;212;3;0;0;0;3;209;155;54;
254619049;750;459;0;823;0;291;0;0;291;0;5;0;0;5;286;212;74;
254619050;700;425;0;775;0;275;0;0;275;0;2;7;0;9;266;195;71;
254619051;586;370;0;654;0;216;0;0;216;0;2;0;0;2;214;162;52;
254619052;700;453;0;763;0;247;0;3;247;5;5;0;0;10;237;184;53;
254619053;700;455;1;766;0;244;0;2;244;1;4;0;0;5;239;184;55;
254619054;670;447;0;714;25;223;25;15;223;5;0;0;0;5;218;168;50;
254619055;1000;653;0;1110;0;347;0;0;347;1;0;7;0;8;339;278;61;
254619056;770;498;3;850;1;269;1;0;269;0;0;0;0;0;269;222;47;
254619057;700;456;0;764;0;244;0;0;244;0;6;0;0;6;238;193;45;
254619058;700;465;1;771;0;234;0;0;234;5;0;0;0;5;229;169;60;
254619059;700;463;0;771;0;237;0;0;237;0;9;0;0;9;228;173;55;
254619060;750;524;1;802;0;225;0;0;225;0;4;0;0;4;221;155;66;
254619061;660;387;0;703;0;273;0;0;273;1;5;0;0;6;267;204;63;
254619062;660;413;1;714;1;246;1;0;246;2;2;0;0;4;242;201;41;
254619063;660;441;1;722;0;218;0;0;218;5;3;0;0;8;210;152;58;
254619064;700;474;0;767;0;226;0;0;226;0;0;0;0;0;226;133;93;
254619065;600;452;1;664;1;147;1;1;147;2;4;4;0;10;137;107;30;
254619066;630;425;0;696;4;205;4;3;205;0;2;0;0;2;203;144;59;
254619067;680;397;3;747;10;280;10;0;280;3;2;0;0;5;275;236;39;
254619068;970;651;0;1052;4;319;4;3;319;2;9;0;0;11;308;209;99;
254619069;700;403;3;787;0;294;0;0;294;2;0;6;0;8;286;181;105;
254619070;650;425;0;734;0;225;0;3;225;0;11;0;0;11;214;156;58;
254619071;840;293;3;956;3;544;4;0;544;0;2;0;0;2;542;535;7;
254619072;600;205;5;714;5;390;5;0;390;1;0;5;0;6;384;383;1;
254619073;880;589;0;919;19;291;19;17;291;0;2;0;0;2;289;233;56;
254619074;880;579;1;1011;2;300;2;0;300;1;4;2;0;7;293;229;64;
254619075;630;381;0;664;5;249;5;0;249;1;0;2;0;3;246;187;59;
254619076;680;421;1;718;0;258;0;1;258;3;4;1;0;8;250;186;64;
254619077;680;439;0;719;0;241;0;0;241;0;6;0;0;6;235;185;50;
254619078;630;413;1;706;1;216;1;5;216;2;1;0;0;3;213;159;54;
254619079;660;462;0;709;0;198;0;4;198;0;1;0;0;1;197;123;74;
254619080;700;486;0;760;0;214;0;1;214;2;5;0;0;7;207;135;72;
254619081;700;500;0;753;0;200;0;0;200;2;2;0;0;4;196;151;45;
254619082;750;505;0;245;1;245;1;1;245;4;2;0;0;6;239;156;83;
254619083;770;491;1;839;0;278;0;0;278;0;4;0;0;4;274;205;69;
254619084;720;482;0;787;8;238;8;0;238;1;0;0;0;1;237;162;75;
254619085;600;383;1;669;4;216;4;0;216;0;1;5;0;6;210;151;59;
254619086;720;460;0;786;1;260;1;0;260;2;9;1;0;12;248;198;50;
254619087;663;423;0;730;0;240;0;1;240;2;2;0;0;4;236;186;50;
254619088;670;446;0;711;4;224;4;0;224;0;3;0;0;3;221;165;56;
254619089;600;362;0;678;3;238;3;2;238;1;6;7;0;14;224;174;50;
254619090;700;481;0;763;4;219;4;4;219;0;3;0;0;3;216;168;48;
254619091;600;415;0;645;0;185;0;0;185;0;0;6;0;6;179;155;24;
254619092;650;445;0;695;0;205;0;0;205;2;2;0;0;4;201;144;57;
254619093;660;398;0;725;0;262;0;2;262;2;1;2;0;5;257;206;51;
254619094;700;429;0;770;2;271;2;0;271;0;1;0;0;1;270;199;71;
254619095;630;420;1;698;0;209;0;2;209;1;4;0;1;6;203;161;42;
254619096;800;500;0;868;3;300;3;1;300;0;3;1;1;5;295;248;47;
254619097;780;463;0;857;0;317;0;1;317;1;1;10;3;15;302;250;52;
254619098;750;479;0;813;0;271;0;0;271;1;0;1;0;2;269;209;60;
254619099;750;505;0;797;3;245;3;0;245;0;0;4;0;4;241;176;65;
254619100;770;495;0;861;2;275;2;0;275;4;0;13;0;17;258;171;87;
254619101;650;421;0;719;0;229;0;0;229;1;0;2;0;3;226;178;48;
254619102;780;468;0;853;0;312;0;0;312;1;0;0;0;1;311;222;89;
254619103;700;465;2;748;2;233;2;0;233;1;0;0;0;1;232;176;56;
254619104;730;453;0;801;0;277;0;0;277;2;0;0;0;2;275;216;59;
254619105;560;386;2;643;1;172;1;0;172;1;3;0;0;4;168;130;38;
254619106;750;468;1;823;0;281;0;2;281;2;2;1;1;6;275;202;73;
254619107;700;436;1;763;3;263;3;0;263;0;0;0;0;0;263;187;76;
254619108;700;471;0;761;0;229;0;0;229;1;1;0;0;2;227;157;70;
254619109;797;506;2;880;0;289;0;0;289;1;1;0;0;2;287;214;73;
254619110;750;491;1;812;5;258;5;0;258;0;0;0;0;0;258;204;54;
254619111;760;532;2;831;0;226;0;0;226;0;3;0;0;3;223;170;53;
254619112;670;416;0;739;0;254;0;0;254;4;0;0;0;4;250;201;49;
254619113;680;413;1;750;0;266;0;0;266;0;2;0;0;2;264;199;65;
254619114;750;537;0;822;1;213;1;2;213;0;0;0;0;0;213;145;68;
254619115;680;499;1;755;0;180;0;0;180;0;1;0;0;1;179;135;44;
254619116;620;379;0;673;0;241;0;0;241;0;4;0;0;4;237;192;45;
254619117;620;367;2;690;3;251;3;10;251;2;5;0;0;7;244;177;67;
254619118;620;391;1;696;0;228;0;0;228;0;2;0;0;2;226;180;46;
254619119;700;485;0;779;0;215;0;2;215;3;2;1;0;6;209;142;67;
254619120;600;429;1;643;0;170;0;0;170;0;0;2;0;2;168;135;33;
254619121;600;405;0;647;0;195;0;0;195;4;4;2;0;10;185;136;49;
254619122;900;603;0;986;0;297;0;2;297;0;9;0;0;9;288;206;82;
254619123;600;380;0;639;0;220;0;2;220;6;0;0;0;6;214;172;42;
254619124;750;522;2;812;0;226;0;1;226;2;6;0;0;8;218;168;50;
254619125;550;340;2;605;0;208;0;0;208;1;0;0;0;1;207;173;34;
254619126;660;441;1;721;0;218;0;2;218;9;3;0;0;12;206;157;49;
254619127;680;458;2;741;1;220;1;0;220;2;0;0;0;2;218;165;53;
254619128;600;421;0;653;1;179;1;0;179;0;4;0;0;4;175;128;47;
254619129;860;572;0;912;2;288;2;0;288;0;4;0;0;4;284;209;75;
254619130;860;575;10;955;0;275;0;1;275;1;5;3;0;9;266;195;71;
254620001;880;557;0;961;0;323;0;0;323;4;4;0;0;8;315;224;91;
254620002;760;478;0;844;3;282;0;0;282;0;2;0;0;2;280;199;81;
254620003;700;460;6;775;2;234;2;0;234;0;6;0;0;6;228;155;73;
254620004;820;548;0;912;0;272;0;2;272;2;3;0;0;5;267;198;69;
254620005;680;439;0;743;0;241;0;3;241;0;0;0;0;0;241;187;54;
254620006;700;494;0;778;0;206;0;3;206;0;2;1;0;3;203;148;55;
254620007;550;365;0;609;0;185;0;2;185;0;0;0;0;0;185;124;61;
254620008;700;469;0;792;2;231;2;5;231;2;5;0;0;7;224;169;55;
254620009;680;468;0;744;0;212;0;0;212;3;3;0;0;6;206;145;61;
254620010;660;447;0;738;0;213;0;0;213;1;3;0;0;4;209;167;42;
254620011;650;408;0;741;0;242;0;11;242;3;0;0;0;3;239;173;66;
254620012;680;449;0;762;1;231;1;0;231;9;0;0;0;9;222;165;57;
254620013;700;436;2;778;1;262;1;0;262;0;1;1;0;2;260;200;60;
254620014;750;495;0;844;1;255;1;0;255;0;0;5;0;5;250;193;57;
254620015;600;389;0;695;2;211;2;2;211;0;4;2;0;6;205;146;59;
254620016;600;400;0;701;0;200;0;0;200;0;3;0;0;3;197;152;45;
254620017;600;370;0;698;0;230;0;3;230;3;1;1;0;5;225;185;40;
254620018;750;545;0;818;0;205;0;0;205;0;1;0;0;1;204;169;35;
254620019;750;538;0;840;0;212;0;3;212;0;1;0;0;1;211;171;40;
254620020;900;687;0;979;1;213;1;0;213;0;3;2;0;5;208;167;41;
254620021;640;465;0;643;0;175;0;2;175;2;0;0;0;2;173;124;49;
254620022;680;512;0;765;5;168;5;2;168;3;0;3;0;6;162;122;40;
254620023;850;574;0;917;0;276;0;1;276;2;4;0;0;6;270;202;68;
254620024;740;516;0;814;1;224;1;0;224;0;0;0;0;0;224;155;69;
254620025;740;438;0;824;1;302;1;0;302;0;2;2;0;4;298;241;57;
254620026;600;406;0;686;0;194;0;1;194;0;2;3;0;5;189;139;50;
254620027;680;415;0;750;0;265;0;0;265;0;2;0;0;2;263;207;56;
254620028;660;418;0;762;0;242;0;0;242;2;0;2;0;4;238;175;63;
254620029;680;440;0;730;0;240;0;0;240;0;10;0;0;10;230;166;64;
254620030;680;464;0;763;0;216;0;0;216;0;1;0;0;1;215;163;52;
254620031;700;404;0;780;1;296;1;0;296;1;1;1;0;3;293;230;63;
254620032;400;232;0;501;0;168;0;7;168;1;0;1;0;2;166;133;33;
254620033;640;405;1;724;4;234;4;0;234;0;5;0;0;5;229;154;75;
254620034;600;347;1;698;1;252;1;2;252;3;3;0;0;6;246;167;79;
254620035;700;405;0;798;0;295;0;1;295;0;3;0;0;3;292;239;53;
254620036;740;470;0;830;0;270;0;3;270;0;2;4;0;6;264;215;49;
254620037;680;434;0;767;0;246;0;0;246;0;0;2;0;2;244;185;59;
254620038;800;423;0;880;1;377;1;7;377;0;2;0;0;2;375;321;54;
254620039;600;378;0;685;0;222;0;0;222;0;9;0;0;9;213;160;53;
254620040;780;523;0;860;0;257;0;0;257;2;2;4;0;8;249;182;67;
254620041;760;536;0;841;0;224;0;4;224;0;0;0;0;0;224;157;67;
254620042;780;476;0;854;1;304;1;0;304;4;2;0;0;6;298;223;75;
254620043;714;469;0;812;2;245;2;0;245;2;0;0;0;2;243;188;55;
254620044;440;300;0;512;0;140;0;0;140;0;2;0;0;2;138;101;37;
254620045;580;412;0;655;0;168;0;5;168;10;0;0;0;10;158;135;23;
254620046;650;444;0;724;0;206;0;4;206;4;0;0;0;4;202;157;45;
254620047;680;484;0;764;1;196;1;0;196;0;0;0;0;0;196;120;76;
254620048;280;159;1;344;0;120;0;0;120;0;4;1;0;5;115;79;36;
254620049;680;486;0;746;0;194;0;1;194;1;2;0;0;3;191;109;82;
254620050;700;486;0;775;0;214;0;0;214;0;10;0;0;10;204;132;72;
254620051;550;381;0;629;1;169;1;1;169;1;1;0;0;2;167;121;46;
254620052;780;464;0;873;0;316;0;4;316;4;2;1;0;7;309;243;66;
254620053;661;474;0;661;0;187;0;0;187;2;2;3;0;7;180;128;52;
254621001;420;278;1;430;0;141;0;1;141;0;0;2;0;2;139;106;33;
254621002;430;274;1;155;0;155;0;4;155;0;6;0;0;6;149;107;42;
254621004;440;283;0;457;0;157;0;0;157;0;0;0;0;0;157;119;38;
254621005;540;305;1;552;0;234;0;1;234;1;0;0;0;1;233;162;71;
254621006;590;406;0;606;0;184;0;2;184;0;5;0;0;5;179;129;50;
254621007;510;343;0;526;0;167;0;5;167;1;3;0;0;4;163;111;52;
254621008;810;470;1;825;0;339;0;0;339;0;4;0;0;4;335;215;120;
254621009;920;632;0;936;1;288;1;3;288;0;4;0;0;4;284;186;98;
254621010;550;382;0;557;0;168;0;1;168;0;0;4;0;4;164;101;63;
254621011;650;453;1;659;0;196;0;0;196;0;2;0;0;2;194;130;64;
254621012;780;607;1;786;0;172;0;0;172;0;3;0;0;3;169;122;47;
254621013;760;581;1;765;0;178;0;0;178;1;1;4;0;6;172;123;49;
254621014;620;420;1;623;14;199;14;12;199;1;0;0;0;1;198;131;67;
254621015;800;519;1;819;0;280;0;0;280;0;3;0;0;3;277;195;82;
254621016;800;576;1;820;0;223;0;0;223;2;4;0;0;6;217;154;63;
254621017;630;433;0;639;0;197;0;0;197;0;12;0;0;12;185;139;46;
254621018;770;530;1;779;0;239;0;12;239;0;0;0;0;0;239;179;60;
254621019;630;463;1;638;3;166;3;0;166;0;5;0;0;5;161;113;48;
254621020;650;454;1;661;0;195;0;0;195;0;0;0;0;0;195;159;36;
254621021;590;460;0;600;1;130;1;2;130;0;0;0;0;0;130;75;55;
254621022;430;320;0;433;2;110;2;0;110;0;0;0;0;0;110;93;17;
254621023;520;348;0;525;0;172;0;0;172;0;0;0;0;0;172;111;61;
254621024;670;353;0;675;0;317;0;2;317;1;2;0;0;3;314;226;88;
254621025;520;303;0;530;0;217;0;4;217;3;9;0;0;12;205;147;58;
254621026;620;390;2;635;1;228;1;0;228;2;4;0;0;6;222;163;59;
254621027;540;356;0;549;0;184;0;3;184;0;0;0;0;0;184;144;40;
254621028;590;367;0;597;0;223;0;0;223;2;1;0;0;3;220;182;38;
254621029;380;240;1;388;0;139;0;2;139;0;1;0;0;1;138;115;23;
254621030;570;356;1;585;0;213;0;3;213;3;0;9;0;12;201;145;56;
254621031;450;245;0;454;1;205;1;0;205;1;1;0;0;2;203;154;49;
254621032;420;307;0;432;0;113;0;4;113;0;2;0;0;2;111;78;33;
254621033;590;420;0;596;0;170;0;0;170;1;3;0;0;4;166;113;53;
254621034;470;339;0;131;0;131;0;0;131;1;2;0;0;3;128;78;50;
254621035;450;329;0;458;4;121;4;0;121;2;1;0;0;3;118;84;34;
254621036;540;344;0;550;0;196;0;3;196;2;0;0;0;2;194;127;67;
254621037;530;365;0;539;0;165;0;0;165;0;3;1;0;4;161;84;77;
254624001;646;410;1;724;1;235;1;5;235;0;5;0;0;5;230;170;60;
254624002;858;511;0;963;7;347;7;0;347;1;4;0;0;5;342;237;105;
254624003;711;451;4;791;0;256;0;2;256;0;6;0;0;6;250;183;67;
254624004;686;433;0;773;11;253;11;0;253;1;3;2;0;6;247;187;60;
254624005;720;452;1;801;11;267;11;0;267;1;4;2;1;8;259;169;90;
254624006;846;537;1;943;0;308;0;0;308;0;1;0;0;1;307;233;74;
254624007;936;602;0;1049;10;334;10;4;334;0;6;0;0;6;328;215;113;
254624008;789;517;2;882;7;270;7;0;270;1;3;4;0;8;262;191;71;
254624009;432;237;0;481;10;195;10;0;195;0;2;0;0;2;193;158;35;
254624010;218;82;1;331;0;135;0;6;135;1;3;2;0;6;129;84;45;
254624011;516;321;3;577;7;192;7;0;192;1;3;5;0;9;183;127;56;
254624012;65;38;0;58;0;27;0;6;27;0;1;0;0;1;26;18;8;
254624013;153;63;0;147;12;90;12;0;90;2;2;0;0;4;86;68;18;
254624014;78;33;2;62;3;43;3;4;43;1;0;0;0;1;42;27;15;
254624015;60;12;1;48;0;47;0;0;47;0;0;0;0;0;47;42;5;
254624016;110;52;1;102;9;57;9;4;57;3;0;0;0;3;54;48;6;
260600001;713;486;1;722;1;226;1;1;226;0;4;0;0;4;222;141;81;
260600002;747;493;1;756;0;253;0;1;253;2;1;0;0;3;250;169;81;
260600003;684;403;1;693;0;280;0;0;280;2;5;0;0;7;273;202;71;
260600004;940;654;3;950;2;283;2;0;283;0;1;2;0;3;280;202;78;
260600005;844;585;1;857;0;258;0;6;258;0;1;0;0;1;257;199;58;
260600006;427;268;3;156;0;156;0;5;156;1;1;1;0;3;153;121;32;
260600007;377;235;1;377;3;141;3;4;141;1;0;0;0;1;140;117;23;
260600008;444;224;1;446;0;219;0;3;219;3;3;0;0;6;213;178;35;
260600009;230;142;1;233;0;87;0;3;87;0;0;0;0;0;87;64;23;
260600010;186;109;1;194;4;76;4;0;76;3;1;3;0;7;69;47;22;
260600011;29;9;1;36;0;19;0;0;19;0;0;0;0;0;19;16;3;
260600012;90;46;1;90;2;43;2;0;43;0;0;0;0;0;43;36;7;
260700001;500;204;1;603;0;295;0;6;295;2;1;0;0;3;292;213;79;
260700002;700;392;1;747;1;307;1;0;307;1;2;2;4;9;298;206;92;
260700003;900;531;1;949;0;368;0;0;368;2;1;2;0;5;363;228;135;
260700004;900;528;1;943;0;371;0;0;371;0;0;0;0;0;371;247;124;
260700005;600;365;0;611;1;235;1;3;235;2;4;0;0;6;229;172;57;
260700006;850;489;2;895;0;359;0;10;359;5;4;0;0;9;350;225;125;
260700007;934;553;1;942;3;380;3;8;380;1;7;5;0;13;367;260;107;
260700008;800;454;0;840;7;346;7;4;346;2;1;0;0;3;343;254;89;
260700009;700;428;0;747;1;272;1;0;272;5;1;0;0;6;266;182;84;
260700010;650;340;1;719;2;309;2;19;309;0;3;1;0;4;305;226;79;
260700011;900;496;1;955;0;403;0;1;403;1;4;0;0;5;398;267;131;
260700012;1000;583;2;1008;0;415;0;7;415;1;2;0;0;3;412;313;99;
260700013;850;460;1;899;0;389;0;5;389;0;7;1;0;8;381;256;125;
260700014;600;381;0;607;0;219;0;0;219;1;0;3;0;4;215;151;64;
260700015;900;339;4;951;3;557;3;0;557;1;2;0;0;3;554;553;1;
260700016;900;573;2;954;0;325;0;2;325;2;0;0;0;2;323;239;84;
260700017;1000;661;2;1048;1;337;1;2;337;1;2;0;0;3;334;216;118;
260700018;900;530;0;922;0;370;0;3;370;10;4;0;0;14;356;264;92;
260700019;800;442;1;862;0;357;0;0;357;0;1;3;0;4;353;300;53;
260700020;500;275;1;503;1;224;1;2;224;0;1;0;0;1;223;158;65;
260700021;1000;574;1;1026;0;425;0;6;425;2;2;0;0;4;421;284;137;
260700022;550;312;1;595;0;237;0;0;237;0;3;0;0;3;234;145;89;
260700023;40;8;1;42;0;31;0;6;31;1;0;0;0;1;30;27;3;
260700024;160;58;1;167;1;101;1;5;101;2;1;0;0;3;98;91;7;
260700025;750;423;1;761;3;326;3;0;326;3;2;0;0;5;321;215;106;
260700026;700;348;2;734;0;350;0;2;350;4;3;0;0;7;343;240;103;
260700027;450;209;1;491;3;240;3;0;240;3;7;0;0;10;230;193;37;
260700028;700;418;2;738;0;280;0;2;280;0;3;0;0;3;277;190;87;
260700029;700;402;1;751;0;297;0;0;297;3;0;0;0;3;294;199;95;
260700030;700;344;5;712;5;351;5;0;351;3;2;0;0;5;346;241;105;
260700031;550;223;1;577;1;326;1;4;326;2;0;0;0;2;324;257;67;
260700032;400;178;1;433;0;221;0;1;221;0;1;0;0;1;220;164;56;
260700033;157;45;1;163;7;111;7;0;111;2;0;0;0;2;109;101;8;
260700034;120;44;1;125;2;75;2;6;75;0;1;0;0;1;74;66;8;
260700035;60;25;1;69;1;34;1;3;34;0;0;0;0;0;34;18;16;
260700036;750;403;1;779;3;346;3;0;346;1;1;0;0;2;344;236;108;
260700037;650;331;1;656;3;318;3;0;318;5;5;0;0;10;308;272;36;
260700038;220;61;1;245;3;158;3;3;158;0;0;0;0;0;158;118;40;
260700039;100;6;1;124;4;93;4;0;93;0;1;0;0;1;92;81;11;
260700040;150;24;1;177;2;125;2;0;125;3;2;0;0;5;120;110;10;
260700041;600;372;1;621;0;227;0;0;227;0;0;0;0;0;227;131;96;
260700042;800;465;3;833;1;332;1;0;332;1;1;1;0;3;329;258;71;
260700043;900;575;1;902;0;324;0;0;324;0;0;1;0;1;323;210;113;
260700044;500;309;1;535;2;190;2;0;190;0;4;0;0;4;186;124;62;
260900001;600;321;2;802;2;277;2;0;277;0;1;3;0;4;273;230;43;
260900002;600;354;2;685;0;244;0;1;244;2;1;0;0;3;241;188;53;
260900003;800;473;1;916;3;326;3;0;326;4;2;3;0;9;317;233;84;
260900004;600;346;0;711;1;254;1;0;254;1;2;0;0;3;251;204;47;
260900005;800;500;0;991;3;300;3;0;300;2;5;2;0;9;291;214;77;
260900006;300;174;0;251;5;126;5;4;126;2;0;0;0;2;124;112;12;
260900007;100;41;0;85;0;59;0;0;59;0;1;0;0;1;58;52;6;
260900008;80;41;0;79;0;39;0;1;39;0;1;0;0;1;38;32;6;
260900009;50;33;0;29;0;17;0;6;17;0;0;0;0;0;17;14;3;
260900010;50;34;0;29;1;16;1;0;16;1;0;0;0;1;15;12;3;
260900011;50;25;0;34;0;25;0;0;25;0;0;0;0;0;25;23;2;
260900012;50;32;0;26;0;18;0;0;18;0;0;0;0;0;18;13;5;
260900013;100;52;0;94;2;48;2;6;48;2;0;0;0;2;46;31;15;
260900014;50;32;0;31;1;18;1;5;18;0;2;0;0;2;16;11;5;
260900015;80;47;0;62;2;33;2;0;33;0;0;0;0;0;33;28;5;
260900016;80;45;1;48;1;34;1;5;34;0;0;0;0;0;34;30;4;
260900017;100;61;0;60;2;39;2;5;39;1;0;0;0;1;38;33;5;
260900018;50;32;0;29;0;18;0;5;18;1;0;0;0;1;17;13;4;
260900019;200;121;0;183;0;79;0;0;79;1;0;0;0;1;78;71;7;
261000001;530;252;0;622;1;278;1;0;278;1;1;0;0;2;276;205;71;
261000002;480;234;1;567;0;245;0;0;245;0;2;0;0;2;243;217;26;
261000003;370;176;0;443;0;194;0;3;194;2;0;0;0;2;192;179;13;
261000004;230;118;1;266;3;111;3;0;111;1;0;0;0;1;110;89;21;
261000005;270;153;1;314;0;116;0;0;116;0;0;5;0;5;111;78;33;
261000006;676;306;1;795;0;369;0;0;369;0;2;0;0;2;367;291;76;
261000007;150;63;1;168;0;86;0;0;86;1;2;0;0;3;83;64;19;
261000008;110;46;1;128;0;63;0;0;63;1;1;2;0;4;59;44;15;
261000009;200;96;1;230;2;103;2;0;103;0;3;0;0;3;100;85;15;
261000010;170;68;1;192;0;101;0;0;101;0;2;0;0;2;99;78;21;
261000011;260;107;1;302;1;152;1;3;152;2;3;0;0;5;147;124;23;
261000012;160;79;1;176;3;80;3;0;80;2;0;0;0;2;78;69;9;
261000013;390;215;1;447;2;174;2;3;174;2;0;1;0;3;171;111;60;
261000014;240;136;1;282;0;103;0;0;103;1;0;0;0;1;102;67;35;
261000015;170;60;0;198;0;110;0;0;110;0;1;0;0;1;109;99;10;
261600001;500;304;1;622;0;195;0;3;195;4;0;0;0;4;191;133;58;
261600002;550;313;1;670;2;236;2;0;236;3;0;1;0;4;232;169;63;
261600003;500;311;0;584;0;189;0;4;189;0;0;0;0;0;189;148;41;
261600004;600;396;0;701;0;204;0;0;204;0;4;0;0;4;200;145;55;
261600005;350;196;1;380;1;153;1;0;153;0;5;0;0;5;148;122;26;
261600006;37;24;1;32;4;12;4;0;12;1;0;0;0;1;11;8;3;
261600007;46;25;1;45;1;20;1;0;20;1;0;0;0;1;19;13;6;
261600008;62;31;0;61;2;31;2;0;31;0;0;0;0;0;31;26;5;
261600009;160;85;1;154;0;74;0;3;74;1;0;2;0;3;71;57;14;
261600010;55;33;0;45;0;22;0;4;22;0;0;0;0;0;22;17;5;
261600011;55;31;0;47;0;24;0;6;24;2;0;2;0;4;20;10;10;
261600012;85;36;0;81;0;49;0;5;49;1;1;0;0;2;47;42;5;
261600013;75;26;1;71;0;48;0;5;48;0;1;0;0;1;47;29;18;
261600014;130;74;1;123;1;55;1;6;55;0;0;0;0;0;55;42;13;
261600015;140;90;0;136;2;50;2;0;50;0;0;3;0;3;47;40;7;
261600016;72;47;0;73;7;25;7;0;25;0;0;0;0;0;25;17;8;
261600017;50;15;0;44;2;35;2;0;35;1;0;0;0;1;34;26;8;
261600018;470;277;0;486;5;193;5;0;193;1;0;3;0;4;189;153;36;
261600019;66;35;0;30;1;31;1;6;31;0;0;0;0;0;31;29;2;
261600020;125;77;1;117;0;47;0;0;47;0;0;2;0;2;45;33;12;
261600021;60;32;1;51;0;27;0;0;27;0;1;0;0;1;26;24;2;
261600022;60;31;1;52;0;28;0;0;28;0;0;0;0;0;28;20;8;
261600023;42;15;0;30;3;27;3;0;27;1;0;0;0;1;26;22;4;
261600024;32;17;0;26;3;15;3;0;15;0;0;0;0;0;15;14;1;
261600025;152;94;0;142;0;58;0;0;58;0;0;1;0;1;57;51;6;
261600026;87;50;0;78;0;37;0;0;37;3;0;0;0;3;34;28;6;
261700001;600;341;0;827;0;259;0;0;259;0;2;0;0;2;257;204;53;
261700002;400;180;1;632;1;219;1;0;219;0;6;0;0;6;213;145;68;
261700003;600;350;1;750;0;249;0;1;249;0;1;0;0;1;248;172;76;
261700004;800;444;0;955;1;356;1;2;356;3;3;0;0;6;350;234;116;
261700005;800;496;1;949;0;303;0;0;303;3;5;0;0;8;295;216;79;
261700006;800;533;0;898;0;267;0;1;267;2;1;0;0;3;264;174;90;
261700007;600;383;1;696;0;216;0;0;216;0;0;0;0;0;216;164;52;
261700008;50;35;1;34;0;14;0;1;14;2;0;0;0;2;12;11;1;
261700009;800;477;0;928;0;323;0;2;323;0;0;6;0;6;317;248;69;
261700010;600;288;0;795;0;312;0;2;312;1;2;14;0;17;295;229;66;
261700011;600;344;1;777;0;255;0;0;255;0;1;2;0;3;252;196;56;
261700012;500;283;1;598;3;216;3;0;216;2;0;0;0;2;214;166;48;
261700013;800;515;0;963;0;285;0;2;285;0;3;7;0;10;275;200;75;
261700014;700;464;0;865;2;236;2;0;236;0;0;0;0;0;236;169;67;
261700015;400;146;3;553;2;251;2;0;251;2;2;0;0;4;247;130;117;
261700016;350;183;0;444;2;167;2;0;167;2;2;0;0;4;163;86;77;
261700017;400;242;0;514;0;158;0;3;158;3;1;0;0;4;154;125;29;
261700018;400;283;0;583;0;117;0;0;117;2;0;0;0;2;115;87;28;
261700019;750;428;0;861;5;322;5;0;322;0;1;0;0;1;321;216;105;
261700020;250;105;1;367;0;144;0;1;144;2;0;3;0;5;139;120;19;
261700021;450;216;0;600;3;234;3;2;234;1;2;6;0;9;225;183;42;
261700022;274;133;2;337;0;139;0;5;139;0;2;0;0;2;137;88;49;
261700023;40;20;0;36;0;20;0;6;20;0;0;0;0;0;20;16;4;
261700024;200;27;1;285;0;172;0;4;172;1;0;0;0;1;171;122;49;
261700025;400;161;0;637;1;239;1;2;239;0;1;0;0;1;238;152;86;
261700026;600;257;0;762;0;343;0;3;343;1;3;5;0;9;334;276;58;
261700027;500;232;0;636;1;268;1;0;268;1;1;0;0;2;266;211;55;
261700028;400;142;0;573;1;258;1;4;258;0;3;7;0;10;248;200;48;
261700029;100;30;2;162;0;68;0;1;68;0;0;0;0;0;68;51;17;
261700030;80;42;0;92;0;38;0;0;38;0;0;0;0;0;38;29;9;
261700031;50;6;1;61;1;43;1;0;43;1;0;0;0;1;42;28;14;
261700032;400;252;0;365;2;148;2;2;148;4;1;4;0;9;139;98;41;
261800001;700;453;1;781;0;246;0;0;246;0;0;6;0;6;240;159;81;
261800002;700;498;1;801;0;201;0;0;201;0;0;2;0;2;199;141;58;
261800003;700;381;1;825;0;318;0;1;318;4;1;0;0;5;313;230;83;
261800004;600;253;2;726;0;345;0;4;345;1;2;0;0;3;342;291;51;
261800005;700;410;1;808;0;289;0;0;289;0;4;0;0;4;285;245;40;
261800006;850;477;2;948;0;371;0;0;371;2;3;0;0;5;366;286;80;
261800007;700;344;2;803;0;354;0;0;354;2;1;1;0;4;350;268;82;
261800008;800;430;1;816;1;369;1;6;369;1;1;3;0;5;364;275;89;
261800009;850;444;1;922;2;405;2;0;405;1;4;0;0;5;400;297;103;
261800010;700;433;2;783;0;265;0;3;265;1;1;0;0;2;263;193;70;
261800011;800;477;1;920;1;322;1;0;322;2;0;0;1;3;319;205;114;
261800013;192;88;1;196;2;103;2;0;103;0;0;0;0;0;103;87;16;
261800014;88;14;1;94;5;73;5;6;73;2;1;0;0;3;70;67;3;
261800015;139;23;1;142;0;115;0;3;115;0;0;0;0;0;115;111;4;
261800016;95;30;1;102;3;64;3;7;64;0;0;0;0;0;64;52;12;
261800017;30;7;1;28;0;22;0;6;22;0;0;0;0;0;22;18;4;
261800018;190;34;1;198;2;155;2;4;155;1;0;4;0;5;150;124;26;
261800019;430;143;2;452;2;285;2;6;285;0;1;3;0;4;281;236;45;
261800020;170;70;1;187;0;99;0;5;99;0;0;0;0;0;99;82;17;
261800021;240;72;2;254;0;166;0;1;166;0;0;0;0;0;166;141;25;
262000001;1100;502;0;1179;0;598;0;0;598;2;4;0;0;6;592;473;119;
262000002;900;542;0;910;4;358;4;0;358;1;2;5;0;8;350;277;73;
262000003;550;364;0;564;0;186;0;0;186;0;2;0;0;2;184;132;52;
262000004;900;558;4;947;0;338;0;0;338;3;4;0;0;7;331;221;110;
262000005;1000;594;1;1134;0;405;0;0;405;1;4;0;1;6;399;264;135;
262000006;950;610;0;1002;0;340;0;0;340;4;3;2;0;9;331;238;93;
262000007;900;588;3;938;0;309;0;0;309;1;2;0;0;3;306;204;102;
262000008;600;341;1;658;0;258;0;1;258;2;9;0;0;11;247;162;85;
262000009;900;546;4;970;7;350;7;0;350;2;2;0;0;4;346;235;111;
262000010;60;34;0;54;0;26;0;4;26;0;0;0;0;0;26;19;7;
262000011;1050;311;5;1133;0;734;0;2;734;2;1;0;0;3;731;724;7;
262000012;1000;327;3;1093;0;670;0;0;670;5;4;0;0;9;661;657;4;
262000013;200;119;0;209;0;81;0;5;81;0;1;0;0;1;80;59;21;
262000014;450;250;1;461;0;199;0;3;199;0;2;1;0;3;196;121;75;
262000015;250;123;1;266;1;126;1;4;126;3;0;0;0;3;123;100;23;
262000016;150;66;1;154;0;83;0;0;83;0;0;0;0;0;83;70;13;
262000017;80;40;1;42;1;39;1;0;39;1;1;0;0;2;37;35;2;
262000018;120;62;0;93;1;58;1;5;58;0;3;0;0;3;55;39;16;
262000019;450;242;0;431;6;208;6;0;208;7;0;0;0;7;201;168;33;
262000020;270;134;0;268;2;136;2;6;136;0;1;0;0;1;135;80;55;
262000021;120;72;0;81;0;48;0;3;48;0;1;1;0;2;46;38;8;
262000022;100;56;0;60;4;44;4;8;44;0;0;0;0;0;44;41;3;
262000023;90;71;0;46;1;19;1;0;19;0;0;0;0;0;19;15;4;
262000024;550;323;1;551;2;226;2;0;226;3;1;7;0;11;215;175;40;
262000025;350;212;0;355;2;138;2;0;138;2;0;1;0;3;135;108;27;
262000026;720;501;0;718;1;219;1;0;219;1;0;3;0;4;215;151;64;
262000027;80;49;0;42;0;31;0;6;31;0;0;0;0;0;31;27;4;
262000028;60;35;0;31;1;25;1;0;25;0;0;0;0;0;25;21;4;
262000029;100;53;1;56;3;46;3;0;46;2;1;0;0;3;43;43;0;
262000030;150;65;5;127;2;80;2;0;80;2;2;0;0;4;76;66;10;
262400001;850;519;0;839;5;331;5;0;331;3;12;0;0;15;316;235;81;
262400002;850;449;13;852;0;388;0;0;388;6;7;0;0;13;375;281;94;
262400003;500;283;0;506;0;217;0;0;217;3;12;0;0;15;202;150;52;
262500001;701;423;1;746;2;277;2;0;277;3;1;0;0;4;273;202;71;
262500002;701;409;1;708;0;291;0;0;291;0;4;0;0;4;287;220;67;
262500003;701;432;1;714;0;268;0;0;268;1;2;10;0;13;255;190;65;
262500004;501;353;2;522;0;146;0;0;146;0;1;0;0;1;145;99;46;
262500005;401;214;1;440;1;186;1;0;186;2;0;3;0;5;181;122;59;
262500006;499;269;5;567;1;225;1;0;225;3;1;0;0;4;221;166;55;
262500007;701;408;1;712;0;292;0;0;292;2;2;0;0;4;288;221;67;
262500008;401;201;2;456;0;198;0;0;198;0;2;0;0;2;196;132;64;
262500009;605;344;4;609;1;257;1;0;257;2;1;0;1;4;253;180;73;
262500010;701;456;1;727;0;244;0;0;244;1;1;8;1;11;233;167;66;
262500011;301;202;0;342;0;99;0;0;99;1;0;2;0;3;96;69;27;
262500012;601;345;1;664;0;255;0;0;255;2;1;3;0;6;249;185;64;
262500013;800;430;0;858;0;370;0;0;370;0;6;0;0;6;364;256;108;
262500014;601;358;1;616;1;242;1;1;242;0;5;0;0;5;237;181;56;
262500015;601;404;1;661;1;196;1;1;196;2;1;0;0;3;193;125;68;
262500016;601;275;3;686;0;323;0;2;323;3;1;9;0;13;310;238;72;
262500017;601;355;1;671;3;245;3;0;245;0;4;0;0;4;241;154;87;
262500018;601;353;1;649;0;247;0;1;247;1;1;4;0;6;241;183;58;
262500019;201;96;1;244;0;104;0;5;104;0;0;4;0;4;100;91;9;
262500020;201;58;1;270;0;142;0;3;142;2;0;1;0;3;139;115;24;
262500021;41;25;1;40;2;15;2;0;15;0;0;0;0;0;15;14;1;
262500022;51;15;1;45;0;35;0;0;35;0;0;0;0;0;35;26;9;
262500023;131;68;2;96;1;61;1;0;61;0;0;0;0;0;61;43;18;
262600001;500;316;0;599;0;184;0;6;184;2;2;7;0;11;173;111;62;
262600002;600;341;1;779;0;258;0;8;258;0;4;3;0;7;251;172;79;
262600003;1000;747;0;857;0;253;0;0;253;0;1;3;0;4;249;161;88;
262600004;700;376;1;864;1;323;1;3;323;2;2;0;0;4;319;235;84;
262600005;600;318;1;762;1;281;1;6;281;2;9;0;0;11;270;207;63;
262600006;700;426;2;799;0;272;0;4;272;8;0;4;0;12;260;189;71;
262600007;700;389;1;770;1;310;1;0;310;1;3;0;0;4;306;214;92;
262600008;700;417;1;786;1;282;1;2;282;3;2;9;0;14;268;207;61;
262600009;700;437;3;878;0;260;0;2;260;1;2;1;0;4;256;182;74;
262600010;700;421;1;843;0;278;0;2;278;0;1;0;1;2;276;185;91;
262600011;700;431;1;838;0;268;0;7;268;0;0;6;0;6;262;196;66;
262600012;700;397;1;726;0;302;0;3;302;8;1;0;0;9;293;205;88;
262600013;700;418;0;808;3;282;3;4;282;3;4;0;0;7;275;213;62;
262600014;400;281;1;340;0;118;0;9;118;2;2;0;0;4;114;77;37;
262600015;300;200;2;146;3;98;3;6;98;2;0;0;0;2;96;82;14;
262600016;300;214;1;220;2;85;2;2;85;0;1;2;0;3;82;68;14;
262600017;300;192;1;204;0;107;0;0;107;2;1;1;0;4;103;74;29;
262600018;700;423;2;839;0;275;0;3;275;6;0;0;0;6;269;222;47;
262600019;700;415;2;819;2;283;2;3;283;3;2;0;0;5;278;224;54;
262600020;401;289;1;285;1;111;1;4;111;0;0;2;0;2;109;90;19;
262600021;300;204;1;164;1;95;1;2;95;2;0;3;0;5;90;69;21;
262600022;200;146;0;87;0;54;0;0;54;0;3;0;0;3;51;44;7;
262600023;200;141;1;95;1;58;1;1;58;1;0;0;0;1;57;39;18;
263400001;690;264;2;772;1;424;1;0;424;0;5;0;0;5;419;345;74;
263400002;480;239;1;532;10;240;10;1;240;6;2;0;0;8;232;208;24;
263400003;570;321;2;643;0;247;0;3;247;0;5;0;0;5;242;195;47;
263400004;710;402;1;788;6;307;6;0;307;3;1;1;0;5;302;257;45;
263400005;580;342;1;645;0;237;0;0;237;0;8;0;0;8;229;192;37;
263400006;400;153;1;451;0;246;0;3;246;0;2;0;0;2;244;220;24;
263400007;180;33;2;206;1;145;1;0;145;2;0;0;0;2;143;131;12;
263400008;45;0;1;58;0;44;0;8;44;0;0;0;0;0;44;40;4;
263400009;150;49;1;169;6;100;6;6;100;1;0;2;0;3;97;87;10;
263400010;110;10;2;127;0;98;0;0;98;1;3;4;0;8;90;71;19;
263400011;640;222;1;716;8;417;8;0;417;5;1;0;0;6;411;367;44;
263400012;120;28;1;136;1;91;1;6;91;2;1;0;0;3;88;77;11;
263400013;370;147;2;414;3;221;3;7;221;2;0;0;0;2;219;195;24;
263400014;290;42;2;331;8;246;8;5;246;2;2;0;0;4;242;219;23;
263400015;190;34;1;217;2;155;2;0;155;3;0;0;0;3;152;125;27;
263900001;600;379;0;629;0;221;0;0;221;0;2;0;0;2;219;142;77;
263900002;400;210;0;443;4;190;4;0;190;0;1;0;0;1;189;117;72;
263900003;800;518;0;791;0;282;0;0;282;1;0;0;0;1;281;176;105;
263900004;600;360;0;622;4;240;4;0;240;5;0;0;0;5;235;168;67;
263900005;600;343;0;668;11;257;11;0;257;1;2;0;0;3;254;151;103;
263900006;500;255;0;577;2;245;2;0;245;0;2;1;0;3;242;173;69;
263900007;700;442;0;726;0;258;0;0;258;2;5;4;0;11;247;168;79;
263900008;800;444;1;870;0;355;0;0;355;6;2;0;0;8;347;259;88;
263900009;600;358;0;602;0;242;0;4;242;1;1;0;0;2;240;161;79;
263900010;500;280;0;546;1;220;1;1;220;0;4;0;1;5;215;126;89;
263900011;500;290;0;512;1;210;1;0;210;10;0;0;0;10;200;129;71;
263900012;600;390;0;629;0;210;0;0;210;1;0;0;0;1;209;126;83;
263900013;600;367;0;651;0;233;0;0;233;0;4;0;0;4;229;133;96;
263900014;700;426;0;766;0;274;0;0;274;0;0;0;0;0;274;174;100;
263900015;600;389;0;611;0;211;0;0;211;0;1;0;0;1;210;103;107;
263900016;700;443;0;696;0;257;0;3;257;3;0;0;0;3;254;159;95;
263900017;600;420;0;614;0;180;0;0;180;3;0;0;0;3;177;112;65;
263900018;600;399;0;635;0;201;0;0;201;0;1;4;0;5;196;130;66;
263900019;600;325;0;588;0;275;0;0;275;0;4;0;0;4;271;178;93;
263900020;600;380;0;610;0;220;0;0;220;0;3;0;0;3;217;141;76;
263900021;600;363;0;567;1;237;1;0;237;0;0;0;0;0;237;143;94;
263900022;40;23;0;46;5;17;5;0;17;1;0;0;0;1;16;11;5;
263900023;500;324;0;481;4;176;4;0;176;0;1;0;0;1;175;119;56;
263900024;800;519;0;800;0;281;0;0;281;0;0;0;0;0;281;175;106;
263900025;500;306;0;539;5;194;5;0;194;0;0;0;0;0;194;120;74;
263900026;900;610;1;885;2;289;2;0;289;6;0;0;0;6;283;180;103;
263900027;700;450;0;740;3;250;3;0;250;0;6;0;0;6;244;148;96;
263900028;600;379;0;670;0;221;0;0;221;1;0;4;0;5;216;134;82;
263900029;700;401;0;691;0;299;0;0;299;2;1;4;0;7;292;161;131;
263900030;700;386;1;778;0;313;0;8;313;1;5;3;1;10;303;190;113;
263900031;800;523;3;829;0;274;0;0;274;1;7;0;0;8;266;170;96;
263900032;700;241;0;713;6;459;6;0;459;2;0;0;0;2;457;455;2;
263900033;800;308;0;832;0;492;0;0;492;0;0;0;0;0;492;490;2;
263900034;900;374;0;911;0;526;0;7;526;2;5;2;0;9;517;513;4;
263900035;800;279;3;807;0;518;0;0;518;1;0;0;0;1;517;507;10;
263900036;500;225;0;577;4;275;4;0;275;1;0;0;0;1;274;141;133;
263900037;200;93;0;164;3;107;3;0;107;3;2;0;0;5;102;81;21;
263900038;100;27;0;108;2;73;2;2;73;4;1;0;0;5;68;41;27;
263900039;200;61;0;259;1;139;1;0;139;1;3;0;0;4;135;67;68;
263900040;200;83;0;205;2;117;2;0;117;1;0;1;0;2;115;102;13;
263900041;200;88;0;152;4;112;4;0;112;0;0;0;0;0;112;102;10;
263900042;300;169;3;366;0;128;0;1;128;1;1;1;0;3;125;57;68;
263900043;500;274;0;226;1;226;1;0;226;0;0;0;0;0;226;135;91;
263900044;400;239;3;387;1;158;1;6;158;2;0;0;0;2;156;130;26;
263900045;300;110;0;365;2;190;2;0;190;1;3;4;0;8;182;165;17;
263900046;200;47;0;233;6;153;6;0;153;1;3;0;0;4;149;139;10;
263900047;300;189;0;292;11;111;11;0;111;2;2;0;0;4;107;77;30;
263900048;400;210;0;408;0;190;0;0;190;0;0;5;0;5;185;150;35;
263900049;200;115;0;200;0;85;0;0;85;1;1;0;0;2;83;69;14;
263900050;300;178;0;272;0;122;0;0;122;1;0;0;0;1;121;98;23;
263900051;300;169;0;313;3;131;3;0;131;0;1;4;0;5;126;80;46;
263900052;400;265;0;416;3;135;3;0;135;4;0;0;0;4;131;93;38;
263900053;400;229;2;447;0;169;0;0;169;3;0;0;0;3;166;102;64;
263900054;580;347;0;580;0;233;0;0;233;2;3;0;0;5;228;124;104;
263900055;700;402;0;684;4;298;4;0;298;2;2;2;0;6;292;182;110;
263900056;500;252;0;565;7;248;7;0;248;0;2;0;0;2;246;162;84;
263900057;300;139;0;287;0;161;0;0;161;1;0;0;0;1;160;119;41;
263900058;400;190;0;447;5;210;5;0;210;14;2;1;0;17;193;133;60;
263900059;600;278;2;320;5;320;5;0;320;3;4;2;0;9;311;126;185;
263900060;600;394;0;612;0;206;0;0;206;0;1;4;0;5;201;122;79;
263900061;400;269;0;431;1;131;1;0;131;5;3;0;0;8;123;55;68;
263900062;500;218;0;544;0;282;0;0;282;6;1;1;0;8;274;180;94;
263900063;200;145;0;165;6;55;6;0;55;1;0;3;0;4;51;38;13;
263900064;60;10;0;57;0;50;0;0;50;0;0;0;0;0;50;41;9;
263900065;70;39;0;71;0;31;0;3;31;0;0;0;0;0;31;25;6;
264300001;780;454;1;978;0;325;0;1;325;0;5;0;0;5;320;247;73;
264300002;760;441;0;948;0;319;0;3;319;5;2;0;0;7;312;223;89;
264300003;630;478;1;784;0;151;0;0;151;0;1;0;0;1;150;108;42;
264300004;690;416;0;856;0;274;0;1;274;3;3;0;0;6;268;207;61;
264300005;680;400;0;841;0;280;0;0;280;2;8;0;0;10;270;224;46;
264300006;700;421;1;880;2;278;2;1;278;2;4;0;0;6;272;192;80;
264300007;770;467;2;963;2;301;2;2;301;0;3;0;0;3;298;216;82;
264300008;750;505;0;934;1;245;1;5;245;0;5;0;0;5;240;147;93;
264300010;175;81;1;182;4;93;4;4;93;0;0;0;0;0;93;80;13;
264300011;125;60;1;128;2;64;2;0;64;0;0;0;0;0;64;50;14;
264300012;245;124;0;244;0;121;0;0;121;7;3;0;0;10;111;77;34;
264300013;460;273;0;574;0;187;0;0;187;2;2;0;0;4;183;111;72;
264300014;420;260;2;520;1;158;1;2;158;0;1;3;0;4;154;77;77;
264300015;220;119;0;221;0;101;0;0;101;1;3;0;0;4;97;89;8;
264300016;750;455;1;941;0;294;0;0;294;1;3;0;0;4;290;190;100;
264300017;460;266;0;554;0;194;0;0;194;1;1;0;0;2;192;132;60;
264300018;500;255;0;622;0;245;0;3;245;2;3;7;2;14;231;151;80;
264300019;85;46;0;88;1;39;1;7;39;0;0;2;0;2;37;29;8;
264300020;60;28;1;61;0;31;0;3;31;0;0;0;0;0;31;31;0;
264300021;220;102;0;224;2;118;2;0;118;0;0;0;0;0;118;100;18;
264300022;100;52;1;103;1;47;1;2;47;0;0;0;0;0;47;47;0;
264300023;189;113;0;75;1;76;1;0;76;1;2;0;0;3;73;50;23;
264300024;65;21;0;69;0;44;0;0;44;0;0;0;0;0;44;39;5;
264300025;145;60;0;145;1;85;1;2;85;0;2;0;0;2;83;75;8;
264300026;235;138;2;246;1;95;1;0;95;1;0;0;0;1;94;80;14;
264300027;720;434;0;898;0;286;0;0;286;3;0;5;0;8;278;181;97;
264300028;720;466;1;898;1;253;1;0;253;1;6;0;0;7;246;188;58;
264300030;150;52;0;147;1;98;1;0;98;1;1;0;0;2;96;92;4;
264300031;120;66;0;120;0;54;0;7;54;4;0;0;0;4;50;40;10;
264300032;235;152;0;242;0;83;0;5;83;1;0;0;0;1;82;65;17;
264300033;400;150;0;501;3;250;3;0;250;4;0;7;0;11;239;223;16;
264300034;95;30;0;94;0;65;0;0;65;0;0;0;0;0;65;59;6;
264300035;105;29;0;103;0;76;0;0;76;0;0;0;0;0;76;70;6;
264300036;300;164;1;312;1;135;1;6;135;1;1;3;0;5;130;111;19;
264300037;660;357;1;829;0;302;0;2;302;7;0;0;0;7;295;176;119;
264300038;95;63;0;101;0;32;0;0;32;2;0;0;0;2;30;27;3;
264300039;690;408;1;856;8;281;8;0;281;1;2;5;0;8;273;175;98;
264300040;630;423;0;783;0;207;0;2;207;3;1;0;0;4;203;137;66;
264300041;580;287;0;727;1;293;1;2;293;8;0;1;0;9;284;187;97;
264300042;560;347;1;695;0;212;0;2;212;1;2;0;0;3;209;139;70;
264300043;120;52;0;118;3;68;3;4;68;1;0;0;0;1;67;59;8;
264500001;70;34;1;65;4;35;4;5;35;0;0;0;0;0;35;29;6;
264500002;130;68;1;130;3;61;3;0;61;2;1;0;0;3;58;46;12;
264500003;750;516;0;770;0;234;0;0;234;11;1;0;0;12;222;144;78;
264500004;800;531;1;817;0;268;0;0;268;4;9;0;0;13;255;155;100;
264500005;600;382;1;623;0;217;0;0;217;1;7;0;0;8;209;156;53;
264500006;630;392;0;647;0;238;0;0;238;2;1;9;0;12;226;148;78;
264500007;670;429;1;686;0;240;0;0;240;4;2;3;0;9;231;157;74;
264500008;800;510;1;863;0;289;0;0;289;3;3;6;0;12;277;204;73;
264500009;640;381;0;665;0;259;0;1;259;0;7;0;0;7;252;185;67;
264500010;750;470;1;809;2;279;2;0;279;1;0;4;0;5;274;190;84;
264500011;600;414;1;623;0;185;0;0;185;1;2;1;0;4;181;125;56;
264500012;550;346;0;555;0;204;0;3;204;4;2;0;1;7;197;141;56;
264500013;590;403;2;601;0;185;0;3;185;1;1;0;0;2;183;132;51;
264500014;50;14;1;43;0;35;0;4;35;0;0;0;0;0;35;35;0;
264500015;60;26;0;57;0;34;0;5;34;1;0;0;0;1;33;24;9;
264500016;80;43;0;74;1;37;1;5;37;2;2;0;0;4;33;17;16;
264500017;130;86;1;121;3;43;3;4;43;1;0;0;0;1;42;31;11;
264500018;70;26;1;66;0;43;0;5;43;1;0;0;0;1;42;30;12;
264700001;743;433;2;737;2;308;2;1;308;4;1;2;0;7;301;171;130;
264700002;465;266;2;458;0;197;0;1;197;1;0;5;0;6;191;132;59;
264700003;763;456;1;756;0;306;0;1;306;2;1;1;0;4;302;196;106;
264700004;617;382;1;610;0;234;0;0;234;4;1;1;0;6;228;143;85;
264700005;605;377;1;596;0;227;0;0;227;8;3;0;0;11;216;137;79;
264700006;619;351;0;611;0;268;0;0;268;0;0;0;0;0;268;153;115;
264700007;591;371;1;583;0;219;0;0;219;0;1;0;0;1;218;138;80;
264700008;231;126;2;226;1;103;1;0;103;0;0;0;0;0;103;62;41;
264700009;212;86;1;208;0;125;0;0;125;1;3;0;0;4;121;83;38;
264700010;259;125;1;252;0;133;0;0;133;4;0;0;0;4;129;104;25;
265400001;800;528;1;748;1;271;1;0;271;2;1;3;0;6;265;190;75;
265400002;600;398;1;598;2;201;2;0;201;0;1;1;0;2;199;133;66;
265500001;522;299;0;519;0;223;0;0;223;3;1;0;0;4;219;128;91;
265500002;578;336;0;580;0;242;0;0;242;4;7;0;0;11;231;146;85;
265500003;423;232;1;423;0;190;0;1;190;9;2;0;0;11;179;111;68;
265500004;625;334;0;626;0;291;0;1;291;2;0;6;0;8;283;181;102;
265500005;614;354;0;612;0;260;0;0;260;1;16;0;0;17;243;142;101;
265500006;676;398;0;674;0;278;0;0;278;7;3;0;0;10;268;171;97;
265500007;725;436;1;723;1;288;1;0;288;2;4;2;0;8;280;166;114;
265500008;632;380;2;633;0;250;0;0;250;2;0;0;0;2;248;128;120;
265500009;608;384;0;610;0;224;0;0;224;2;2;0;0;4;220;151;69;
265500010;753;447;2;759;0;304;0;0;304;1;7;0;0;8;296;203;93;
265500011;563;344;0;563;0;219;0;0;219;2;0;0;0;2;217;144;73;
265500012;744;336;0;742;0;408;0;1;408;2;3;1;0;6;402;304;98;
265500013;37;21;0;35;0;16;0;0;16;0;0;0;0;0;16;11;5;
265600001;782;453;0;781;0;329;0;0;329;0;1;7;0;8;321;218;103;
265600002;660;377;0;658;3;283;3;0;283;4;9;0;0;13;270;182;88;
265600003;316;202;1;318;1;113;1;0;113;1;2;0;1;4;109;90;19;
265600004;291;151;1;298;3;139;3;0;139;8;1;0;0;9;130;110;20;
265600005;124;49;0;127;0;75;0;0;75;1;0;2;0;3;72;59;13;
265600006;127;44;2;129;0;81;0;0;81;5;2;0;0;7;74;68;6;
265700001;600;333;0;592;1;267;1;0;267;0;2;0;0;2;265;190;75;
265700002;500;310;0;495;1;190;1;0;190;3;9;1;0;13;177;111;66;
265800001;790;376;1;774;1;413;1;0;413;1;3;1;0;5;408;270;138;
265800002;510;277;2;504;1;231;1;0;231;0;2;0;0;2;229;177;52;
265900001;600;340;0;690;0;260;0;0;260;1;4;0;0;5;255;173;82;
265900002;600;297;0;736;0;303;0;0;303;2;2;0;0;4;299;230;69;
265900003;600;321;0;784;0;279;0;0;279;1;2;0;0;3;276;194;82;
265900004;600;350;0;706;0;250;0;0;250;3;2;9;1;15;235;173;62;
265900005;600;252;2;762;1;346;1;0;346;1;2;0;0;3;343;309;34;
270400001;707;231;1;710;5;475;5;3;475;2;1;0;1;4;471;346;125;
270400002;120;21;1;120;3;98;3;2;98;0;0;0;0;0;98;86;12;
270400003;244;66;0;248;1;178;1;3;178;7;1;0;0;8;170;126;44;
270400004;422;138;1;419;7;283;7;0;283;4;1;1;0;6;277;242;35;
270400005;536;194;1;536;0;341;0;0;341;12;0;15;0;27;314;282;32;
270400006;463;234;4;467;4;225;4;0;225;0;3;0;0;3;222;191;31;
270400007;618;256;1;623;1;361;1;0;361;1;1;5;0;7;354;213;141;
270400008;578;283;1;580;3;294;3;0;294;2;5;1;0;8;286;192;94;
270400009;257;26;0;262;5;231;5;5;231;0;1;0;0;1;230;213;17;
270400010;1087;461;1;622;3;625;3;1;625;1;0;0;0;1;624;534;90;
270400011;123;17;1;123;6;105;6;3;105;1;0;0;0;1;104;82;22;
270400012;599;231;0;602;7;368;7;0;368;2;3;3;0;8;360;326;34;
270400013;62;9;1;65;1;52;1;5;52;0;0;0;0;0;52;48;4;
270400014;209;43;1;220;0;165;0;0;165;2;0;0;0;2;163;144;19;
270400015;208;41;0;213;5;167;5;5;167;3;2;0;0;5;162;138;24;
270400016;98;5;0;97;5;93;5;0;93;0;2;0;0;2;91;84;7;
270400017;110;25;0;114;4;85;4;0;85;0;0;0;0;0;85;67;18;
270400018;219;42;1;223;1;176;1;4;176;5;0;4;0;9;167;153;14;
270400019;66;13;1;70;0;52;0;4;52;0;0;0;0;0;52;49;3;
270400020;106;18;2;82;4;86;4;0;86;0;0;0;0;0;86;75;11;
270400021;163;34;1;169;1;128;1;0;128;0;1;0;0;1;127;105;22;
270400022;79;16;0;83;0;63;0;0;63;0;0;0;0;0;63;61;2;
270400023;165;43;0;167;0;122;0;0;122;1;0;0;0;1;121;120;1;
270400024;55;9;1;54;0;45;0;0;45;0;0;0;0;0;45;39;6;
270700001;600;280;1;671;3;319;3;0;319;1;0;0;0;1;318;190;128;
270700002;800;435;1;798;6;364;6;0;364;1;1;12;0;14;350;254;96;
270700003;800;454;1;864;2;345;2;0;345;0;1;2;0;3;342;197;145;
270700004;1000;680;1;919;3;319;3;0;319;1;0;0;0;1;318;209;109;
270700005;1000;705;0;912;0;295;0;0;295;4;5;0;0;9;286;168;118;
270700006;813;466;1;824;0;346;0;0;346;3;1;0;0;4;342;210;132;
270700007;1001;605;2;918;2;394;2;0;394;3;1;15;0;19;375;243;132;
270700008;252;116;1;298;0;135;0;2;135;0;2;0;0;2;133;96;37;
270700009;1000;697;1;990;0;302;0;4;302;4;0;0;0;4;298;197;101;
270700010;200;88;0;230;0;112;0;0;112;2;2;0;0;4;108;67;41;
270700011;150;69;1;139;0;80;0;4;80;0;0;2;0;2;78;62;16;
270700012;81;25;1;89;0;55;0;0;55;0;1;0;0;1;54;37;17;
270700013;301;122;1;311;1;178;1;4;178;3;0;0;1;4;174;105;69;
270700014;700;283;1;887;0;416;0;0;416;0;6;6;0;12;404;261;143;
270700015;700;363;1;790;5;336;5;0;336;3;1;6;0;10;326;225;101;
270700016;400;183;2;459;1;215;1;4;215;4;2;1;0;7;208;164;44;
270700017;200;79;1;211;0;120;0;0;120;2;1;5;0;8;112;79;33;
270700018;701;386;1;734;1;314;1;2;314;4;1;8;0;13;301;259;42;
270700019;501;284;1;544;0;216;0;2;216;1;1;2;0;4;212;81;131;
270700020;501;282;1;532;0;218;0;0;218;2;5;0;0;7;211;105;106;
270700021;301;161;1;279;2;139;2;2;139;5;0;0;0;5;134;94;40;
271200001;1000;637;2;1000;1;361;1;5;361;0;1;1;0;2;359;227;132;
271200002;1000;670;0;933;0;330;0;6;330;2;3;0;0;5;325;227;98;
271200003;800;561;3;769;0;236;0;7;236;1;3;0;0;4;232;146;86;
271200004;800;584;1;678;1;215;1;0;215;0;4;3;0;7;208;126;82;
271200005;800;513;3;803;0;284;0;2;284;5;0;0;0;5;279;193;86;
271200006;800;496;3;301;0;301;0;4;301;0;1;4;0;5;296;220;76;
271200007;800;498;3;770;0;299;0;3;299;0;1;1;0;2;297;215;82;
271200008;600;380;1;219;0;219;0;0;219;1;2;0;0;3;216;153;63;
271200009;800;446;1;877;1;353;1;0;353;4;9;0;0;13;340;219;121;
271200010;800;443;1;797;0;356;0;3;356;10;10;0;0;20;336;239;97;
271200011;800;511;3;850;0;286;0;0;286;2;2;0;0;4;282;185;97;
271200012;800;539;1;768;0;260;0;0;260;1;2;0;0;3;257;162;95;
271200013;800;552;1;754;0;247;0;8;247;4;6;0;0;10;237;169;68;
271200014;1000;557;1;1018;0;442;0;0;442;4;2;0;0;6;436;321;115;
271200015;600;305;1;660;0;294;0;0;294;0;1;0;0;1;293;202;91;
271200016;800;558;1;725;0;241;0;3;241;0;0;0;0;0;241;181;60;
271200017;600;353;1;639;0;246;0;0;246;0;1;1;0;2;244;175;69;
271200018;600;322;3;674;0;275;0;0;275;4;4;0;0;8;267;188;79;
271200019;800;465;2;883;0;333;0;0;333;5;2;1;0;8;325;211;114;
271200020;804;506;1;296;1;297;1;4;297;2;2;1;0;5;292;204;88;
271200021;800;502;0;754;0;298;0;0;298;0;0;4;0;4;294;176;118;
271200022;600;300;2;693;0;298;0;7;298;0;5;1;0;6;292;203;89;
271200023;1000;575;1;1035;0;424;0;3;424;1;0;0;0;1;423;295;128;
271200024;800;454;1;813;0;345;0;1;345;3;5;0;0;8;337;241;96;
271200025;1000;659;1;950;0;340;0;2;340;2;4;8;0;14;326;216;110;
271200026;802;536;1;883;0;265;0;0;265;0;1;0;0;1;264;165;99;
271200027;1004;724;1;978;0;279;0;6;279;0;1;0;0;1;278;188;90;
271200028;1000;759;1;974;0;240;0;5;240;0;1;3;0;4;236;163;73;
271200029;1000;683;2;988;0;315;0;8;315;0;3;0;0;3;312;204;108;
271200030;1000;678;1;1046;0;321;0;0;321;0;0;8;0;8;313;198;115;
271200031;1000;686;1;996;0;313;0;0;313;1;3;0;0;4;309;176;133;
271200032;1000;565;1;1033;11;434;11;6;434;2;3;5;0;10;424;243;181;
271200033;800;560;1;239;0;239;0;4;239;3;0;3;0;6;233;150;83;
271200034;800;554;1;746;0;245;0;0;245;1;3;1;0;5;240;149;91;
271200035;800;516;2;727;0;282;0;4;282;0;1;0;0;1;281;172;109;
271200036;800;504;1;879;2;295;2;0;295;1;3;3;0;7;288;195;93;
271200037;600;237;1;633;0;362;0;0;362;2;0;1;0;3;359;358;1;
271200038;602;163;1;752;0;438;0;0;438;3;0;1;0;4;434;432;2;
271200039;600;338;3;776;5;259;5;0;259;1;0;0;0;1;258;173;85;
271200040;800;528;1;786;0;271;0;0;271;0;1;0;0;1;270;159;111;
271200041;809;546;1;812;2;262;2;0;262;1;1;0;0;2;260;171;89;
271200042;1000;606;1;1155;0;393;0;1;393;2;3;1;0;6;387;243;144;
271200043;1000;577;1;1094;1;422;1;10;422;1;0;13;0;14;408;278;130;
271200044;1000;586;2;1099;0;412;0;0;412;4;4;6;0;14;398;269;129;
271200045;800;503;1;816;0;296;0;5;296;2;0;0;0;2;294;173;121;
271200046;800;528;1;837;0;271;0;0;271;2;3;1;0;6;265;172;93;
271200047;1000;567;3;1038;0;430;0;3;430;3;9;2;0;14;416;294;122;
271200048;600;297;1;678;0;302;0;4;302;0;1;1;0;2;300;207;93;
271200049;800;471;1;843;1;328;1;5;328;3;2;1;0;6;322;226;96;
271200050;600;338;1;657;0;261;0;0;261;0;2;1;0;3;258;188;70;
271200051;600;368;1;637;0;231;0;0;231;4;2;0;0;6;225;156;69;
271200052;800;450;1;832;1;349;1;0;349;1;5;0;0;6;343;243;100;
271200053;800;467;4;916;0;329;0;8;329;0;0;0;0;0;329;236;93;
271200054;19;8;1;24;0;10;0;7;10;1;1;0;0;2;8;5;3;
271200055;800;486;1;810;0;313;0;7;313;2;3;1;1;7;306;207;99;
271200056;800;488;2;850;1;310;1;6;310;1;4;0;0;5;305;206;99;
271200057;601;362;1;665;0;238;0;6;238;1;0;0;0;1;237;170;67;
271200058;50;12;1;49;4;37;4;0;37;4;0;0;0;4;33;29;4;
271200059;1000;451;2;1171;3;547;3;3;547;2;8;5;0;15;532;313;219;
271200060;800;530;2;732;1;268;1;3;268;1;0;1;0;2;266;191;75;
271200061;600;356;2;705;0;242;0;0;242;2;9;0;0;11;231;172;59;
271200062;800;542;2;778;1;256;1;0;256;8;0;0;0;8;248;193;55;
271200063;600;368;2;504;0;230;0;0;230;2;0;4;0;6;224;177;47;
271200064;200;58;3;219;5;139;5;1;139;0;0;0;0;0;139;121;18;
271200065;600;341;4;607;0;255;0;0;255;1;1;0;0;2;253;217;36;
271200066;800;508;1;789;0;291;0;2;291;6;0;4;0;10;281;208;73;
271200067;800;478;1;745;0;321;0;2;321;1;6;11;0;18;303;242;61;
271200068;1200;602;4;1179;0;594;0;0;594;3;3;19;0;25;569;517;52;
271200069;800;465;1;794;0;334;0;1;334;0;2;0;0;2;332;240;92;
271200070;1000;477;1;1115;0;522;0;4;522;0;7;0;0;7;515;358;157;
271200071;1000;601;2;935;1;397;1;0;397;0;3;4;0;7;390;287;103;
271200072;800;418;0;905;0;382;0;0;382;17;0;0;0;17;365;261;104;
271200073;1000;625;1;1063;0;374;0;3;374;1;8;0;0;9;365;243;122;
271200074;400;161;1;448;9;238;9;0;238;0;0;0;0;0;238;218;20;
271200075;200;90;2;224;0;108;0;0;108;0;1;0;0;1;107;71;36;
271200076;800;452;1;776;1;347;1;2;347;8;0;0;0;8;339;196;143;
271200077;800;493;1;734;0;306;0;0;306;1;1;11;0;13;293;153;140;
271200078;800;503;1;738;0;296;0;0;296;0;1;7;0;8;288;160;128;
271200079;800;465;1;761;0;334;0;0;334;9;0;0;0;9;325;257;68;
271200080;800;467;1;796;0;332;0;5;332;3;0;13;0;16;316;248;68;
271200081;1000;518;2;1020;3;480;3;0;480;1;3;13;1;18;462;338;124;
271200082;800;328;2;879;0;470;0;1;470;8;1;3;1;13;457;338;119;
271200083;1000;524;1;912;0;475;0;0;475;1;3;13;0;17;458;379;79;
271200084;199;60;1;233;0;138;0;2;138;1;0;0;0;1;137;109;28;
271200085;1000;559;2;1037;0;439;0;5;439;4;3;1;0;8;431;372;59;
271200086;50;37;0;27;0;13;0;5;13;0;0;0;0;0;13;9;4;
272200001;682;415;3;685;3;264;3;0;264;0;17;0;0;17;247;167;80;
272200002;992;546;1;998;1;445;1;2;445;4;20;0;0;24;421;315;106;
272200003;915;501;2;917;2;412;2;0;412;8;4;0;0;12;400;311;89;
272200004;979;489;2;979;1;488;1;1;488;5;3;0;0;8;480;365;115;
272200005;446;319;2;446;8;125;8;0;125;10;3;0;0;13;112;76;36;
272200006;558;384;1;563;1;173;1;0;173;1;3;4;0;8;165;116;49;
272200007;534;366;1;537;0;167;0;2;167;20;2;3;0;25;142;129;13;
272200008;294;127;1;294;3;166;3;2;166;1;3;0;0;4;162;113;49;
272200009;451;253;1;458;1;197;1;0;197;3;1;6;0;10;187;150;37;
272200010;900;387;2;911;3;511;3;0;511;1;2;0;0;3;508;340;168;
272200011;66;28;2;69;1;36;1;0;36;1;0;0;0;1;35;24;11;
272200012;51;4;1;56;1;46;1;0;46;2;0;0;0;2;44;38;6;
272200013;150;62;1;89;0;87;0;2;87;2;1;0;0;3;84;60;24;
272200014;525;266;2;527;1;257;1;0;257;2;8;1;0;11;246;187;59;
272200015;369;183;1;373;1;185;1;0;185;14;2;1;0;17;168;113;55;
272200016;533;177;1;533;0;355;0;0;355;19;1;0;0;20;335;304;31;
272300001;345;116;1;347;0;228;0;2;228;3;0;2;0;5;223;157;66;
272300002;62;16;2;66;0;44;0;4;44;2;2;0;0;4;40;36;4;
272300003;292;83;1;296;0;208;0;0;208;2;4;4;0;10;198;148;50;
272300004;285;116;1;288;0;168;0;3;168;0;1;0;0;1;167;104;63;
272300005;253;120;1;253;4;132;4;1;132;1;5;0;0;6;126;109;17;
272300006;114;31;1;117;0;82;0;3;82;1;2;0;0;3;79;67;12;
272300007;180;49;1;183;0;130;0;0;130;6;0;0;0;6;124;88;36;
272300008;92;13;1;95;3;78;3;0;78;1;0;0;0;1;77;70;7;
272300009;254;74;0;254;2;180;2;0;180;14;0;0;0;14;166;149;17;
272300010;216;78;1;218;3;137;3;2;137;1;0;2;0;3;134;102;32;
272300011;88;28;1;91;2;59;2;4;59;1;1;0;0;2;57;40;17;
272300012;305;85;1;309;4;219;4;3;219;1;2;3;0;6;213;166;47;
272300013;253;59;1;256;0;193;0;4;193;7;1;1;0;9;184;164;20;
272400001;650;223;2;744;0;425;0;0;425;24;3;0;0;27;398;274;124;
272400002;750;276;18;849;2;456;2;0;456;4;14;0;0;18;438;244;194;
272400003;700;240;1;817;2;459;2;0;459;8;3;19;0;30;429;333;96;
272400004;170;89;1;177;0;80;0;0;80;0;2;0;0;2;78;55;23;
272400005;300;184;1;352;7;115;7;2;115;0;3;0;0;3;112;75;37;
272400006;300;101;1;336;0;198;0;3;198;1;1;0;0;2;196;104;92;
272400007;80;18;3;81;3;59;3;0;59;0;0;3;0;3;56;44;12;
272400008;550;194;0;634;6;356;6;0;356;1;3;5;0;9;347;257;90;
272400009;1000;396;3;1182;1;601;1;0;601;6;4;15;0;25;576;401;175;
272400010;600;264;1;674;1;335;1;0;335;10;3;0;0;13;322;261;61;
272400011;500;298;1;543;1;201;1;0;201;2;1;0;0;3;198;184;14;
272400012;550;201;2;607;0;347;0;3;347;8;0;0;0;8;339;308;31;
272400013;600;314;1;664;1;285;1;1;285;1;1;12;0;14;271;211;60;
272400014;600;325;2;651;1;273;1;0;273;0;0;19;0;19;254;224;30;
272400015;650;221;4;743;0;425;0;1;425;0;2;1;1;4;421;346;75;
272400016;1000;368;4;1267;6;628;6;0;628;2;0;2;0;4;624;437;187;
272400017;1000;385;1;1101;0;614;0;0;614;2;1;22;0;25;589;462;127;
272400018;650;380;1;745;0;269;0;0;269;12;1;28;0;41;228;220;8;
272400019;650;306;2;774;0;342;0;0;342;21;0;0;0;21;321;270;51;
272700001;700;395;1;716;0;304;0;5;304;0;0;7;0;7;297;222;75;
272700002;600;319;1;692;0;280;0;7;280;1;0;0;0;1;279;146;133;
272700003;800;503;1;872;0;296;0;4;296;1;3;0;0;4;292;183;109;
272700004;900;614;3;966;0;283;0;11;283;0;2;3;0;5;278;157;121;
272700005;700;464;1;748;0;235;0;0;235;1;0;3;0;4;231;139;92;
272700006;800;552;2;875;0;246;0;2;246;2;2;2;0;6;240;128;112;
272700007;900;608;3;958;3;289;3;0;289;1;9;2;0;12;277;172;105;
272700008;900;568;1;991;0;331;0;0;331;2;3;8;0;13;318;188;130;
272700009;900;560;5;1010;0;335;0;10;335;2;1;2;0;5;330;216;114;
272700010;800;498;1;897;0;301;0;5;301;0;1;3;0;4;297;176;121;
272700011;900;510;2;941;0;388;0;0;388;0;3;7;0;10;378;276;102;
272700012;600;319;0;700;0;281;0;0;281;0;0;2;0;2;279;182;97;
272700013;900;592;1;934;0;307;0;3;307;0;1;3;0;4;303;204;99;
272700014;600;300;1;658;0;299;0;0;299;0;2;0;0;2;297;203;94;
272700015;600;277;1;683;1;322;1;0;322;1;1;2;1;5;317;184;133;
272700016;400;154;1;509;1;245;1;1;245;1;0;1;0;2;243;118;125;
272700017;100;22;2;130;0;76;0;4;76;2;0;1;0;3;73;38;35;
272700018;500;208;1;538;1;291;1;0;291;0;1;16;0;17;274;159;115;
272700019;250;67;1;298;6;182;6;0;182;1;1;0;0;2;180;84;96;
272700020;150;28;2;183;1;120;1;0;120;1;0;0;0;1;119;44;75;
272700021;150;28;1;183;1;121;1;4;121;0;2;0;1;3;118;81;37;
272700022;500;240;2;542;0;258;0;5;258;3;7;0;0;10;248;138;110;
272700023;550;238;2;628;3;310;3;0;310;0;2;4;0;6;304;228;76;
272700024;300;142;1;310;0;157;0;3;157;0;4;0;0;4;153;121;32;
272700025;50;17;1;65;0;32;0;0;32;0;0;0;0;0;32;22;10;
272700026;100;25;1;141;0;74;0;5;74;1;1;4;0;6;68;42;26;
272700027;100;36;1;92;0;63;0;0;63;0;0;0;0;0;63;46;17;
272700028;60;20;1;82;0;39;0;6;39;0;0;0;0;0;39;30;9;
272700029;500;264;1;569;1;235;1;0;235;1;1;6;0;8;227;163;64;
272700030;100;35;1;130;2;64;2;0;64;2;0;0;0;2;62;39;23;
272700031;100;16;1;128;1;83;1;6;83;0;1;1;0;2;81;47;34;
272700032;60;18;1;72;0;41;0;0;41;0;2;1;0;3;38;32;6;
272700033;300;136;2;367;4;162;4;5;162;4;1;0;0;5;157;126;31;
272700034;115;22;1;137;1;92;1;5;92;0;2;0;0;2;90;72;18;
272700035;300;98;1;355;7;201;7;6;201;4;2;0;0;6;195;121;74;
272700036;300;93;0;342;1;207;1;0;207;3;0;6;0;9;198;126;72;
272700037;200;112;1;221;0;87;0;0;87;0;3;1;0;4;83;64;19;
273100001;845;595;2;852;0;248;0;0;248;1;2;2;0;5;243;173;70;
273100002;963;706;1;973;10;256;10;0;256;0;6;0;0;6;250;158;92;
273100003;894;586;1;903;0;307;0;9;307;1;2;0;0;3;304;200;104;
273100004;834;565;1;835;1;268;1;4;268;3;2;1;0;6;262;175;87;
273100005;652;445;1;656;2;206;2;0;206;1;0;1;0;2;204;143;61;
273100006;785;535;1;797;1;249;1;8;249;4;1;0;0;5;244;143;101;
273100007;858;606;3;865;1;249;1;0;249;0;3;0;0;3;246;166;80;
273100008;900;558;1;926;0;341;0;8;341;0;6;0;0;6;335;220;115;
273100009;816;464;1;829;0;351;0;0;351;2;0;0;0;2;349;222;127;
273100010;840;527;1;846;1;312;1;0;312;10;0;4;0;14;298;190;108;
273100011;938;600;1;948;1;337;1;0;337;0;2;2;0;4;333;182;151;
273100012;857;556;2;865;0;299;0;8;299;0;5;0;0;5;294;156;138;
273100013;962;611;4;968;0;347;0;0;347;0;3;7;0;10;337;194;143;
273100014;798;519;1;807;0;278;0;7;278;9;3;0;0;12;266;173;93;
273100015;853;534;1;859;0;318;0;5;318;3;2;4;0;9;309;163;146;
273100016;913;567;1;924;0;345;0;0;345;1;0;1;0;2;343;247;96;
273100017;725;438;2;284;1;285;1;0;285;0;1;4;0;5;280;170;110;
273100018;875;521;1;883;0;353;0;5;353;0;3;0;0;3;350;216;134;
273100019;917;585;1;926;0;331;0;7;331;4;2;1;0;7;324;192;132;
273100020;842;513;1;851;1;328;1;3;328;1;5;1;0;7;321;188;133;
273100021;843;528;0;854;0;315;0;9;315;0;2;4;0;6;309;212;97;
273100022;902;541;0;922;10;361;10;0;361;5;11;0;0;16;345;202;143;
273100023;840;540;2;850;0;298;0;9;298;1;3;5;0;9;289;164;125;
273100024;669;386;2;680;0;281;0;0;281;0;7;2;0;9;272;160;112;
273100025;589;393;2;587;0;194;0;0;194;0;1;0;0;1;193;127;66;
273100026;855;553;3;861;1;299;1;9;299;0;2;7;0;9;290;174;116;
273100027;890;539;0;895;1;351;1;0;351;2;7;0;0;9;342;229;113;
273100028;927;571;1;928;1;355;1;2;355;1;2;0;0;3;352;240;112;
273100029;899;579;1;907;0;319;0;0;319;0;5;3;0;8;311;178;133;
273100030;806;518;3;812;0;285;0;3;285;1;3;0;0;4;281;179;102;
273100031;696;445;2;702;1;249;1;5;249;1;2;0;0;3;246;146;100;
273100032;931;584;1;933;9;346;9;8;346;0;2;0;0;2;344;206;138;
273100033;753;426;1;760;2;326;2;3;326;1;3;0;0;4;322;198;124;
273100034;861;506;1;868;1;354;1;0;354;2;4;0;0;6;348;208;140;
273100035;850;502;9;862;0;339;0;0;339;2;6;0;0;8;331;220;111;
273100036;649;387;1;655;1;261;1;0;261;10;0;0;0;10;251;158;93;
273100037;575;349;2;584;0;224;0;0;224;1;0;0;0;1;223;144;79;
273100038;935;566;1;939;2;368;2;2;368;1;2;7;0;10;358;224;134;
273100039;875;550;2;878;5;323;5;4;323;1;2;5;2;10;313;189;124;
273100040;906;585;0;915;10;321;10;10;321;1;4;0;0;5;316;189;127;
273100041;886;520;1;889;0;365;0;2;365;1;0;3;0;4;361;234;127;
273100042;766;459;1;772;0;306;0;0;306;2;8;0;0;10;296;181;115;
273100043;745;424;2;751;0;319;0;4;319;1;9;0;0;10;309;206;103;
273100044;896;548;1;909;0;347;0;7;347;2;2;9;0;13;334;225;109;
273100045;987;604;1;994;0;382;0;6;382;0;1;0;0;1;381;235;146;
273100046;932;556;1;939;1;375;1;0;375;1;0;5;0;6;369;209;160;
273100047;967;595;2;977;0;370;0;8;370;1;0;10;0;11;359;210;149;
273100048;562;383;0;572;0;179;0;0;179;1;2;0;0;3;176;104;72;
273100049;660;397;1;670;0;262;0;0;262;0;3;0;0;3;259;119;140;
273100050;813;493;1;821;2;319;2;5;319;3;3;1;0;7;312;207;105;
273100051;862;514;2;868;1;346;1;0;346;1;6;2;0;9;337;216;121;
273100052;909;539;3;921;1;367;1;0;367;4;4;0;0;8;359;271;88;
273100053;919;534;2;925;0;383;0;0;383;2;3;0;2;7;376;264;112;
273100054;953;613;2;954;0;338;0;0;338;1;5;0;1;7;331;195;136;
273100055;810;475;1;817;0;334;0;5;334;2;6;0;1;9;325;210;115;
273100056;936;562;1;941;0;373;0;4;373;1;8;1;0;10;363;221;142;
273100057;875;535;1;880;6;339;6;5;339;2;6;0;0;8;331;195;136;
273100058;821;518;3;825;0;300;0;2;300;2;6;4;0;12;288;147;141;
273100059;541;320;2;724;0;219;0;0;219;0;3;0;0;3;216;129;87;
273100060;851;489;2;856;1;360;1;0;360;2;3;4;0;9;351;240;111;
273100061;912;595;2;920;1;315;1;6;315;0;3;1;0;4;311;200;111;
273100062;538;289;4;580;0;245;0;7;245;1;2;0;0;3;242;155;87;
273100063;171;64;7;175;0;100;0;4;100;4;9;2;0;15;85;68;17;
273100064;877;514;1;884;0;362;0;5;362;0;6;1;0;7;355;228;127;
273100065;923;537;1;931;3;385;3;9;385;3;2;0;0;5;380;238;142;
273100066;931;575;7;938;0;349;0;8;349;1;6;0;0;7;342;215;127;
273100067;905;545;2;913;0;358;0;0;358;6;3;0;0;9;349;184;165;
273100068;854;519;1;864;3;334;3;7;334;1;3;1;0;5;329;218;111;
273100069;872;472;2;880;1;398;1;0;398;2;4;0;0;6;392;252;140;
273100070;875;603;2;883;0;270;0;0;270;1;1;0;0;2;268;151;117;
273100071;885;505;2;892;4;378;4;0;378;0;6;0;0;6;372;273;99;
273100072;924;571;1;931;0;352;0;5;352;1;6;0;0;7;345;224;121;
273100073;856;542;1;867;0;313;0;0;313;0;7;0;0;7;306;191;115;
273100074;871;523;1;877;1;347;1;1;347;0;1;0;0;1;346;201;145;
273100075;793;434;1;799;6;358;6;5;358;2;11;0;0;13;345;244;101;
273100076;994;635;2;1004;0;357;0;7;357;1;6;0;0;7;350;238;112;
273100077;819;508;3;829;1;308;1;0;308;3;3;0;1;7;301;202;99;
273100078;962;611;1;971;0;350;0;9;350;0;5;0;0;5;345;225;120;
273100079;945;560;0;950;1;385;1;5;385;2;16;1;0;19;366;229;137;
273100080;657;434;1;661;0;222;0;0;222;5;0;0;0;5;217;128;89;
273100081;576;353;1;579;0;222;0;0;222;3;0;0;0;3;219;127;92;
273100082;787;473;1;786;0;313;0;0;313;0;0;1;0;1;312;190;122;
273100083;882;557;2;891;0;323;0;8;323;0;2;0;0;2;321;180;141;
273100084;938;550;1;945;1;387;1;0;387;1;4;0;0;5;382;244;138;
273100085;689;440;2;697;0;247;0;9;247;1;1;0;0;2;245;143;102;
273100086;950;612;1;965;0;337;0;8;337;1;5;2;1;9;328;191;137;
273100087;889;546;1;894;0;342;0;0;342;2;2;2;0;6;336;205;131;
273100088;670;439;2;676;0;229;0;6;229;0;1;0;0;1;228;132;96;
273100089;860;458;0;879;0;402;0;7;402;3;2;0;0;5;397;361;36;
273100090;770;466;1;781;0;303;0;7;303;1;0;1;0;2;301;205;96;
273100091;826;498;1;826;0;327;0;0;327;0;2;1;0;3;324;219;105;
273100092;881;520;1;892;1;360;1;0;360;1;4;0;0;5;355;221;134;
273100093;807;483;0;837;0;324;0;9;324;0;5;0;0;5;319;191;128;
273100094;949;597;4;953;1;348;1;10;348;0;6;0;0;6;342;237;105;
273100095;902;550;1;908;0;351;0;0;351;3;0;0;0;3;348;231;117;
273100096;716;444;2;269;1;270;1;0;270;3;0;0;0;3;267;161;106;
273100097;935;534;0;942;2;401;2;0;401;1;12;1;0;14;387;246;141;
273100098;675;408;2;684;6;265;6;0;265;2;3;0;0;5;260;159;101;
273100099;959;596;1;971;0;362;0;0;362;0;6;0;0;6;356;216;140;
273100100;866;543;1;876;0;322;0;0;322;1;2;1;0;4;318;205;113;
273100101;698;406;1;706;0;291;0;9;291;4;2;0;0;6;285;183;102;
273100102;883;578;1;890;0;304;0;8;304;0;5;0;0;5;299;163;136;
273100103;641;399;2;647;0;240;0;0;240;1;0;1;0;2;238;132;106;
273100104;561;339;1;568;0;221;0;0;221;1;2;1;0;4;217;131;86;
273100105;954;612;0;966;2;342;2;8;342;0;6;1;0;7;335;207;128;
273100106;534;347;2;535;1;185;1;0;185;3;3;0;0;6;179;95;84;
273100107;717;478;2;722;0;237;0;0;237;3;3;0;0;6;231;122;109;
273100108;644;399;1;644;0;244;0;0;244;4;0;0;0;4;240;147;93;
273100109;855;573;1;863;0;281;0;6;281;1;4;0;0;5;276;175;101;
273100110;722;477;1;724;3;244;3;0;244;0;4;0;0;4;240;175;65;
273100111;875;535;1;923;0;339;0;5;339;0;3;0;0;3;336;246;90;
273100112;730;482;1;734;7;247;7;0;247;0;4;0;0;4;243;142;101;
273100113;955;649;2;304;2;304;2;5;304;0;2;2;0;4;300;189;111;
273100114;773;481;1;779;0;291;0;5;291;3;0;0;0;3;288;196;92;
273100115;809;448;2;818;51;359;51;8;359;1;6;0;0;7;352;231;121;
273100116;849;504;1;850;0;344;0;8;344;0;1;2;0;3;341;231;110;
273100117;912;574;2;333;3;336;3;4;336;0;3;1;0;4;332;178;154;
273100118;923;554;2;959;32;367;32;0;367;1;6;0;0;7;360;224;136;
273100119;997;697;1;1005;0;299;0;8;299;0;4;4;0;8;291;170;121;
273100120;971;649;1;978;1;321;1;0;321;3;1;3;0;7;314;197;117;
273100121;920;626;2;925;5;292;5;5;292;0;3;0;0;3;289;180;109;
273100122;931;610;1;937;0;320;0;5;320;3;1;0;0;4;316;193;123;
273100123;779;518;1;787;1;260;1;0;260;0;0;1;0;1;259;168;91;
273100124;643;398;2;648;1;243;1;5;243;1;0;1;0;2;241;146;95;
273100125;884;526;2;888;1;356;1;0;356;0;3;1;0;4;352;204;148;
273100126;796;525;1;797;0;270;0;1;270;1;3;0;0;4;266;149;117;
273100127;942;563;1;947;4;378;4;0;378;1;5;0;0;6;372;227;145;
273100128;828;542;1;836;0;285;0;0;285;3;5;0;0;8;277;167;110;
273100129;850;585;1;850;0;264;0;0;264;2;1;0;0;3;261;143;118;
273100130;928;602;1;324;1;325;1;8;325;1;3;3;0;7;318;183;135;
273100131;910;588;2;919;0;320;0;9;320;1;7;0;0;8;312;176;136;
273100132;781;409;2;803;0;370;0;7;370;17;0;6;0;23;347;336;11;
273100133;847;440;1;859;0;406;0;0;406;4;3;3;0;10;396;360;36;
273100134;845;349;1;860;0;495;0;7;495;4;4;5;3;16;479;459;20;
273100135;859;417;1;886;0;441;0;4;441;3;1;8;0;12;429;420;9;
273100136;828;420;1;840;13;407;13;0;407;4;0;18;0;22;385;378;7;
273100137;820;392;6;834;0;422;0;0;422;39;1;10;0;50;372;366;6;
273100138;815;378;1;842;0;436;0;4;436;33;2;7;0;42;394;389;5;
273100139;835;518;1;843;4;316;4;0;316;0;1;0;0;1;315;213;102;
273100140;936;632;1;944;0;303;0;0;303;2;4;0;0;6;297;201;96;
273100141;867;609;1;255;2;257;2;0;257;1;1;7;0;9;248;137;111;
273100142;938;643;1;942;0;294;0;4;294;0;1;0;0;1;293;146;147;
273100143;924;598;1;931;7;325;7;4;325;0;4;0;0;4;321;211;110;
273100144;835;568;0;837;0;267;0;0;267;0;3;0;0;3;264;152;112;
273100145;188;19;1;44;134;168;134;6;168;0;2;0;0;2;166;129;37;
273100146;850;587;2;855;1;261;1;0;261;0;0;0;0;0;261;151;110;
273100147;861;603;1;865;0;257;0;0;257;5;0;0;0;5;252;155;97;
273100148;1008;744;1;1015;6;263;6;1;263;1;0;0;0;1;262;152;110;
273100149;787;517;1;269;0;269;0;0;269;0;2;0;0;2;267;151;116;
273100150;523;193;2;526;0;328;0;3;328;10;0;1;0;11;317;277;40;
273100151;60;6;1;59;0;53;0;0;53;0;0;0;0;0;53;51;2;
273100152;126;39;1;127;0;86;0;0;86;1;0;0;0;1;85;70;15;
273100153;697;269;2;704;3;426;3;3;426;0;0;22;0;22;404;353;51;
273100154;128;69;1;131;4;58;4;4;58;1;0;0;0;1;57;40;17;
273100155;158;57;1;166;2;100;2;0;100;0;3;0;0;3;97;70;27;
273100156;696;416;2;278;0;278;0;3;278;0;1;1;0;2;276;192;84;
273100157;223;92;1;227;0;130;0;4;130;4;0;0;0;4;126;104;22;
273100158;1059;453;2;1069;10;604;10;0;604;4;3;0;0;7;597;488;109;
273100159;529;227;1;534;1;301;1;5;301;0;2;15;0;17;284;229;55;
273100160;505;299;5;504;1;201;1;0;201;0;0;6;1;7;194;115;79;
273100161;791;437;1;804;0;353;0;4;353;7;4;4;0;15;338;256;82;
273100162;226;121;1;230;0;104;0;5;104;1;1;1;0;3;101;71;30;
273100163;75;14;0;78;1;61;1;3;61;2;0;0;0;2;59;34;25;
273100164;367;172;1;372;2;194;2;5;194;0;1;2;0;3;191;135;56;
273100165;154;68;1;157;0;85;0;3;85;1;1;1;0;3;82;49;33;
273100166;83;33;1;86;2;49;2;4;49;0;2;0;0;2;47;45;2;
273100167;242;102;1;246;3;139;3;4;139;2;1;3;0;6;133;113;20;
273100168;96;21;1;103;7;74;7;0;74;2;2;0;0;4;70;50;20;
273100169;163;40;1;170;7;122;7;6;122;2;1;0;0;3;119;89;30;
273100170;144;23;1;147;5;120;5;3;120;3;0;0;1;4;116;102;14;
273100171;160;38;1;161;2;121;2;1;121;0;2;0;0;2;119;85;34;
273100172;147;60;1;153;0;86;0;6;86;0;1;0;0;1;85;54;31;
273100173;121;22;1;121;3;98;3;0;98;0;1;2;0;3;95;73;22;
273100174;125;36;1;128;4;88;4;3;88;0;2;0;0;2;86;67;19;
273100175;543;201;4;544;1;338;1;4;338;3;2;10;0;15;323;181;142;
273100176;68;21;1;69;0;46;0;0;46;0;0;1;0;1;45;21;24;
273100177;289;134;1;293;4;154;4;0;154;0;1;0;0;1;153;91;62;
273100178;538;298;1;553;13;239;13;0;239;1;0;2;0;3;236;139;97;
273100179;513;279;1;512;0;233;0;3;233;1;0;0;0;1;232;161;71;
273100180;459;252;1;464;0;206;0;0;206;0;1;0;0;1;205;131;74;
273100181;396;216;1;399;1;179;1;2;179;1;1;1;0;3;176;110;66;
273100182;240;87;2;242;0;151;0;0;151;6;0;1;0;7;144;100;44;
273100183;731;380;2;732;1;349;1;2;349;1;1;1;1;4;345;240;105;
273100184;355;155;1;354;0;199;0;2;199;0;0;0;0;0;199;110;89;
273100185;152;65;1;155;0;86;0;0;86;0;0;1;0;1;85;50;35;
273100186;78;22;1;55;6;55;6;0;55;0;0;0;0;0;55;52;3;
273100187;151;72;0;151;2;79;2;0;79;1;0;0;0;1;78;72;6;
273100188;321;161;1;325;3;159;3;0;159;1;3;2;0;6;153;100;53;
273100189;64;14;1;69;0;49;0;5;49;2;2;0;0;4;45;37;8;
273100190;201;107;1;205;1;93;1;4;93;0;3;0;0;3;90;51;39;
273100191;299;156;1;302;3;142;3;0;142;1;10;0;1;12;130;91;39;
273100192;227;60;2;233;1;165;1;0;165;2;2;1;0;5;160;130;30;
273100193;247;116;1;249;2;130;2;1;130;0;2;1;0;3;127;58;69;
273100194;136;45;1;140;0;90;0;4;90;0;2;0;0;2;88;78;10;
273100195;603;296;3;606;0;304;0;5;304;14;0;0;0;14;290;217;73;
273100196;401;161;1;407;0;239;0;5;239;1;1;0;0;2;237;140;97;
273100197;535;282;1;538;3;252;3;3;252;3;2;8;0;13;239;122;117;
273100198;215;77;1;220;4;137;4;4;137;2;2;1;0;5;132;101;31;
273100199;119;16;1;124;0;102;0;0;102;0;2;0;0;2;100;78;22;
273100200;484;251;0;492;8;233;8;0;233;0;2;0;0;2;231;165;66;
273100201;491;213;2;501;10;276;10;0;276;0;0;13;0;13;263;224;39;
273100202;160;16;1;195;0;143;0;7;143;0;2;0;0;2;141;103;38;
273100203;90;30;1;80;0;59;0;7;59;0;0;3;0;3;56;41;15;
273100204;135;18;1;125;0;116;0;7;116;2;3;0;0;5;111;81;30;
273600001;850;486;0;823;0;364;0;0;364;2;6;0;0;8;356;199;157;
273600002;850;581;2;816;1;267;1;0;267;0;1;0;0;1;266;138;128;
273600003;895;546;0;869;0;349;0;0;349;2;4;0;0;6;343;177;166;
273600004;850;443;2;831;1;405;1;7;405;2;5;1;1;9;396;301;95;
273600005;850;517;1;827;2;332;2;1;332;2;2;6;0;10;322;220;102;
273600006;950;391;3;943;0;556;0;2;556;0;4;0;0;4;552;546;6;
273600007;700;296;2;687;0;402;0;0;402;2;1;8;1;12;390;381;9;
273600008;700;495;1;702;2;204;2;0;204;1;1;3;0;5;199;126;73;
273600009;850;535;1;852;0;314;0;0;314;0;1;0;0;1;313;224;89;
273600010;850;547;1;858;2;302;2;0;302;2;1;0;0;3;299;155;144;
273600011;950;604;1;928;1;345;1;0;345;0;4;3;0;7;338;192;146;
273600012;700;414;1;715;0;285;0;0;285;4;2;0;0;6;279;191;88;
273600013;834;505;0;835;2;329;2;1;329;2;2;3;0;7;322;200;122;
273600014;700;441;0;697;0;259;0;0;259;1;6;0;0;7;252;151;101;
273600015;900;557;1;889;2;342;2;1;342;1;0;6;0;7;335;218;117;
273600016;750;430;1;737;0;319;0;0;319;2;1;0;0;3;316;219;97;
273600017;750;437;1;713;7;312;7;0;312;1;5;0;0;6;306;187;119;
273600018;1000;684;1;968;0;315;0;5;315;0;0;0;0;0;315;207;108;
273600019;60;35;1;46;0;24;0;8;24;0;1;1;0;2;22;15;7;
273600020;600;304;2;569;1;294;1;2;294;1;1;14;1;17;277;174;103;
273600021;600;327;2;589;0;271;0;0;271;2;3;1;1;7;264;137;127;
273600022;271;117;1;261;0;153;0;2;153;2;0;10;0;12;141;99;42;
273600023;120;48;1;109;4;71;4;4;71;0;1;0;0;1;70;61;9;
273600024;160;104;1;149;5;55;5;4;55;0;0;1;0;1;54;47;7;
273600025;850;373;0;802;7;477;7;3;477;10;2;0;0;12;465;407;58;
273600026;600;185;0;415;0;415;0;0;415;2;6;0;0;8;407;351;56;
273600027;152;56;2;139;0;94;0;3;94;6;0;0;0;6;88;67;21;
273600028;50;25;5;38;0;20;0;0;20;1;0;0;0;1;19;13;6;
273600029;191;77;1;175;0;113;0;4;113;0;0;1;0;1;112;91;21;
273600030;301;123;1;277;0;177;0;3;177;0;1;0;0;1;176;136;40;
273600031;160;52;1;152;5;107;5;0;107;0;2;0;0;2;105;85;20;
273600032;300;98;2;274;2;200;2;0;200;1;1;4;1;7;193;134;59;
273600033;170;59;1;164;1;110;1;6;110;1;0;0;0;1;109;102;7;
273600034;220;106;1;109;4;113;4;0;113;3;0;0;0;3;110;100;10;
273600035;450;235;0;428;4;215;4;5;215;2;1;0;0;3;212;148;64;
273600036;350;181;1;329;2;168;2;6;168;0;1;4;0;5;163;123;40;
273600037;219;80;1;207;0;138;0;0;138;0;0;0;0;0;138;108;30;
273600038;121;40;1;105;1;80;1;0;80;2;3;1;0;6;74;62;12;
273600039;60;18;0;54;8;42;8;0;42;0;0;0;0;0;42;27;15;
273700001;740;436;1;735;0;303;0;0;303;3;0;0;0;3;300;240;60;
273700002;730;419;1;723;0;310;0;0;310;6;8;0;0;14;296;235;61;
273700003;860;451;2;862;0;407;0;0;407;4;2;2;0;8;399;332;67;
273700004;520;294;4;514;1;222;1;0;222;0;2;11;0;13;209;143;66;
273700005;540;275;3;548;0;262;0;0;262;6;2;3;0;11;251;217;34;
273700006;480;313;1;472;0;166;0;0;166;3;5;0;0;8;158;88;70;
273700007;80;45;1;74;0;34;0;7;34;2;0;0;0;2;32;21;11;
273700008;60;20;1;56;0;39;0;0;39;1;0;1;0;2;37;31;6;
273700009;40;10;1;40;0;29;0;0;29;0;1;0;0;1;28;22;6;
273800001;839;471;3;833;3;365;3;3;365;3;3;1;0;7;358;255;103;
273800002;539;332;1;533;0;206;0;1;206;0;0;0;0;0;206;122;84;
273800003;812;380;8;817;1;424;1;1;424;3;7;0;0;10;414;360;54;
273800004;379;155;1;377;5;223;5;3;223;0;4;0;0;4;219;190;29;
273800005;541;281;1;537;0;259;0;0;259;1;2;4;0;7;252;204;48;
273800006;341;149;2;334;1;190;1;0;190;4;3;6;0;13;177;146;31;
280200001;640;253;0;644;0;387;0;0;387;1;6;0;0;7;380;282;98;
280200002;556;209;1;567;0;346;0;1;346;15;0;0;0;15;331;257;74;
280200003;45;11;0;45;5;34;5;5;34;1;0;0;1;2;32;25;7;
280200004;43;7;0;41;0;36;0;3;36;0;0;0;0;0;36;32;4;
280200005;35;2;0;34;0;33;0;0;33;0;0;0;0;0;33;30;3;
280200006;72;15;0;67;2;57;2;0;57;0;0;0;0;0;57;54;3;
280200007;73;6;0;69;0;67;0;1;67;0;0;0;0;0;67;67;0;
280200008;37;12;0;33;0;25;0;0;25;0;0;0;0;0;25;22;3;
280200009;35;8;2;33;1;25;1;4;25;0;0;0;0;0;25;20;5;
280200010;81;11;0;85;0;70;0;4;70;0;0;0;0;0;70;55;15;
280200011;74;25;0;70;1;49;1;2;49;0;0;0;0;0;49;38;11;
280200012;253;68;2;255;0;183;0;1;183;1;0;2;1;4;179;163;16;
280200013;35;7;0;38;0;28;0;6;28;0;0;0;0;0;28;15;13;
280200014;328;107;1;321;2;220;2;0;220;1;3;0;0;4;216;200;16;
280200015;83;8;0;84;0;75;0;3;75;0;0;0;0;0;75;69;6;
280200016;70;13;0;69;0;57;0;2;57;1;0;0;0;1;56;46;10;
280200017;155;28;0;155;5;127;5;0;127;0;1;2;0;3;124;120;4;
280200018;50;14;0;47;0;36;0;3;36;0;0;0;0;0;36;36;0;
280200019;85;22;0;83;1;63;1;1;63;0;2;0;0;2;61;55;6;
280200020;304;92;0;298;0;212;0;3;212;0;2;2;0;4;208;200;8;
280200021;62;21;0;59;5;41;5;0;41;1;0;0;0;1;40;38;2;
280200022;35;11;0;36;0;24;0;5;24;0;0;0;0;0;24;22;2;
280200023;110;34;0;114;0;76;0;5;76;0;0;0;0;0;76;67;9;
280200024;200;61;0;191;2;139;2;1;139;2;2;4;0;8;131;126;5;
280200025;76;13;0;77;1;63;1;0;63;0;0;1;0;1;62;48;14;
280200026;60;12;0;55;0;48;0;1;48;0;0;0;0;0;48;47;1;
280200027;283;78;0;289;3;205;3;1;205;3;0;0;0;3;202;191;11;
280200028;50;15;0;45;0;35;0;1;35;0;0;0;0;0;35;34;1;
280200029;35;12;0;30;0;23;0;2;23;0;0;1;0;1;22;19;3;
280200030;171;52;0;172;0;119;0;0;119;0;0;0;0;0;119;96;23;
280200031;34;16;0;29;0;18;0;2;18;0;0;0;0;0;18;15;3;
280200032;95;23;0;93;0;72;0;0;72;0;0;0;0;0;72;72;0;
280200033;400;115;0;393;0;285;0;1;285;0;0;0;0;0;285;267;18;
280200034;40;17;0;41;0;23;0;3;23;0;0;0;0;0;23;18;5;
280200035;190;62;0;185;2;128;2;0;128;3;0;0;0;3;125;116;9;
280200036;645;116;0;647;0;529;0;3;529;0;0;0;0;0;529;528;1;
280200037;47;13;0;47;0;34;0;4;34;2;0;0;0;2;32;29;3;
280200038;89;24;0;85;0;65;0;1;65;0;0;0;0;0;65;64;1;
280200039;127;36;0;127;1;91;1;2;91;0;0;1;0;1;90;78;12;
280200040;58;22;0;61;1;36;1;3;36;1;1;0;0;2;34;29;5;
282200001;500;155;0;638;0;345;0;0;345;0;1;1;0;2;343;238;105;
282200002;500;186;1;663;0;313;0;2;313;4;0;1;0;5;308;203;105;
282200003;600;158;0;885;0;442;0;0;442;3;5;0;0;8;434;368;66;
282200004;500;187;2;639;1;311;1;8;311;0;1;0;0;1;310;213;97;
282200005;500;206;0;594;1;294;1;0;294;4;0;0;0;4;290;229;61;
282200006;500;196;2;602;0;302;0;0;302;0;2;2;0;4;298;225;73;
282200007;500;124;0;713;0;376;0;2;376;1;1;0;0;2;374;334;40;
282200008;500;178;0;647;0;322;0;0;322;2;1;0;0;3;319;305;14;
282200009;600;75;0;794;0;525;0;0;525;0;0;0;0;0;525;520;5;
282200010;500;194;0;646;0;306;0;0;306;1;2;0;0;3;303;233;70;
282200011;600;180;0;737;0;420;0;0;420;4;0;8;0;12;408;366;42;
282200012;500;42;0;687;1;458;1;0;458;1;0;0;0;1;457;444;13;
282200013;200;41;1;236;0;158;0;5;158;0;0;0;0;0;158;154;4;
282200014;250;30;1;275;0;219;0;6;219;2;0;1;0;3;216;213;3;
282200015;450;157;2;467;2;291;2;5;291;3;1;1;0;5;286;280;6;
282200016;400;71;1;432;0;328;0;8;328;2;0;4;0;6;322;313;9;
282200017;150;34;1;143;0;115;0;4;115;0;0;0;0;0;115;110;5;
282200018;300;86;0;289;7;214;7;0;214;0;0;0;0;0;214;211;3;
282200019;700;289;1;719;0;410;0;0;410;14;0;0;0;14;396;392;4;
282200020;300;81;1;324;0;218;0;0;218;2;0;0;0;2;216;210;6;
282200021;300;64;2;342;6;234;6;0;234;1;1;0;0;2;232;225;7;
282200022;210;0;0;241;6;210;6;0;210;0;1;0;0;1;209;209;0;
282200023;200;45;0;177;3;155;3;3;155;3;0;0;0;3;152;147;5;
282200024;150;33;0;166;0;117;0;0;117;0;0;0;0;0;117;117;0;
282200025;200;57;2;231;1;141;1;4;141;0;0;3;0;3;138;135;3;
282200026;350;62;0;369;0;288;0;0;288;1;0;0;0;1;287;280;7;
282200027;150;36;0;153;0;114;0;0;114;0;1;1;0;2;112;112;0;
282200028;650;258;0;650;5;392;5;0;392;5;5;0;0;10;382;377;5;
282200029;550;133;0;579;0;417;0;8;417;3;1;0;0;4;413;408;5;
282200030;200;61;0;190;7;139;7;0;139;0;0;0;0;0;139;137;2;
282200031;400;94;0;401;0;306;0;0;306;4;4;0;0;8;298;285;13;
282200032;449;133;0;493;5;316;5;0;316;5;4;1;0;10;306;289;17;
282200033;450;146;1;471;0;303;0;4;303;2;2;5;0;9;294;278;16;
282200034;250;42;0;264;9;208;9;0;208;2;1;0;0;3;205;200;5;
282200035;500;151;0;520;0;349;0;0;349;3;2;0;0;5;344;323;21;
282200036;252;95;0;235;0;157;0;0;157;4;0;3;0;7;150;145;5;
282200037;350;118;1;381;0;231;0;0;231;1;0;8;0;9;222;220;2;
282200038;600;216;0;600;0;384;0;6;384;0;0;3;0;3;381;371;10;
282200039;30;7;0;41;0;23;0;0;23;0;0;0;0;0;23;23;0;
282200040;300;54;0;345;2;246;2;0;246;0;0;8;0;8;238;231;7;
282200041;130;16;0;131;0;114;0;0;114;0;2;0;0;2;112;105;7;
282200042;120;22;0;116;8;98;8;0;98;0;0;0;0;0;98;97;1;
282200043;550;206;1;592;0;343;0;6;343;3;0;14;2;19;324;315;9;
282200044;250;61;0;251;0;189;0;0;189;0;0;0;0;0;189;187;2;
282200045;550;163;0;582;0;387;0;7;387;1;1;0;0;2;385;382;3;
282200046;250;31;1;262;6;218;6;0;218;1;0;1;0;2;216;210;6;
282200047;220;75;0;232;0;145;0;0;145;1;0;0;0;1;144;141;3;
282200048;220;17;0;244;0;203;0;5;203;1;1;0;0;2;201;199;2;
282200049;69;19;0;73;0;50;0;7;50;0;0;0;0;0;50;42;8;
282200050;120;32;0;112;6;88;6;0;88;0;3;0;0;3;85;81;4;
282200051;70;23;0;69;0;47;0;8;47;0;0;0;0;0;47;41;6;
282200052;600;234;0;616;0;366;0;0;366;0;4;0;0;4;362;357;5;
282200053;300;85;0;291;0;215;0;0;215;0;0;0;0;0;215;213;2;
282200054;60;14;2;59;0;44;0;5;44;0;0;0;0;0;44;42;2;
282300001;712;281;0;678;1;431;1;0;431;6;4;5;0;15;416;276;140;
282300002;664;303;1;633;0;360;0;0;360;2;0;1;0;3;357;291;66;
282300003;756;301;3;726;0;452;0;0;452;2;2;0;0;4;448;434;14;
282300004;542;174;1;515;0;367;0;0;367;0;0;0;0;0;367;300;67;
282300005;743;126;1;714;0;616;0;4;616;0;6;0;0;6;610;610;0;
282300006;390;73;1;381;0;316;0;0;316;1;0;0;0;1;315;314;1;
282300007;565;152;2;543;0;411;0;0;411;4;1;0;0;5;406;406;0;
282300008;470;63;1;450;0;406;0;0;406;0;1;0;0;1;405;404;1;
282300009;496;182;0;476;2;314;2;2;314;2;1;1;0;4;310;215;95;
282300010;569;195;2;547;0;372;0;0;372;3;2;6;0;11;361;352;9;
282300011;515;208;2;498;1;305;1;0;305;2;0;0;0;2;303;279;24;
282400001;800;467;1;767;3;332;3;5;332;2;2;0;0;4;328;243;85;
282400002;797;463;2;778;1;332;1;0;332;6;1;5;0;12;320;210;110;
282400003;800;482;0;764;0;318;0;3;318;1;3;1;0;5;313;196;117;
282400004;800;438;1;759;0;361;0;0;361;1;2;1;0;4;357;274;83;
282400005;900;577;1;906;0;322;0;0;322;3;3;2;1;9;313;235;78;
282400006;900;462;1;898;2;437;2;6;437;2;1;2;1;6;431;301;130;
282400007;800;458;2;757;0;340;0;9;340;3;1;1;0;5;335;273;62;
282400008;800;422;0;774;8;378;8;0;378;5;2;0;0;7;371;319;52;
282400009;900;579;1;884;0;320;0;5;320;2;4;0;0;6;314;211;103;
282400010;900;548;0;852;2;352;2;0;352;4;3;2;0;9;343;251;92;
282400011;700;432;0;703;0;268;0;6;268;0;2;2;0;4;264;162;102;
282400012;900;546;4;870;3;350;3;0;350;4;7;0;0;11;339;244;95;
282400013;900;552;0;854;6;348;6;0;348;3;3;2;0;8;340;250;90;
282400014;800;471;1;753;0;328;0;4;328;4;3;0;0;7;321;234;87;
282400015;800;430;0;799;0;370;0;8;370;3;0;0;0;3;367;266;101;
282400016;900;595;1;902;0;304;0;2;304;0;0;0;0;0;304;216;88;
282400017;900;582;2;884;0;316;0;0;316;1;3;0;0;4;312;238;74;
282400018;900;567;1;883;0;332;0;3;332;1;0;0;0;1;331;218;113;
282400019;50;9;0;41;0;41;0;8;41;0;0;0;0;0;41;38;3;
282400020;300;131;0;293;1;169;1;0;169;2;0;0;0;2;167;123;44;
282400021;300;172;0;265;7;128;7;0;128;1;0;0;0;1;127;100;27;
282400022;400;180;0;387;0;220;0;0;220;1;1;1;0;3;217;212;5;
282400023;100;38;1;97;0;61;0;5;61;0;0;1;0;1;60;51;9;
282400024;100;44;0;85;6;56;6;6;56;0;2;0;0;2;54;45;9;
282400025;70;22;0;61;5;48;5;0;48;0;0;0;0;0;48;42;6;
282400026;600;363;1;581;5;236;5;0;236;0;2;0;1;3;233;180;53;
282400027;600;218;0;632;5;382;5;0;382;2;0;5;0;7;375;352;23;
282400028;450;156;1;452;2;293;2;3;293;1;1;0;0;2;291;280;11;
282400029;130;24;3;134;2;103;2;0;103;1;0;1;0;2;101;86;15;
282400030;70;13;1;70;2;56;2;4;56;0;0;0;0;0;56;54;2;
282400031;250;75;0;256;1;175;1;0;175;0;0;0;0;0;175;173;2;
282400032;400;220;1;434;0;179;0;6;179;2;0;0;0;2;177;154;23;
282400033;300;126;1;320;1;173;1;0;173;0;0;0;0;0;173;153;20;
282400034;80;39;1;62;0;40;0;0;40;0;0;0;0;0;40;36;4;
282400035;700;283;2;795;0;415;0;0;415;3;5;0;0;8;407;365;42;
282400036;300;98;0;305;0;202;0;0;202;3;3;0;0;6;196;183;13;
282400037;150;31;0;150;8;119;8;0;119;0;2;1;0;3;116;114;2;
282400038;50;29;0;23;0;21;0;8;21;0;0;0;0;0;21;19;2;
282400039;400;219;1;370;7;180;7;7;180;0;1;0;0;1;179;131;48;
282400040;500;194;0;556;1;306;1;5;306;1;0;0;0;1;305;272;33;
282400041;550;232;0;566;10;318;10;0;318;0;5;0;0;5;313;251;62;
282400042;300;85;0;300;2;215;2;0;215;0;1;0;0;1;214;212;2;
282400043;120;49;0;100;1;71;1;0;71;0;0;0;0;0;71;65;6;
282400044;700;312;0;711;1;388;1;0;388;4;2;0;0;6;382;358;24;
282400045;50;16;0;40;7;34;7;3;34;0;1;0;0;1;33;27;6;
282400046;100;29;1;84;4;70;4;3;70;1;0;6;0;7;63;51;12;
282400047;500;124;1;577;6;375;6;0;375;7;5;0;0;12;363;279;84;
282400048;200;77;0;191;1;123;1;0;123;1;1;0;0;2;121;110;11;
282400049;500;211;1;524;3;288;3;6;288;2;3;2;0;7;281;189;92;
282400050;120;24;2;113;0;94;0;0;94;3;0;0;0;3;91;84;7;
282400051;200;79;0;196;4;121;4;0;121;3;2;1;0;6;115;107;8;
282400052;500;261;2;602;0;237;0;0;237;4;9;0;0;13;224;165;59;
282400053;500;287;0;531;2;213;2;0;213;0;3;0;0;3;210;171;39;
282400054;800;374;0;870;0;426;0;3;426;0;2;0;0;2;424;353;71;
282400055;700;328;0;741;1;372;1;1;372;3;1;0;0;4;368;325;43;
282400056;250;94;0;247;0;156;0;0;156;7;0;0;0;7;149;142;7;
282400057;210;90;0;217;0;120;0;0;120;0;2;0;0;2;118;104;14;
283500001;750;315;0;857;0;435;0;0;435;4;1;0;0;5;430;272;158;
283500002;600;316;0;659;0;284;0;5;284;3;2;5;0;10;274;170;104;
283500003;600;300;1;666;0;299;0;5;299;3;0;0;0;3;296;185;111;
283500004;850;493;0;932;0;357;0;0;357;1;2;0;0;3;354;245;109;
283500005;600;336;0;652;0;264;0;0;264;0;6;0;0;6;258;134;124;
283500006;750;378;2;872;0;370;0;1;370;2;0;0;0;2;368;261;107;
283500007;650;366;0;746;0;284;0;0;284;2;1;2;0;5;279;168;111;
283500008;650;334;0;757;0;316;0;0;316;0;0;6;0;6;310;210;100;
283500009;650;335;0;712;0;315;0;0;315;0;3;2;0;5;310;217;93;
283500010;650;356;0;691;0;294;0;0;294;2;5;0;0;7;287;174;113;
283500011;650;304;3;789;0;343;0;0;343;0;0;4;0;4;339;230;109;
283500012;549;288;2;604;0;259;0;0;259;0;0;2;0;2;257;175;82;
283500013;750;394;0;865;0;356;0;7;356;3;0;8;0;11;345;213;132;
283500014;750;394;1;842;0;355;0;0;355;1;3;0;0;4;351;206;145;
283500015;650;292;1;740;4;357;4;2;357;1;5;1;0;7;350;261;89;
283500016;650;292;0;779;0;358;0;9;358;2;2;4;0;8;350;254;96;
283500017;650;321;0;762;1;329;1;4;329;6;1;0;0;7;322;203;119;
283500018;750;369;0;879;0;381;0;0;381;1;4;4;0;9;372;182;190;
283500019;650;302;1;775;0;347;0;5;347;0;3;0;0;3;344;238;106;
283500020;600;296;0;683;0;304;0;6;304;1;5;0;0;6;298;194;104;
283500021;850;437;0;938;0;413;0;5;413;1;7;2;0;10;403;269;134;
283500022;800;425;1;886;0;374;0;2;374;7;1;1;0;9;365;232;133;
283500023;650;311;2;736;0;337;0;0;337;2;0;7;0;9;328;214;114;
283500024;500;287;0;563;0;213;0;4;213;3;0;0;0;3;210;149;61;
283500025;750;387;1;867;0;362;0;5;362;1;1;5;0;7;355;237;118;
283500026;650;356;0;687;0;294;0;0;294;0;3;2;0;5;289;203;86;
283500027;800;399;0;943;0;401;0;1;401;0;6;0;0;6;395;257;138;
283500028;500;214;1;554;0;285;0;9;285;1;3;0;0;4;281;180;101;
283500029;650;330;0;724;4;320;4;3;320;2;2;2;0;6;314;213;101;
283500030;550;256;4;632;0;290;0;0;290;5;0;6;0;11;279;177;102;
283500031;650;293;0;778;0;357;0;5;357;3;4;0;0;7;350;210;140;
283500032;700;337;0;788;3;363;3;0;363;2;1;8;0;11;352;241;111;
283500033;500;273;0;565;0;227;0;0;227;0;1;1;0;2;225;154;71;
283500034;700;303;0;810;0;397;0;6;397;1;1;0;0;2;395;272;123;
283500035;700;351;0;789;0;349;0;0;349;0;7;0;0;7;342;229;113;
283500036;850;397;1;924;0;452;0;4;452;2;2;7;0;11;441;272;169;
283500037;650;304;0;731;0;346;0;6;346;9;4;1;0;14;332;218;114;
283500038;900;515;2;878;0;383;0;0;383;0;2;2;0;4;379;284;95;
283500039;550;288;0;619;0;262;0;5;262;4;0;1;0;5;257;196;61;
283500040;600;288;1;705;1;311;1;5;311;0;0;6;0;6;305;230;75;
283500041;850;486;0;911;1;364;1;0;364;2;10;0;0;12;352;258;94;
283500042;500;288;1;530;0;211;0;0;211;1;1;15;1;18;193;173;20;
283500043;850;465;1;909;0;384;0;5;384;1;2;4;0;7;377;335;42;
283500044;650;311;0;792;2;339;2;4;339;3;1;6;0;10;329;259;70;
283500045;450;210;0;530;0;240;0;0;240;0;1;2;0;3;237;125;112;
283500046;500;268;0;538;0;232;0;5;232;1;0;3;0;4;228;124;104;
283500047;350;159;0;375;13;191;13;0;191;1;1;5;0;7;184;145;39;
283500048;250;53;2;258;0;195;0;0;195;1;0;0;0;1;194;192;2;
283500049;150;80;0;156;0;70;0;4;70;3;0;0;0;3;67;54;13;
283500050;650;273;0;682;0;377;0;0;377;1;0;5;0;6;371;351;20;
283500051;150;34;0;191;1;116;1;0;116;2;2;2;0;6;110;92;18;
283500052;250;73;0;258;0;177;0;0;177;3;4;0;0;7;170;164;6;
283500053;320;9;0;334;1;311;1;7;311;0;0;0;0;0;311;311;0;
283500054;460;213;0;496;3;247;3;0;247;5;1;2;0;8;239;188;51;
283500055;430;207;0;462;0;223;0;0;223;2;0;12;0;14;209;206;3;
283500056;251;74;0;287;0;177;0;0;177;2;0;3;0;5;172;158;14;
283500057;600;228;0;651;2;372;2;0;372;1;0;14;1;16;356;339;17;
283500058;360;96;0;368;4;264;4;0;264;1;2;0;0;3;261;247;14;
283500059;750;281;1;770;1;468;1;5;468;0;0;0;0;0;468;454;14;
283500060;70;27;0;74;0;43;0;6;43;1;0;1;0;2;41;36;5;
283500061;220;54;2;255;1;164;1;5;164;1;0;7;0;8;156;139;17;
283500062;380;165;0;393;0;215;0;4;215;0;0;0;0;0;215;209;6;
283500063;360;102;0;390;0;258;0;6;258;1;0;13;0;14;244;239;5;
283500064;400;167;0;397;1;233;1;1;233;2;5;3;0;10;223;203;20;
283500065;260;98;1;290;2;161;2;0;161;2;1;0;0;3;158;143;15;
283500066;410;131;0;419;0;279;0;5;279;6;0;7;0;13;266;256;10;
283500067;400;110;0;409;0;290;0;0;290;1;3;1;0;5;285;283;2;
283500068;250;68;1;252;0;181;0;0;181;1;0;3;0;4;177;177;0;
283500069;50;4;0;58;5;46;5;7;46;0;0;0;0;0;46;42;4;
283500070;150;53;0;160;0;97;0;0;97;0;1;3;0;4;93;86;7;
283500071;420;153;0;440;4;267;4;3;267;0;0;2;0;2;265;213;52;
283500072;400;165;0;419;0;235;0;0;235;1;2;0;0;3;232;191;41;
283500073;300;91;1;324;0;208;0;5;208;1;1;0;0;2;206;191;15;
283500074;200;57;0;213;0;143;0;6;143;4;0;0;0;4;139;136;3;
283500075;640;290;0;652;1;350;1;0;350;3;3;4;0;10;340;267;73;
283500076;200;55;0;212;0;145;0;0;145;0;1;0;1;2;143;141;2;
283500077;200;77;0;201;9;123;9;4;123;0;0;0;0;0;123;106;17;
283500078;102;7;2;88;8;93;8;0;93;0;0;0;0;0;93;84;9;
283500079;430;196;0;434;0;234;0;0;234;1;0;2;1;4;230;215;15;
283500080;610;204;1;622;3;405;3;0;405;0;0;2;0;2;403;398;5;
283500081;60;8;0;61;1;52;1;0;52;2;0;0;0;2;50;44;6;
283500082;360;138;4;371;1;218;1;4;218;6;1;2;0;9;209;199;10;
283500083;600;243;2;607;4;355;4;0;355;0;0;24;1;25;330;313;17;
283500084;200;90;0;209;0;110;0;4;110;2;0;1;0;3;107;106;1;
283500085;360;126;0;406;1;234;1;6;234;0;3;0;0;3;231;219;12;
283500086;250;68;0;251;0;182;0;0;182;1;1;2;1;5;177;175;2;
283500087;200;49;0;218;1;151;1;0;151;0;0;0;0;0;151;135;16;
283500088;350;115;0;355;5;235;5;0;235;1;2;0;0;3;232;226;6;
283500089;100;24;0;106;0;76;0;4;76;0;0;2;0;2;74;71;3;
283500090;130;31;0;131;16;99;16;5;99;2;0;4;0;6;93;81;12;
283500091;440;195;1;454;1;244;1;5;244;1;4;0;0;5;239;217;22;
283500092;200;66;0;214;2;134;2;9;134;1;2;0;0;3;131;122;9;
283500093;712;265;0;769;1;447;1;4;447;7;1;12;0;20;427;412;15;
283500094;180;32;0;211;4;148;4;0;148;1;0;0;0;1;147;133;14;
283500095;600;254;2;631;2;344;2;6;344;3;0;2;0;5;339;279;60;
283500096;330;103;1;343;1;226;1;0;226;2;0;3;0;5;221;213;8;
283500097;410;184;0;420;1;226;1;5;226;1;2;0;0;3;223;220;3;
283500098;160;41;0;166;2;119;2;6;119;1;0;0;0;1;118;118;0;
283500099;100;34;0;101;0;66;0;0;66;6;0;0;0;6;60;48;12;
283500100;680;203;0;695;0;477;0;7;477;2;0;2;0;4;473;471;2;
283500101;60;25;0;52;0;35;0;1;35;1;0;0;0;1;34;29;5;
290900001;531;290;1;540;0;240;0;0;240;2;3;0;0;5;235;148;87;
290900002;756;459;1;756;0;296;0;2;296;0;5;0;0;5;291;179;112;
290900003;618;305;1;622;1;312;1;3;312;2;0;0;0;2;310;192;118;
290900004;386;233;1;391;1;152;1;0;152;0;2;2;0;4;148;102;46;
290900005;523;331;0;523;4;192;4;3;192;1;5;0;0;6;186;118;68;
290900006;544;312;0;545;0;232;0;0;232;5;0;0;0;5;227;177;50;
290900007;478;288;2;482;0;188;0;4;188;0;3;3;0;6;182;131;51;
290900008;664;416;2;665;0;246;0;2;246;1;1;1;0;3;243;167;76;
290900009;762;444;1;364;2;317;2;2;317;2;2;0;0;4;313;214;99;
290900010;618;377;1;617;0;240;0;1;240;2;1;1;0;4;236;157;79;
290900011;601;383;1;217;0;217;0;3;217;6;0;0;0;6;211;156;55;
290900012;680;456;1;682;0;223;0;0;223;0;0;0;0;0;223;149;74;
290900013;703;478;2;709;0;223;0;6;223;0;0;0;1;1;222;145;77;
290900014;770;468;1;771;0;301;0;0;301;0;7;2;0;9;292;200;92;
290900015;519;309;3;531;0;207;0;0;207;4;2;0;0;6;201;129;72;
290900016;713;436;1;715;0;276;0;1;276;2;0;0;1;3;273;188;85;
290900017;699;459;3;701;0;237;0;0;237;1;0;0;0;1;236;154;82;
290900018;728;412;2;732;0;314;0;0;314;2;3;0;0;5;309;224;85;
290900019;746;495;1;746;0;250;0;1;250;0;0;0;0;0;250;157;93;
290900020;721;510;0;729;7;211;7;0;211;2;0;0;0;2;209;147;62;
290900021;720;450;2;727;0;268;0;6;268;2;1;0;0;3;265;174;91;
290900022;680;413;2;690;0;265;0;0;265;4;0;4;0;8;257;170;87;
290900023;553;367;2;551;0;184;0;2;184;0;1;0;0;1;183;103;80;
290900024;689;444;1;690;0;244;0;0;244;3;3;0;0;6;238;155;83;
290900025;834;525;8;836;4;301;4;0;301;0;7;0;0;7;294;193;101;
290900026;1033;717;2;1036;0;314;0;0;314;1;1;2;0;4;310;216;94;
290900027;606;400;1;607;0;205;0;0;205;0;8;1;0;9;196;155;41;
290900028;773;449;5;778;0;319;0;5;319;5;0;0;0;5;314;219;95;
290900029;624;375;2;625;0;247;0;0;247;0;1;0;0;1;246;164;82;
290900030;711;447;1;710;3;263;3;0;263;2;1;0;0;3;260;163;97;
290900031;801;449;0;803;0;352;0;0;352;0;2;0;0;2;350;237;113;
290900032;749;459;1;757;0;289;0;8;289;0;0;0;1;1;288;200;88;
290900033;700;422;1;700;0;277;0;0;277;0;11;0;0;11;266;196;70;
290900034;514;343;1;516;0;170;0;0;170;1;0;0;0;1;169;117;52;
290900035;422;262;1;422;0;159;0;0;159;0;1;2;0;3;156;83;73;
290900036;930;581;30;941;0;319;0;7;319;2;3;0;0;5;314;177;137;
290900037;964;687;1;967;1;276;1;0;276;0;0;0;0;0;276;139;137;
290900038;790;487;1;791;0;302;0;0;302;1;4;0;0;5;297;200;97;
290900039;685;445;1;693;0;239;0;0;239;0;0;0;0;0;239;135;104;
290900040;564;341;0;566;1;223;1;2;223;1;0;3;0;4;219;143;76;
290900041;522;313;1;523;0;208;0;2;208;3;1;1;0;5;203;134;69;
290900042;726;435;1;729;0;290;0;3;290;1;4;0;0;5;285;190;95;
290900043;708;408;2;714;1;298;1;7;298;2;5;0;0;7;291;205;86;
290900044;578;351;2;582;0;225;0;3;225;1;2;4;0;7;218;142;76;
290900045;780;456;1;786;0;323;0;2;323;3;1;0;0;4;319;200;119;
290900046;718;436;1;724;0;281;0;5;281;0;0;0;0;0;281;183;98;
290900047;712;479;1;712;0;232;0;0;232;1;0;0;0;1;231;152;79;
290900048;536;354;0;536;0;182;0;0;182;2;0;0;0;2;180;108;72;
290900049;760;459;1;758;0;300;0;0;300;2;4;0;0;6;294;137;157;
290900050;644;389;1;648;0;254;0;0;254;4;0;0;0;4;250;139;111;
290900051;576;356;2;576;0;218;0;0;218;0;1;11;0;12;206;104;102;
290900052;411;244;1;417;0;166;0;8;166;2;0;9;0;11;155;138;17;
290900053;523;344;1;525;0;178;0;0;178;1;2;2;0;5;173;120;53;
290900054;630;364;1;636;0;265;0;0;265;3;4;0;0;7;258;151;107;
290900055;521;367;1;521;4;153;4;0;153;3;0;4;0;7;146;96;50;
290900056;390;176;3;396;0;211;0;6;211;0;1;0;0;1;210;199;11;
290900057;559;211;0;570;0;348;0;0;348;0;0;0;0;0;348;343;5;
290900058;551;190;1;551;0;360;0;5;360;2;1;17;0;20;340;336;4;
290900059;50;13;1;47;0;36;0;6;36;0;0;1;0;1;35;23;12;
290900060;386;218;2;391;2;166;2;5;166;2;7;0;0;9;157;105;52;
290900061;78;45;1;84;0;32;0;6;32;1;0;0;0;1;31;23;8;
290900062;527;326;1;531;6;200;6;0;200;0;1;6;0;7;193;99;94;
290900063;520;317;1;524;0;202;0;6;202;0;4;0;0;4;198;119;79;
290900064;400;222;1;404;2;177;2;5;177;5;0;0;0;5;172;130;42;
290900065;64;19;1;44;0;44;0;0;44;1;0;0;0;1;43;34;9;
290900066;572;335;1;570;2;236;2;2;236;4;1;0;0;5;231;137;94;
290900067;681;424;1;687;0;256;0;4;256;1;0;0;0;1;255;122;133;
290900068;365;145;2;371;1;218;1;0;218;1;1;0;0;2;216;132;84;
290900069;545;297;1;548;1;247;1;0;247;0;0;0;0;0;247;120;127;
290900070;728;446;1;731;0;281;0;0;281;0;1;0;0;1;280;170;110;
290900071;411;223;0;410;4;188;4;0;188;1;2;0;0;3;185;100;85;
290900072;470;235;2;471;3;233;3;0;233;2;4;7;0;13;220;156;64;
290900073;355;187;0;366;1;168;1;0;168;5;0;0;0;5;163;106;57;
290900074;302;148;1;305;1;153;1;4;153;2;3;0;0;5;148;123;25;
290900075;84;35;1;89;0;48;0;0;48;3;1;0;0;4;44;29;15;
290900076;471;253;1;470;1;217;1;2;217;1;0;2;0;3;214;120;94;
290900077;556;274;1;556;0;281;0;0;281;1;1;0;0;2;279;136;143;
290900078;630;301;1;635;0;328;0;4;328;4;1;8;1;14;314;172;142;
290900079;132;24;0;141;4;108;4;0;108;2;1;0;0;3;105;94;11;
290900080;587;313;1;595;3;273;3;0;273;3;1;1;0;5;268;211;57;
290900081;527;310;1;530;0;216;0;3;216;1;0;0;0;1;215;155;60;
290900082;690;376;0;705;0;314;0;5;314;2;0;0;0;2;312;250;62;
290900083;264;127;1;263;0;136;0;1;136;0;0;0;0;0;136;108;28;
290900084;154;50;1;159;0;103;0;0;103;1;2;0;0;3;100;50;50;
290900085;159;62;2;160;1;95;1;1;95;1;1;0;0;2;93;69;24;
290900086;500;229;2;502;4;269;4;4;269;2;0;7;0;9;260;197;63;
290900087;810;466;0;818;0;344;0;6;344;0;1;0;0;1;343;233;110;
290900088;342;153;1;348;1;188;1;6;188;5;1;2;0;8;180;127;53;
290900089;110;21;1;119;0;88;0;5;88;0;0;0;0;0;88;60;28;
290900090;690;403;4;694;0;283;0;4;283;3;1;0;0;4;279;164;115;
290900091;299;83;1;301;1;215;1;0;215;6;3;0;0;9;206;128;78;
291100001;750;372;2;739;0;376;0;2;376;4;9;0;0;13;363;246;117;
291100002;830;447;2;811;1;381;1;5;381;12;6;0;0;18;363;242;121;
291100003;1050;596;1;1043;1;453;1;4;453;4;7;0;0;11;442;314;128;
291100004;750;436;1;721;0;313;0;0;313;4;2;1;0;7;306;198;108;
291100005;500;157;1;483;0;342;0;0;342;8;2;0;0;10;332;239;93;
291100006;350;143;1;343;0;206;0;7;206;1;0;0;0;1;205;155;50;
291100007;68;14;1;67;1;53;1;5;53;1;0;0;0;1;52;48;4;
291100008;85;32;0;84;1;53;1;0;53;0;0;0;0;0;53;42;11;
291100009;250;141;1;243;0;108;0;2;108;2;0;0;0;2;106;99;7;
291100010;140;33;0;140;0;107;0;0;107;0;1;0;0;1;106;87;19;
291100011;52;15;0;53;2;37;2;5;37;2;1;0;0;3;34;28;6;
291100012;38;2;0;41;1;36;1;6;36;2;0;0;0;2;34;30;4;
291100013;100;26;1;99;3;73;3;0;73;3;0;4;0;7;66;47;19;
291100014;50;17;0;53;0;33;0;0;33;0;0;0;0;0;33;30;3;
291100015;35;8;0;34;0;27;0;0;27;0;0;0;0;0;27;23;4;
291100016;80;33;0;77;1;47;1;3;47;0;0;0;0;0;47;45;2;
291100017;230;94;1;224;0;135;0;2;135;1;0;0;0;1;134;132;2;
291100018;30;8;1;32;0;21;0;0;21;0;0;0;0;0;21;21;0;
291100019;55;14;1;53;0;40;0;3;40;0;0;0;0;0;40;36;4;
291100020;55;19;1;56;0;35;0;0;35;0;0;0;0;0;35;33;2;
291100021;130;28;0;123;0;102;0;3;102;0;6;0;0;6;96;90;6;
291100022;120;27;1;116;0;92;0;0;92;0;0;0;0;0;92;87;5;
291100023;58;7;0;54;0;51;0;0;51;0;0;0;0;0;51;51;0;
291100024;155;60;1;154;0;94;0;0;94;6;1;0;0;7;87;66;21;
291100025;170;64;0;177;1;106;1;8;106;1;0;1;0;2;104;78;26;
291100026;190;96;0;193;0;94;0;5;94;0;0;0;0;0;94;88;6;
291100027;90;18;2;90;7;70;7;0;70;0;0;0;0;0;70;66;4;
291100028;350;225;0;332;8;125;8;0;125;5;0;0;0;5;120;97;23;
291100029;95;44;1;91;0;50;0;0;50;0;2;0;0;2;48;48;0;
291100030;200;59;2;204;0;139;0;3;139;0;4;0;0;4;135;133;2;
291100031;70;39;0;68;5;31;5;0;31;0;0;0;0;0;31;31;0;
291700001;950;604;1;901;0;345;0;0;345;0;5;0;0;5;340;231;109;
291700002;750;482;1;732;0;267;0;0;267;0;0;1;0;1;266;172;94;
291700003;800;434;1;796;0;365;0;0;365;4;1;0;0;5;360;241;119;
291700004;800;456;1;779;2;343;2;4;343;0;1;0;0;1;342;231;111;
291700005;650;350;1;651;0;299;0;0;299;1;2;2;0;5;294;192;102;
291700006;800;497;1;773;1;302;1;0;302;1;1;1;0;3;299;184;115;
291700007;800;457;1;739;0;342;0;0;342;0;0;0;0;0;342;258;84;
291700008;400;210;2;394;0;188;0;0;188;2;0;0;0;2;186;93;93;
291700009;850;342;1;849;0;507;0;0;507;3;3;2;0;8;499;480;19;
291700010;460;238;1;454;6;221;6;3;221;2;1;0;0;3;218;126;92;
291700011;350;99;2;343;1;249;1;0;249;2;2;0;0;4;245;216;29;
291700012;230;111;1;219;0;118;0;4;118;0;0;0;0;0;118;99;19;
291700013;150;49;1;146;0;100;0;0;100;0;1;0;0;1;99;75;24;
291700014;550;257;3;537;3;290;3;3;290;2;2;8;0;12;278;201;77;
291700015;250;104;1;245;0;145;0;0;145;0;0;0;0;0;145;110;35;
291700016;45;11;1;46;1;33;1;3;33;0;1;1;0;2;31;26;5;
291700017;330;103;1;321;1;226;1;4;226;1;3;0;0;4;222;201;21;
291700018;80;21;1;82;2;58;2;0;58;1;0;0;0;1;57;51;6;
291800001;600;334;1;601;1;265;1;2;265;0;0;0;0;0;265;172;93;
291800002;260;129;1;260;5;130;5;3;130;4;0;0;0;4;126;91;35;
291800003;40;16;1;37;0;23;0;0;23;0;0;0;0;0;23;19;4;
291800004;210;131;1;213;1;78;1;4;78;0;0;0;0;0;78;74;4;
291800005;210;118;1;214;0;91;0;0;91;0;0;0;0;0;91;91;0;
291800006;106;35;1;107;0;70;0;2;70;0;0;3;0;3;67;53;14;
291800007;84;43;3;88;0;38;0;4;38;0;1;0;0;1;37;36;1;
291800008;297;204;2;303;0;91;0;4;91;0;0;0;0;0;91;90;1;
291800009;87;68;1;91;0;18;0;4;18;0;0;1;0;1;17;14;3;
291800010;143;91;1;51;0;51;0;2;51;0;0;0;0;0;51;51;0;
291800011;114;53;0;117;0;61;0;2;61;1;0;0;0;1;60;59;1;
291800012;93;30;1;95;0;62;0;0;62;0;0;0;0;0;62;50;12;
291800013;111;83;1;115;0;27;0;0;27;0;0;0;0;0;27;22;5;
291900001;511;228;1;520;0;282;0;5;282;1;2;0;0;3;279;170;109;
291900002;532;243;1;540;2;288;2;6;288;2;4;0;0;6;282;159;123;
291900003;502;233;1;504;1;268;1;0;268;2;3;1;0;6;262;149;113;
291900004;400;256;1;361;0;143;0;0;143;0;0;2;0;2;141;123;18;
291900005;150;62;1;154;0;87;0;4;87;0;0;0;0;0;87;60;27;
291900006;142;56;0;144;0;86;0;0;86;0;0;2;0;2;84;51;33;
291900007;165;91;1;167;0;73;0;0;73;0;2;0;0;2;71;31;40;
291900008;86;17;1;95;1;68;1;0;68;0;0;1;0;1;67;61;6;
291900009;225;47;0;182;0;178;0;0;178;0;0;0;0;0;178;178;0;
291900010;567;49;1;574;0;517;0;5;517;0;0;0;0;0;517;516;1;
291900011;540;128;2;550;0;410;0;0;410;2;2;0;0;4;406;404;2;
291900012;535;127;1;499;0;407;0;0;407;0;1;0;0;1;406;405;1;
291900013;255;25;1;260;0;229;0;2;229;0;0;0;0;0;229;229;0;
291900014;420;55;0;420;1;365;1;0;365;0;0;0;0;0;365;360;5;
291900015;714;69;2;722;1;643;1;0;643;0;0;0;0;0;643;641;2;
291900016;50;26;0;24;0;24;0;0;24;0;0;0;0;0;24;14;10;
292800001;800;451;2;852;0;347;0;2;347;0;3;7;0;10;337;242;95;
292800002;900;552;1;968;0;347;0;3;347;1;3;0;0;4;343;256;87;
292800003;500;255;1;505;2;244;2;1;244;1;2;0;0;3;241;179;62;
292800004;600;298;1;706;0;301;0;3;301;2;1;0;0;3;298;226;72;
292800005;900;600;1;907;0;299;0;3;299;1;1;9;0;11;288;210;78;
292800006;900;621;2;928;0;277;0;0;277;3;1;0;0;4;273;195;78;
292800007;800;442;1;857;2;357;2;2;357;1;2;0;0;3;354;268;86;
292800008;996;622;1;984;0;373;0;0;373;0;12;0;0;12;361;261;100;
292800009;998;603;0;1007;0;395;0;8;395;2;2;1;0;5;390;280;110;
292800010;600;364;3;618;0;233;0;0;233;2;3;1;0;6;227;173;54;
292800011;500;354;1;145;0;145;0;0;145;0;1;0;0;1;144;111;33;
292800012;1000;659;2;1061;0;339;0;3;339;4;9;0;0;13;326;238;88;
292800013;1000;571;2;1062;0;427;0;6;427;0;2;0;0;2;425;300;125;
292800014;600;428;1;600;0;171;0;0;171;0;3;1;0;4;167;94;73;
292800015;500;328;1;560;0;171;0;4;171;0;0;0;0;0;171;127;44;
292800016;800;475;2;772;0;323;0;0;323;1;1;12;0;14;309;299;10;
292800017;500;339;1;508;0;160;0;0;160;1;1;2;0;4;156;129;27;
292800018;900;540;1;979;0;359;0;5;359;0;0;3;0;3;356;251;105;
292800019;500;294;0;555;0;206;0;0;206;3;1;6;0;10;196;148;48;
292800020;700;381;0;782;1;319;1;3;319;18;2;1;0;21;298;260;38;
292800021;130;48;0;154;0;82;0;7;82;0;0;0;0;0;82;64;18;
292800022;221;91;0;223;0;130;0;3;130;0;0;3;0;3;127;64;63;
292800023;170;85;2;176;0;83;0;6;83;1;0;0;0;1;82;65;17;
292800024;221;122;0;228;3;99;3;0;99;0;1;0;0;1;98;87;11;
292800025;180;77;0;190;0;103;0;4;103;1;0;1;0;2;101;85;16;
292800026;660;397;1;661;0;262;0;1;262;2;2;0;0;4;258;132;126;
292800027;280;112;2;300;0;166;0;2;166;0;1;2;0;3;163;96;67;
292800028;450;204;1;467;0;245;0;5;245;2;6;0;0;8;237;124;113;
292800029;680;326;1;682;0;353;0;2;353;2;0;11;0;13;340;200;140;
292800030;160;39;1;156;0;120;0;3;120;0;0;0;0;0;120;110;10;
292800031;90;23;1;97;0;66;0;6;66;0;0;1;0;1;65;51;14;
292800032;52;12;1;58;0;39;0;7;39;1;0;0;0;1;38;29;9;
292800033;136;49;0;144;0;87;0;2;87;4;0;1;0;5;82;40;42;
292800034;240;96;1;244;0;143;0;1;143;0;3;0;0;3;140;125;15;
292800035;230;123;0;228;0;107;0;0;107;0;0;0;0;0;107;66;41;
292800036;800;455;0;777;1;345;1;2;345;3;0;10;0;13;332;197;135;
292800037;100;54;0;96;1;46;1;2;46;0;0;0;0;0;46;39;7;
292800038;45;13;1;56;0;31;0;6;31;0;1;0;0;1;30;23;7;
292800039;40;15;1;41;0;24;0;7;24;0;0;0;0;0;24;20;4;
292900001;840;542;1;846;2;297;2;0;297;1;0;13;0;14;283;165;118;
292900002;902;463;2;902;0;437;0;0;437;5;0;1;0;6;431;319;112;
292900003;462;210;2;471;2;250;2;7;250;0;1;1;0;2;248;204;44;
292900004;714;443;1;715;0;270;0;0;270;2;1;1;0;4;266;157;109;
292900005;867;565;0;868;0;302;0;0;302;0;1;3;0;4;298;220;78;
292900006;857;480;1;859;0;376;0;0;376;1;0;0;0;1;375;274;101;
292900007;679;378;2;298;1;299;1;0;299;1;1;4;0;6;293;175;118;
292900008;522;354;2;523;0;166;0;0;166;2;0;0;0;2;164;96;68;
292900009;388;203;1;390;4;184;4;3;184;2;1;0;0;3;181;156;25;
292900010;242;143;1;247;0;98;0;5;98;0;3;0;0;3;95;72;23;
292900011;156;64;1;160;0;91;0;4;91;2;1;4;0;7;84;58;26;
292900012;262;129;2;265;1;131;1;3;131;2;0;0;0;2;129;120;9;
292900013;280;112;1;286;1;167;1;0;167;0;0;0;0;0;167;125;42;
292900014;264;143;0;270;0;121;0;6;121;3;2;0;0;5;116;93;23;
292900015;73;43;2;78;2;28;2;0;28;0;1;0;0;1;27;19;8;
292900016;196;111;0;196;3;85;3;0;85;0;0;0;0;0;85;65;20;
293000001;570;284;1;571;2;285;2;1;285;2;4;0;0;6;279;250;29;
293000002;226;85;1;232;0;140;0;0;140;1;0;0;0;1;139;139;0;
293000003;294;221;1;301;0;72;0;0;72;0;1;0;0;1;71;69;2;
293000004;192;117;0;198;0;75;0;3;75;0;1;0;0;1;74;73;1;
293000005;136;61;0;143;0;75;0;4;75;0;0;0;0;0;75;73;2;
293000006;318;142;1;324;0;175;0;0;175;3;0;0;0;3;172;167;5;
293000007;163;116;1;172;0;46;0;4;46;0;0;0;0;0;46;45;1;
293000008;303;145;0;331;0;158;0;0;158;2;0;4;0;6;152;137;15;
293000009;329;141;2;336;0;186;0;5;186;1;1;6;0;8;178;172;6;
293000010;162;82;0;167;0;80;0;3;80;0;0;0;0;0;80;78;2;
293000011;523;345;0;534;11;178;11;0;178;0;1;0;0;1;177;177;0;
293000012;580;267;2;585;0;311;0;5;311;3;0;0;0;3;308;273;35;
293000013;346;148;2;357;5;196;5;5;196;0;0;0;0;0;196;195;1;
293000014;71;9;1;75;1;61;1;0;61;0;0;0;0;0;61;55;6;
293000015;181;74;1;184;0;106;0;3;106;0;0;0;0;0;106;98;8;
293000016;550;339;0;554;3;211;3;0;211;5;0;0;0;5;206;205;1;
293000017;360;218;2;366;0;140;0;4;140;1;1;0;0;2;138;136;2;
293000018;603;407;1;610;1;195;1;8;195;1;0;4;0;5;190;179;11;
293000019;424;208;0;431;0;216;0;4;216;6;0;0;0;6;210;209;1;
293000020;489;327;0;491;0;162;0;0;162;0;1;0;0;1;161;160;1;
293000021;159;116;1;165;0;42;0;2;42;0;0;0;0;0;42;40;2;
293000022;380;249;2;386;0;129;0;0;129;0;0;0;0;0;129;127;2;
293000023;245;139;0;252;0;106;0;0;106;1;0;0;0;1;105;104;1;
293000024;224;121;0;230;0;103;0;0;103;0;1;1;0;2;101;99;2;
293000025;316;82;1;232;1;233;1;0;233;0;0;1;0;1;232;186;46;
293000026;281;123;1;283;2;157;2;2;157;1;2;0;0;3;154;128;26;
293200001;673;336;0;683;8;337;8;0;337;5;0;0;0;5;332;183;149;
293200002;700;371;1;702;0;328;0;3;328;17;2;0;0;19;309;193;116;
293200003;875;600;1;875;0;274;0;0;274;2;1;0;0;3;271;163;108;
293200004;716;386;2;721;1;328;1;0;328;0;2;0;0;2;326;204;122;
293200005;751;433;1;751;0;317;0;0;317;4;3;1;0;8;309;212;97;
293200006;714;397;0;716;0;317;0;0;317;3;1;5;0;9;308;180;128;
293200007;905;460;0;907;0;445;0;0;445;3;2;6;0;11;434;329;105;
293200009;176;77;1;179;0;98;0;0;98;1;0;1;0;2;96;61;35;
293200010;116;44;0;122;0;72;0;6;72;0;0;0;0;0;72;44;28;
293200011;183;79;0;183;0;104;0;5;104;1;0;10;0;11;93;62;31;
293200012;134;35;0;140;0;99;0;0;99;1;2;2;0;5;94;62;32;
293200013;287;142;1;287;5;144;5;0;144;0;2;4;0;6;138;108;30;
293200014;437;247;1;441;1;189;1;4;189;2;1;0;0;3;186;114;72;
293200015;600;383;3;605;5;214;5;0;214;3;2;4;0;9;205;121;84;
293200016;506;242;1;506;1;263;1;3;263;3;11;0;0;14;249;170;79;
293200017;65;21;1;73;0;43;0;8;43;0;0;0;0;0;43;32;11;
293200018;72;35;1;78;0;36;0;7;36;0;1;1;0;2;34;25;9;
293200019;698;413;1;700;2;284;2;0;284;1;3;4;0;8;276;157;119;
293200020;181;53;1;187;3;127;3;0;127;3;1;0;0;4;123;90;33;
293200021;538;237;1;542;1;300;1;0;300;24;0;0;0;24;276;212;64;
293200022;486;193;1;488;2;292;2;0;292;0;0;0;0;0;292;182;110;
293200023;606;381;3;610;0;222;0;2;222;17;0;0;0;17;205;144;61;
293200024;492;300;1;494;0;191;0;2;191;8;1;0;0;9;182;102;80;
293200025;620;326;1;622;2;293;2;5;293;2;3;0;0;5;288;133;155;
293200026;75;22;0;82;0;53;0;7;53;1;0;0;0;1;52;37;15;
293300001;766;491;1;732;0;274;0;3;274;2;3;0;0;5;269;170;99;
293300002;1008;687;1;962;0;320;0;0;320;2;3;0;0;5;315;177;138;
293300003;909;611;0;864;1;298;1;0;298;3;0;5;0;8;290;177;113;
293300004;912;620;0;867;0;292;0;1;292;0;0;0;0;0;292;181;111;
293300005;750;481;1;713;0;268;0;0;268;3;1;2;0;6;262;170;92;
293300006;801;506;0;761;0;295;0;0;295;2;0;0;0;2;293;281;12;
293300007;953;647;0;907;0;306;0;0;306;0;1;11;0;12;294;255;39;
293300008;854;535;2;812;0;317;0;1;317;2;0;0;0;2;315;209;106;
293300009;975;631;1;934;0;343;0;0;343;2;4;0;0;6;337;212;125;
293300010;978;675;1;934;1;302;1;4;302;0;2;0;0;2;300;188;112;
293300011;856;549;1;815;0;306;0;0;306;2;0;0;0;2;304;178;126;
293300012;856;511;0;826;2;345;2;8;345;7;0;4;0;11;334;200;134;
293300013;714;449;0;679;0;265;0;0;265;1;3;0;0;4;261;161;100;
293300014;929;614;1;887;0;314;0;0;314;1;5;0;0;6;308;204;104;
293300015;638;392;1;612;1;245;1;5;245;1;1;2;0;4;241;148;93;
293300016;880;568;1;835;1;311;1;1;311;1;3;0;0;4;307;184;123;
293300017;691;435;0;667;0;256;0;0;256;0;0;0;0;0;256;137;119;
293300018;874;571;2;829;1;301;1;0;301;0;3;0;0;3;298;204;94;
293300019;818;487;1;784;1;330;1;0;330;5;1;1;0;7;323;193;130;
293300020;988;538;1;950;0;449;0;12;449;2;3;0;0;5;444;405;39;
293300021;414;258;1;393;0;155;0;3;155;1;0;0;0;1;154;95;59;
293300022;768;458;2;734;2;308;2;0;308;1;4;0;0;5;303;167;136;
293300023;30;6;1;30;0;23;0;4;23;0;0;0;0;0;23;19;4;
293300024;295;156;0;286;0;139;0;3;139;1;0;0;0;1;138;108;30;
293300025;188;71;1;182;0;116;0;3;116;1;3;0;0;4;112;94;18;
293300026;378;213;0;363;0;165;0;3;165;1;0;0;0;1;164;111;53;
293300027;332;139;0;320;0;193;0;4;193;0;0;5;0;5;188;159;29;
293300028;311;109;3;299;0;199;0;0;199;0;0;0;0;0;199;166;33;
293300029;62;18;1;62;0;43;0;0;43;0;1;0;0;1;42;28;14;
293300030;315;154;1;304;0;160;0;5;160;0;0;5;0;5;155;133;22;
293300031;305;132;1;290;1;172;1;0;172;0;2;2;0;4;168;153;15;
293300032;37;9;0;36;0;28;0;3;28;1;1;0;0;2;26;24;2;
293300033;107;36;1;106;3;70;3;4;70;0;0;0;0;0;70;57;13;
293300034;223;61;1;217;1;161;1;0;161;0;0;0;0;0;161;155;6;
293300035;218;81;1;210;3;136;3;3;136;0;1;2;0;3;133;107;26;
293300036;293;135;1;282;0;157;0;2;157;0;0;3;0;3;154;119;35;
293300037;122;23;1;116;9;98;9;3;98;1;0;0;0;1;97;69;28;
293300038;283;188;1;272;1;94;1;3;94;0;1;0;0;1;93;76;17;
293300039;221;118;1;214;1;102;1;4;102;0;2;0;0;2;100;87;13;
293300040;158;76;1;154;1;81;1;3;81;1;1;0;0;2;79;61;18;
293300041;598;332;2;571;0;264;0;2;264;1;2;0;0;3;261;206;55;
293300042;167;84;1;159;0;82;0;0;82;0;0;0;0;0;82;64;18;
293300043;229;126;0;218;1;103;1;0;103;0;0;0;0;0;103;76;27;
293300044;140;57;1;135;1;82;1;4;82;0;0;0;0;0;82;63;19;
293300045;609;280;1;583;0;328;0;4;328;0;0;1;0;1;327;317;10;
293400001;700;366;3;771;0;331;0;1;331;0;1;1;0;2;329;240;89;
293400002;700;386;1;714;0;313;0;0;313;0;0;6;0;6;307;240;67;
293400003;600;274;2;688;0;324;0;7;324;6;0;1;0;7;317;226;91;
293400004;1000;594;0;1022;0;406;0;6;406;0;2;5;0;7;399;295;104;
293400005;1000;635;1;1034;0;364;0;7;364;0;1;3;0;4;360;253;107;
293400006;900;544;0;944;0;356;0;0;356;3;0;0;0;3;353;239;114;
293400007;900;526;2;996;0;372;0;7;372;1;0;3;0;4;368;216;152;
293400008;700;379;1;795;7;320;7;4;320;0;1;3;0;4;316;224;92;
293400009;600;342;1;778;0;257;0;3;257;0;9;0;0;9;248;141;107;
293400010;800;523;1;820;0;276;0;7;276;0;1;0;0;1;275;172;103;
293400011;600;300;1;668;0;299;0;6;299;0;1;0;0;1;298;204;94;
293400012;800;465;1;877;0;334;0;6;334;4;3;0;0;7;327;204;123;
293400013;500;272;1;530;6;227;6;0;227;0;1;0;0;1;226;136;90;
293400014;600;363;0;601;0;237;0;0;237;0;0;0;0;0;237;147;90;
293400015;400;213;1;489;0;186;0;3;186;3;3;0;0;6;180;87;93;
293400016;600;375;1;604;0;224;0;4;224;3;1;0;0;4;220;121;99;
293400017;500;277;1;516;0;222;0;6;222;4;2;1;0;7;215;134;81;
293400018;500;284;1;500;0;215;0;9;215;0;0;2;0;2;213;146;67;
293400019;500;263;1;236;0;236;0;0;236;1;2;4;0;7;229;135;94;
293400020;800;446;2;892;0;352;0;1;352;1;0;4;0;5;347;214;133;
293400021;400;250;0;406;0;150;0;0;150;8;0;0;0;8;142;84;58;
293400022;500;252;1;574;0;247;0;2;247;1;4;0;0;5;242;154;88;
293400023;400;246;1;400;0;153;0;0;153;0;0;0;0;0;153;85;68;
293400024;500;284;0;504;0;216;0;0;216;1;1;0;0;2;214;140;74;
293400025;700;441;1;716;0;258;0;1;258;2;6;0;0;8;250;153;97;
293400026;800;484;2;836;2;314;2;2;314;1;1;0;0;2;312;179;133;
293400027;700;404;1;715;0;295;0;0;295;1;2;0;0;3;292;184;108;
293400028;700;381;1;777;9;318;9;0;318;1;1;0;0;2;316;227;89;
293400029;500;270;1;534;0;229;0;6;229;3;0;0;2;5;224;139;85;
293400030;400;203;2;399;0;195;0;7;195;4;1;0;0;5;190;139;51;
293400031;600;333;1;585;0;266;0;0;266;0;2;0;0;2;264;160;104;
293400032;900;577;1;961;0;322;0;0;322;0;1;0;0;1;321;190;131;
293400033;400;208;0;438;0;192;0;0;192;3;2;1;0;6;186;130;56;
293400034;500;233;0;573;3;267;3;0;267;1;1;2;1;5;262;180;82;
293400035;400;186;0;490;0;214;0;6;214;0;4;0;0;4;210;155;55;
293400036;400;194;1;472;0;205;0;5;205;1;1;1;0;3;202;131;71;
293400037;400;220;1;459;0;179;0;3;179;0;1;0;0;1;178;120;58;
293400038;600;325;1;677;0;274;0;2;274;1;3;2;0;6;268;167;101;
293400039;400;210;0;184;6;190;6;8;190;1;3;3;0;7;183;117;66;
293400040;400;187;0;455;0;213;0;0;213;0;0;0;0;0;213;167;46;
293400041;500;290;2;537;0;208;0;7;208;1;3;0;0;4;204;156;48;
293400042;600;355;1;649;2;244;2;8;244;0;0;0;0;0;244;158;86;
293400043;600;270;2;650;0;328;0;6;328;4;12;2;0;18;310;245;65;
293400044;300;139;1;354;0;160;0;8;160;0;0;3;0;3;157;115;42;
293400045;700;430;0;722;0;270;0;7;270;3;0;6;0;9;261;197;64;
293400046;500;296;1;553;0;203;0;7;203;0;1;0;0;1;202;117;85;
293400047;600;345;0;647;1;255;1;0;255;1;2;11;0;14;241;187;54;
293400048;500;311;2;564;0;187;0;0;187;0;2;0;0;2;185;129;56;
293400049;500;242;1;570;0;257;0;0;257;0;1;0;0;1;256;192;64;
293400050;400;197;0;489;0;203;0;1;203;0;3;0;0;3;200;128;72;
293400051;800;475;4;920;0;321;0;0;321;0;1;2;0;3;318;217;101;
293400052;800;459;3;905;0;338;0;6;338;7;2;2;0;11;327;201;126;
293400053;600;342;0;704;0;258;0;0;258;1;2;0;0;3;255;168;87;
293400054;400;241;1;458;0;158;0;5;158;0;1;0;0;1;157;91;66;
293400055;800;475;0;879;0;325;0;3;325;7;1;0;0;8;317;258;59;
293400056;600;372;0;628;1;228;1;0;228;1;0;0;0;1;227;127;100;
293400057;600;323;1;692;1;276;1;0;276;1;9;0;0;10;266;190;76;
293400058;600;366;1;675;0;233;0;3;233;1;2;0;0;3;230;146;84;
293400059;500;307;3;595;0;190;0;8;190;0;1;0;0;1;189;116;73;
293400060;600;222;0;718;7;378;7;0;378;8;28;20;0;56;322;317;5;
293400061;600;243;1;711;0;356;0;5;356;2;1;12;0;15;341;278;63;
293400062;800;390;0;888;0;410;0;0;410;7;3;4;0;14;396;358;38;
293400063;400;188;0;485;0;212;0;0;212;0;0;1;0;1;211;132;79;
293400064;1000;506;4;1019;0;490;0;0;490;3;3;0;0;6;484;474;10;
293400065;700;319;3;789;0;378;0;9;378;4;2;6;1;13;365;356;9;
293400066;500;281;1;508;0;218;0;2;218;0;3;0;0;3;215;113;102;
293400067;300;158;1;356;3;141;3;4;141;0;0;0;0;0;141;70;71;
293400068;700;402;1;808;0;297;0;0;297;2;2;0;0;4;293;253;40;
293400069;700;430;1;738;0;269;0;2;269;2;2;2;0;6;263;163;100;
293400070;696;437;1;727;0;258;0;0;258;0;1;0;0;1;257;147;110;
293400071;700;390;1;726;0;309;0;8;309;2;10;0;0;12;297;164;133;
293400072;700;405;0;732;2;295;2;2;295;2;4;0;0;6;289;174;115;
293400073;500;275;0;523;0;225;0;6;225;0;4;0;0;4;221;137;84;
293400074;700;382;1;718;2;317;2;0;317;0;2;0;0;2;315;175;140;
293400075;600;310;0;693;0;290;0;0;290;2;6;0;0;8;282;165;117;
293400076;700;443;0;714;0;257;0;7;257;1;0;0;0;1;256;134;122;
293400077;500;295;1;532;0;204;0;5;204;2;0;0;0;2;202;117;85;
293400078;500;223;1;577;0;276;0;6;276;0;1;0;0;1;275;198;77;
293400079;600;293;1;700;7;306;7;43;306;1;0;0;0;1;305;188;117;
293400080;700;390;0;769;0;310;0;0;310;0;2;0;0;2;308;188;120;
293400081;700;373;2;794;0;325;0;9;325;0;2;0;0;2;323;219;104;
293400082;600;282;3;641;0;315;0;4;315;0;1;5;0;6;309;198;111;
293400083;600;358;1;653;0;241;0;0;241;0;1;0;0;1;240;148;92;
293400084;500;243;1;588;3;256;3;6;256;1;0;2;0;3;253;172;81;
293400085;500;296;1;522;0;203;0;0;203;4;2;3;0;9;194;147;47;
293400086;600;287;1;629;9;312;9;4;312;3;2;4;0;9;303;294;9;
293400087;600;329;1;644;0;270;0;0;270;5;1;0;0;6;264;261;3;
293400088;700;418;1;752;0;281;0;0;281;4;2;0;0;6;275;261;14;
293400089;500;312;1;493;0;187;0;3;187;0;0;3;0;3;184;160;24;
293400090;500;282;1;572;0;217;0;6;217;0;1;0;0;1;216;187;29;
293400091;500;261;1;558;0;238;0;7;238;1;2;2;1;6;232;197;35;
293400092;400;221;2;382;0;177;0;7;177;2;2;0;0;4;173;113;60;
293400093;400;205;1;478;1;194;1;5;194;0;0;0;0;0;194;137;57;
293400094;400;185;1;462;0;214;0;6;214;3;3;0;0;6;208;116;92;
293400095;400;195;1;429;0;204;0;4;204;3;4;0;0;7;197;124;73;
293400096;500;302;1;474;0;197;0;0;197;0;0;0;0;0;197;124;73;
293400097;400;203;1;449;0;196;0;5;196;1;1;4;0;6;190;130;60;
293400098;601;392;1;604;0;208;0;0;208;1;3;0;0;4;204;114;90;
293400099;600;342;2;604;0;256;0;9;256;0;0;1;0;1;255;153;102;
293400100;400;193;1;459;0;206;0;2;206;1;1;0;0;2;204;126;78;
293400101;800;493;1;870;0;306;0;3;306;1;4;2;0;7;299;199;100;
293400102;800;526;1;794;0;273;0;0;273;1;2;2;0;5;268;177;91;
293400103;600;392;1;663;0;207;0;2;207;0;0;6;0;6;201;150;51;
293400104;500;285;1;567;0;214;0;8;214;0;1;5;0;6;208;153;55;
293400105;900;490;1;902;0;409;0;7;409;0;1;0;0;1;408;318;90;
293400106;900;625;0;902;0;275;0;4;275;1;0;0;0;1;274;201;73;
293400107;800;413;0;860;0;387;0;0;387;1;2;4;0;7;380;341;39;
293400108;500;271;1;478;0;228;0;2;228;0;0;5;0;5;223;116;107;
293400109;400;215;1;424;0;184;0;0;184;0;3;2;0;5;179;75;104;
293400110;400;237;1;419;0;162;0;5;162;0;4;0;0;4;158;68;90;
293400111;90;23;0;67;0;67;0;0;67;1;3;1;0;5;62;43;19;
293400112;200;77;2;194;0;121;0;1;121;4;1;3;0;8;113;90;23;
293400113;180;153;0;59;0;27;0;7;27;0;0;0;0;0;27;16;11;
293400114;450;172;4;459;1;274;1;4;274;4;0;1;0;5;269;215;54;
293400115;600;320;1;562;0;279;0;7;279;0;5;0;0;5;274;195;79;
293400116;500;278;4;508;4;218;4;0;218;0;1;7;0;8;210;131;79;
293400117;620;328;0;641;0;292;0;6;292;4;0;11;2;17;275;176;99;
293400118;150;73;2;161;0;75;0;0;75;0;0;0;0;0;75;48;27;
293400119;600;286;1;605;4;313;4;6;313;2;2;4;0;8;305;264;41;
293400120;600;296;1;607;0;303;0;4;303;0;0;0;0;0;303;245;58;
293400121;200;110;1;219;0;89;0;1;89;0;1;0;0;1;88;68;20;
293400122;500;300;0;495;0;200;0;4;200;0;2;0;0;2;198;172;26;
293400123;300;71;0;303;0;229;0;1;229;0;1;0;0;1;228;226;2;
293400124;400;140;2;409;0;258;0;0;258;3;12;0;0;15;243;212;31;
293400125;101;44;0;113;0;57;0;0;57;0;0;0;0;0;57;44;13;
293400126;500;266;1;516;0;233;0;0;233;0;4;4;0;8;225;164;61;
293400127;180;71;0;182;0;109;0;4;109;1;1;0;0;2;107;95;12;
293400128;100;39;1;97;0;60;0;6;60;1;1;0;0;2;58;45;13;
293400129;700;367;0;700;0;333;0;5;333;3;13;2;0;18;315;267;48;
293400130;500;329;2;476;0;169;0;4;169;2;2;6;0;10;159;123;36;
293400131;400;260;2;389;1;138;1;0;138;0;1;4;0;5;133;89;44;
293400132;500;345;2;499;0;153;0;0;153;0;0;5;0;5;148;119;29;
293400133;500;248;2;510;2;250;2;4;250;2;2;0;0;4;246;190;56;
293400134;170;73;1;174;4;96;4;0;96;0;0;1;0;1;95;78;17;
293400135;270;113;1;156;12;156;12;0;156;2;0;0;0;2;154;136;18;
293400136;130;52;3;138;0;75;0;0;75;2;2;0;0;4;71;61;10;
293400137;200;92;1;205;0;107;0;0;107;1;0;6;0;7;100;95;5;
293400138;360;237;2;372;0;121;0;0;121;0;1;1;1;3;118;109;9;
293400139;450;184;0;460;15;266;15;7;266;0;5;0;0;5;261;232;29;
293400140;460;173;2;490;0;285;0;5;285;3;2;0;0;5;280;265;15;
293400141;450;149;0;451;0;301;0;6;301;3;1;0;0;4;297;246;51;
293400142;410;228;0;417;0;182;0;4;182;0;0;4;0;4;178;152;26;
293400143;480;167;0;492;0;313;0;6;313;0;0;1;0;1;312;306;6;
293400144;490;200;1;490;0;289;0;4;289;0;4;0;0;4;285;280;5;
293400145;370;151;1;376;0;218;0;0;218;0;1;0;0;1;217;215;2;
293400146;540;296;1;552;0;243;0;6;243;4;1;1;0;6;237;171;66;
293400147;460;235;1;473;0;224;0;0;224;1;1;0;0;2;222;195;27;
293400148;441;163;0;454;0;278;0;6;278;6;0;0;1;7;271;255;16;
293400149;350;127;1;360;0;222;0;0;222;2;1;7;0;10;212;210;2;
293400150;230;37;0;240;0;193;0;7;193;0;2;0;0;2;191;171;20;
293400151;360;138;0;377;0;222;0;4;222;1;0;0;0;1;221;219;2;
293400152;25;9;1;20;1;15;1;0;15;1;0;0;0;1;14;6;8;
300700001;590;134;0;588;0;456;0;2;456;2;0;0;0;2;454;453;1;
300700002;480;162;0;474;0;318;0;2;318;0;0;0;0;0;318;314;4;
300700003;280;85;0;283;2;195;2;2;195;0;0;0;0;0;195;193;2;
300700004;820;282;1;828;1;537;1;3;537;1;3;1;0;5;532;517;15;
300700005;425;101;0;429;8;324;8;0;324;0;0;0;0;0;324;318;6;
300700006;140;33;0;132;0;107;0;0;107;0;0;0;0;0;107;106;1;
300700007;296;22;2;288;3;272;3;0;272;0;1;0;0;1;271;267;4;
300700008;660;180;0;661;0;480;0;0;480;0;1;0;0;1;479;474;5;
300700009;600;181;2;605;0;417;0;0;417;0;1;0;0;1;416;413;3;
300700010;440;109;1;441;0;330;0;0;330;0;3;0;0;3;327;327;0;
300700011;110;18;0;92;4;92;4;0;92;0;0;0;0;0;92;91;1;
300700012;530;180;0;530;0;350;0;2;350;3;1;2;0;6;344;337;7;
300700013;540;122;0;536;2;418;2;2;418;0;3;0;0;3;415;413;2;
300700014;650;180;1;655;0;469;0;1;469;0;1;0;0;1;468;464;4;
300700015;620;157;0;624;0;463;0;2;463;0;1;0;0;1;462;459;3;
301000001;256;83;2;265;0;171;0;4;171;4;2;0;0;6;165;163;2;
301000002;465;186;0;474;0;279;0;0;279;2;0;0;0;2;277;274;3;
301000003;568;207;1;568;0;360;0;7;360;0;0;0;0;0;360;350;10;
301000004;832;390;0;834;0;442;0;0;442;2;1;8;0;11;431;299;132;
301000005;910;458;0;911;0;452;0;0;452;8;3;0;0;11;441;407;34;
301000006;1019;398;0;1025;5;621;5;0;621;5;5;5;0;15;606;587;19;
301000007;432;195;1;433;0;236;0;0;236;3;2;4;0;9;227;197;30;
301000008;200;76;0;206;0;124;0;4;124;0;0;0;0;0;124;120;4;
301000009;234;81;0;235;2;153;2;3;153;4;0;0;0;4;149;146;3;
301000010;77;20;0;81;1;57;1;4;57;0;0;0;0;0;57;55;2;
301000011;346;130;0;346;0;216;0;6;216;2;0;0;0;2;214;205;9;
301000012;407;171;0;410;0;236;0;3;236;0;1;1;0;2;234;228;6;
301000013;405;212;1;406;4;192;4;0;192;0;1;0;0;1;191;180;11;
301000014;433;176;0;440;0;257;0;0;257;1;0;0;1;2;255;250;5;
301000015;446;215;1;451;0;230;0;0;230;3;2;0;0;5;225;223;2;
301000016;521;201;1;531;0;319;0;6;319;3;1;0;0;4;315;309;6;
301000017;272;93;0;272;2;179;2;4;179;4;0;0;0;4;175;170;5;
301000018;793;323;2;799;0;468;0;0;468;1;2;0;0;3;465;460;5;
301000019;490;207;0;501;0;283;0;3;283;1;1;0;0;2;281;278;3;
301100001;220;104;0;227;1;116;1;2;116;0;0;0;0;0;116;116;0;
301100002;209;57;1;212;2;151;2;1;151;0;0;0;0;0;151;150;1;
301100003;317;134;1;318;2;182;2;2;182;1;0;0;0;1;181;180;1;
301100004;259;112;1;261;5;146;5;0;146;0;0;5;0;5;141;122;19;
301100005;732;283;1;738;1;448;1;2;448;1;2;0;0;3;445;380;65;
301100006;226;100;0;229;3;126;3;3;126;0;0;0;0;0;126;123;3;
301100007;189;79;1;109;0;109;0;5;109;0;0;0;0;0;109;103;6;
301100008;178;59;0;183;5;119;5;0;119;0;2;0;0;2;117;117;0;
301100009;562;204;0;574;0;358;0;0;358;1;1;0;0;2;356;353;3;
301100010;315;59;0;315;1;256;1;0;256;0;0;0;0;0;256;256;0;
301100011;230;70;1;232;2;159;2;1;159;0;0;0;0;0;159;158;1;
301100012;168;31;2;172;3;135;3;1;135;0;0;0;0;0;135;133;2;
301100013;412;115;2;414;3;295;3;0;295;10;0;0;0;10;285;258;27;
301100014;911;311;3;915;4;597;4;4;597;0;3;0;0;3;594;588;6;
301100015;244;70;2;248;0;172;0;0;172;2;0;0;0;2;170;167;3;
301100016;209;70;0;209;4;139;4;0;139;0;0;0;0;0;139;132;7;
301100018;508;145;0;514;3;363;3;0;363;0;0;0;0;0;363;361;2;
301100019;322;75;1;326;1;246;1;0;246;0;0;0;0;0;246;242;4;
301100020;379;145;0;381;2;234;2;0;234;1;0;0;0;1;233;231;2;
301100021;289;39;0;290;2;250;2;2;250;0;0;0;0;0;250;248;2;
301800001;550;196;1;511;1;353;1;1;353;0;0;0;1;1;352;342;10;
301800002;790;274;3;739;0;513;0;2;513;0;0;0;0;0;513;509;4;
301800003;610;125;0;579;0;485;0;1;485;0;0;0;0;0;485;484;1;
301800004;470;132;0;443;2;338;2;3;338;0;0;0;0;0;338;322;16;
301800005;410;65;0;383;0;345;0;0;345;0;0;0;0;0;345;341;4;
301800006;740;86;0;681;1;654;1;2;654;0;0;0;0;0;654;653;1;
301800007;560;235;0;522;2;325;2;3;325;0;1;0;0;1;324;294;30;
301800008;470;165;0;440;0;305;0;0;305;0;0;0;0;0;305;304;1;
301800009;590;186;0;554;0;404;0;5;404;0;0;0;0;0;404;402;2;
301800010;610;195;1;576;0;414;0;2;414;0;1;0;0;1;413;409;4;
301800011;560;154;2;523;0;404;0;2;404;0;0;0;0;0;404;401;3;
301800012;60;22;0;59;0;38;0;6;38;0;0;0;0;0;38;30;8;
301800013;540;120;1;506;2;419;2;0;419;0;1;0;0;1;418;416;2;
301800014;480;149;0;445;0;331;0;3;331;1;0;0;0;1;330;330;0;
301800015;40;19;0;35;0;21;0;1;21;0;0;0;0;0;21;13;8;
301800016;590;194;0;551;0;396;0;1;396;0;0;0;0;0;396;394;2;
301800017;420;93;0;386;0;327;0;1;327;0;0;0;0;0;327;327;0;
301800018;530;218;0;496;1;312;1;1;312;0;1;0;0;1;311;298;13;
301800019;600;136;1;564;0;463;0;0;463;0;2;0;0;2;461;457;4;
301800020;660;302;0;618;0;358;0;0;358;1;1;1;0;3;355;324;31;
301800021;700;295;0;659;0;405;0;2;405;0;1;0;0;1;404;388;16;
301800022;664;225;0;632;0;439;0;0;439;0;6;0;0;6;433;423;10;
301800023;690;57;1;649;0;632;0;2;632;0;1;0;0;1;631;631;0;
301900001;503;322;0;470;0;181;0;0;181;2;0;1;0;3;178;102;76;
301900002;560;330;1;523;0;229;0;1;229;0;2;0;1;3;226;155;71;
301900003;894;574;5;836;0;315;0;0;315;0;1;6;0;7;308;212;96;
301900004;902;532;1;846;0;369;0;0;369;2;2;0;1;5;364;241;123;
301900005;508;241;1;480;0;266;0;0;266;3;1;16;0;20;246;217;29;
301900006;670;369;0;627;2;301;2;0;301;1;1;7;0;9;292;273;19;
301900007;243;125;0;234;0;118;0;7;118;1;2;0;0;3;115;89;26;
301900008;444;232;0;414;0;212;0;1;212;4;2;0;2;8;204;140;64;
301900009;405;147;2;405;2;256;2;0;256;0;1;8;0;9;247;211;36;
301900010;479;198;1;449;0;280;0;1;280;1;1;5;0;7;273;210;63;
301900011;479;228;1;454;0;250;0;4;250;2;0;11;0;13;237;218;19;
301900012;297;140;1;281;1;156;1;3;156;1;0;4;0;5;151;128;23;
301900013;386;169;1;364;3;216;3;3;216;1;3;11;0;15;201;141;60;
301900014;471;253;1;217;0;217;0;9;217;1;0;7;0;8;209;195;14;
301900015;174;94;1;167;0;79;0;5;79;0;1;0;0;1;78;77;1;
301900016;205;81;0;198;6;124;6;0;124;3;0;3;0;6;118;100;18;
302100001;107;24;0;98;0;83;0;1;83;0;0;0;0;0;83;73;10;
302100002;776;202;1;721;0;573;0;4;573;0;3;2;0;5;568;564;4;
302100003;718;223;2;666;0;493;0;3;493;0;0;0;0;0;493;483;10;
302100004;358;183;0;334;0;175;0;0;175;2;2;0;0;4;171;167;4;
302100005;120;46;0;112;0;74;0;0;74;3;0;0;0;3;71;53;18;
302100006;394;114;1;366;0;279;0;3;279;0;0;0;0;0;279;276;3;
302100007;710;353;1;654;0;356;0;0;356;1;1;0;0;2;354;298;56;
302100008;615;234;1;576;0;380;0;3;380;2;1;7;0;10;370;323;47;
302100009;465;225;1;428;0;239;0;0;239;4;12;0;0;16;223;197;26;
302100010;364;106;1;339;0;257;0;0;257;0;0;0;0;0;257;248;9;
302100011;327;126;0;304;0;201;0;2;201;1;0;0;0;1;200;169;31;
302100012;403;201;1;373;0;201;0;3;201;0;5;0;0;5;196;179;17;
302100013;643;269;0;594;0;374;0;1;374;4;0;1;0;5;369;366;3;
302200001;680;412;1;634;0;267;0;4;267;0;1;1;0;2;265;201;64;
302200002;960;475;4;901;0;481;0;0;481;2;1;0;0;3;478;467;11;
302200003;880;494;3;820;0;383;0;4;383;1;2;0;0;3;380;326;54;
302200004;600;349;0;567;0;251;0;4;251;0;1;2;0;3;248;189;59;
302200005;640;353;0;602;0;287;0;0;287;1;0;0;0;1;286;234;52;
302200006;700;427;2;661;1;271;1;0;271;1;1;4;0;6;265;210;55;
302200007;590;369;0;546;0;221;0;0;221;6;0;1;0;7;214;163;51;
302200008;690;437;0;643;0;253;0;0;253;2;1;0;0;3;250;171;79;
302200009;590;354;0;552;0;236;0;2;236;2;0;0;0;2;234;144;90;
302200010;650;421;0;609;0;229;0;8;229;0;1;3;0;4;225;157;68;
302200011;850;541;0;786;0;309;0;0;309;1;3;0;0;4;305;206;99;
302200012;600;393;0;568;1;207;1;0;207;3;5;0;0;8;199;153;46;
302200013;580;338;0;553;0;242;0;0;242;2;1;1;1;5;237;153;84;
302200014;600;385;0;559;0;215;0;1;215;0;1;3;0;4;211;163;48;
302200015;710;405;1;660;0;304;0;0;304;2;2;7;0;11;293;203;90;
302200016;510;326;1;479;1;183;1;4;183;1;2;1;0;4;179;117;62;
302200017;710;441;0;662;0;269;0;6;269;2;1;1;0;4;265;155;110;
302200018;640;379;1;601;0;260;0;0;260;1;1;1;0;3;257;158;99;
302200019;35;8;0;21;7;27;7;7;27;1;0;0;0;1;26;22;4;
302200020;780;372;0;737;0;408;0;3;408;3;3;0;0;6;402;374;28;
302200021;35;10;0;25;0;25;0;0;25;0;0;0;0;0;25;22;3;
302200022;520;270;0;486;1;250;1;0;250;1;1;1;0;3;247;227;20;
302200023;350;167;0;322;2;183;2;4;183;3;0;1;0;4;179;120;59;
302200024;140;51;0;133;2;89;2;0;89;1;0;2;0;3;86;79;7;
302200025;220;99;0;209;1;121;1;0;121;0;1;3;0;4;117;97;20;
302200026;340;166;0;316;1;174;1;1;174;0;1;0;0;1;173;147;26;
302200027;360;202;0;339;2;158;2;4;158;6;2;0;0;8;150;119;31;
302200028;590;298;0;292;0;292;0;0;292;0;0;14;0;14;278;248;30;
302200029;620;304;1;583;0;315;0;4;315;2;3;0;0;5;310;302;8;
302200030;86;31;1;82;2;54;2;0;54;0;0;0;0;0;54;49;5;
302200031;290;128;1;273;0;161;0;0;161;0;1;0;0;1;160;150;10;
302200032;220;105;0;209;3;115;3;3;115;1;0;1;0;2;113;97;16;
302200033;125;50;0;121;1;75;1;0;75;1;0;2;0;3;72;71;1;
302200034;370;186;0;355;0;184;0;8;184;3;3;4;0;10;174;134;40;
302200035;105;47;0;98;2;58;2;4;58;0;0;0;0;0;58;33;25;
302300001;760;406;0;712;0;354;0;2;354;1;1;0;0;2;352;206;146;
302300002;900;521;1;838;0;378;0;2;378;4;8;0;0;12;366;208;158;
302300003;860;486;2;806;0;372;0;0;372;6;2;0;0;8;364;209;155;
302300004;750;387;0;694;0;363;0;0;363;0;2;0;0;2;361;203;158;
302300005;830;461;2;780;1;367;1;7;367;17;1;1;0;19;348;237;111;
302300006;930;371;2;874;0;557;0;1;557;2;2;4;0;8;549;499;50;
302300007;590;353;1;545;0;236;0;0;236;0;2;3;0;5;231;119;112;
302300008;900;444;0;850;0;456;0;1;456;2;6;0;0;8;448;288;160;
302300009;510;260;0;476;0;250;0;5;250;7;0;0;1;8;242;231;11;
302300010;940;557;3;877;0;380;0;0;380;1;2;0;0;3;377;229;148;
302300011;920;478;0;852;1;442;1;0;442;3;0;0;0;3;439;170;269;
302300012;980;478;2;924;3;500;3;4;500;7;3;2;0;12;488;411;77;
302300013;300;149;0;282;0;151;0;8;151;1;1;0;0;2;149;114;35;
302300014;600;329;7;552;3;264;3;0;264;3;3;0;0;6;258;217;41;
302300015;560;232;2;533;0;326;0;1;326;3;11;0;0;14;312;306;6;
302300016;290;96;1;273;3;193;3;1;193;0;1;0;0;1;192;189;3;
302300017;270;83;1;263;0;186;0;3;186;1;1;0;0;2;184;182;2;
302300018;250;94;1;234;2;155;2;3;155;2;1;0;0;3;152;85;67;
302300019;100;21;0;89;0;79;0;0;79;0;1;0;0;1;78;69;9;
302300020;700;326;1;371;2;373;2;3;373;0;3;10;0;13;360;275;85;
302300021;310;141;0;291;3;169;3;0;169;0;1;0;0;1;168;97;71;
302300022;46;17;1;37;0;28;0;0;28;0;1;0;0;1;27;22;5;
302500001;800;501;1;742;0;298;0;0;298;2;0;0;1;3;295;197;98;
302500002;640;395;1;595;0;244;0;0;244;4;1;0;0;5;239;197;42;
302500003;460;295;0;444;0;165;0;0;165;2;0;4;0;6;159;123;36;
302500004;880;607;1;824;0;272;0;7;272;0;0;6;2;8;264;191;73;
302500005;885;560;3;831;1;322;1;0;322;0;2;9;0;11;311;201;110;
302500006;75;20;1;70;4;54;4;0;54;0;2;0;0;2;52;44;8;
302500007;260;95;1;245;1;164;1;0;164;3;0;0;0;3;161;140;21;
302500008;690;374;1;644;1;315;1;0;315;1;5;2;0;8;307;219;88;
302500009;80;15;0;77;1;65;1;1;65;0;0;0;0;0;65;54;11;
302500010;160;77;1;152;0;82;0;7;82;0;1;2;0;3;79;62;17;
302500011;130;47;1;128;1;82;1;0;82;0;1;0;0;1;81;70;11;
302500012;800;418;2;750;0;380;0;4;380;4;1;2;0;7;373;344;29;
302500013;50;25;0;52;2;25;2;5;25;0;1;0;0;1;24;17;7;
302500014;690;291;2;652;1;397;1;2;397;5;2;0;0;7;390;370;20;
303000001;600;317;1;710;2;282;2;7;282;5;3;0;0;8;274;200;74;
303000002;600;307;2;746;0;291;0;7;291;2;2;6;0;10;281;220;61;
303000003;600;237;2;875;2;361;2;0;361;7;3;4;1;15;346;196;150;
303000004;800;399;1;955;0;400;0;5;400;2;4;1;0;7;393;270;123;
303000005;600;270;2;794;1;328;1;0;328;1;7;2;1;11;317;185;132;
303000006;800;406;2;913;0;392;0;4;392;3;2;0;0;5;387;253;134;
303000007;600;207;2;841;13;391;13;0;391;0;3;0;2;5;386;234;152;
303000008;600;245;1;758;9;354;9;0;354;0;3;1;0;4;350;223;127;
303000009;800;379;1;930;2;420;2;0;420;2;4;2;0;8;412;264;148;
303000010;800;263;2;1181;12;535;12;0;535;8;2;0;5;15;520;358;162;
303000011;600;259;1;872;9;340;9;4;340;0;7;0;0;7;333;190;143;
303000012;800;399;2;921;1;399;1;0;399;4;1;0;0;5;394;260;134;
303000013;600;232;1;847;2;367;2;4;367;3;10;1;0;14;353;227;126;
303000014;700;320;0;891;0;380;0;0;380;1;3;0;0;4;376;219;157;
303000015;700;259;1;922;0;440;0;2;440;4;2;0;0;6;434;249;185;
303000016;600;222;1;801;9;377;9;0;377;1;2;2;0;5;372;211;161;
303000017;700;237;1;913;1;462;1;5;462;6;4;0;0;10;452;316;136;
303000018;700;284;2;954;6;414;6;0;414;1;4;0;0;5;409;274;135;
303000019;700;268;1;962;6;431;6;5;431;1;7;1;0;9;422;276;146;
303000020;600;211;3;864;7;386;7;8;386;2;1;6;0;9;377;223;154;
303000021;700;331;3;927;0;366;0;0;366;5;7;0;0;12;354;221;133;
303000022;600;295;1;710;5;304;5;6;304;3;2;0;0;5;299;168;131;
303000023;700;232;3;853;9;465;9;1;465;3;4;7;0;14;451;335;116;
303000024;700;254;1;966;7;445;7;2;445;1;7;0;0;8;437;305;132;
303000025;600;203;2;848;5;395;5;6;395;2;13;0;0;15;380;227;153;
303000026;600;223;1;816;4;376;4;0;376;3;11;0;0;14;362;200;162;
303000027;600;272;1;876;2;327;2;3;327;0;3;5;0;8;319;202;117;
303000028;600;226;2;884;1;372;1;1;372;2;2;0;0;4;368;238;130;
303000029;500;207;1;663;1;292;1;0;292;3;6;0;0;9;283;168;115;
303000030;600;239;2;819;1;359;1;2;359;1;7;0;0;8;351;208;143;
303000031;700;197;2;1020;72;501;72;0;501;1;1;4;0;6;495;293;202;
303000032;600;232;1;888;0;367;0;6;367;2;3;0;0;5;362;236;126;
303000033;600;176;1;828;0;423;0;2;423;0;3;0;0;3;420;227;193;
303000034;600;309;1;728;0;290;0;0;290;2;3;6;0;11;279;161;118;
303000035;600;247;1;824;0;352;0;3;352;1;1;8;0;10;342;192;150;
303000036;600;244;4;864;0;352;0;5;352;3;6;3;0;12;340;224;116;
303000037;600;315;1;734;0;284;0;3;284;1;2;0;0;3;281;157;124;
303000038;500;239;1;641;1;260;1;7;260;3;4;0;0;7;253;167;86;
303000039;600;262;1;778;0;337;0;0;337;0;0;0;0;0;337;233;104;
303000040;600;258;2;800;0;340;0;9;340;5;2;0;0;7;333;217;116;
303000041;500;194;2;655;9;304;9;0;304;1;2;1;0;4;300;191;109;
303000042;600;269;2;791;1;329;1;8;329;0;1;2;0;3;326;234;92;
303000043;600;251;3;827;0;346;0;6;346;3;4;2;6;15;331;232;99;
303000044;600;255;1;851;0;344;0;10;344;2;1;3;0;6;338;232;106;
303000045;600;230;1;894;0;369;0;3;369;5;1;2;0;8;361;241;120;
303000046;600;319;3;730;0;278;0;6;278;5;4;0;0;9;269;211;58;
303000047;600;275;2;760;0;323;0;0;323;0;2;3;0;5;318;215;103;
303000048;600;272;1;851;1;327;1;9;327;1;3;1;0;5;322;191;131;
303000049;600;297;1;785;1;302;1;0;302;0;1;0;0;1;301;189;112;
303000050;600;244;1;778;1;355;1;4;355;0;2;3;1;6;349;241;108;
303000051;600;304;1;753;15;295;15;0;295;3;0;8;0;11;284;204;80;
303000052;600;276;1;761;1;323;1;6;323;0;0;0;0;0;323;204;119;
303000053;600;252;1;755;0;347;0;4;347;3;1;1;0;5;342;283;59;
303000054;600;214;5;831;0;381;0;5;381;5;1;0;0;6;375;367;8;
303000055;600;296;1;813;1;303;1;9;303;3;1;1;0;5;298;234;64;
303000056;700;330;1;907;1;369;1;8;369;0;2;1;0;3;366;220;146;
303000057;700;301;2;937;0;397;0;3;397;0;1;0;0;1;396;236;160;
303000058;600;228;3;924;0;369;0;0;369;1;2;3;1;7;362;239;123;
303000059;700;345;1;903;0;354;0;6;354;5;0;33;0;38;316;307;9;
303000060;600;325;2;767;0;273;0;0;273;0;0;1;0;1;272;200;72;
303000061;600;233;4;861;1;363;1;8;363;1;0;3;0;4;359;234;125;
303000062;600;255;4;841;1;341;1;8;341;2;0;2;0;4;337;189;148;
303000063;600;249;2;831;2;349;2;6;349;0;4;0;0;4;345;237;108;
303000064;600;280;1;815;0;319;0;2;319;1;2;1;0;4;315;202;113;
303000065;700;323;2;953;3;375;3;6;375;1;2;8;0;11;364;237;127;
303000066;600;344;2;707;9;254;9;14;254;1;2;0;0;3;251;144;107;
303000067;600;249;1;856;3;350;3;0;350;4;0;0;0;4;346;209;137;
303000068;700;341;3;900;0;356;0;6;356;2;0;0;0;2;354;218;136;
303000069;500;214;1;679;0;285;0;0;285;1;1;0;0;2;283;190;93;
303000070;500;211;2;654;9;287;9;9;287;4;1;3;0;8;279;168;111;
303000071;600;253;1;795;0;346;0;1;346;0;2;2;1;5;341;218;123;
303000072;700;232;1;941;4;467;4;0;467;3;23;4;0;30;437;298;139;
303000073;700;247;2;951;7;451;7;4;451;0;3;2;6;11;440;266;174;
303000074;700;283;1;926;7;416;7;0;416;7;0;1;0;8;408;222;186;
303000075;600;176;2;863;2;422;2;0;422;0;3;0;0;3;419;250;169;
303000076;500;166;1;582;0;333;0;1;333;1;0;7;0;8;325;201;124;
303000077;500;284;2;497;1;214;1;5;214;1;0;3;0;4;210;157;53;
303000078;600;266;1;867;0;333;0;8;333;3;1;2;1;7;326;216;110;
303000079;600;254;1;864;0;345;0;4;345;7;6;0;0;13;332;211;121;
303000080;600;284;1;847;0;315;0;0;315;1;1;16;0;18;297;219;78;
303000081;450;217;2;623;0;231;0;6;231;2;1;2;0;5;226;161;65;
303000082;600;246;2;860;0;352;0;8;352;0;2;0;0;2;350;229;121;
303000083;600;295;3;820;0;302;0;8;302;1;2;2;0;5;297;200;97;
303000084;600;231;1;851;8;368;8;7;368;0;2;0;0;2;366;262;104;
303000085;800;393;3;994;0;404;0;0;404;7;0;13;0;20;384;307;77;
303000086;600;287;1;822;0;312;0;3;312;4;0;0;0;4;308;185;123;
303000087;600;188;1;894;0;411;0;8;411;4;1;6;0;11;400;272;128;
303000088;600;226;2;873;1;372;1;0;372;0;3;3;0;6;366;204;162;
303000089;600;268;1;751;2;331;2;2;331;0;2;0;0;2;329;196;133;
303000090;600;272;2;730;6;326;6;0;326;0;0;4;0;4;322;216;106;
303000091;100;33;2;90;10;65;10;5;65;3;1;2;0;6;59;45;14;
303000092;120;44;1;130;0;75;0;0;75;0;5;0;0;5;70;39;31;
303000093;80;16;1;93;0;63;0;11;63;0;0;0;0;0;63;48;15;
303000094;150;75;1;158;6;74;6;0;74;0;1;0;0;1;73;42;31;
303000095;300;133;1;292;1;166;1;0;166;2;4;0;0;6;160;109;51;
303000096;500;203;2;525;0;295;0;3;295;2;1;12;0;15;280;252;28;
303000097;200;52;3;212;0;145;0;0;145;0;0;0;0;0;145;137;8;
303000098;700;289;1;701;6;410;6;0;410;16;0;0;0;16;394;382;12;
303000099;900;355;1;908;1;544;1;4;544;2;0;6;0;8;536;510;26;
303000100;800;375;4;784;1;421;1;0;421;1;5;1;0;7;414;224;190;
303000101;500;172;2;522;8;326;8;0;326;1;2;19;0;22;304;265;39;
303000102;600;283;1;624;4;316;4;1;316;2;3;5;2;12;304;197;107;
303000103;300;141;1;300;7;158;7;0;158;2;0;3;0;5;153;119;34;
303000104;130;36;1;126;1;93;1;0;93;2;0;0;0;2;91;80;11;
303000105;300;116;1;314;1;183;1;5;183;0;0;2;0;2;181;177;4;
303000106;60;23;1;54;2;36;2;2;36;0;0;0;0;0;36;28;8;
303000107;220;76;1;228;0;143;0;0;143;1;2;3;0;6;137;101;36;
303000108;1000;508;5;989;2;487;2;0;487;9;3;0;0;12;475;272;203;
303000109;400;131;3;403;5;266;5;0;266;4;2;13;1;20;246;135;111;
303000110;500;192;1;499;6;307;6;0;307;0;2;5;0;7;300;286;14;
303000111;110;41;1;110;4;68;4;0;68;0;0;1;0;1;67;52;15;
303000112;250;82;0;254;2;168;2;2;168;4;0;0;0;4;164;106;58;
303000113;250;112;2;257;1;136;1;7;136;2;0;1;0;3;133;74;59;
303000114;600;271;1;666;2;328;2;0;328;0;1;0;0;1;327;239;88;
303000115;350;155;1;384;4;194;4;5;194;4;1;2;0;7;187;164;23;
303000116;300;95;2;314;1;203;1;4;203;0;4;2;0;6;197;186;11;
303000117;450;206;1;468;0;243;0;1;243;0;3;0;0;3;240;145;95;
303000118;600;249;1;648;2;350;2;0;350;3;3;0;1;7;343;270;73;
303000119;300;111;2;341;7;187;7;0;187;0;0;0;0;0;187;169;18;
303000120;110;52;0;97;0;58;0;0;58;1;0;0;0;1;57;53;4;
303000121;80;24;5;77;0;51;0;0;51;1;3;1;0;5;46;38;8;
310300001;391;128;1;360;1;262;1;3;262;5;1;0;0;6;256;229;27;
310300002;841;322;2;779;0;517;0;1;517;7;6;1;0;14;503;465;38;
310300003;120;43;0;110;0;77;0;0;77;1;0;0;0;1;76;67;9;
310300004;40;5;1;36;0;34;0;1;34;0;0;0;0;0;34;30;4;
310300005;100;29;1;93;3;70;3;0;70;0;0;0;0;0;70;52;18;
310300006;370;110;2;334;0;258;0;1;258;2;2;6;0;10;248;213;35;
310300007;520;202;2;474;2;316;2;0;316;2;0;2;1;5;311;252;59;
310300008;80;24;1;75;0;55;0;3;55;0;0;0;0;0;55;45;10;
310300009;90;23;0;86;3;67;3;0;67;0;0;0;0;0;67;56;11;
310300010;45;6;2;44;0;37;0;0;37;0;0;0;0;0;37;29;8;
310300011;90;34;1;80;2;55;2;1;55;0;1;0;2;3;52;44;8;
310300012;310;111;1;282;5;198;5;0;198;4;2;3;2;11;187;154;33;
310300013;55;18;1;54;0;36;0;4;36;4;0;0;0;4;32;30;2;
310300014;410;184;1;377;3;225;3;0;225;3;7;0;0;10;215;175;40;
310300015;105;26;0;99;4;79;4;0;79;1;0;1;0;2;77;69;8;
310300016;209;62;1;193;2;146;2;0;146;1;2;0;0;3;143;116;27;
310300017;75;24;1;66;0;50;0;0;50;0;0;0;0;0;50;48;2;
310300018;55;9;2;50;0;44;0;0;44;0;1;0;0;1;43;38;5;
310300019;314;88;1;287;1;225;1;0;225;2;3;3;0;8;217;200;17;
310300020;53;16;1;49;0;36;0;0;36;0;0;0;0;0;36;32;4;
310700001;803;507;1;731;0;295;0;4;295;5;2;0;0;7;288;239;49;
310700002;849;523;1;775;0;325;0;2;325;2;2;0;0;4;321;260;61;
310700003;820;547;1;745;0;272;0;0;272;4;2;1;0;7;265;221;44;
310700004;626;428;1;570;0;197;0;0;197;2;2;0;0;4;193;143;50;
310700005;590;417;2;535;0;171;0;1;171;3;4;3;0;10;161;136;25;
310700006;569;358;1;607;0;210;0;0;210;1;2;2;0;5;205;177;28;
310700007;890;598;1;814;0;291;0;0;291;2;2;0;1;5;286;228;58;
310700008;670;455;1;611;0;214;0;0;214;6;0;0;0;6;208;167;41;
310700009;755;511;1;686;1;243;1;0;243;1;2;5;0;8;235;192;43;
310700010;1085;525;1;986;0;559;0;0;559;1;1;7;0;9;550;532;18;
310700011;730;513;2;661;0;215;0;0;215;2;1;0;0;3;212;185;27;
310700012;960;706;2;878;0;252;0;0;252;2;3;0;0;5;247;201;46;
310700013;890;632;1;815;0;257;0;2;257;4;2;0;0;6;251;200;51;
310700014;884;580;2;802;1;302;1;1;302;4;0;3;0;7;295;250;45;
310700015;40;27;1;21;0;12;0;0;12;1;0;0;0;1;11;6;5;
310700016;136;61;1;125;1;74;1;0;74;1;1;0;0;2;72;57;15;
310700017;782;396;0;712;1;386;1;3;386;3;15;0;0;18;368;260;108;
310700018;135;45;1;125;0;89;0;1;89;1;0;1;0;2;87;73;14;
310700019;85;26;1;79;0;58;0;1;58;1;3;0;0;4;54;47;7;
310700020;660;394;1;599;0;265;0;0;265;1;1;0;0;2;263;189;74;
310700021;115;31;1;110;0;83;0;5;83;2;0;0;0;2;81;66;15;
310700022;235;105;1;221;0;129;0;6;129;2;0;0;0;2;127;84;43;
310700023;540;277;1;495;3;262;3;2;262;13;1;3;0;17;245;215;30;
310700024;340;178;1;311;0;161;0;4;161;6;2;0;0;8;153;139;14;
310700025;130;30;1;124;1;99;1;0;99;2;1;3;0;6;93;73;20;
310700026;730;314;1;666;1;415;1;0;415;2;0;22;1;25;390;305;85;
310700027;380;174;1;349;0;205;0;3;205;4;1;6;0;11;194;166;28;
310700028;664;300;1;607;0;363;0;3;363;2;3;9;0;14;349;150;199;
310700029;390;160;1;358;0;229;0;0;229;2;1;3;0;6;223;152;71;
310700030;420;207;1;382;0;212;0;2;212;1;1;14;0;16;196;148;48;
310700031;320;124;1;289;1;195;1;0;195;1;3;0;0;4;191;166;25;
310700032;39;13;1;41;1;25;1;5;25;0;0;0;0;0;25;19;6;
310700033;155;70;1;144;2;84;2;3;84;1;2;0;0;3;81;68;13;
310700034;70;26;0;67;2;44;2;3;44;0;0;0;0;0;44;24;20;
312200001;585;314;1;533;0;270;0;1;270;5;0;5;0;10;260;195;65;
312200002;975;540;1;891;0;434;0;0;434;2;3;10;0;15;419;295;124;
312200003;735;418;2;668;0;315;0;0;315;3;3;11;0;17;298;259;39;
312200004;900;512;2;823;0;386;0;0;386;2;13;0;0;15;371;314;57;
312200005;670;333;2;613;0;335;0;2;335;1;3;9;0;13;322;269;53;
312200006;530;300;1;482;0;229;0;1;229;2;2;6;2;12;217;156;61;
312200007;700;286;1;628;0;413;0;0;413;11;2;1;0;14;399;389;10;
312200008;180;51;3;161;0;126;0;0;126;2;0;0;1;3;123;99;24;
312200009;165;61;2;153;0;102;0;2;102;0;0;0;0;0;102;85;17;
312200010;126;47;1;114;2;78;2;2;78;0;0;1;0;1;77;60;17;
312200011;460;234;1;423;0;225;0;2;225;7;0;0;0;7;218;176;42;
312200012;500;262;1;452;1;237;1;1;237;4;2;2;0;8;229;190;39;
312200013;300;113;2;282;0;185;0;0;185;0;4;1;4;9;176;135;41;
312200014;690;304;1;625;2;385;2;0;385;0;1;1;0;2;383;292;91;
312200015;950;432;4;870;0;514;0;1;514;0;1;0;0;1;513;382;131;
312200016;510;249;1;466;0;260;0;1;260;4;9;11;0;24;236;178;58;
312200017;490;300;0;452;1;190;1;0;190;0;4;0;0;4;186;146;40;
312200018;50;12;1;47;1;37;1;3;37;0;0;1;0;1;36;30;6;
312200019;455;261;1;418;0;193;0;5;193;12;0;1;0;13;180;153;27;
312200020;220;76;1;206;2;143;2;3;143;3;0;0;0;3;140;100;40;
312200021;300;186;2;265;0;112;0;1;112;1;0;0;0;1;111;94;17;
312200022;325;183;2;298;1;140;1;3;140;1;1;1;0;3;137;116;21;
312200023;165;56;1;154;0;108;0;1;108;8;0;0;0;8;100;71;29;
312200024;300;107;2;273;0;191;0;3;191;2;1;0;0;3;188;160;28;
312200025;166;58;1;152;1;107;1;0;107;0;2;0;0;2;105;76;29;
312200026;360;100;1;331;1;259;1;2;259;3;3;1;0;7;252;194;58;
312200027;115;41;1;108;9;73;9;2;73;1;0;1;0;2;71;57;14;
312200028;240;117;2;218;0;121;0;2;121;1;4;1;0;6;115;89;26;
312200029;370;169;1;335;0;200;0;0;200;1;0;3;0;4;196;157;39;
312500001;145;50;2;134;1;93;1;2;93;0;0;0;0;0;93;77;16;
312500002;520;306;2;512;3;212;3;0;212;0;3;0;0;3;209;143;66;
312500003;590;344;2;537;0;244;0;1;244;0;2;2;0;4;240;173;67;
312500004;990;464;2;899;0;524;0;0;524;5;4;3;0;12;512;407;105;
312500005;295;143;2;270;1;150;1;0;150;0;2;2;0;4;146;110;36;
312500006;690;389;1;626;2;300;2;2;300;4;2;1;0;7;293;171;122;
312500007;670;358;0;606;0;312;0;1;312;0;4;0;0;4;308;159;149;
312500008;900;427;2;822;0;471;0;3;471;0;1;4;1;6;465;356;109;
312500009;60;14;1;54;0;45;0;2;45;0;0;0;0;0;45;38;7;
312500010;550;277;1;503;0;272;0;2;272;0;5;0;0;5;267;145;122;
312500011;515;248;0;469;0;267;0;1;267;0;3;0;0;3;264;166;98;
312500012;410;184;1;373;0;225;0;1;225;1;3;1;0;5;220;185;35;
312500013;450;238;1;411;0;211;0;1;211;0;0;0;0;0;211;146;65;
312500014;460;203;0;422;1;257;1;0;257;3;6;0;1;10;247;170;77;
312500015;620;302;1;563;3;317;3;0;317;0;2;0;0;2;315;223;92;
312500016;135;35;0;125;0;100;0;0;100;1;1;0;0;2;98;80;18;
312500017;160;53;0;147;0;107;0;1;107;1;3;2;0;6;101;73;28;
312500018;730;297;2;658;1;431;1;0;431;0;12;0;0;12;419;320;99;
312500019;210;89;0;194;1;121;1;0;121;0;0;0;0;0;121;94;27;
312500020;925;518;1;919;1;406;1;1;406;0;5;1;0;6;400;212;188;
312500021;540;295;2;495;2;243;2;3;243;0;0;2;0;2;241;176;65;
312500022;435;150;1;396;0;284;0;0;284;0;1;2;0;3;281;239;42;
312500023;345;147;2;317;0;196;0;4;196;1;1;1;0;3;193;153;40;
312500024;245;43;1;223;1;201;1;1;201;3;1;0;0;4;197;176;21;
312500025;530;306;1;481;0;223;0;0;223;3;0;0;0;3;220;165;55;
312500026;605;355;1;552;0;249;0;2;249;0;4;0;0;4;245;142;103;
312500027;770;486;1;705;0;283;0;3;283;3;6;0;0;9;274;194;80;
312500028;510;239;2;469;1;269;1;3;269;1;8;1;0;10;259;122;137;
312500029;560;251;0;507;3;309;3;0;309;6;11;0;0;17;292;132;160;
312500030;315;139;2;286;0;174;0;0;174;3;1;2;0;6;168;129;39;
312500031;220;83;1;202;0;136;0;1;136;0;1;0;0;1;135;102;33;
312500032;340;147;2;311;1;191;1;1;191;0;0;6;0;6;185;151;34;
312500033;400;154;1;363;0;245;0;2;245;3;1;0;0;4;241;170;71;
312500034;730;333;1;668;1;396;1;1;396;1;3;1;0;5;391;295;96;
312500035;580;305;2;530;0;273;0;0;273;3;0;0;0;3;270;194;76;
312500036;660;338;1;604;0;321;0;4;321;3;0;1;0;4;317;213;104;
312500037;125;47;1;116;0;77;0;0;77;0;0;0;0;0;77;70;7;
312500038;620;412;1;567;2;207;2;0;207;2;1;0;0;3;204;126;78;
312500039;640;402;3;586;5;235;5;0;235;1;1;0;0;2;233;133;100;
312500040;180;78;1;173;0;101;0;4;101;0;0;0;0;0;101;88;13;
312500041;330;74;0;308;1;256;1;0;256;4;2;1;1;8;248;213;35;
312500042;660;313;1;608;1;346;1;1;346;4;3;3;0;10;336;250;86;
312500043;215;78;1;198;0;136;0;3;136;0;2;0;0;2;134;109;25;
312500044;225;124;1;206;0;100;0;3;100;0;0;0;0;0;100;60;40;
312500045;640;363;2;588;0;275;0;1;275;1;4;2;0;7;268;185;83;
312500046;1040;600;2;944;1;438;1;0;438;4;0;4;0;8;430;305;125;
312500047;230;96;1;214;2;133;2;0;133;0;2;0;0;2;131;96;35;
312500048;490;258;1;453;1;231;1;2;231;2;1;0;0;3;228;193;35;
312500049;710;374;2;650;0;334;0;5;334;4;1;0;0;5;329;179;150;
312500050;590;306;1;534;2;283;2;0;283;2;3;3;0;8;275;199;76;
312500051;370;213;0;337;0;157;0;4;157;0;1;1;0;2;155;117;38;
312600001;694;382;1;698;0;311;0;3;311;1;1;1;0;3;308;204;104;
312600002;677;418;2;680;1;257;1;4;257;0;4;1;0;5;252;174;78;
312600003;528;315;1;527;0;212;0;0;212;0;2;0;0;2;210;117;93;
312600004;700;455;1;698;0;244;0;0;244;2;1;7;0;10;234;147;87;
312600005;598;355;1;605;0;242;0;7;242;0;0;0;0;0;242;158;84;
312600006;746;489;1;754;0;256;0;0;256;1;4;1;0;6;250;150;100;
312600007;798;477;3;803;0;318;0;6;318;4;3;2;0;9;309;198;111;
312600008;694;420;1;694;0;273;0;0;273;0;6;0;2;8;265;175;90;
312600009;600;343;1;606;0;256;0;0;256;2;2;4;0;8;248;183;65;
312600010;568;323;9;571;0;236;0;3;236;3;3;2;1;9;227;169;58;
312600011;625;349;2;626;1;274;1;1;274;1;1;0;0;2;272;186;86;
312600012;614;275;0;770;0;339;0;3;339;4;3;0;0;7;332;249;83;
312600013;594;338;2;599;0;254;0;6;254;1;0;0;0;1;253;182;71;
312600014;697;481;1;704;0;215;0;7;215;0;2;1;0;3;212;138;74;
312600015;595;356;1;597;1;238;1;0;238;0;2;0;0;2;236;155;81;
312600016;573;326;0;582;0;247;0;9;247;0;0;0;0;0;247;163;84;
312600017;661;392;3;669;0;266;0;0;266;2;13;0;0;15;251;159;92;
312600018;638;349;1;642;0;288;0;6;288;0;2;0;0;2;286;208;78;
312600019;715;426;2;718;0;287;0;0;287;1;3;2;0;6;281;193;88;
312600020;833;514;2;842;9;317;9;0;317;2;7;0;0;9;308;205;103;
312600021;600;409;3;607;0;188;0;7;188;0;1;2;0;3;185;115;70;
312600022;743;476;1;752;0;266;0;6;266;0;3;0;0;3;263;172;91;
312600023;690;506;2;694;0;182;0;5;182;1;0;0;0;1;181;114;67;
312600024;775;511;1;783;0;263;0;4;263;1;1;4;0;6;257;156;101;
312600025;830;529;2;832;0;299;0;7;299;0;4;1;0;5;294;175;119;
312600026;854;601;1;856;0;252;0;4;252;6;3;2;0;11;241;143;98;
312600027;705;474;0;712;0;231;0;8;231;1;0;0;0;1;230;167;63;
312600028;704;496;1;712;0;207;0;0;207;0;1;0;0;1;206;115;91;
312600029;744;449;1;749;0;294;0;1;294;0;4;3;0;7;287;181;106;
312600030;268;193;1;273;0;74;0;0;74;0;4;0;0;4;70;42;28;
312600031;126;64;0;131;0;62;0;6;62;1;0;0;0;1;61;54;7;
312600032;602;346;2;605;0;254;0;3;254;1;4;0;0;5;249;179;70;
312600033;641;433;1;640;1;207;1;2;207;2;2;0;0;4;203;127;76;
312600034;702;450;1;700;0;251;0;0;251;0;5;0;0;5;246;155;91;
312600035;563;350;1;566;0;212;0;5;212;1;1;0;0;2;210;117;93;
312600036;608;408;1;611;0;199;0;5;199;2;4;0;0;6;193;126;67;
312600037;833;503;6;834;0;324;0;1;324;0;3;2;0;5;319;204;115;
312600038;686;429;1;687;0;256;0;0;256;0;1;1;0;2;254;143;111;
312600039;575;331;1;579;0;243;0;3;243;2;0;0;0;2;241;166;75;
312600040;583;377;1;590;1;205;1;9;205;0;3;0;0;3;202;119;83;
312600041;682;434;2;691;0;246;0;9;246;2;1;2;0;5;241;164;77;
312600042;792;457;1;796;0;334;0;9;334;0;0;4;0;4;330;285;45;
312600043;891;431;1;898;0;459;0;8;459;4;5;9;0;18;441;407;34;
312600044;865;447;1;865;0;417;0;8;417;4;1;13;1;19;398;341;57;
312600045;659;194;1;658;0;464;0;2;464;4;1;13;0;18;446;427;19;
312600046;701;273;1;705;0;427;0;7;427;5;1;12;0;18;409;387;22;
312600047;826;263;3;829;0;560;0;0;560;9;2;0;0;11;549;539;10;
312600048;826;312;1;836;0;513;0;3;513;0;0;0;0;0;513;489;24;
312600049;656;212;1;659;0;443;0;5;443;12;4;23;2;41;402;390;12;
312600050;970;662;2;969;0;306;0;0;306;0;2;0;0;2;304;182;122;
312600051;838;578;1;833;0;259;0;0;259;3;0;0;0;3;256;129;127;
312600052;853;535;0;855;0;318;0;2;318;6;0;0;0;6;312;156;156;
312600053;832;577;3;836;0;252;0;4;252;1;8;0;0;9;243;112;131;
312600054;825;587;1;829;0;237;0;4;237;0;1;0;0;1;236;130;106;
312600055;549;389;1;553;0;159;0;5;159;1;0;0;0;1;158;91;67;
312600056;662;471;0;661;0;191;0;0;191;1;2;1;0;4;187;107;80;
312600057;699;497;1;701;0;201;0;0;201;0;0;0;0;0;201;125;76;
312600058;691;475;3;698;0;213;0;6;213;3;1;0;0;4;209;126;83;
312600059;643;375;1;643;0;267;0;1;267;0;2;0;0;2;265;158;107;
312600060;649;392;1;657;0;256;0;8;256;0;1;0;0;1;255;174;81;
312600061;551;360;1;548;0;190;0;0;190;0;3;2;0;5;185;104;81;
312600062;476;324;1;480;0;151;0;7;151;0;4;0;0;4;147;103;44;
312600063;743;501;1;743;0;241;0;0;241;0;0;1;0;1;240;167;73;
312600064;518;287;1;519;0;230;0;3;230;4;0;0;0;4;226;156;70;
312600065;533;312;1;532;0;220;0;4;220;1;1;0;0;2;218;130;88;
312600066;643;394;1;649;0;248;0;0;248;1;3;2;0;6;242;158;84;
312600067;833;511;1;840;0;321;0;7;321;0;2;0;0;2;319;203;116;
312600068;654;422;2;656;0;230;0;2;230;0;3;0;0;3;227;161;66;
312600069;506;353;1;505;0;152;0;1;152;2;1;0;0;3;149;81;68;
312600070;679;480;1;683;0;198;0;4;198;0;2;1;0;3;195;149;46;
312600071;615;418;1;622;0;196;0;0;196;0;3;0;0;3;193;120;73;
312600072;770;463;2;778;0;305;0;0;305;1;3;0;0;4;301;195;106;
312600073;762;450;1;766;1;311;1;0;311;0;2;5;0;7;304;215;89;
312600074;700;445;1;705;0;254;0;0;254;1;4;0;0;5;249;163;86;
312600075;461;266;1;468;2;194;2;6;194;1;1;1;0;3;191;128;63;
312600076;740;514;1;741;1;225;1;2;225;0;0;0;1;1;224;149;75;
312600077;690;462;1;696;0;227;0;7;227;0;0;0;0;0;227;149;78;
312600078;603;357;1;606;0;245;0;5;245;0;0;0;0;0;245;174;71;
312600079;753;464;1;759;1;288;1;3;288;0;3;0;0;3;285;219;66;
312600080;760;466;1;767;0;293;0;7;293;2;3;0;0;5;288;208;80;
312600081;595;365;2;606;0;228;0;8;228;3;1;1;1;6;222;154;68;
312600082;1008;722;2;1015;2;284;2;5;284;1;0;0;0;1;283;178;105;
312600083;660;441;2;669;0;217;0;8;217;0;1;0;0;1;216;150;66;
312600084;666;454;1;674;0;211;0;6;211;0;0;1;0;1;210;144;66;
312600085;733;469;1;738;0;263;0;3;263;0;2;0;0;2;261;153;108;
312600086;641;433;1;642;1;207;1;1;207;0;1;0;0;1;206;141;65;
312600087;757;513;1;770;0;243;0;9;243;0;0;1;0;1;242;121;121;
312600088;793;556;4;797;2;233;2;4;233;3;0;1;0;4;229;132;97;
312600089;842;528;3;851;0;311;0;7;311;0;4;0;0;4;307;198;109;
312600090;604;366;1;610;1;237;1;0;237;1;5;0;0;6;231;140;91;
312600091;727;422;1;731;0;304;0;7;304;2;2;1;0;5;299;188;111;
312600092;708;427;0;715;2;281;2;0;281;5;2;0;0;7;274;161;113;
312600093;659;413;1;665;0;245;0;6;245;1;3;0;0;4;241;147;94;
312600094;700;462;1;699;0;237;0;0;237;0;2;0;0;2;235;137;98;
312600095;665;403;0;667;0;262;0;0;262;0;0;0;0;0;262;131;131;
312600096;659;405;1;664;1;253;1;8;253;0;2;0;0;2;251;129;122;
312600097;686;428;2;699;0;256;0;9;256;0;1;1;0;2;254;132;122;
312600098;820;538;1;826;0;281;0;5;281;0;1;0;0;1;280;182;98;
312600099;570;367;0;572;0;203;0;1;203;2;3;0;0;5;198;127;71;
312600100;490;292;1;494;0;197;0;3;197;0;1;0;0;1;196;115;81;
312600101;538;339;2;541;0;197;0;3;197;0;0;1;0;1;196;123;73;
312600102;378;140;1;422;0;237;0;3;237;3;3;16;0;22;215;177;38;
312600103;324;219;2;193;0;103;0;7;103;2;1;1;0;4;99;54;45;
329900001;135;0;0;0;0;0;0;0;35;0;0;0;0;1;34;20;14;
329900002;127;0;0;0;0;0;0;0;37;0;0;0;0;0;37;26;11;
329900003;750;0;0;0;0;0;0;0;231;0;0;0;0;2;229;182;47;
329900004;750;0;0;0;0;0;0;0;287;0;0;0;0;2;285;224;61;
329900005;250;0;0;0;0;0;0;0;66;0;0;0;0;0;66;65;1;
329900006;30;0;0;0;0;0;0;0;17;0;0;0;0;0;17;16;1;
329900007;1000;0;0;0;0;0;0;0;370;0;0;0;0;3;367;272;95;
329900008;499;0;0;0;0;0;0;0;207;0;0;0;0;14;193;180;13;
329900009;150;0;0;0;0;0;0;0;84;0;0;0;0;2;82;60;22;
329900010;200;0;0;0;0;0;0;0;115;0;0;0;0;0;115;100;15;
329900011;600;0;0;0;0;0;0;0;354;0;0;0;0;10;344;235;109;
329900012;400;0;0;0;0;0;0;0;166;0;0;0;0;0;166;103;63;
329900013;450;0;0;0;0;0;0;0;284;0;0;0;0;3;281;189;92;
329900014;150;0;0;0;0;0;0;0;40;0;0;0;0;0;40;33;7;
329900015;600;0;0;0;0;0;0;0;531;0;0;0;0;5;526;349;177;
329900016;580;0;0;0;0;0;0;0;556;0;0;0;0;6;550;339;211;
329900017;500;0;0;0;0;0;0;0;162;0;0;0;0;5;157;117;40;
329900018;500;0;0;0;0;0;0;0;129;0;0;0;0;0;129;99;30;
329900019;299;0;0;0;0;0;0;0;34;0;0;0;0;2;32;25;7;
329900020;250;0;0;0;0;0;0;0;105;0;0;0;0;4;101;92;9;
329900021;170;0;0;0;0;0;0;0;115;0;0;0;0;0;115;85;30;
329900022;300;0;0;0;0;0;0;0;106;0;0;0;0;2;104;88;16;
329900023;901;0;0;0;0;0;0;0;800;0;0;0;0;10;790;489;301;
329900024;500;0;0;0;0;0;0;0;224;0;0;0;0;4;220;117;103;
329900025;600;0;0;0;0;0;0;0;598;0;0;0;0;21;577;311;266;
329900026;599;0;0;0;0;0;0;0;383;0;0;0;0;5;378;268;110;
329900027;400;0;0;0;0;0;0;0;123;0;0;0;0;2;121;85;36;
329900028;500;0;0;0;0;0;0;0;170;0;0;0;0;8;162;110;52;
329900029;1000;0;0;0;0;0;0;0;265;0;0;0;0;9;256;159;97;
329900030;80;0;0;0;0;0;0;0;71;0;0;0;0;2;69;58;11;
329900031;245;0;0;0;0;0;0;0;110;0;0;0;0;5;105;61;44;
329900032;599;0;0;0;0;0;0;0;349;0;0;0;0;3;346;264;82;
329900033;400;0;0;0;0;0;0;0;176;0;0;0;0;5;171;139;32;
329900034;100;0;0;0;0;0;0;0;24;0;0;0;0;2;22;21;1;
329900035;259;0;0;0;0;0;0;0;117;0;0;0;0;4;113;97;16;
329900036;300;0;0;0;0;0;0;0;189;0;0;0;0;7;182;141;41;
329900037;100;0;0;0;0;0;0;0;42;0;0;0;0;2;40;31;9;
329900038;150;0;0;0;0;0;0;0;38;0;0;0;0;0;38;37;1;
329900039;500;0;0;0;0;0;0;0;210;0;0;0;0;11;199;182;17;
329900040;121;0;0;0;0;0;0;0;43;0;0;0;0;2;41;33;8;
329900041;120;0;0;0;0;0;0;0;52;0;0;0;0;1;51;33;18;
329900042;89;0;0;0;0;0;0;0;41;0;0;0;0;2;39;26;13;
329900043;500;0;0;0;0;0;0;0;259;0;0;0;0;0;253;199;54;
329900044;598;0;0;0;0;0;0;0;156;0;0;0;0;3;153;124;29;
329900045;151;0;0;0;0;0;0;0;71;0;0;0;0;2;69;49;20;
329900046;100;0;0;0;0;0;0;0;41;0;0;0;0;1;40;29;11;
329900047;150;0;0;0;0;0;0;0;89;0;0;0;0;1;88;66;22;
329900048;500;0;0;0;0;0;0;0;117;0;0;0;0;5;112;101;11;
329900049;246;0;0;0;0;0;0;0;103;0;0;0;0;1;102;83;19;
329900050;250;0;0;0;0;0;0;0;85;0;0;0;0;3;82;73;9;
329900051;520;0;0;0;0;0;0;0;265;0;0;0;0;0;265;237;28;
329900052;400;0;0;0;0;0;0;0;153;0;0;0;0;1;152;142;10;
329900053;101;0;0;0;0;0;0;0;77;0;0;0;0;1;76;58;18;
329900054;200;0;0;0;0;0;0;0;106;0;0;0;0;0;106;102;4;
329900055;180;0;0;0;0;0;0;0;94;0;0;0;0;1;93;74;19;
329900056;600;0;0;0;0;0;0;0;114;0;0;0;0;8;106;101;5;
329900057;634;0;0;0;0;0;0;0;105;0;0;0;0;1;104;56;48;
329900058;634;0;0;0;0;0;0;0;183;0;0;0;0;5;178;107;71;
329900059;367;0;0;0;0;0;0;0;48;0;0;0;0;1;47;35;12;
329900060;250;0;0;0;0;0;0;0;37;0;0;0;0;5;32;25;7;
329900061;270;0;0;0;0;0;0;0;44;0;0;0;0;0;44;29;15;
329900062;250;0;0;0;0;0;0;0;25;0;0;0;0;0;25;13;12;
329900063;413;0;0;0;0;0;0;0;77;0;0;0;0;1;76;65;11;
329900064;400;0;0;0;0;0;0;0;99;0;0;0;0;1;98;71;27;
329900065;404;0;0;0;0;0;0;0;93;0;0;0;0;7;86;79;7;
329900066;400;0;0;0;0;0;0;0;69;0;0;0;0;2;67;41;26;
329900067;250;0;0;0;0;0;0;0;87;0;0;0;0;0;87;85;2;
329900068;100;0;0;0;0;0;0;0;42;0;0;0;0;1;41;40;1;
329900069;199;0;0;0;0;0;0;0;65;0;0;0;0;1;64;54;10;
329900070;70;0;0;0;0;0;0;0;31;0;0;0;0;3;28;26;2;
329900071;250;0;0;0;0;0;0;0;101;0;0;0;0;3;98;83;15;
329900072;249;0;0;0;0;0;0;0;79;0;0;0;0;4;75;36;39;
329900073;250;0;0;0;0;0;0;0;106;0;0;0;0;2;104;92;12;
329900074;120;0;0;0;0;0;0;0;71;0;0;0;0;1;70;59;11;
329900075;150;0;0;0;0;0;0;0;48;0;0;0;0;6;42;32;10;
329900076;996;0;0;0;0;0;0;0;119;0;0;0;0;2;117;113;4;
329900077;980;0;0;0;0;0;0;0;690;0;0;0;0;10;680;679;1;
329900078;900;0;0;0;0;0;0;0;838;0;0;0;0;11;827;820;7;
329900079;500;0;0;0;0;0;0;0;368;0;0;0;0;3;365;365;0;
329900080;1760;0;0;0;0;0;0;0;1676;0;0;0;0;10;1666;1660;6;
329900081;900;0;0;0;0;0;0;0;826;0;0;0;0;8;818;816;2;
329900082;1335;0;0;0;0;0;0;0;1335;0;0;0;0;19;1316;1311;5;
329900083;1966;0;0;0;0;0;0;0;1963;0;0;0;0;54;1909;1895;14;
329900084;1885;0;0;0;0;0;0;0;1868;0;0;0;0;12;1856;1851;5;
329900085;1295;0;0;0;0;0;0;0;1289;0;0;0;0;9;1280;1274;6;
329900086;1299;0;0;0;0;0;0;0;1233;0;0;0;0;25;1208;1208;0;
329900087;2503;0;0;0;0;0;0;0;2500;0;0;0;0;20;2480;2477;3;
329900088;1000;0;0;0;0;0;0;0;993;0;0;0;0;22;971;964;7;
329900089;1600;0;0;0;0;0;0;0;1588;0;0;0;0;22;1566;1559;7;
329900090;1793;0;0;0;0;0;0;0;1100;0;0;0;0;36;1064;1064;0;
329900091;1900;0;0;0;0;0;0;0;1899;0;0;0;0;22;1877;1870;7;
329900092;1399;0;0;0;0;0;0;0;1399;0;0;0;0;15;1384;1382;2;
329900093;2000;0;0;0;0;0;0;0;2000;0;0;0;0;6;1994;1991;3;
329900094;658;0;0;0;0;0;0;0;658;0;0;0;0;20;638;632;6;
329900095;740;0;0;0;0;0;0;0;739;0;0;0;0;7;732;725;7;
329900096;1000;0;0;0;0;0;0;0;979;0;0;0;0;0;979;978;1;
329900097;2550;0;0;0;0;0;0;0;2550;0;0;0;0;24;2526;2523;3;
329900098;452;0;0;0;0;0;0;0;441;0;0;0;0;1;440;440;0;
329900099;500;0;0;0;0;0;0;0;474;0;0;0;0;1;473;473;0;
329900100;580;0;0;0;0;0;0;0;469;0;0;0;0;7;462;459;3;
329900101;1641;0;0;0;0;0;0;0;1635;0;0;0;0;15;1620;1612;8;
329900102;1641;0;0;0;0;0;0;0;1633;0;0;0;0;18;1615;1614;1;
329900103;1450;0;0;0;0;0;0;0;1446;0;0;0;0;10;1436;1432;4;
329900104;1330;0;0;0;0;0;0;0;1323;0;0;0;0;17;1306;1301;5;
329900105;1182;0;0;0;0;0;0;0;1180;0;0;0;0;6;1174;1172;2;
329900106;1400;0;0;0;0;0;0;0;1394;0;0;0;0;14;1380;1375;5;
329900107;1550;0;0;0;0;0;0;0;1547;0;0;0;0;6;1541;1541;0;
329900108;500;0;0;0;0;0;0;0;482;0;0;0;0;3;479;478;1;
329900109;2250;0;0;0;0;0;0;0;2250;0;0;0;0;13;2237;2234;3;
329900110;2250;0;0;0;0;0;0;0;2250;0;0;0;0;9;2241;2240;1;
329900111;2244;0;0;0;0;0;0;0;2213;0;0;0;0;29;2184;2182;2;
329900112;1600;0;0;0;0;0;0;0;1600;0;0;0;0;31;1569;1567;2;
329900113;1525;0;0;0;0;0;0;0;1523;0;0;0;0;32;1491;1488;3;
329900114;2200;0;0;0;0;0;0;0;2195;0;0;0;0;23;2172;2168;4;
329900115;600;0;0;0;0;0;0;0;532;0;0;0;0;3;529;528;1;
329900116;998;0;0;0;0;0;0;0;884;0;0;0;0;21;863;861;2;
329900117;1620;0;0;0;0;0;0;0;1620;0;0;0;0;15;1605;1605;0;
329900118;300;0;0;0;0;0;0;0;210;0;0;0;0;0;210;209;1;
329900119;200;0;0;0;0;0;0;0;76;0;0;0;0;1;75;71;4;
329900120;70;0;0;0;0;0;0;0;25;0;0;0;0;0;25;24;1;
329900121;250;0;0;0;0;0;0;0;106;0;0;0;0;0;106;75;31;
329900122;150;0;0;0;0;0;0;0;55;0;0;0;0;0;55;33;22;
329900123;500;0;0;0;0;0;0;0;322;0;0;0;0;8;314;265;49;
329900124;500;0;0;0;0;0;0;0;382;0;0;0;0;18;364;314;50;
329900125;200;0;0;0;0;0;0;0;80;0;0;0;0;5;75;73;2;
329900126;200;0;0;0;0;0;0;0;43;0;0;0;0;0;43;36;7;
329900127;600;0;0;0;0;0;0;0;240;0;0;0;0;15;225;203;22;
329900128;500;0;0;0;0;0;0;0;195;0;0;0;0;3;192;158;34;
329900129;500;0;0;0;0;0;0;0;151;0;0;0;0;5;146;111;35;
329900130;500;0;0;0;0;0;0;0;98;0;0;0;0;2;96;71;25;
329900131;500;0;0;0;0;0;0;0;206;0;0;0;0;8;198;156;42;
329900132;500;0;0;0;0;0;0;0;196;0;0;0;0;8;188;148;40;
329900133;500;0;0;0;0;0;0;0;116;0;0;0;0;8;108;95;13;
329900134;499;0;0;0;0;0;0;0;114;0;0;0;0;2;112;83;29;
329900135;280;0;0;0;0;0;0;0;131;0;0;0;0;4;127;105;22;
329900136;286;0;0;0;0;0;0;0;147;0;0;0;0;2;145;120;25;
329900137;400;0;0;0;0;0;0;0;202;0;0;0;0;3;199;170;29;
329900138;700;0;0;0;0;0;0;0;258;0;0;0;0;14;244;198;46;
329900139;300;0;0;0;0;0;0;0;41;0;0;0;0;3;38;35;3;
329900140;300;0;0;0;0;0;0;0;126;0;0;0;0;3;123;106;17;
329900141;297;0;0;0;0;0;0;0;101;0;0;0;0;0;101;77;24;
329900142;300;0;0;0;0;0;0;0;68;0;0;0;0;4;64;51;13;
329900143;100;0;0;0;0;0;0;0;49;0;0;0;0;1;48;34;14;
329900144;100;0;0;0;0;0;0;0;35;0;0;0;0;0;35;26;9;
