010100001;1;13;220;0;0;0;17;190;0;0;0
010100002;1;13;193;0;0;0;17;210;0;0;0
010100003;1;13;145;0;0;0;17;199;0;0;0
010100004;1;13;199;0;0;0;17;231;0;0;1
010100005;1;13;161;0;0;0;17;194;0;0;1
010100006;1;13;138;0;0;3;17;203;0;0;0
010100007;1;13;189;0;0;2;17;233;0;0;2
010100008;1;13;183;0;0;0;17;179;0;0;0
010100009;1;13;190;0;0;0;17;194;0;0;0
010100010;1;13;176;0;0;0;17;228;0;0;0
010100011;1;13;104;0;0;0;17;266;0;0;0
010100012;1;13;231;0;0;0;17;220;0;0;0
010100013;1;13;242;0;0;0;17;259;0;0;0
010100014;1;13;246;0;0;0;17;242;0;0;0
010100015;1;13;150;0;0;4;17;266;0;0;1
010100016;1;13;129;0;0;2;17;188;0;0;2
010100017;1;13;172;0;0;1;17;246;0;0;1
010100018;1;13;12;0;0;0;17;18;0;0;0
010100019;1;13;17;0;0;0;17;27;0;0;0
010100020;1;13;26;0;0;1;17;42;0;0;0
010100021;1;13;69;0;0;0;17;82;0;0;0
010100022;1;13;59;0;0;0;17;99;0;0;0
010100023;1;13;191;0;0;4;17;114;0;0;3
010200001;1;13;235;0;0;2;17;121;0;0;0
010200002;1;13;269;0;0;5;17;196;0;0;3
010200003;1;13;336;0;0;3;17;134;0;0;2
010200004;1;13;271;0;0;2;17;147;0;0;0
010200005;1;13;349;0;0;2;17;111;0;0;0
010200006;1;13;317;0;0;0;17;133;0;0;0
010200007;1;13;395;0;0;0;17;101;0;0;0
010200008;1;13;289;0;0;2;17;124;0;0;1
010200009;1;13;255;0;0;1;17;74;0;0;0
010200010;1;13;269;0;0;0;17;80;0;0;0
010200011;1;13;135;0;0;0;17;14;0;0;0
010200012;1;13;432;0;0;0;17;23;0;0;0
010200013;1;13;25;0;0;0;17;5;0;0;0
010200014;1;13;134;0;0;6;17;29;0;0;0
010200015;1;13;119;0;0;3;17;28;0;0;0
010200016;1;13;112;0;0;9;17;30;0;0;0
010200017;1;13;82;0;0;0;17;22;0;0;0
010200018;1;13;25;0;0;0;17;13;0;0;0
010300001;1;13;136;0;0;3;17;124;0;0;0
010300002;1;13;111;0;0;0;17;77;0;0;0
010300003;1;13;135;0;0;0;17;106;0;0;4
010300004;1;13;122;0;0;2;17;124;0;0;1
010300005;1;13;205;0;0;2;17;142;0;0;2
010300006;1;13;162;0;0;3;17;103;0;0;1
010300007;1;13;137;0;0;6;17;65;0;0;4
010300008;1;13;149;0;0;0;17;111;0;0;0
010300009;1;13;137;0;0;5;17;86;0;0;0
010300010;1;13;146;0;0;5;17;114;0;0;4
010300011;1;13;214;109;105;1;17;116;53;63;0
010300012;1;13;162;65;97;0;17;121;36;85;0
010300013;1;13;154;75;79;0;17;135;42;93;0
010300014;1;13;152;123;29;1;17;137;103;34;1
010300015;1;13;138;108;30;0;17;140;105;35;1
010300016;1;13;178;0;0;0;17;174;0;0;0
010300017;1;13;127;0;0;0;17;116;0;0;0
010300018;1;13;140;0;0;0;17;170;0;0;0
010300019;1;13;111;0;0;0;17;101;0;0;0
010300020;1;13;149;110;39;0;17;140;104;36;0
010300021;1;13;111;0;0;0;17;104;0;0;0
010300022;1;13;125;102;23;0;17;158;114;44;0
010300023;1;13;161;126;35;5;17;122;83;39;1
010300024;1;13;114;74;40;0;17;149;92;57;0
010300025;1;13;169;62;107;1;17;128;30;98;0
010300026;1;13;164;0;0;1;17;165;0;0;1
010300027;1;13;221;0;0;0;17;169;0;0;2
010300028;1;13;191;0;0;2;17;155;0;0;2
010300029;1;13;176;0;0;0;17;179;0;0;1
010300030;1;13;147;0;0;0;17;139;0;0;0
010300031;1;13;168;0;0;1;17;129;0;0;2
010300032;1;13;91;0;0;7;17;72;0;0;1
010300033;1;13;200;0;0;0;17;116;0;0;1
010300034;1;13;193;0;0;5;17;154;0;0;1
010300035;1;13;136;0;0;4;17;106;0;0;0
010300036;1;13;167;0;0;4;17;147;0;0;0
010300037;1;13;186;0;0;0;17;159;0;0;0
010300038;1;13;155;0;0;0;17;126;0;0;0
010300039;1;13;144;0;0;0;17;139;0;0;0
010300040;1;13;183;0;0;0;17;147;0;0;0
010300041;1;13;136;0;0;0;17;118;0;0;0
010300042;1;13;182;0;0;0;17;147;0;0;0
010300043;1;13;175;0;0;17;17;144;0;0;4
010300044;1;13;178;0;0;0;17;107;0;0;0
010300045;1;13;130;0;0;6;17;96;0;0;1
010300046;1;13;212;0;0;0;17;161;0;0;0
010300047;1;13;178;0;0;3;17;157;0;0;2
010300048;1;13;176;0;0;0;17;160;0;0;0
010300049;1;13;200;0;0;4;17;125;0;0;0
010300050;1;13;131;0;0;2;17;119;0;0;1
010300051;1;13;186;0;0;0;17;153;0;0;0
010300052;1;13;122;0;0;1;17;101;0;0;1
010300053;1;13;156;0;0;1;17;168;0;0;1
010300054;1;13;154;0;0;1;17;144;0;0;3
010300055;1;13;148;0;0;0;17;137;0;0;0
010300056;1;13;150;0;0;3;17;150;0;0;1
010300057;1;13;177;0;0;3;17;163;0;0;0
010300058;1;13;146;0;0;0;17;164;0;0;0
010300059;1;13;168;0;0;0;17;156;0;0;0
010300060;1;13;145;0;0;0;17;130;0;0;0
010300061;1;13;118;0;0;0;17;171;0;0;0
010300062;1;13;133;0;0;0;17;112;0;0;0
010300063;1;13;95;0;0;1;17;138;0;0;2
010300064;1;13;138;0;0;3;17;157;0;0;2
010300065;1;13;93;0;0;0;17;121;0;0;0
010300066;1;13;122;0;0;0;17;136;0;0;0
010300067;1;13;119;0;0;0;17;147;0;0;0
010300068;1;13;120;0;0;0;17;149;0;0;0
010300069;1;13;155;0;0;1;17;194;0;0;1
010300070;1;13;168;0;0;2;17;142;0;0;2
010300071;1;13;129;0;0;1;17;172;0;0;3
010300072;1;13;157;0;0;0;17;127;0;0;0
010300073;1;13;126;0;0;0;17;156;0;0;1
010300074;1;13;134;0;0;0;17;109;0;0;0
010300075;1;13;173;0;0;0;17;151;0;0;1
010300076;1;13;127;0;0;1;17;94;0;0;1
010300077;1;13;152;0;0;0;17;152;0;0;3
010300078;1;13;123;0;0;2;17;143;0;0;2
010300079;1;13;144;0;0;1;17;127;0;0;0
010300080;1;13;145;0;0;3;17;138;0;0;0
010300081;1;13;118;0;0;0;17;128;0;0;0
010300082;1;13;148;0;0;4;17;121;0;0;2
010300083;1;13;112;0;0;0;17;119;0;0;0
010300084;1;13;179;0;0;0;17;145;0;0;0
010300085;1;13;159;0;0;4;17;123;0;0;0
010300086;1;13;97;0;0;0;17;107;0;0;0
010300087;1;13;105;0;0;2;17;143;0;0;0
010300088;1;13;170;0;0;0;17;127;0;0;0
010300089;1;13;133;0;0;0;17;124;0;0;0
010300090;1;13;110;0;0;0;17;113;0;0;0
010300091;1;13;131;0;0;0;17;114;0;0;2
010300092;1;13;140;0;0;0;17;167;0;0;0
010300093;1;13;144;0;0;0;17;119;0;0;0
010300094;1;13;122;0;0;0;17;91;0;0;0
010300095;1;13;213;0;0;1;17;155;0;0;0
010300096;1;13;239;0;0;2;17;165;0;0;0
010300097;1;13;104;0;0;0;17;62;0;0;0
010300098;1;13;191;0;0;0;17;150;0;0;0
010300099;1;13;143;0;0;0;17;70;0;0;0
010300100;1;13;160;0;0;0;17;124;0;0;0
010300101;1;13;167;0;0;0;17;147;0;0;0
010300102;1;13;143;0;0;0;17;106;0;0;0
010300103;1;13;95;0;0;0;17;69;0;0;0
010300104;1;13;190;0;0;1;17;176;0;0;1
010300105;1;13;150;0;0;3;17;110;0;0;1
010300106;1;13;135;0;0;0;17;86;0;0;1
010300107;1;13;132;0;0;0;17;70;0;0;0
010300108;1;13;122;0;0;1;17;138;0;0;2
010300109;1;13;143;0;0;0;17;132;0;0;0
010300110;1;13;120;0;0;2;17;126;0;0;0
010300111;1;13;135;0;0;0;17;142;0;0;1
010300112;1;13;196;0;0;0;17;153;0;0;0
010300113;1;13;135;0;0;1;17;122;0;0;0
010300114;1;13;121;0;0;0;17;122;0;0;0
010300115;1;13;134;0;0;0;17;106;0;0;0
010300116;1;13;10;0;0;0;17;13;0;0;0
010300117;1;13;23;0;0;0;17;13;0;0;0
010300118;1;13;9;0;0;0;17;19;0;0;0
010300119;1;13;158;0;0;0;17;126;0;0;0
010300120;1;13;167;0;0;0;17;199;0;0;0
010300121;1;13;264;0;0;4;17;167;0;0;1
010300122;1;13;17;0;0;0;17;9;0;0;1
010300123;1;13;146;0;0;3;17;135;0;0;1
010300124;1;13;19;0;0;0;17;12;0;0;0
010300125;1;13;6;0;0;0;17;7;0;0;0
010300126;1;13;6;0;0;0;17;4;0;0;0
010300127;1;13;45;0;0;2;17;25;0;0;0
010300128;1;13;20;0;0;0;17;17;0;0;0
010300129;1;13;168;0;0;1;17;151;0;0;0
010300130;1;13;225;0;0;0;17;206;0;0;0
010300131;1;13;27;0;0;0;17;49;0;0;0
010300132;1;13;57;0;0;0;17;53;0;0;0
010300133;1;13;93;0;0;0;17;47;0;0;0
010300134;1;13;24;0;0;0;17;10;0;0;0
010300135;1;13;64;0;0;0;17;62;0;0;0
010300136;1;13;21;0;0;0;17;7;0;0;1
010300137;1;13;89;0;0;0;17;34;0;0;1
010300138;1;13;20;0;0;0;17;11;0;0;0
010300139;1;13;63;0;0;0;17;52;0;0;0
010300140;1;13;8;0;0;0;17;4;0;0;0
010300141;1;13;25;0;0;0;17;16;0;0;0
010300142;1;13;42;0;0;0;17;25;0;0;0
010300147;1;13;19;0;0;0;17;8;0;0;0
011100001;1;13;317;0;0;5;17;205;0;0;0
011100002;1;13;209;0;0;0;17;237;0;0;0
011100003;1;13;272;0;0;0;17;263;0;0;0
011100004;1;13;257;0;0;5;17;150;0;0;0
011100005;1;13;193;0;0;1;17;158;0;0;1
011100006;1;13;229;0;0;2;17;201;0;0;0
011100007;1;13;170;0;0;1;17;149;0;0;1
011100008;1;13;240;0;0;3;17;214;0;0;1
011100009;1;13;209;0;0;0;17;176;0;0;0
011100010;1;13;171;0;0;0;17;154;0;0;0
011100011;1;13;215;0;0;3;17;142;0;0;0
011100012;1;13;205;0;0;1;17;167;0;0;1
011100013;1;13;204;0;0;3;17;183;0;0;1
011100014;1;13;227;0;0;0;17;189;0;0;0
011100015;1;13;226;0;0;0;17;173;0;0;0
011100016;1;13;181;0;0;0;17;191;0;0;0
011100017;1;13;219;0;0;0;17;166;0;0;0
011100018;1;13;222;0;0;4;17;120;0;0;1
011100019;1;13;199;0;0;12;17;36;0;0;1
011100020;1;13;236;0;0;2;17;181;0;0;0
011100021;1;13;251;0;0;2;17;223;0;0;2
011100022;1;13;240;0;0;1;17;221;0;0;1
011100023;1;13;15;0;0;0;17;2;0;0;0
011100024;1;13;257;0;0;0;17;130;0;0;0
011100025;1;13;166;0;0;1;17;178;0;0;0
011100026;1;13;162;0;0;0;17;145;0;0;0
011100027;1;13;185;0;0;0;17;93;0;0;0
011100028;1;13;184;0;0;0;17;97;0;0;0
011100029;1;13;186;0;0;0;17;122;0;0;0
011100030;1;13;151;0;0;3;17;71;0;0;1
011100031;1;13;414;0;0;0;17;68;0;0;0
011100032;1;13;343;0;0;0;17;32;0;0;0
011100033;1;13;273;0;0;0;17;58;0;0;0
011100034;1;13;354;0;0;0;17;49;0;0;0
011100035;1;13;393;0;0;0;17;49;0;0;0
011100036;1;13;157;0;0;0;17;45;0;0;0
011100037;1;13;150;0;0;2;17;58;0;0;0
011100038;1;13;163;0;0;0;17;74;0;0;0
011100039;1;13;380;0;0;0;17;58;0;0;0
011100040;1;13;308;0;0;0;17;48;0;0;0
011100041;1;13;17;0;0;0;17;8;0;0;0
011100042;1;13;18;0;0;0;17;21;0;0;0
011100043;1;13;30;0;0;1;17;8;0;0;0
011300001;1;13;282;0;0;0;17;99;0;0;0
011300002;1;13;280;0;0;3;17;155;0;0;0
011300003;1;13;44;0;0;0;17;53;0;0;0
011300004;1;13;354;0;0;0;17;109;0;0;0
011300005;1;13;242;0;0;0;17;175;0;0;0
011300006;1;13;193;0;0;0;17;133;0;0;0
011300007;1;13;227;0;0;0;17;81;0;0;0
011300008;1;13;230;0;0;0;17;63;0;0;0
011300009;1;13;215;0;0;0;17;57;0;0;0
011300010;1;13;227;0;0;0;17;108;0;0;0
011300011;1;13;232;0;0;0;17;66;0;0;0
011300012;1;13;17;0;0;0;17;5;0;0;0
011300013;1;13;104;0;0;0;17;23;0;0;0
011300014;1;13;38;0;0;0;17;39;0;0;0
011300015;1;13;221;0;0;0;17;132;0;0;0
011300016;1;13;238;0;0;0;17;124;0;0;0
011300017;1;13;79;0;0;0;17;54;0;0;0
011300018;1;13;185;0;0;0;17;102;0;0;0
011300019;1;13;348;0;0;0;17;118;0;0;0
011300020;1;13;237;0;0;0;17;143;0;0;0
011300021;1;13;230;0;0;0;17;92;0;0;0
011300022;1;13;98;0;0;0;17;83;0;0;0
011300023;1;13;238;0;0;0;17;213;0;0;0
012800001;1;13;195;0;0;0;17;184;0;0;0
012800002;1;13;213;0;0;2;17;146;0;0;0
012800003;1;13;246;0;0;1;17;125;0;0;0
012800004;1;13;252;0;0;0;17;156;0;0;0
012800005;1;13;213;0;0;1;17;154;0;0;1
012800006;1;13;163;0;0;2;17;114;0;0;0
012800007;1;13;186;0;0;0;17;157;0;0;0
012800008;1;13;215;0;0;4;17;82;0;0;2
012800009;1;13;37;0;0;1;17;11;0;0;0
012800010;1;13;24;0;0;1;17;27;0;0;0
012800011;1;13;7;0;0;0;17;7;0;0;0
013300001;1;13;234;0;0;2;17;187;0;0;1
013300002;1;13;200;0;0;4;17;169;0;0;2
013300003;1;13;214;0;0;0;17;152;0;0;0
013300004;1;13;195;0;0;1;17;143;0;0;1
013300005;1;13;170;0;0;0;17;140;0;0;0
013300006;1;13;232;0;0;0;17;198;0;0;0
013300007;1;13;254;0;0;0;17;179;0;0;0
013300008;1;13;200;0;0;0;17;206;0;0;0
013300009;1;13;244;0;0;0;17;200;0;0;0
013300010;1;13;229;0;0;0;17;198;0;0;0
013300011;1;13;212;0;0;0;17;185;0;0;1
013300012;1;13;182;0;0;2;17;151;0;0;2
013300013;1;13;231;0;0;0;17;165;0;0;0
013300014;1;13;199;0;0;3;17;191;0;0;4
013300015;1;13;143;0;0;0;17;103;0;0;0
013300016;1;13;224;0;0;1;17;195;0;0;1
013300017;1;13;218;0;0;0;17;180;0;0;0
013300018;1;13;189;0;0;1;17;173;0;0;5
013300019;1;13;156;0;0;3;17;102;0;0;3
013300020;1;13;206;0;0;0;17;244;0;0;0
013300021;1;13;196;0;0;2;17;154;0;0;3
013300022;1;13;223;0;0;0;17;186;0;0;0
013300023;1;13;224;0;0;2;17;160;0;0;2
013300024;1;13;217;0;0;1;17;143;0;0;1
013300025;1;13;181;0;0;0;17;153;0;0;2
013300026;1;13;201;0;0;0;17;154;0;0;0
013300027;1;13;157;0;0;0;17;114;0;0;1
013300028;1;13;226;0;0;0;17;185;0;0;2
013300029;1;13;225;0;0;0;17;154;0;0;0
013300030;1;13;79;0;0;0;17;40;0;0;0
013300031;1;13;90;0;0;0;17;43;0;0;0
013300032;1;13;59;0;0;5;17;80;0;0;0
013300033;1;13;154;0;0;1;17;126;0;0;2
013300034;1;13;196;0;0;0;17;156;0;0;0
013300035;1;13;194;0;0;2;17;156;0;0;1
013300036;1;13;184;0;0;1;17;152;0;0;1
013300037;1;13;141;0;0;0;17;120;0;0;0
013300038;1;13;212;0;0;2;17;188;0;0;2
013300039;1;13;104;0;0;0;17;90;0;0;0
013300040;1;13;56;0;0;0;17;64;0;0;0
013300041;1;13;152;0;0;0;17;115;0;0;2
013300042;1;13;141;0;0;0;17;179;0;0;0
013300043;1;13;46;0;0;0;17;42;0;0;0
013300044;1;13;65;0;0;0;17;34;0;0;0
013300045;1;13;59;0;0;0;17;43;0;0;0
013300046;1;13;223;0;0;0;17;104;0;0;0
013300047;1;13;130;0;0;0;17;100;0;0;2
013300048;1;13;118;0;0;0;17;83;0;0;0
013300049;1;13;27;0;0;0;17;45;0;0;0
013300050;1;13;102;0;0;0;17;76;0;0;0
013300051;1;13;63;0;0;0;17;66;0;0;0
013300052;1;13;296;0;0;0;17;229;0;0;0
013300053;1;13;226;0;0;5;17;142;0;0;5
013300054;1;13;124;0;0;0;17;140;0;0;0
013300055;1;13;161;0;0;3;17;106;0;0;2
013300056;1;13;150;0;0;0;17;99;0;0;0
013300057;1;13;228;0;0;0;17;80;0;0;0
013300058;1;13;194;0;0;0;17;79;0;0;0
013300059;1;13;48;0;0;0;17;33;0;0;0
013300060;1;13;214;0;0;0;17;130;0;0;0
013300061;1;13;240;0;0;0;17;130;0;0;0
013300062;1;13;192;0;0;0;17;131;0;0;0
013300063;1;13;240;0;0;5;17;87;0;0;2
013300064;1;13;217;0;0;4;17;111;0;0;4
013300065;1;13;228;0;0;0;17;138;0;0;0
013300066;1;13;241;0;0;0;17;117;0;0;0
013300067;1;13;128;0;0;3;17;64;0;0;0
013300068;1;13;40;0;0;4;17;29;0;0;3
013300069;1;13;39;0;0;0;17;22;0;0;0
013300070;1;13;24;0;0;0;17;18;0;0;0
013300071;1;13;70;0;0;4;17;41;0;0;1
013300072;1;13;97;0;0;0;17;48;0;0;0
013300073;1;13;27;0;0;1;17;11;0;0;0
013300074;1;13;11;0;0;0;17;22;0;0;0
013300075;1;13;18;0;0;0;17;12;0;0;0
013300076;1;13;120;0;0;0;17;64;0;0;0
013300077;1;13;16;0;0;0;17;29;0;0;0
013300078;1;13;33;0;0;0;17;37;0;0;0
013300079;1;13;22;0;0;0;17;19;0;0;0
013300080;1;13;24;0;0;0;17;28;0;0;0
013300081;1;13;14;0;0;0;17;21;0;0;0
013300082;1;13;20;0;0;0;17;37;0;0;0
013300083;1;13;5;0;0;0;17;10;0;0;0
013300084;1;13;117;0;0;0;17;144;0;0;0
013300085;1;13;140;0;0;0;17;137;0;0;0
013300086;1;13;150;0;0;0;17;145;0;0;0
013300087;1;13;163;0;0;0;17;165;0;0;0
013300088;1;13;168;0;0;5;17;120;0;0;2
013300089;1;13;237;0;0;0;17;186;0;0;0
013300090;1;13;89;0;0;4;17;66;0;0;0
013300091;1;13;287;0;0;3;17;93;0;0;3
013300092;1;13;169;0;0;1;17;73;0;0;0
013300093;1;13;124;0;0;0;17;57;0;0;0
013300094;1;13;143;0;0;0;17;88;0;0;1
013300095;1;13;119;0;0;0;17;77;0;0;0
013300096;1;13;206;0;0;3;17;97;0;0;0
013300097;1;13;19;0;0;0;17;10;0;0;0
013700001;1;13;247;226;21;0;17;189;159;30;0
013700002;1;13;238;143;95;0;17;172;89;83;0
013700003;1;13;292;0;0;1;17;158;0;0;3
013700004;1;13;271;0;0;5;17;215;0;0;2
013700005;1;13;206;0;0;0;17;151;0;0;0
013700006;1;13;275;0;0;3;17;199;0;0;0
013700007;1;13;227;0;0;0;17;165;0;0;0
013700008;1;13;270;0;0;0;17;212;0;0;0
013700009;1;13;293;0;0;2;17;175;0;0;3
013700010;1;13;259;0;0;1;17;171;0;0;5
013700011;1;13;191;0;0;2;17;149;0;0;1
013700012;1;13;298;0;0;0;17;179;0;0;0
013700013;1;13;184;0;0;1;17;135;0;0;0
013700014;1;13;205;0;0;0;17;179;0;0;0
013700015;1;13;212;0;0;0;17;80;0;0;0
013700016;1;13;169;0;0;4;17;86;0;0;1
013700017;1;13;231;0;0;0;17;211;0;0;0
013700018;1;13;281;0;0;0;17;167;0;0;0
013700019;1;13;211;0;0;0;17;94;0;0;0
013700020;1;13;362;0;0;7;17;155;0;0;6
013700021;1;13;339;0;0;2;17;195;0;0;2
013700022;1;13;192;0;0;3;17;145;0;0;1
013700023;1;13;155;0;0;1;17;184;0;0;3
013700024;1;13;336;0;0;5;17;213;0;0;2
013700025;1;13;221;0;0;0;17;122;0;0;0
013700026;1;13;273;0;0;0;17;132;0;0;0
013700027;1;13;226;0;0;0;17;110;0;0;0
013700028;1;13;16;0;0;1;17;22;0;0;0
013700029;1;13;18;0;0;0;17;16;0;0;0
014000001;1;13;280;0;0;3;17;158;0;0;1
014000002;1;13;253;0;0;0;17;152;0;0;0
014000003;1;13;293;0;0;3;17;175;0;0;2
014000004;1;13;219;0;0;0;17;191;0;0;0
014000005;1;13;260;0;0;0;17;193;0;0;1
014000006;1;13;253;0;0;3;17;190;0;0;2
014000007;1;13;267;0;0;0;17;176;0;0;0
014000008;1;13;183;0;0;0;17;181;0;0;0
014000009;1;13;135;0;0;1;17;108;0;0;1
014000010;1;13;137;0;0;0;17;120;0;0;0
014000011;1;13;230;0;0;0;17;201;0;0;0
014000012;1;13;191;0;0;2;17;201;0;0;1
014000013;1;13;262;0;0;1;17;220;0;0;1
014000014;1;13;197;0;0;1;17;259;0;0;1
014000015;1;13;201;0;0;0;17;218;0;0;0
014000016;1;13;238;0;0;3;17;198;0;0;0
014000017;1;13;312;0;0;0;17;147;0;0;0
014000018;1;13;186;0;0;0;17;253;0;0;0
014000019;1;13;212;0;0;3;17;205;0;0;2
014000020;1;13;220;0;0;0;17;179;0;0;0
014000021;1;13;220;0;0;0;17;186;0;0;0
014000022;1;13;161;0;0;0;17;135;0;0;0
014000023;1;13;237;0;0;2;17;162;0;0;1
014000024;1;13;171;0;0;0;17;163;0;0;0
014000025;1;13;272;0;0;1;17;181;0;0;1
014000026;1;13;218;0;0;20;17;152;0;0;0
014000027;1;13;231;0;0;0;17;280;0;0;0
014000028;1;13;247;0;0;4;17;139;0;0;1
014000029;1;13;241;0;0;2;17;170;0;0;1
014000030;1;13;119;0;0;3;17;129;0;0;0
014000031;1;13;178;0;0;10;17;158;0;0;9
014000032;1;13;14;0;0;0;17;22;0;0;0
014000033;1;13;66;0;0;0;17;126;0;0;0
014000034;1;13;45;0;0;0;17;125;0;0;0
014000036;1;13;99;0;0;0;17;61;0;0;0
014000037;1;13;123;0;0;0;17;197;0;0;0
014000038;1;13;100;0;0;2;17;145;0;0;1
014000039;1;13;90;0;0;0;17;56;0;0;0
014000041;1;13;34;0;0;0;17;12;0;0;0
014000042;1;13;172;0;0;2;17;133;0;0;3
014000043;1;13;146;0;0;0;17;114;0;0;0
014000044;1;13;187;0;0;0;17;79;0;0;0
014000045;1;13;239;0;0;1;17;193;0;0;3
014000046;1;13;116;0;0;0;17;104;0;0;0
014000047;1;13;135;0;0;3;17;142;0;0;0
014000048;1;13;201;0;0;0;17;106;0;0;0
014000049;1;13;144;0;0;0;17;69;0;0;0
014000050;1;13;145;0;0;0;17;86;0;0;0
014000051;1;13;161;0;0;2;17;135;0;0;0
014000052;1;13;67;0;0;2;17;29;0;0;0
014000053;1;13;13;0;0;0;17;11;0;0;0
014000054;1;13;42;0;0;1;17;13;0;0;0
014000055;1;13;37;0;0;1;17;18;0;0;0
014000056;1;13;31;0;0;1;17;18;0;0;0
014000057;1;13;24;0;0;0;17;16;0;0;0
014000058;1;13;29;0;0;0;17;24;0;0;0
014000059;1;13;58;0;0;0;17;59;0;0;0
014000060;1;13;234;0;0;0;17;119;0;0;0
014000061;1;13;69;0;0;0;17;44;0;0;0
014000062;1;13;24;0;0;1;17;8;0;0;0
014000063;1;13;14;0;0;0;17;4;0;0;0
014000065;1;13;13;0;0;0;17;13;0;0;0
014000066;1;13;4;0;0;0;17;17;0;0;0
014000067;1;13;16;0;0;0;17;3;0;0;0
014000068;1;13;101;0;0;0;17;78;0;0;1
014000069;1;13;118;0;0;0;17;81;0;0;0
014000070;1;13;168;0;0;0;17;108;0;0;0
014000072;1;13;49;0;0;0;17;32;0;0;0
014000073;1;13;60;0;0;0;17;65;0;0;0
014000074;1;13;62;0;0;0;17;71;0;0;0
014000075;1;13;18;0;0;0;17;13;0;0;0
014000076;1;13;65;0;0;0;17;72;0;0;0
014000078;1;13;22;0;0;0;17;16;0;0;0
014000079;1;13;48;0;0;0;17;40;0;0;3
014000081;1;13;9;0;0;0;17;22;0;0;0
014000082;1;13;37;0;0;2;17;38;0;0;0
014000084;1;13;12;0;0;0;17;18;0;0;0
014000086;1;13;48;0;0;0;17;42;0;0;0
014200001;1;13;153;0;0;0;17;65;0;0;0
014200002;1;13;166;0;0;0;17;61;0;0;0
014200003;1;13;171;0;0;0;17;61;0;0;0
014200004;1;13;249;0;0;0;17;70;0;0;0
014200005;1;13;279;0;0;0;17;50;0;0;0
014200006;1;13;291;0;0;0;17;65;0;0;0
014200007;1;13;321;0;0;3;17;105;0;0;2
014200008;1;13;115;0;0;0;17;65;0;0;0
014200009;1;13;90;0;0;0;17;57;0;0;0
014200010;1;13;233;0;0;0;17;137;0;0;0
014200011;1;13;212;0;0;4;17;188;0;0;0
014200012;1;13;264;0;0;0;17;162;0;0;0
014200013;1;13;152;0;0;0;17;85;0;0;0
014200014;1;13;168;0;0;0;17;112;0;0;0
014200015;1;13;330;0;0;0;17;136;0;0;0
014200016;1;13;279;0;0;0;17;137;0;0;0
014200017;1;13;316;0;0;0;17;169;0;0;0
014200018;1;13;350;0;0;0;17;157;0;0;0
014200019;1;13;239;0;0;0;17;60;0;0;0
014200020;1;13;260;0;0;2;17;58;0;0;3
014200021;1;13;291;0;0;0;17;122;0;0;0
014200022;1;13;144;0;0;0;17;64;0;0;0
014400001;1;13;170;114;56;2;17;174;90;84;1
014400002;1;13;222;136;86;2;17;181;85;96;2
014400003;1;13;154;0;0;1;17;174;0;0;3
014400004;1;13;141;0;0;4;17;168;0;0;1
014400005;1;13;236;0;0;0;17;202;0;0;0
014400006;1;13;163;0;0;0;17;190;0;0;0
014400007;1;13;164;0;0;0;17;174;0;0;0
014400008;1;13;160;0;0;0;17;213;0;0;0
014400009;1;13;166;0;0;0;17;197;0;0;0
014400010;1;13;96;0;0;0;17;88;0;0;1
014400011;1;13;88;0;0;0;17;124;0;0;0
014400012;1;13;239;0;0;0;17;231;0;0;0
014400013;1;13;135;0;0;0;17;98;0;0;0
014400014;1;13;51;0;0;0;17;80;0;0;0
014400015;1;13;85;0;0;0;17;95;0;0;0
014400016;1;13;21;0;0;0;17;10;0;0;0
014400017;1;13;190;0;0;0;17;178;0;0;2
014400018;1;13;160;0;0;0;17;137;0;0;1
014400019;1;13;87;0;0;0;17;140;0;0;0
014400020;1;13;9;0;0;0;17;4;0;0;0
014400021;1;13;124;0;0;0;17;205;0;0;0
014400022;1;13;138;0;0;0;17;187;0;0;0
014400023;1;13;28;0;0;0;17;55;0;0;0
014400024;1;13;16;0;0;0;17;7;0;0;0
014400025;1;13;154;0;0;0;17;165;0;0;0
014400026;1;13;89;0;0;0;17;130;0;0;0
014400027;1;13;7;0;0;0;17;17;0;0;0
014900001;1;13;74;0;0;0;17;54;0;0;0
014900002;1;13;70;0;0;0;17;63;0;0;0
014900003;1;13;91;0;0;0;17;52;0;0;0
014900004;1;13;118;0;0;0;17;131;0;0;0
014900005;1;13;109;0;0;2;17;85;0;0;0
014900006;1;13;133;0;0;0;17;44;0;0;0
014900007;1;13;125;0;0;5;17;49;0;0;2
014900008;1;13;42;0;0;0;17;60;0;0;0
014900009;1;13;42;0;0;0;17;65;0;0;0
014900010;1;13;57;0;0;0;17;51;0;0;0
014900011;1;13;54;0;0;0;17;28;0;0;0
014900012;1;13;18;0;0;1;17;4;0;0;0
014900013;1;13;115;0;0;0;17;49;0;0;0
014900014;1;13;34;0;0;2;17;31;0;0;0
014900015;1;13;34;0;0;4;17;7;0;0;0
014900016;1;13;40;0;0;0;17;27;0;0;0
014900017;1;13;48;0;0;0;17;21;0;0;0
014900018;1;13;57;0;0;2;17;32;0;0;0
014900019;1;13;29;0;0;0;17;8;0;0;0
014900020;1;13;52;0;0;0;17;20;0;0;0
014900021;1;13;32;0;0;0;17;14;0;0;0
015200001;1;13;292;0;0;0;17;152;0;0;0
015200002;1;13;297;0;0;0;17;143;0;0;0
015200003;1;13;326;0;0;0;17;160;0;0;0
015200004;1;13;228;0;0;0;17;64;0;0;0
015200005;1;13;64;0;0;0;17;35;0;0;0
015200006;1;13;190;0;0;0;17;55;0;0;0
015200007;1;13;270;0;0;0;17;50;0;0;1
015200008;1;13;144;0;0;0;17;60;0;0;0
015200009;1;13;19;0;0;0;17;17;0;0;0
015200010;1;13;26;0;0;1;17;23;0;0;1
015200011;1;13;250;0;0;0;17;164;0;0;0
015200012;1;13;169;0;0;0;17;105;0;0;2
015200013;1;13;332;0;0;0;17;156;0;0;0
015200014;1;13;365;0;0;2;17;70;0;0;0
015200015;1;13;325;0;0;0;17;74;0;0;0
015200016;1;13;30;0;0;1;17;15;0;0;1
015200017;1;13;28;0;0;0;17;4;0;0;0
015200018;1;13;35;0;0;2;17;43;0;0;0
015200019;1;13;127;0;0;0;17;122;0;0;0
015300001;1;13;216;0;0;7;17;85;0;0;5
015300002;1;13;188;0;0;5;17;54;0;0;2
015300003;1;13;260;0;0;4;17;103;0;0;3
015300004;1;13;339;0;0;4;17;110;0;0;1
015300005;1;13;297;0;0;0;17;86;0;0;0
015300006;1;13;294;0;0;4;17;74;0;0;2
015300007;1;13;288;0;0;1;17;73;0;0;0
015300008;1;13;254;0;0;0;17;69;0;0;0
015300009;1;13;247;0;0;0;17;34;0;0;0
015300010;1;13;274;0;0;0;17;33;0;0;0
015300011;1;13;164;0;0;0;17;35;0;0;0
015300012;1;13;171;0;0;3;17;33;0;0;0
015300013;1;13;196;0;0;0;17;129;0;0;0
015300014;1;13;174;0;0;0;17;39;0;0;0
015300015;1;13;226;0;0;0;17;44;0;0;0
015300016;1;13;235;0;0;0;17;45;0;0;1
020100001;2;13;242;0;0;0;17;162;0;0;0
020100002;2;13;108;0;0;2;17;65;0;0;1
020100003;2;13;215;0;0;1;17;147;0;0;2
020100004;2;13;139;0;0;0;17;91;0;0;0
020100005;2;13;143;0;0;0;17;129;0;0;0
020100006;2;13;211;0;0;0;17;140;0;0;0
020100007;2;13;145;0;0;2;17;111;0;0;2
020100008;2;13;178;0;0;0;17;123;0;0;0
020100009;2;13;280;0;0;0;17;173;0;0;0
020100010;2;13;167;133;34;0;17;108;76;32;1
020100011;2;13;155;88;67;1;17;117;54;63;1
020100012;2;13;230;203;27;4;17;134;109;25;2
020100013;2;13;217;0;0;4;17;131;0;0;2
020100014;2;13;151;0;0;3;17;93;0;0;1
020100015;2;13;151;0;0;0;17;83;0;0;0
020100016;2;13;188;0;0;1;17;121;0;0;0
020100017;2;13;154;0;0;0;17;73;0;0;0
020100018;2;13;241;0;0;2;17;127;0;0;0
020100019;2;13;149;0;0;1;17;86;0;0;1
020100020;2;13;174;0;0;0;17;58;0;0;0
020100021;2;13;147;0;0;2;17;90;0;0;4
020100022;2;13;147;0;0;0;17;75;0;0;0
020100023;2;13;207;0;0;3;17;128;0;0;1
020100024;2;13;280;0;0;0;17;143;0;0;0
020100025;2;13;86;0;0;4;17;65;0;0;3
020100026;2;13;63;0;0;0;17;47;0;0;0
020100027;2;13;193;0;0;1;17;75;0;0;2
020100028;2;13;226;0;0;3;17;146;0;0;1
020100029;2;13;106;0;0;0;17;64;0;0;0
020100030;2;13;87;0;0;7;17;71;0;0;5
020100031;2;13;38;0;0;3;17;43;0;0;1
020100032;2;13;75;0;0;0;17;31;0;0;0
020100033;2;13;95;0;0;1;17;108;0;0;0
020100034;2;13;165;0;0;5;17;76;0;0;1
020100035;2;13;98;0;0;2;17;126;0;0;1
020100036;2;13;169;0;0;1;17;63;0;0;2
020100037;2;13;44;0;0;0;17;53;0;0;1
020100038;2;13;130;0;0;0;17;268;0;0;0
020100039;2;13;150;0;0;0;17;42;0;0;0
020100040;2;13;139;0;0;0;17;162;0;0;0
020100041;2;13;145;0;0;0;17;117;0;0;0
020100042;2;13;62;0;0;0;17;158;0;0;0
020100043;2;13;150;0;0;0;17;89;0;0;0
020100044;2;13;179;0;0;4;17;82;0;0;3
020100045;2;13;64;0;0;0;17;20;0;0;0
020100046;2;13;87;0;0;0;17;142;0;0;0
020100047;2;13;9;0;0;0;17;7;0;0;0
020100048;2;13;118;0;0;6;17;158;0;0;6
020100049;2;13;118;0;0;0;17;62;0;0;0
020100050;2;13;91;0;0;1;17;144;0;0;0
020400001;2;13;141;31;110;0;17;149;40;109;0
020400002;2;13;156;139;17;0;17;133;116;17;0
020400003;2;13;193;150;43;0;17;159;101;58;0
020400004;2;13;137;53;84;0;17;131;30;101;0
020400005;2;13;146;0;0;0;17;154;0;0;0
020400006;2;13;154;0;0;0;17;154;0;0;0
020400007;2;13;154;0;0;0;17;140;0;0;3
020400008;2;13;155;0;0;0;17;144;0;0;0
020400009;2;13;175;0;0;0;17;161;0;0;1
020400010;2;13;124;0;0;0;17;173;0;0;0
020400011;2;13;134;0;0;0;17;145;0;0;0
020400012;2;13;129;0;0;4;17;156;0;0;2
020400013;2;13;145;0;0;1;17;124;0;0;2
020400014;2;13;146;0;0;0;17;136;0;0;0
020400015;2;13;140;0;0;1;17;163;0;0;2
020400016;2;13;161;0;0;4;17;121;0;0;3
020400017;2;13;151;0;0;0;17;170;0;0;0
020400018;2;13;141;0;0;5;17;143;0;0;1
020400019;2;13;123;0;0;1;17;171;0;0;2
020400020;2;13;97;0;0;0;17;122;0;0;0
020400021;2;13;177;0;0;2;17;143;0;0;3
020400022;2;13;103;0;0;0;17;146;0;0;0
020400023;2;13;113;0;0;1;17;136;0;0;0
020400024;2;13;148;0;0;0;17;146;0;0;0
020400025;2;13;88;0;0;0;17;139;0;0;1
020400026;2;13;141;0;0;0;17;136;0;0;0
020400027;2;13;122;0;0;0;17;111;0;0;0
020400028;2;13;128;0;0;0;17;164;0;0;0
020400029;2;13;127;0;0;0;17;179;0;0;0
020400030;2;13;111;0;0;0;17;157;0;0;0
020400031;2;13;136;0;0;0;17;151;0;0;0
020400032;2;13;164;0;0;0;17;137;0;0;0
020400033;2;13;100;0;0;1;17;85;0;0;1
020400034;2;13;136;0;0;0;17;135;0;0;0
020400035;2;13;117;0;0;0;17;93;0;0;0
020400036;2;13;169;0;0;0;17;143;0;0;0
020400037;2;13;169;108;61;0;17;128;74;54;0
020400038;2;13;153;57;96;0;17;145;50;95;0
020400039;2;13;168;124;44;0;17;123;88;35;0
020400040;2;13;124;73;51;0;17;96;50;46;0
020400041;2;13;141;115;26;0;17;120;102;18;0
020400042;2;13;157;0;0;0;17;140;0;0;0
020400043;2;13;136;0;0;3;17;145;0;0;1
020400044;2;13;159;0;0;1;17;128;0;0;2
020400045;2;13;161;0;0;2;17;122;0;0;0
020400046;2;13;154;0;0;0;17;125;0;0;0
020400047;2;13;131;0;0;1;17;136;0;0;0
020400048;2;13;143;0;0;0;17;145;0;0;0
020400049;2;13;143;0;0;0;17;152;0;0;0
020400050;2;13;150;0;0;0;17;142;0;0;0
020400051;2;13;139;0;0;0;17;181;0;0;0
020400052;2;13;183;0;0;0;17;131;0;0;1
020400053;2;13;146;0;0;3;17;146;0;0;0
020400054;2;13;148;0;0;0;17;150;0;0;0
020400055;2;13;148;0;0;0;17;144;0;0;0
020400056;2;13;160;0;0;0;17;166;0;0;0
020400057;2;13;140;0;0;3;17;146;0;0;4
020400058;2;13;144;0;0;2;17;172;0;0;2
020400059;2;13;167;0;0;0;17;147;0;0;0
020400060;2;13;182;0;0;3;17;134;0;0;2
020400061;2;13;141;0;0;2;17;185;0;0;2
020400062;2;13;154;0;0;0;17;140;0;0;0
020400063;2;13;131;0;0;0;17;149;0;0;0
020400064;2;13;155;0;0;0;17;141;0;0;0
020400065;2;13;162;0;0;0;17;134;0;0;0
020400066;2;13;166;0;0;1;17;147;0;0;3
020400067;2;13;132;0;0;0;17;121;0;0;0
020400068;2;13;91;0;0;0;17;108;0;0;0
020400069;2;13;137;0;0;0;17;89;0;0;0
020400070;2;13;112;0;0;2;17;100;0;0;2
020400071;2;13;142;0;0;1;17;117;0;0;0
020400072;2;13;106;0;0;0;17;114;0;0;0
020400073;2;13;97;0;0;2;17;129;0;0;2
020400074;2;13;83;0;0;2;17;80;0;0;3
020400075;2;13;83;0;0;0;17;80;0;0;0
020400076;2;13;119;0;0;5;17;118;0;0;3
020400077;2;13;81;0;0;0;17;155;0;0;0
020400078;2;13;98;0;0;2;17;132;0;0;12
020400079;2;13;103;0;0;5;17;109;0;0;6
020400080;2;13;64;0;0;0;17;63;0;0;0
020400081;2;13;68;0;0;0;17;59;0;0;0
020400082;2;13;111;0;0;0;17;65;0;0;0
020400083;2;13;89;0;0;9;17;87;0;0;6
020400084;2;13;145;0;0;0;17;97;0;0;0
020400085;2;13;83;0;0;1;17;86;0;0;0
020400086;2;13;205;0;0;5;17;188;0;0;1
020400087;2;13;56;0;0;0;17;51;0;0;0
020400088;2;13;121;0;0;2;17;164;0;0;2
020400089;2;13;122;0;0;1;17;114;0;0;1
020400090;2;13;51;0;0;1;17;123;0;0;0
020400091;2;13;105;0;0;0;17;115;0;0;0
020400092;2;13;145;0;0;0;17;163;0;0;0
020400093;2;13;155;0;0;0;17;142;0;0;0
020400094;2;13;137;0;0;0;17;165;0;0;0
020400095;2;13;156;0;0;2;17;168;0;0;2
020400096;2;13;101;0;0;0;17;134;0;0;0
020400097;2;13;163;0;0;3;17;142;0;0;1
020400098;2;13;135;0;0;2;17;160;0;0;1
020400099;2;13;129;0;0;3;17;104;0;0;0
020400100;2;13;138;0;0;0;17;124;0;0;0
020400101;2;13;127;0;0;0;17;131;0;0;0
020400102;2;13;146;0;0;0;17;142;0;0;0
020400103;2;13;136;0;0;1;17;139;0;0;2
020400104;2;13;123;0;0;0;17;96;0;0;0
020400105;2;13;138;0;0;2;17;101;0;0;1
020400106;2;13;147;0;0;0;17;98;0;0;0
020400107;2;13;114;0;0;2;17;173;0;0;2
020400108;2;13;152;0;0;2;17;114;0;0;1
020400109;2;13;133;0;0;0;17;147;0;0;0
020400110;2;13;103;0;0;5;17;146;0;0;3
020400111;2;13;133;0;0;0;17;130;0;0;0
020400112;2;13;124;0;0;8;17;144;0;0;0
020400113;2;13;130;0;0;1;17;96;0;0;2
020400114;2;13;146;0;0;0;17;123;0;0;0
020400115;2;13;150;0;0;0;17;134;0;0;0
020400116;2;13;135;0;0;0;17;119;0;0;0
020400117;2;13;129;0;0;0;17;143;0;0;0
020400118;2;13;145;0;0;3;17;139;0;0;3
020400119;2;13;167;0;0;1;17;107;0;0;1
020400120;2;13;176;0;0;0;17;157;0;0;0
020400121;2;13;181;0;0;0;17;126;0;0;3
020400122;2;13;174;0;0;0;17;145;0;0;3
020400123;2;13;167;0;0;0;17;145;0;0;0
020400124;2;13;176;0;0;0;17;133;0;0;3
020400125;2;13;194;0;0;0;17;84;0;0;0
020400126;2;13;152;0;0;1;17;144;0;0;0
020400127;2;13;121;0;0;2;17;154;0;0;4
020400128;2;13;129;0;0;0;17;150;0;0;0
020400129;2;13;157;0;0;0;17;140;0;0;0
020400130;2;13;203;0;0;2;17;145;0;0;1
020400131;2;13;142;88;54;0;17;168;97;71;0
020400132;2;13;158;48;110;0;17;173;48;125;0
020400133;2;13;189;146;43;0;17;173;130;43;0
020400134;2;13;156;126;30;0;17;143;103;40;1
020400135;2;13;169;125;44;2;17;181;129;52;1
020400136;2;13;152;0;0;0;17;180;0;0;0
020400137;2;13;167;0;0;0;17;134;0;0;0
020400138;2;13;137;0;0;2;17;149;0;0;2
020400139;2;13;146;0;0;0;17;116;0;0;0
020400140;2;13;154;0;0;0;17;113;0;0;0
020400141;2;13;158;0;0;0;17;132;0;0;0
020400142;2;13;164;0;0;0;17;97;0;0;0
020400143;2;13;111;0;0;2;17;116;0;0;10
020400144;2;13;152;0;0;0;17;125;0;0;0
020400145;2;13;170;0;0;0;17;141;0;0;0
020400146;2;13;162;0;0;0;17;135;0;0;3
020400147;2;13;136;0;0;0;17;107;0;0;0
020400148;2;13;79;0;0;1;17;143;0;0;4
020400149;2;13;133;0;0;3;17;146;0;0;3
020400150;2;13;97;0;0;0;17;126;0;0;5
020400151;2;13;164;0;0;1;17;151;0;0;1
020400152;2;13;158;0;0;0;17;153;0;0;0
020400153;2;13;161;0;0;0;17;136;0;0;0
020400154;2;13;197;0;0;0;17;135;0;0;0
020400155;2;13;158;0;0;16;17;128;0;0;1
020400156;2;13;190;0;0;0;17;143;0;0;0
020400157;2;13;137;0;0;0;17;170;0;0;0
020400158;2;13;169;0;0;0;17;119;0;0;0
020400159;2;13;145;0;0;0;17;137;0;0;0
020400160;2;13;152;0;0;1;17;175;0;0;2
020400161;2;13;169;0;0;0;17;143;0;0;0
020400162;2;13;163;0;0;0;17;158;0;0;0
020400163;2;13;178;0;0;0;17;168;0;0;0
020400164;2;13;159;0;0;0;17;119;0;0;0
020400165;2;13;154;0;0;0;17;167;0;0;0
020400166;2;13;157;0;0;2;17;179;0;0;1
020400167;2;13;189;0;0;0;17;160;0;0;0
020400168;2;13;117;0;0;0;17;122;0;0;0
020400169;2;13;126;0;0;1;17;114;0;0;0
020400170;2;13;145;0;0;0;17;163;0;0;0
020400171;2;13;155;0;0;1;17;143;0;0;1
020400172;2;13;159;0;0;0;17;121;0;0;2
020400173;2;13;169;0;0;0;17;158;0;0;0
020400174;2;13;132;0;0;0;17;128;0;0;0
020400175;2;13;145;0;0;0;17;151;0;0;2
020400176;2;13;182;0;0;0;17;163;0;0;0
020400177;2;13;185;0;0;3;17;153;0;0;0
020400178;2;13;166;0;0;3;17;163;0;0;1
020400179;2;13;158;0;0;3;17;152;0;0;0
020400180;2;13;175;0;0;0;17;152;0;0;0
020400181;2;13;136;0;0;2;17;163;0;0;0
020400182;2;13;122;0;0;0;17;99;0;0;0
020400183;2;13;135;0;0;6;17;132;0;0;2
020400184;2;13;152;0;0;0;17;131;0;0;0
020400185;2;13;169;0;0;0;17;125;0;0;1
020400186;2;13;191;0;0;0;17;160;0;0;0
020400187;2;13;158;0;0;2;17;105;0;0;1
020400188;2;13;159;0;0;0;17;130;0;0;0
020400189;2;13;142;0;0;0;17;131;0;0;0
020400190;2;13;169;0;0;0;17;141;0;0;0
020400191;2;13;164;0;0;9;17;124;0;0;3
020400192;2;13;184;0;0;0;17;139;0;0;0
020400193;2;13;184;0;0;0;17;122;0;0;0
020400194;2;13;197;0;0;0;17;97;0;0;0
020400195;2;13;200;0;0;1;17;141;0;0;1
020400196;2;13;134;0;0;2;17;98;0;0;3
020400197;2;13;151;0;0;0;17;143;0;0;1
020400198;2;13;159;0;0;2;17;122;0;0;1
020400199;2;13;117;0;0;0;17;136;0;0;0
020400200;2;13;151;0;0;4;17;125;0;0;0
020400201;2;13;120;0;0;1;17;107;0;0;0
020400202;2;13;123;0;0;2;17;168;0;0;1
020400203;2;13;165;0;0;0;17;192;0;0;3
020400204;2;13;154;0;0;1;17;197;0;0;4
020400205;2;13;60;0;0;0;17;40;0;0;0
020400206;2;13;200;0;0;4;17;126;0;0;0
020400207;2;13;147;0;0;0;17;135;0;0;0
020400208;2;13;160;0;0;0;17;122;0;0;0
020400209;2;13;131;0;0;0;17;103;0;0;0
020400210;2;13;165;0;0;0;17;124;0;0;0
020400211;2;13;193;0;0;3;17;141;0;0;4
020400212;2;13;175;0;0;7;17;120;0;0;3
020400213;2;13;162;0;0;0;17;134;0;0;0
020400214;2;13;128;0;0;0;17;118;0;0;0
020400215;2;13;172;0;0;5;17;136;0;0;1
020400216;2;13;171;0;0;6;17;161;0;0;0
020400217;2;13;202;0;0;0;17;141;0;0;0
020400218;2;13;170;0;0;0;17;159;0;0;0
020400219;2;13;163;0;0;1;17;155;0;0;0
020400220;2;13;169;0;0;2;17;156;0;0;1
020400221;2;13;131;0;0;0;17;140;0;0;0
020400222;2;13;180;0;0;0;17;199;0;0;0
020400223;2;13;168;0;0;1;17;119;0;0;4
020400224;2;13;157;0;0;0;17;178;0;0;0
020400225;2;13;156;0;0;1;17;159;0;0;2
020400226;2;13;154;0;0;0;17;176;0;0;0
020400227;2;13;143;0;0;0;17;185;0;0;0
020400228;2;13;211;0;0;1;17;170;0;0;0
020400229;2;13;278;0;0;1;17;195;0;0;0
020400230;2;13;183;0;0;1;17;143;0;0;1
020400231;2;13;198;0;0;0;17;114;0;0;0
020400232;2;13;174;0;0;0;17;153;0;0;0
020400233;2;13;165;0;0;1;17;143;0;0;2
020400234;2;13;152;0;0;0;17;166;0;0;0
020400235;2;13;184;0;0;0;17;142;0;0;0
020400236;2;13;194;0;0;0;17;145;0;0;0
020400237;2;13;133;0;0;1;17;138;0;0;1
020400238;2;13;189;0;0;0;17;159;0;0;0
020400239;2;13;211;0;0;0;17;135;0;0;0
020400240;2;13;137;0;0;0;17;143;0;0;0
020400241;2;13;135;0;0;0;17;142;0;0;0
020400242;2;13;153;0;0;3;17;132;0;0;1
020400243;2;13;171;0;0;0;17;140;0;0;0
020400244;2;13;162;0;0;0;17;156;0;0;0
020400245;2;13;151;0;0;4;17;142;0;0;1
020400246;2;13;140;0;0;0;17;151;0;0;0
020400247;2;13;187;0;0;2;17;150;0;0;1
020400248;2;13;171;0;0;0;17;149;0;0;0
020400249;2;13;188;0;0;1;17;126;0;0;4
020400250;2;13;147;0;0;0;17;131;0;0;0
020400251;2;13;179;0;0;0;17;121;0;0;0
020400252;2;13;55;0;0;0;17;27;0;0;0
020400253;2;13;175;0;0;2;17;177;0;0;2
020400254;2;13;179;0;0;2;17;159;0;0;2
020400255;2;13;171;0;0;4;17;169;0;0;2
020400256;2;13;160;0;0;0;17;148;0;0;0
020400257;2;13;147;0;0;0;17;130;0;0;2
020400258;2;13;182;0;0;5;17;144;0;0;1
020400259;2;13;179;0;0;0;17;109;0;0;2
020400260;2;13;115;0;0;2;17;50;0;0;1
020400261;2;13;110;0;0;1;17;62;0;0;2
020400262;2;13;82;0;0;1;17;29;0;0;0
020400263;2;13;134;0;0;0;17;113;0;0;0
020400264;2;13;112;0;0;0;17;87;0;0;0
020400265;2;13;134;0;0;2;17;90;0;0;2
020400266;2;13;148;0;0;0;17;143;0;0;0
020400267;2;13;155;0;0;1;17;180;0;0;2
020400268;2;13;163;0;0;1;17;168;0;0;1
020400269;2;13;159;0;0;0;17;159;0;0;0
020400270;2;13;150;0;0;0;17;163;0;0;0
020400271;2;13;171;0;0;1;17;133;0;0;2
020400272;2;13;164;0;0;0;17;161;0;0;0
020400273;2;13;171;0;0;0;17;156;0;0;0
020400274;2;13;178;0;0;1;17;122;0;0;1
020400275;2;13;154;0;0;0;17;155;0;0;0
020400276;2;13;168;0;0;1;17;166;0;0;0
020400277;2;13;149;0;0;0;17;132;0;0;0
020400278;2;13;162;0;0;2;17;119;0;0;0
020400279;2;13;173;0;0;0;17;151;0;0;0
020400280;2;13;139;0;0;0;17;126;0;0;0
020400281;2;13;183;0;0;0;17;150;0;0;0
020400282;2;13;176;0;0;4;17;173;0;0;1
020400283;2;13;150;0;0;0;17;136;0;0;0
020400284;2;13;139;0;0;3;17;149;0;0;0
020400285;2;13;162;0;0;0;17;150;0;0;0
020400286;2;13;163;0;0;0;17;148;0;0;0
020400287;2;13;165;0;0;0;17;154;0;0;0
020400288;2;13;161;0;0;1;17;152;0;0;0
020400289;2;13;154;0;0;1;17;157;0;0;1
020400290;2;13;135;0;0;0;17;121;0;0;0
020400291;2;13;161;0;0;3;17;128;0;0;2
020400292;2;13;159;0;0;1;17;127;0;0;1
020400293;2;13;184;0;0;0;17;150;0;0;0
020400294;2;13;167;0;0;0;17;186;0;0;0
020400295;2;13;213;0;0;2;17;132;0;0;1
020400296;2;13;168;0;0;4;17;130;0;0;0
020400297;2;13;169;0;0;0;17;151;0;0;0
020400298;2;13;154;0;0;2;17;127;0;0;0
020400299;2;13;184;0;0;0;17;153;0;0;0
020400300;2;13;145;0;0;0;17;173;0;0;0
020400301;2;13;144;0;0;0;17;139;0;0;1
020400302;2;13;184;0;0;1;17;149;0;0;0
020400303;2;13;114;0;0;1;17;146;0;0;1
020400304;2;13;175;0;0;4;17;141;0;0;0
020400305;2;13;170;0;0;0;17;136;0;0;0
020400306;2;13;181;0;0;0;17;158;0;0;0
020400307;2;13;157;0;0;0;17;138;0;0;0
020400308;2;13;138;0;0;0;17;120;0;0;0
020400309;2;13;166;0;0;5;17;121;0;0;2
020400310;2;13;182;0;0;0;17;115;0;0;0
020400311;2;13;189;0;0;2;17;152;0;0;4
020400312;2;13;139;0;0;0;17;112;0;0;2
020400313;2;13;151;0;0;3;17;129;0;0;2
020400314;2;13;142;0;0;6;17;69;0;0;1
020400315;2;13;170;0;0;7;17;106;0;0;1
020400316;2;13;37;0;0;0;17;48;0;0;2
020400317;2;13;90;0;0;0;17;77;0;0;0
020400318;2;13;214;0;0;4;17;159;0;0;2
020400319;2;13;242;0;0;5;17;109;0;0;1
020400320;2;13;55;0;0;0;17;54;0;0;0
020400321;2;13;113;0;0;4;17;97;0;0;2
020400322;2;13;136;0;0;0;17;114;0;0;0
020400323;2;13;148;0;0;1;17;33;0;0;0
020400324;2;13;252;0;0;0;17;194;0;0;4
020400325;2;13;32;0;0;0;17;20;0;0;0
020400326;2;13;240;0;0;4;17;102;0;0;2
020400327;2;13;193;0;0;6;17;102;0;0;3
020400328;2;13;82;0;0;1;17;104;0;0;0
020400329;2;13;18;0;0;0;17;7;0;0;0
020400330;2;13;34;0;0;1;17;36;0;0;1
020400331;2;13;13;0;0;0;17;13;0;0;1
020400332;2;13;44;0;0;0;17;41;0;0;0
020400333;2;13;32;0;0;0;17;17;0;0;2
020400334;2;13;42;0;0;1;17;33;0;0;6
020400335;2;13;21;0;0;0;17;29;0;0;0
020400336;2;13;67;0;0;8;17;14;0;0;0
020400337;2;13;54;0;0;0;17;34;0;0;0
020400338;2;13;20;0;0;1;17;25;0;0;0
020600001;2;13;173;0;0;0;17;88;0;0;0
020600002;2;13;219;0;0;0;17;99;0;0;0
020600003;2;13;157;0;0;0;17;76;0;0;0
020600004;2;13;232;0;0;1;17;122;0;0;0
020600005;2;13;303;0;0;3;17;97;0;0;0
020600006;2;13;249;0;0;6;17;158;0;0;2
020600007;2;13;187;0;0;2;17;111;0;0;4
020600008;2;13;193;0;0;0;17;95;0;0;0
020600009;2;13;13;0;0;0;17;13;0;0;0
020600010;2;13;6;0;0;0;17;20;0;0;0
020600011;2;13;28;0;0;0;17;29;0;0;0
020600012;2;13;26;0;0;0;17;25;0;0;0
020600014;2;13;29;0;0;0;17;32;0;0;1
020600015;2;13;28;0;0;1;17;26;0;0;0
020600016;2;13;8;0;0;0;17;17;0;0;0
020600017;2;13;206;0;0;0;17;99;0;0;0
020600018;2;13;192;0;0;10;17;111;0;0;1
020600019;2;13;13;0;0;0;17;11;0;0;0
020600020;2;13;13;0;0;0;17;30;0;0;0
020600021;2;13;132;0;0;0;17;96;0;0;0
020600022;2;13;130;0;0;1;17;88;0;0;1
020600023;2;13;69;0;0;0;17;85;0;0;0
020600024;2;13;73;0;0;0;17;104;0;0;0
020600025;2;13;18;0;0;1;17;19;0;0;0
020600028;2;13;18;0;0;0;17;25;0;0;1
020600029;2;13;25;0;0;1;17;33;0;0;0
020600030;2;13;113;0;0;1;17;68;0;0;3
020600031;2;13;30;0;0;0;17;24;0;0;0
020600032;2;13;8;0;0;0;17;15;0;0;0
020600033;2;13;17;0;0;0;17;10;0;0;0
020600034;2;13;73;0;0;0;17;44;0;0;0
020600035;2;13;21;0;0;0;17;25;0;0;0
020600037;2;13;20;0;0;0;17;12;0;0;0
020600038;2;13;35;0;0;2;17;30;0;0;0
020600039;2;13;110;0;0;0;17;68;0;0;0
020600040;2;13;250;0;0;7;17;225;0;0;5
020600041;2;13;210;0;0;0;17;99;0;0;0
020600042;2;13;280;0;0;1;17;147;0;0;1
020600043;2;13;131;0;0;0;17;45;0;0;0
020800001;2;13;190;0;0;1;17;127;0;0;4
020800002;2;13;129;0;0;5;17;118;0;0;1
020800003;2;13;116;0;0;7;17;60;0;0;2
020800004;2;13;148;0;0;6;17;154;0;0;2
020800005;2;13;246;0;0;4;17;198;0;0;1
020800006;2;13;174;0;0;2;17;126;0;0;1
020800007;2;13;134;0;0;2;17;73;0;0;1
020800008;2;13;43;0;0;0;17;24;0;0;0
020800009;2;13;61;0;0;0;17;32;0;0;0
020800010;2;13;125;0;0;5;17;66;0;0;4
020800011;2;13;79;0;0;0;17;60;0;0;0
020800012;2;13;81;0;0;0;17;56;0;0;0
020800013;2;13;110;0;0;2;17;99;0;0;0
020800014;2;13;119;0;0;0;17;40;0;0;0
020800015;2;13;148;0;0;2;17;32;0;0;0
020800016;2;13;80;0;0;0;17;62;0;0;1
020800017;2;13;121;0;0;1;17;84;0;0;0
020800018;2;13;84;0;0;2;17;57;0;0;0
020800019;2;13;122;0;0;4;17;116;0;0;3
020800020;2;13;188;0;0;2;17;146;0;0;1
020900001;2;13;221;188;33;0;17;114;97;17;0
020900002;2;13;232;109;123;0;17;105;43;62;0
020900003;2;13;237;170;67;2;17;89;63;26;0
020900004;2;13;232;0;0;5;17;104;0;0;1
020900005;2;13;214;0;0;0;17;125;0;0;0
020900006;2;13;186;0;0;14;17;20;0;0;1
020900007;2;13;246;0;0;1;17;125;0;0;0
020900008;2;13;191;0;0;0;17;93;0;0;0
020900009;2;13;240;0;0;0;17;108;0;0;0
020900010;2;13;180;0;0;0;17;91;0;0;1
020900011;2;13;186;0;0;5;17;88;0;0;0
020900012;2;13;191;0;0;1;17;140;0;0;1
020900013;2;13;284;0;0;4;17;148;0;0;0
020900014;2;13;244;0;0;4;17;116;0;0;2
020900015;2;13;207;0;0;0;17;110;0;0;0
020900016;2;13;136;0;0;0;17;98;0;0;0
020900017;2;13;148;0;0;2;17;101;0;0;1
020900018;2;13;144;0;0;6;17;33;0;0;2
020900019;2;13;207;0;0;0;17;78;0;0;0
020900020;2;13;111;0;0;0;17;32;0;0;0
020900021;2;13;137;0;0;2;17;107;0;0;1
020900022;2;13;193;0;0;2;17;66;0;0;2
020900023;2;13;84;0;0;0;17;30;0;0;0
020900024;2;13;220;0;0;5;17;81;0;0;2
020900025;2;13;122;0;0;0;17;16;0;0;0
020900026;2;13;167;0;0;0;17;108;0;0;0
020900027;2;13;133;0;0;0;17;49;0;0;0
020900028;2;13;87;0;0;0;17;70;0;0;0
020900029;2;13;129;0;0;0;17;36;0;0;0
020900030;2;13;80;0;0;0;17;41;0;0;0
020900031;2;13;31;0;0;0;17;17;0;0;0
020900032;2;13;36;0;0;0;17;21;0;0;0
020900033;2;13;44;0;0;0;17;11;0;0;0
020900034;2;13;40;0;0;0;17;27;0;0;0
020900035;2;13;57;0;0;1;17;17;0;0;0
020900036;2;13;38;0;0;0;17;26;0;0;0
020900037;2;13;30;0;0;0;17;15;0;0;0
020900038;2;13;110;0;0;2;17;59;0;0;1
020900039;2;13;33;0;0;3;17;14;0;0;0
020900040;2;13;49;0;0;0;17;50;0;0;0
020900041;2;13;22;0;0;0;17;14;0;0;0
020900042;2;13;103;0;0;2;17;35;0;0;4
020900043;2;13;85;0;0;0;17;23;0;0;0
020900044;2;13;23;0;0;0;17;19;0;0;0
020900045;2;13;44;0;0;0;17;13;0;0;0
020900046;2;13;272;0;0;0;17;63;0;0;0
020900047;2;13;83;0;0;0;17;31;0;0;0
020900048;2;13;13;0;0;0;17;8;0;0;0
020900049;2;13;42;0;0;0;17;8;0;0;0
020900050;2;13;59;0;0;1;17;10;0;0;0
020900051;2;13;68;0;0;0;17;28;0;0;3
020900052;2;13;35;0;0;0;17;36;0;0;0
020900053;2;13;48;0;0;0;17;32;0;0;0
020900054;2;13;55;0;0;0;17;23;0;0;0
020900055;2;13;64;0;0;0;17;38;0;0;0
020900056;2;13;112;0;0;3;17;60;0;0;6
020900057;2;13;22;0;0;0;17;11;0;0;0
020900058;2;13;32;0;0;0;17;29;0;0;1
020900059;2;13;17;0;0;0;17;5;0;0;0
021200001;2;13;126;0;0;0;17;66;0;0;0
021200002;2;13;214;0;0;0;17;104;0;0;0
021200003;2;13;194;0;0;0;17;94;0;0;0
021200004;2;13;178;0;0;1;17;66;0;0;4
021200005;2;13;23;0;0;0;17;11;0;0;0
021200007;2;13;90;0;0;3;17;59;0;0;2
021200008;2;13;12;0;0;0;17;13;0;0;0
021200009;2;13;20;0;0;0;17;18;0;0;0
021200010;2;13;10;0;0;0;17;11;0;0;0
021200011;2;13;21;0;0;0;17;20;0;0;0
021200012;2;13;23;0;0;2;17;15;0;0;0
021200013;2;13;122;0;0;0;17;59;0;0;2
021200014;2;13;19;0;0;0;17;6;0;0;0
021200016;2;13;14;0;0;0;17;12;0;0;0
021300001;2;13;196;0;0;1;17;126;0;0;1
021300002;2;13;231;0;0;1;17;219;0;0;0
021300003;2;13;323;0;0;1;17;225;0;0;1
021300004;2;13;263;0;0;2;17;231;0;0;2
021300005;2;13;91;0;0;1;17;126;0;0;1
021300006;2;13;294;0;0;4;17;215;0;0;2
021300007;2;13;272;0;0;0;17;254;0;0;0
021300008;2;13;11;0;0;0;17;11;0;0;0
021300009;2;13;127;0;0;1;17;137;0;0;2
021300010;2;13;33;0;0;2;17;14;0;0;1
021300011;2;13;9;0;0;0;17;10;0;0;0
021300012;2;13;149;0;0;0;17;134;0;0;0
021300013;2;13;160;0;0;0;17;138;0;0;0
021300014;2;13;21;0;0;0;17;21;0;0;0
021300015;2;13;91;0;0;4;17;56;0;0;0
021300016;2;13;89;0;0;1;17;70;0;0;2
021300017;2;13;64;0;0;0;17;57;0;0;0
021300018;2;13;56;0;0;1;17;91;0;0;2
021300019;2;13;28;0;0;3;17;28;0;0;0
021500001;2;13;179;0;0;2;17;97;0;0;0
021500002;2;13;180;0;0;0;17;113;0;0;0
021500003;2;13;171;0;0;1;17;71;0;0;0
021500004;2;13;202;0;0;0;17;140;0;0;0
021500005;2;13;213;0;0;0;17;176;0;0;0
021500006;2;13;236;0;0;0;17;166;0;0;0
021500007;2;13;197;0;0;0;17;107;0;0;0
021500008;2;13;222;0;0;1;17;108;0;0;2
021500009;2;13;275;0;0;0;17;171;0;0;0
021500010;2;13;248;0;0;0;17;147;0;0;0
021500011;2;13;265;0;0;0;17;168;0;0;0
021500012;2;13;129;0;0;0;17;116;0;0;0
021500013;2;13;143;0;0;0;17;130;0;0;0
021500014;2;13;70;0;0;0;17;29;0;0;0
021500015;2;13;224;0;0;0;17;114;0;0;2
021500016;2;13;226;0;0;0;17;160;0;0;0
021500017;2;13;243;0;0;0;17;150;0;0;0
021500018;2;13;207;0;0;0;17;40;0;0;0
021500019;2;13;165;0;0;0;17;46;0;0;0
021500020;2;13;175;0;0;5;17;58;0;0;2
021500021;2;13;157;0;0;0;17;75;0;0;0
021500022;2;13;177;0;0;0;17;118;0;0;0
021500023;2;13;228;0;0;1;17;111;0;0;0
021500024;2;13;278;0;0;1;17;143;0;0;1
021500025;2;13;31;0;0;0;17;12;0;0;0
021500026;2;13;26;0;0;0;17;15;0;0;0
021500027;2;13;187;0;0;1;17;83;0;0;0
021500028;2;13;183;0;0;4;17;33;0;0;1
021500029;2;13;43;0;0;0;17;10;0;0;0
021500030;2;13;152;0;0;1;17;174;0;0;1
021500031;2;13;142;0;0;1;17;124;0;0;0
021500032;2;13;183;0;0;0;17;50;0;0;0
021500033;2;13;243;0;0;0;17;46;0;0;0
021500034;2;13;130;0;0;1;17;99;0;0;0
021500035;2;13;187;0;0;1;17;114;0;0;0
021500036;2;13;173;0;0;6;17;142;0;0;1
021500037;2;13;7;0;0;0;17;4;0;0;0
021700001;2;13;22;0;0;1;17;25;0;0;1
021700002;2;13;130;0;0;0;17;150;0;0;1
021700003;2;13;125;0;0;1;17;99;0;0;0
021700004;2;13;120;0;0;2;17;119;0;0;0
021700005;2;13;131;0;0;0;17;105;0;0;0
021700006;2;13;161;0;0;7;17;36;0;0;1
021700007;2;13;108;0;0;2;17;32;0;0;1
021700008;2;13;194;0;0;1;17;60;0;0;1
021700009;2;13;294;0;0;0;17;29;0;0;0
021700010;2;13;131;0;0;0;17;51;0;0;0
021700011;2;13;211;0;0;0;17;47;0;0;0
021700012;2;13;86;0;0;1;17;103;0;0;3
021700013;2;13;77;0;0;0;17;65;0;0;0
021700014;2;13;153;0;0;5;17;110;0;0;3
021700015;2;13;134;0;0;3;17;71;0;0;0
021700016;2;13;213;0;0;0;17;120;0;0;0
021700017;2;13;185;0;0;0;17;126;0;0;0
021700018;2;13;227;0;0;1;17;159;0;0;0
021700019;2;13;141;0;0;0;17;105;0;0;1
021700020;2;13;148;0;0;1;17;143;0;0;1
021700021;2;13;111;0;0;0;17;126;0;0;0
021700022;2;13;178;0;0;3;17;116;0;0;1
021700023;2;13;158;0;0;1;17;113;0;0;0
021700024;2;13;193;0;0;3;17;162;0;0;0
021700025;2;13;249;0;0;4;17;202;0;0;1
021700026;2;13;173;0;0;0;17;147;0;0;0
021700027;2;13;65;0;0;0;17;65;0;0;1
021700028;2;13;162;0;0;0;17;126;0;0;0
021700029;2;13;247;0;0;0;17;161;0;0;1
021700030;2;13;152;0;0;0;17;96;0;0;0
021700031;2;13;188;0;0;0;17;109;0;0;0
021700032;2;13;213;0;0;0;17;49;0;0;0
021700033;2;13;159;0;0;0;17;91;0;0;0
021700034;2;13;52;0;0;0;17;54;0;0;2
021700035;2;13;81;0;0;0;17;32;0;0;0
021700036;2;13;108;0;0;0;17;116;0;0;0
021700037;2;13;191;0;0;1;17;110;0;0;1
021700038;2;13;181;0;0;0;17;139;0;0;0
021700039;2;13;185;0;0;2;17;112;0;0;0
021700040;2;13;187;0;0;3;17;63;0;0;0
021700041;2;13;84;0;0;0;17;35;0;0;0
021700042;2;13;8;0;0;2;17;33;0;0;1
021700043;2;13;138;0;0;0;17;200;0;0;0
021700044;2;13;308;0;0;3;17;86;0;0;4
021700045;2;13;171;0;0;2;17;53;0;0;2
021700046;2;13;185;0;0;2;17;92;0;0;1
021700047;2;13;93;0;0;1;17;41;0;0;0
021700048;2;13;16;0;0;0;17;2;0;0;1
021700049;2;13;64;0;0;0;17;55;0;0;0
021700051;2;13;146;0;0;1;17;93;0;0;1
021700052;2;13;44;0;0;0;17;24;0;0;0
021700053;2;13;8;0;0;0;17;5;0;0;0
021800001;2;13;95;0;0;1;17;63;0;0;6
021800002;2;13;254;0;0;0;17;57;0;0;0
021800003;2;13;196;0;0;2;17;81;0;0;3
021800004;2;13;278;0;0;0;17;18;0;0;0
021800005;2;13;79;0;0;3;17;49;0;0;1
021800006;2;13;286;0;0;0;17;79;0;0;0
021800007;2;13;317;0;0;0;17;106;0;0;0
021800008;2;13;253;0;0;0;17;134;0;0;0
021800009;2;13;150;0;0;0;17;81;0;0;0
021800010;2;13;121;0;0;0;17;26;0;0;0
021800011;2;13;222;0;0;7;17;112;0;0;2
021800012;2;13;287;0;0;0;17;28;0;0;0
021800013;2;13;586;0;0;0;17;126;0;0;0
021800015;2;13;111;0;0;0;17;30;0;0;0
021800016;2;13;224;0;0;0;17;50;0;0;0
021800017;2;13;143;0;0;0;17;73;0;0;0
021800018;2;13;174;0;0;0;17;158;0;0;0
021800019;2;13;138;0;0;3;17;148;0;0;5
021800020;2;13;82;0;0;1;17;72;0;0;2
021800021;2;13;143;0;0;0;17;180;0;0;0
021800022;2;13;267;0;0;0;17;74;0;0;0
021800023;2;13;352;0;0;0;17;47;0;0;0
021800024;2;13;149;0;0;0;17;58;0;0;0
021800025;2;13;241;0;0;0;17;34;0;0;0
021800026;2;13;171;0;0;0;17;81;0;0;0
021800027;2;13;223;0;0;5;17;100;0;0;0
021800028;2;13;199;0;0;2;17;105;0;0;0
021800029;2;13;359;0;0;0;17;105;0;0;0
021800030;2;13;149;0;0;0;17;245;0;0;0
021800031;2;13;249;0;0;2;17;16;0;0;0
021800032;2;13;121;0;0;0;17;25;0;0;1
021800033;2;13;170;0;0;1;17;55;0;0;2
021800034;2;13;220;0;0;4;17;77;0;0;1
021800035;2;13;128;0;0;3;17;37;0;0;1
021800036;2;13;146;0;0;3;17;80;0;0;9
021800037;2;13;215;0;0;1;17;89;0;0;2
021800038;2;13;210;0;0;0;17;13;0;0;0
021800039;2;13;419;0;0;5;17;189;0;0;1
021800041;2;13;209;0;0;2;17;83;0;0;0
021800042;2;13;178;0;0;0;17;44;0;0;0
021800043;2;13;304;0;0;3;17;64;0;0;1
021800044;2;13;187;0;0;0;17;57;0;0;0
021800045;2;13;235;0;0;0;17;69;0;0;1
021800046;2;13;346;0;0;6;17;53;0;0;2
021800047;2;13;213;0;0;0;17;63;0;0;0
021800048;2;13;251;0;0;0;17;98;0;0;0
021800049;2;13;59;0;0;0;17;93;0;0;0
021800051;2;13;251;0;0;8;17;217;0;0;3
021800052;2;13;203;0;0;0;17;51;0;0;0
022100001;2;13;196;0;0;0;17;154;0;0;0
022100002;2;13;155;0;0;1;17;130;0;0;4
022100003;2;13;247;0;0;1;17;212;0;0;0
022100004;2;13;155;0;0;0;17;133;0;0;0
022100005;2;13;296;0;0;0;17;226;0;0;0
022100006;2;13;210;0;0;2;17;168;0;0;2
022100008;2;13;66;0;0;0;17;41;0;0;0
022100009;2;13;161;0;0;1;17;118;0;0;0
022100010;2;13;39;0;0;1;17;33;0;0;0
022100011;2;13;49;0;0;0;17;94;0;0;2
022100012;2;13;183;0;0;7;17;76;0;0;0
022100013;2;13;129;0;0;1;17;104;0;0;3
022100015;2;13;60;0;0;1;17;86;0;0;2
022100016;2;13;239;0;0;4;17;157;0;0;0
022100017;2;13;36;0;0;0;17;54;0;0;1
022100018;2;13;190;0;0;0;17;208;0;0;0
022100019;2;13;165;0;0;4;17;133;0;0;0
022100020;2;13;262;0;0;0;17;155;0;0;0
022100021;2;13;110;0;0;2;17;119;0;0;3
022100022;2;13;299;0;0;0;17;226;0;0;0
022100023;2;13;274;0;0;4;17;205;0;0;3
022300001;2;13;171;0;0;3;17;81;0;0;0
022300002;2;13;162;0;0;0;17;74;0;0;0
022300003;2;13;207;0;0;1;17;89;0;0;0
022300004;2;13;198;0;0;11;17;55;0;0;3
022300005;2;13;28;0;0;3;17;21;0;0;1
022300006;2;13;25;0;0;0;17;22;0;0;0
022300007;2;13;32;0;0;0;17;25;0;0;0
022300008;2;13;114;0;0;0;17;43;0;0;0
022300009;2;13;54;0;0;3;17;20;0;0;1
022300010;2;13;37;0;0;0;17;11;0;0;0
022300011;2;13;102;0;0;1;17;29;0;0;0
022300012;2;13;198;0;0;2;17;57;0;0;1
022300013;2;13;27;0;0;0;17;12;0;0;0
022300014;2;13;26;0;0;0;17;7;0;0;0
022300015;2;13;47;0;0;0;17;16;0;0;0
022300016;2;13;23;0;0;0;17;12;0;0;0
022300017;2;13;143;0;0;0;17;40;0;0;0
022300018;2;13;125;0;0;2;17;27;0;0;2
022300019;2;13;239;0;0;0;17;107;0;0;0
022300020;2;13;269;0;0;0;17;47;0;0;0
022300021;2;13;240;0;0;0;17;44;0;0;0
022300022;2;13;167;0;0;3;17;61;0;0;3
022300023;2;13;201;0;0;1;17;75;0;0;1
022300024;2;13;57;0;0;0;17;29;0;0;0
022300025;2;13;202;0;0;5;17;66;0;0;1
022300026;2;13;31;0;0;1;17;27;0;0;2
022300027;2;13;240;0;0;0;17;137;0;0;0
022300028;2;13;24;0;0;0;17;17;0;0;0
022300029;2;13;106;0;0;2;17;81;0;0;0
022300030;2;13;179;0;0;3;17;32;0;0;1
022700001;2;13;241;0;0;1;17;198;0;0;1
022700002;2;13;238;0;0;0;17;305;0;0;0
022700003;2;13;235;0;0;0;17;238;0;0;0
022700004;2;13;151;0;0;0;17;357;0;0;1
022700005;2;13;38;0;0;0;17;42;0;0;0
022700006;2;13;171;0;0;2;17;178;0;0;2
022700007;2;13;8;0;0;0;17;21;0;0;0
022700008;2;13;233;0;0;2;17;237;0;0;0
022700009;2;13;124;0;0;0;17;218;0;0;0
030100001;3;13;171;0;0;2;17;176;0;0;2
030100002;3;13;161;0;0;3;17;117;0;0;2
030100003;3;13;198;0;0;0;17;162;0;0;2
030100004;3;13;39;0;0;0;17;54;0;0;1
030100005;3;13;110;0;0;0;17;80;0;0;0
030100006;3;13;163;0;0;1;17;83;0;0;0
030100007;3;13;83;0;0;0;17;82;0;0;2
030100008;3;13;56;0;0;0;17;33;0;0;0
030100009;3;13;84;0;0;1;17;76;0;0;1
030100010;3;13;15;0;0;0;17;34;0;0;0
030100011;3;13;214;0;0;1;17;175;0;0;1
030100012;3;13;42;0;0;0;17;66;0;0;0
030100013;3;13;92;0;0;3;17;56;0;0;0
030100014;3;13;219;0;0;2;17;134;0;0;4
030100015;3;13;143;0;0;0;17;93;0;0;0
030100016;3;13;202;0;0;1;17;193;0;0;5
030100017;3;13;31;0;0;1;17;13;0;0;4
030200001;3;13;235;0;0;4;17;200;0;0;1
030200002;3;13;347;0;0;0;17;189;0;0;0
030200003;3;13;324;0;0;0;17;209;0;0;1
030200004;3;13;272;0;0;5;17;205;0;0;1
030200005;3;13;244;123;121;0;17;148;60;88;0
030200006;3;13;229;129;100;1;17;188;94;94;1
030200007;3;13;313;0;0;0;17;195;0;0;0
030200008;3;13;98;0;0;1;17;261;0;0;2
030200009;3;13;197;0;0;0;17;233;0;0;11
030200010;3;13;52;0;0;0;17;53;0;0;0
030200011;3;13;19;0;0;0;17;63;0;0;0
030200012;3;13;121;0;0;0;17;83;0;0;0
030200013;3;13;185;0;0;2;17;58;0;0;0
030200014;3;13;121;0;0;4;17;86;0;0;3
030200015;3;13;139;0;0;11;17;50;0;0;0
030200016;3;13;107;0;0;4;17;66;0;0;3
030200017;3;13;154;0;0;1;17;142;0;0;2
030200018;3;13;55;0;0;1;17;57;0;0;1
030200019;3;13;223;0;0;2;17;183;0;0;5
030200020;3;13;73;0;0;1;17;99;0;0;0
030200021;3;13;61;0;0;1;17;66;0;0;0
030200022;3;13;113;0;0;3;17;108;0;0;0
030200023;3;13;18;0;0;0;17;65;0;0;0
030200024;3;13;55;0;0;0;17;54;0;0;0
030200025;3;13;106;0;0;2;17;83;0;0;0
030200026;3;13;93;0;0;1;17;74;0;0;0
030200027;3;13;66;0;0;0;17;44;0;0;0
030200028;3;13;25;0;0;0;17;48;0;0;0
030200029;3;13;36;0;0;1;17;42;0;0;0
030200030;3;13;13;0;0;0;17;14;0;0;0
030200031;3;13;315;0;0;1;17;213;0;0;2
030200032;3;13;31;0;0;0;17;103;0;0;0
030200033;3;13;24;0;0;1;17;26;0;0;1
030400001;3;13;191;0;0;5;17;53;0;0;0
030400002;3;13;238;0;0;0;17;97;0;0;0
030400003;3;13;266;0;0;1;17;138;0;0;0
030400004;3;13;246;0;0;0;17;134;0;0;0
030400005;3;13;224;0;0;0;17;144;0;0;0
030400006;3;13;162;0;0;1;17;97;0;0;0
030400007;3;13;190;0;0;2;17;144;0;0;4
030400008;3;13;177;0;0;0;17;119;0;0;0
030400009;3;13;121;0;0;3;17;61;0;0;0
030400010;3;13;161;0;0;0;17;76;0;0;0
030400011;3;13;135;0;0;0;17;78;0;0;1
030400012;3;13;210;0;0;0;17;160;0;0;0
030400013;3;13;181;0;0;0;17;88;0;0;0
030400014;3;13;272;0;0;1;17;85;0;0;1
030500001;3;13;277;0;0;0;17;179;0;0;0
030500002;3;13;299;0;0;2;17;136;0;0;0
030500003;3;13;18;0;0;0;17;27;0;0;0
030500004;3;13;119;0;0;1;17;15;0;0;0
030500005;3;13;107;0;0;0;17;47;0;0;0
030500006;3;13;95;0;0;1;17;26;0;0;1
030600378;3;13;192;0;0;0;17;154;0;0;0
030600379;3;13;162;0;0;2;17;86;0;0;3
030600380;3;13;211;0;0;2;17;114;0;0;0
030600381;3;13;192;0;0;0;17;141;0;0;0
030600382;3;13;104;0;0;0;17;63;0;0;0
030600383;3;13;119;0;0;4;17;109;0;0;3
030600384;3;13;53;0;0;0;17;231;0;0;0
030600385;3;13;68;0;0;0;17;184;0;0;4
030600386;3;13;209;0;0;4;17;231;0;0;4
030600387;3;13;272;0;0;0;17;159;0;0;0
030601001;3;13;156;0;0;0;17;118;0;0;0
030601002;3;13;145;0;0;0;17;180;0;0;0
030601003;3;13;219;0;0;1;17;205;0;0;0
030601004;3;13;167;0;0;0;17;171;0;0;1
030601005;3;13;182;0;0;0;17;130;0;0;0
030601006;3;13;132;0;0;2;17;143;0;0;0
030601007;3;13;148;0;0;2;17;159;0;0;2
030601008;3;13;120;67;53;0;17;113;59;54;0
030601009;3;13;118;68;50;1;17;125;69;56;0
030601010;3;13;136;105;31;0;17;137;97;40;0
030601011;3;13;183;117;66;2;17;151;86;65;1
030601012;3;13;142;59;83;0;17;154;57;97;0
030601013;3;13;194;0;0;3;17;141;0;0;0
030601014;3;13;137;0;0;0;17;154;0;0;0
030601015;3;13;158;0;0;0;17;152;0;0;0
030601016;3;13;200;0;0;0;17;163;0;0;0
030601017;3;13;188;0;0;0;17;231;0;0;0
030601018;3;13;233;0;0;0;17;214;0;0;0
030601019;3;13;236;0;0;1;17;157;0;0;0
030601020;3;13;244;0;0;0;17;177;0;0;0
030601021;3;13;198;0;0;0;17;200;0;0;0
030601022;3;13;183;0;0;3;17;147;0;0;2
030601023;3;13;231;0;0;3;17;203;0;0;1
030601024;3;13;216;0;0;0;17;173;0;0;0
030601025;3;13;173;0;0;0;17;169;0;0;0
030601026;3;13;238;0;0;2;17;178;0;0;3
030601027;3;13;182;0;0;2;17;191;0;0;2
030601028;3;13;208;0;0;0;17;212;0;0;0
030601029;3;13;187;0;0;0;17;152;0;0;0
030601030;3;13;260;0;0;0;17;159;0;0;0
030601031;3;13;159;0;0;0;17;127;0;0;0
030601032;3;13;226;0;0;0;17;211;0;0;0
030601033;3;13;178;0;0;0;17;131;0;0;0
030601034;3;13;156;0;0;0;17;175;0;0;0
030601035;3;13;165;0;0;0;17;163;0;0;0
030601036;3;13;135;0;0;1;17;123;0;0;0
030601037;3;13;198;0;0;3;17;136;0;0;1
030601038;3;13;180;0;0;5;17;188;0;0;2
030601039;3;13;238;0;0;5;17;173;0;0;0
030601040;3;13;137;0;0;0;17;154;0;0;0
030601041;3;13;133;95;38;0;17;161;102;59;0
030601042;3;13;186;111;75;2;17;214;110;104;0
030601043;3;13;164;0;0;0;17;184;0;0;0
030601044;3;13;223;157;66;0;17;148;92;56;0
030601045;3;13;185;84;101;0;17;169;92;77;0
030601046;3;13;239;0;0;0;17;213;0;0;0
030601047;3;13;236;0;0;1;17;238;0;0;0
030601048;3;13;256;0;0;0;17;242;0;0;0
030601049;3;13;244;0;0;2;17;180;0;0;2
030601050;3;13;260;0;0;2;17;233;0;0;0
030601051;3;13;214;0;0;2;17;208;0;0;1
030601052;3;13;212;0;0;0;17;193;0;0;0
030601053;3;13;165;0;0;0;17;208;0;0;0
030601054;3;13;222;0;0;0;17;179;0;0;0
030601055;3;13;228;0;0;0;17;215;0;0;2
030601056;3;13;224;0;0;2;17;195;0;0;3
030601057;3;13;193;0;0;2;17;186;0;0;0
030601058;3;13;220;0;0;0;17;171;0;0;0
030601059;3;13;236;0;0;1;17;227;0;0;1
030601060;3;13;247;0;0;3;17;231;0;0;3
030601061;3;13;234;0;0;2;17;195;0;0;3
030601062;3;13;243;0;0;0;17;160;0;0;0
030601063;3;13;211;0;0;1;17;207;0;0;1
030601064;3;13;206;0;0;1;17;225;0;0;0
030601065;3;13;237;0;0;0;17;234;0;0;0
030601066;3;13;202;0;0;0;17;160;0;0;0
030601067;3;13;187;0;0;1;17;175;0;0;2
030601068;3;13;223;0;0;1;17;207;0;0;0
030601069;3;13;176;0;0;1;17;168;0;0;1
030601070;3;13;230;0;0;0;17;167;0;0;0
030601071;3;13;180;0;0;0;17;163;0;0;0
030601072;3;13;180;0;0;0;17;119;0;0;0
030601073;3;13;86;0;0;0;17;61;0;0;0
030601074;3;13;73;0;0;0;17;46;0;0;0
030601075;3;13;56;0;0;0;17;48;0;0;0
030601076;3;13;57;0;0;0;17;86;0;0;0
030601077;3;13;167;0;0;0;17;124;0;0;0
030601078;3;13;171;0;0;0;17;171;0;0;0
030601079;3;13;229;0;0;4;17;170;0;0;3
030601080;3;13;196;0;0;0;17;193;0;0;0
030601081;3;13;224;0;0;0;17;146;0;0;0
030601082;3;13;195;0;0;0;17;158;0;0;0
030601083;3;13;174;0;0;0;17;159;0;0;0
030601084;3;13;209;0;0;0;17;207;0;0;0
030601085;3;13;194;0;0;0;17;151;0;0;0
030601086;3;13;138;0;0;0;17;115;0;0;0
030602087;3;13;176;0;0;1;17;218;0;0;1
030602088;3;13;229;0;0;1;17;117;0;0;1
030602089;3;13;179;0;0;0;17;130;0;0;0
030602090;3;13;157;0;0;3;17;136;0;0;1
030602091;3;13;218;0;0;0;17;222;0;0;0
030602092;3;13;206;0;0;0;17;175;0;0;0
030602093;3;13;249;0;0;2;17;187;0;0;1
030602094;3;13;247;0;0;0;17;229;0;0;0
030602095;3;13;248;0;0;2;17;207;0;0;1
030602096;3;13;238;0;0;0;17;195;0;0;0
030602097;3;13;241;0;0;0;17;174;0;0;0
030602098;3;13;390;0;0;0;17;211;0;0;0
030602099;3;13;210;0;0;0;17;185;0;0;0
030602100;3;13;267;0;0;0;17;124;0;0;0
030602101;3;13;177;0;0;3;17;101;0;0;0
030602102;3;13;141;0;0;0;17;162;0;0;0
030602103;3;13;236;0;0;0;17;179;0;0;0
030602104;3;13;190;0;0;1;17;171;0;0;2
030602105;3;13;212;0;0;0;17;173;0;0;0
030602106;3;13;124;0;0;0;17;49;0;0;0
030602107;3;13;219;170;49;0;17;174;133;41;0
030602108;3;13;241;164;77;0;17;144;78;66;0
030602109;3;13;265;221;44;0;17;182;153;29;0
030602110;3;13;230;167;63;1;17;189;120;69;1
030602111;3;13;235;153;82;2;17;170;107;63;2
030602112;3;13;227;0;0;0;17;157;0;0;0
030602113;3;13;198;0;0;0;17;193;0;0;0
030602114;3;13;147;0;0;0;17;127;0;0;0
030602115;3;13;217;0;0;0;17;196;0;0;0
030602116;3;13;197;0;0;1;17;172;0;0;3
030602117;3;13;236;0;0;0;17;174;0;0;0
030602118;3;13;239;0;0;0;17;178;0;0;0
030602119;3;13;266;0;0;0;17;137;0;0;0
030602120;3;13;202;0;0;0;17;212;0;0;0
030602121;3;13;225;0;0;0;17;184;0;0;2
030602122;3;13;209;0;0;0;17;200;0;0;0
030602123;3;13;243;0;0;0;17;198;0;0;0
030602124;3;13;243;0;0;0;17;172;0;0;0
030602125;3;13;214;0;0;3;17;190;0;0;3
030602126;3;13;208;0;0;0;17;196;0;0;0
030602127;3;13;184;0;0;0;17;147;0;0;0
030602128;3;13;198;0;0;2;17;152;0;0;3
030602129;3;13;238;0;0;0;17;176;0;0;0
030602130;3;13;227;0;0;0;17;232;0;0;0
030602131;3;13;283;0;0;3;17;215;0;0;0
030602132;3;13;270;0;0;1;17;214;0;0;0
030602133;3;13;199;0;0;0;17;166;0;0;0
030602134;3;13;257;0;0;0;17;176;0;0;0
030602135;3;13;198;0;0;0;17;202;0;0;0
030602136;3;13;197;0;0;0;17;146;0;0;2
030602137;3;13;261;0;0;0;17;213;0;0;2
030602138;3;13;253;0;0;0;17;204;0;0;0
030602139;3;13;280;0;0;3;17;169;0;0;0
030602140;3;13;267;0;0;2;17;207;0;0;0
030602141;3;13;249;0;0;0;17;207;0;0;0
030602142;3;13;230;0;0;0;17;224;0;0;0
030602143;3;13;209;0;0;0;17;116;0;0;0
030602144;3;13;250;0;0;0;17;155;0;0;0
030602145;3;13;182;0;0;0;17;153;0;0;0
030602146;3;13;228;0;0;5;17;183;0;0;3
030602147;3;13;240;0;0;0;17;181;0;0;0
030602148;3;13;192;0;0;1;17;172;0;0;3
030602149;3;13;188;0;0;0;17;161;0;0;0
030602150;3;13;230;0;0;0;17;142;0;0;0
030602151;3;13;212;0;0;0;17;224;0;0;0
030602152;3;13;227;0;0;0;17;196;0;0;0
030602153;3;13;202;0;0;0;17;145;0;0;0
030602154;3;13;237;0;0;0;17;186;0;0;0
030602155;3;13;162;0;0;0;17;133;0;0;0
030602156;3;13;185;0;0;1;17;133;0;0;4
030602157;3;13;212;0;0;0;17;133;0;0;0
030602158;3;13;188;0;0;2;17;129;0;0;0
030602159;3;13;206;0;0;3;17;135;0;0;2
030602160;3;13;160;0;0;2;17;124;0;0;4
030602161;3;13;194;0;0;2;17;118;0;0;1
030602162;3;13;235;0;0;3;17;129;0;0;0
030602163;3;13;183;0;0;0;17;145;0;0;0
030602164;3;13;179;0;0;0;17;165;0;0;0
030602165;3;13;229;0;0;1;17;187;0;0;0
030602166;3;13;208;0;0;0;17;147;0;0;0
030602167;3;13;184;0;0;0;17;143;0;0;0
030602168;3;13;213;0;0;2;17;134;0;0;3
030602169;3;13;236;0;0;0;17;168;0;0;0
030602170;3;13;241;0;0;0;17;152;0;0;0
030602171;3;13;228;0;0;3;17;190;0;0;2
030602172;3;13;220;0;0;6;17;199;0;0;4
030602173;3;13;112;0;0;2;17;139;0;0;4
030602174;3;13;149;0;0;0;17;130;0;0;0
030602175;3;13;105;0;0;2;17;135;0;0;1
030602176;3;13;199;0;0;3;17;220;0;0;0
030602177;3;13;246;0;0;1;17;195;0;0;1
030602178;3;13;183;0;0;0;17;177;0;0;0
030602179;3;13;169;0;0;0;17;192;0;0;0
030602180;3;13;177;0;0;0;17;212;0;0;0
030602181;3;13;203;0;0;2;17;187;0;0;2
030602182;3;13;244;0;0;6;17;185;0;0;1
030602183;3;13;230;0;0;0;17;191;0;0;1
030602184;3;13;250;0;0;1;17;207;0;0;0
030602185;3;13;102;0;0;0;17;83;0;0;1
030602186;3;13;164;0;0;0;17;107;0;0;0
030602187;3;13;197;0;0;2;17;164;0;0;1
030602188;3;13;238;0;0;3;17;187;0;0;0
030602189;3;13;208;0;0;2;17;199;0;0;0
030602190;3;13;123;0;0;0;17;122;0;0;0
030602191;3;13;112;0;0;5;17;101;0;0;5
030602388;3;13;114;0;0;4;17;115;0;0;1
030602389;3;13;141;0;0;0;17;92;0;0;0
030602390;3;13;119;0;0;0;17;105;0;0;0
030602391;3;13;119;0;0;0;17;119;0;0;0
030602392;3;13;114;0;0;0;17;109;0;0;0
030602393;3;13;26;0;0;3;17;107;0;0;1
030602394;3;13;27;0;0;2;17;16;0;0;0
030602395;3;13;171;0;0;1;17;102;0;0;0
030602396;3;13;53;0;0;1;17;29;0;0;1
030602397;3;13;54;0;0;0;17;54;0;0;0
030602398;3;13;19;0;0;0;17;19;0;0;0
030603192;3;13;317;0;0;0;17;166;0;0;0
030603193;3;13;233;0;0;0;17;187;0;0;0
030603194;3;13;189;0;0;0;17;150;0;0;2
030603195;3;13;277;0;0;0;17;168;0;0;0
030603196;3;13;219;0;0;4;17;153;0;0;1
030603197;3;13;191;0;0;0;17;177;0;0;0
030603198;3;13;174;0;0;0;17;158;0;0;0
030603199;3;13;267;0;0;0;17;166;0;0;0
030603200;3;13;250;0;0;4;17;164;0;0;1
030603201;3;13;222;0;0;0;17;195;0;0;0
030603202;3;13;243;0;0;0;17;181;0;0;0
030603203;3;13;212;0;0;3;17;150;0;0;2
030603204;3;13;218;0;0;0;17;166;0;0;0
030603205;3;13;221;0;0;0;17;209;0;0;0
030603206;3;13;223;0;0;0;17;168;0;0;0
030603207;3;13;188;0;0;0;17;164;0;0;0
030603208;3;13;212;0;0;2;17;170;0;0;1
030603209;3;13;269;0;0;0;17;187;0;0;0
030603210;3;13;187;0;0;0;17;165;0;0;0
030603211;3;13;172;0;0;0;17;154;0;0;0
030603212;3;13;209;0;0;0;17;162;0;0;0
030603213;3;13;201;0;0;0;17;150;0;0;1
030603214;3;13;170;0;0;0;17;132;0;0;0
030603215;3;13;315;0;0;0;17;182;0;0;0
030603216;3;13;194;0;0;1;17;106;0;0;2
030603217;3;13;144;0;0;1;17;125;0;0;0
030603218;3;13;211;0;0;2;17;209;0;0;1
030603219;3;13;151;0;0;0;17;101;0;0;0
030603220;3;13;165;0;0;0;17;110;0;0;0
030603221;3;13;165;0;0;6;17;145;0;0;1
030603222;3;13;111;0;0;0;17;91;0;0;0
030603223;3;13;114;0;0;0;17;106;0;0;0
030603224;3;13;136;0;0;2;17;97;0;0;1
030603225;3;13;111;0;0;0;17;81;0;0;1
030603226;3;13;148;0;0;0;17;125;0;0;1
030603227;3;13;185;0;0;2;17;112;0;0;1
030603228;3;13;228;0;0;0;17;121;0;0;0
030603229;3;13;144;0;0;0;17;86;0;0;0
030603230;3;13;194;0;0;3;17;147;0;0;0
030603231;3;13;196;0;0;0;17;128;0;0;0
030603232;3;13;175;0;0;0;17;135;0;0;0
030603233;3;13;223;0;0;0;17;147;0;0;0
030603234;3;13;174;0;0;2;17;140;0;0;0
030603235;3;13;152;0;0;0;17;120;0;0;0
030603236;3;13;161;0;0;4;17;100;0;0;1
030603237;3;13;236;0;0;4;17;202;0;0;1
030603238;3;13;226;0;0;0;17;195;0;0;1
030603239;3;13;184;0;0;2;17;211;0;0;2
030603240;3;13;247;0;0;1;17;139;0;0;2
030603241;3;13;225;0;0;0;17;141;0;0;0
030603242;3;13;214;0;0;4;17;158;0;0;5
030603243;3;13;242;0;0;0;17;176;0;0;0
030603244;3;13;221;0;0;0;17;164;0;0;0
030603245;3;13;233;0;0;0;17;169;0;0;0
030603246;3;13;145;0;0;0;17;116;0;0;0
030603247;3;13;109;0;0;0;17;90;0;0;0
030603248;3;13;257;0;0;0;17;134;0;0;0
030603249;3;13;135;0;0;2;17;85;0;0;1
030603250;3;13;203;0;0;1;17;146;0;0;4
030603251;3;13;241;0;0;2;17;165;0;0;1
030603252;3;13;160;0;0;0;17;86;0;0;0
030603253;3;13;223;0;0;0;17;126;0;0;0
030603254;3;13;150;0;0;0;17;87;0;0;0
030603255;3;13;148;0;0;0;17;94;0;0;0
030603256;3;13;174;0;0;0;17;98;0;0;0
030603257;3;13;173;0;0;0;17;125;0;0;0
030603258;3;13;275;0;0;0;17;154;0;0;0
030603259;3;13;159;0;0;3;17;138;0;0;0
030603260;3;13;184;0;0;0;17;142;0;0;0
030603261;3;13;264;0;0;0;17;182;0;0;0
030603262;3;13;231;0;0;0;17;175;0;0;0
030603263;3;13;238;0;0;0;17;124;0;0;0
030603264;3;13;194;0;0;1;17;150;0;0;0
030603265;3;13;93;0;0;0;17;61;0;0;0
030603266;3;13;240;0;0;0;17;199;0;0;0
030603267;3;13;185;0;0;0;17;144;0;0;0
030603268;3;13;179;0;0;2;17;186;0;0;0
030603269;3;13;135;0;0;3;17;138;0;0;3
030603270;3;13;137;0;0;3;17;107;0;0;0
030603271;3;13;204;0;0;0;17;200;0;0;0
030603272;3;13;144;0;0;2;17;112;0;0;1
030603273;3;13;87;0;0;0;17;76;0;0;0
030603274;3;13;145;0;0;0;17;149;0;0;0
030603275;3;13;129;0;0;1;17;93;0;0;1
030603276;3;13;98;0;0;4;17;87;0;0;2
030603277;3;13;226;0;0;0;17;139;0;0;0
030603278;3;13;166;0;0;1;17;149;0;0;1
030603279;3;13;162;0;0;3;17;134;0;0;7
030603280;3;13;74;0;0;2;17;67;0;0;1
030603281;3;13;209;0;0;0;17;225;0;0;0
030603282;3;13;181;0;0;5;17;156;0;0;1
030603283;3;13;169;0;0;0;17;140;0;0;0
030603284;3;13;184;0;0;2;17;172;0;0;0
030603285;3;13;154;0;0;0;17;177;0;0;0
030603286;3;13;95;0;0;0;17;74;0;0;0
030603287;3;13;134;0;0;1;17;90;0;0;1
030603288;3;13;160;0;0;2;17;138;0;0;1
030603289;3;13;108;0;0;2;17;89;0;0;0
030603290;3;13;216;0;0;0;17;133;0;0;2
030603401;3;13;38;0;0;0;17;14;0;0;0
030603402;3;13;25;0;0;0;17;4;0;0;0
030604291;3;13;120;0;0;0;17;113;0;0;0
030604292;3;13;144;0;0;1;17;120;0;0;2
030604293;3;13;147;0;0;1;17;121;0;0;2
030604294;3;13;176;0;0;0;17;184;0;0;5
030604295;3;13;100;0;0;2;17;123;0;0;2
030604296;3;13;125;0;0;1;17;110;0;0;0
030604297;3;13;171;0;0;4;17;144;0;0;1
030604298;3;13;55;0;0;1;17;64;0;0;1
030604299;3;13;165;0;0;3;17;132;0;0;3
030604300;3;13;66;0;0;3;17;96;0;0;0
030604301;3;13;177;0;0;0;17;127;0;0;0
030604302;3;13;142;0;0;0;17;125;0;0;0
030604303;3;13;115;0;0;2;17;57;0;0;2
030604304;3;13;198;0;0;1;17;115;0;0;2
030604305;3;13;115;0;0;0;17;85;0;0;0
030604306;3;13;104;0;0;0;17;72;0;0;0
030604307;3;13;171;0;0;0;17;136;0;0;0
030604308;3;13;18;0;0;1;17;51;0;0;1
030604309;3;13;179;0;0;1;17;164;0;0;0
030604310;3;13;201;0;0;1;17;155;0;0;0
030604311;3;13;217;0;0;1;17;176;0;0;5
030604312;3;13;163;0;0;0;17;140;0;0;0
030604313;3;13;223;0;0;0;17;143;0;0;1
030604314;3;13;176;0;0;2;17;146;0;0;0
030604315;3;13;180;0;0;1;17;158;0;0;2
030604316;3;13;161;0;0;0;17;138;0;0;0
030604317;3;13;186;0;0;2;17;133;0;0;2
030604318;3;13;155;0;0;0;17;140;0;0;0
030604319;3;13;151;0;0;1;17;132;0;0;1
030604320;3;13;216;0;0;0;17;116;0;0;0
030604321;3;13;151;0;0;0;17;111;0;0;0
030604322;3;13;147;0;0;1;17;118;0;0;0
030604323;3;13;152;0;0;0;17;121;0;0;2
030604324;3;13;198;0;0;1;17;132;0;0;0
030604325;3;13;149;0;0;2;17;136;0;0;2
030604326;3;13;317;0;0;0;17;143;0;0;0
030604327;3;13;197;0;0;0;17;121;0;0;0
030604328;3;13;100;0;0;0;17;78;0;0;0
030604329;3;13;135;0;0;0;17;102;0;0;0
030604330;3;13;120;0;0;0;17;74;0;0;0
030604331;3;13;110;0;0;1;17;104;0;0;2
030604332;3;13;153;0;0;0;17;127;0;0;0
030604333;3;13;190;0;0;0;17;137;0;0;0
030604334;3;13;128;0;0;0;17;124;0;0;0
030604335;3;13;146;0;0;0;17;70;0;0;0
030604336;3;13;208;0;0;0;17;119;0;0;0
030604337;3;13;119;0;0;0;17;116;0;0;0
030604338;3;13;185;0;0;3;17;159;0;0;2
030604339;3;13;118;0;0;0;17;63;0;0;0
030604340;3;13;138;0;0;0;17;82;0;0;2
030604341;3;13;231;0;0;0;17;169;0;0;0
030604342;3;13;95;0;0;1;17;54;0;0;0
030604343;3;13;100;0;0;1;17;75;0;0;1
030604344;3;13;73;0;0;0;17;49;0;0;0
030604345;3;13;155;0;0;0;17;85;0;0;0
030604346;3;13;100;0;0;0;17;86;0;0;0
030604347;3;13;176;0;0;0;17;132;0;0;0
030604348;3;13;107;0;0;0;17;100;0;0;0
030604349;3;13;113;0;0;0;17;72;0;0;0
030604350;3;13;193;0;0;0;17;125;0;0;0
030604351;3;13;158;0;0;1;17;102;0;0;0
030605352;3;13;272;0;0;0;17;222;0;0;1
030605353;3;13;189;0;0;3;17;179;0;0;1
030605354;3;13;274;0;0;2;17;196;0;0;2
030605355;3;13;216;0;0;0;17;155;0;0;0
030605356;3;13;245;0;0;0;17;181;0;0;0
030605357;3;13;256;0;0;4;17;181;0;0;3
030605358;3;13;175;0;0;3;17;162;0;0;5
030605359;3;13;125;0;0;0;17;90;0;0;0
030605360;3;13;129;0;0;0;17;139;0;0;0
030605361;3;13;78;0;0;2;17;49;0;0;3
030605362;3;13;135;0;0;0;17;72;0;0;0
030605363;3;13;228;0;0;0;17;171;0;0;0
030605364;3;13;252;0;0;0;17;156;0;0;0
030605365;3;13;178;0;0;3;17;153;0;0;1
030605366;3;13;172;0;0;0;17;201;0;0;0
030605367;3;13;204;0;0;0;17;177;0;0;0
030605368;3;13;245;0;0;1;17;179;0;0;1
030605369;3;13;259;0;0;2;17;157;0;0;1
030605370;3;13;238;0;0;1;17;136;0;0;0
030605371;3;13;180;0;0;2;17;134;0;0;2
030605372;3;13;93;0;0;3;17;18;0;0;0
030605373;3;13;166;0;0;0;17;181;0;0;0
030605374;3;13;238;0;0;0;17;241;0;0;1
030605375;3;13;175;0;0;0;17;151;0;0;0
030605376;3;13;208;0;0;3;17;194;0;0;3
030605377;3;13;264;0;0;0;17;169;0;0;0
030605403;3;13;21;0;0;1;17;12;0;0;0
030800001;3;13;188;0;0;0;17;145;0;0;2
030800002;3;13;24;0;0;0;17;49;0;0;0
030800003;3;13;114;0;0;0;17;73;0;0;0
030800004;3;13;138;0;0;0;17;95;0;0;0
030800005;3;13;240;0;0;0;17;95;0;0;0
030800006;3;13;216;0;0;0;17;99;0;0;0
030800007;3;13;62;0;0;0;17;55;0;0;0
030800008;3;13;89;0;0;4;17;91;0;0;0
030800009;3;13;112;0;0;0;17;106;0;0;0
030800010;3;13;57;0;0;0;17;47;0;0;0
030800011;3;13;9;0;0;1;17;10;0;0;0
030800012;3;13;174;0;0;0;17;86;0;0;0
030800013;3;13;191;0;0;0;17;108;0;0;0
030900001;3;13;240;0;0;0;17;108;0;0;0
030900002;3;13;243;0;0;2;17;114;0;0;0
030900003;3;13;216;0;0;1;17;108;0;0;2
030900004;3;13;236;0;0;0;17;90;0;0;1
030900005;3;13;79;0;0;0;17;25;0;0;1
030900006;3;13;69;0;0;0;17;57;0;0;0
030900007;3;13;173;0;0;2;17;92;0;0;1
030900008;3;13;168;0;0;2;17;80;0;0;0
030900009;3;13;47;0;0;1;17;33;0;0;1
030900010;3;13;91;0;0;0;17;50;0;0;0
030900011;3;13;85;0;0;0;17;54;0;0;1
030900012;3;13;120;0;0;1;17;149;0;0;1
030900013;3;13;118;0;0;1;17;47;0;0;0
030900014;3;13;34;0;0;0;17;29;0;0;0
030900015;3;13;81;0;0;0;17;25;0;0;0
030900016;3;13;69;0;0;0;17;27;0;0;0
030900017;3;13;179;0;0;1;17;92;0;0;1
030900018;3;13;10;0;0;0;17;21;0;0;0
030900019;3;13;21;0;0;0;17;22;0;0;0
030900020;3;13;209;0;0;2;17;72;0;0;0
030900021;3;13;45;0;0;2;17;38;0;0;2
030900022;3;13;83;0;0;1;17;23;0;0;0
030900023;3;13;73;0;0;0;17;51;0;0;0
030900024;3;13;115;0;0;0;17;113;0;0;0
030900025;3;13;106;0;0;0;17;67;0;0;0
031300001;3;13;200;0;0;0;17;189;0;0;3
031300002;3;13;244;0;0;0;17;209;0;0;0
031300003;3;13;209;0;0;3;17;193;0;0;2
031300004;3;13;195;0;0;3;17;192;0;0;1
031300005;3;13;156;0;0;0;17;101;0;0;0
031300006;3;13;185;0;0;0;17;160;0;0;0
031300007;3;13;173;0;0;3;17;145;0;0;1
031300008;3;13;162;0;0;3;17;107;0;0;1
031300009;3;13;109;0;0;0;17;211;0;0;3
031300010;3;13;151;0;0;0;17;41;0;0;0
031300011;3;13;125;0;0;0;17;85;0;0;0
031300012;3;13;155;0;0;0;17;107;0;0;0
031300013;3;13;221;0;0;0;17;69;0;0;0
031300014;3;13;243;0;0;1;17;132;0;0;0
031300015;3;13;87;0;0;0;17;49;0;0;0
031300016;3;13;73;0;0;0;17;47;0;0;0
031300017;3;13;34;0;0;0;17;26;0;0;0
031300018;3;13;92;0;0;2;17;53;0;0;0
031300019;3;13;36;0;0;0;17;12;0;0;0
031300020;3;13;194;0;0;2;17;88;0;0;0
031300021;3;13;59;0;0;0;17;35;0;0;1
031300022;3;13;159;0;0;0;17;75;0;0;0
031300023;3;13;190;0;0;0;17;108;0;0;0
031300024;3;13;180;0;0;5;17;115;0;0;0
031300025;3;13;224;0;0;0;17;129;0;0;0
031300026;3;13;67;0;0;0;17;50;0;0;0
031300027;3;13;145;0;0;0;17;169;0;0;0
031300028;3;13;131;0;0;0;17;89;0;0;0
031300029;3;13;6;0;0;0;17;16;0;0;0
031400001;3;13;122;0;0;3;17;252;0;0;3
031400002;3;13;198;0;0;0;17;233;0;0;0
031400003;3;13;198;0;0;0;17;216;0;0;0
031400004;3;13;148;122;26;2;17;104;77;27;0
031400005;3;13;174;128;46;0;17;146;108;38;0
031400006;3;13;220;185;35;1;17;135;105;30;0
031400007;3;13;193;0;0;0;17;195;0;0;1
031400008;3;13;143;0;0;2;17;246;0;0;4
031400009;3;13;206;0;0;0;17;195;0;0;0
031400010;3;13;108;0;0;0;17;123;0;0;0
031400011;3;13;58;0;0;1;17;126;0;0;2
031600001;3;13;168;0;0;1;17;134;0;0;1
031600002;3;13;153;0;0;1;17;65;0;0;0
031600003;3;13;94;0;0;0;17;206;0;0;0
031600004;3;13;290;0;0;0;17;157;0;0;0
031600005;3;13;204;0;0;0;17;131;0;0;0
031600006;3;13;216;0;0;0;17;122;0;0;0
031600007;3;13;226;0;0;0;17;110;0;0;0
031600008;3;13;173;0;0;3;17;153;0;0;1
031600009;3;13;67;0;0;0;17;37;0;0;0
031600010;3;13;78;0;0;0;17;44;0;0;0
031600011;3;13;118;0;0;2;17;29;0;0;0
031600012;3;13;25;0;0;0;17;87;0;0;0
031600013;3;13;25;0;0;0;17;28;0;0;0
031600014;3;13;30;0;0;0;17;35;0;0;0
031600015;3;13;150;0;0;0;17;50;0;0;0
031600016;3;13;209;0;0;1;17;107;0;0;0
031600017;3;13;18;0;0;0;17;45;0;0;0
031600018;3;13;175;0;0;0;17;38;0;0;0
031600019;3;13;135;0;0;0;17;62;0;0;0
031600020;3;13;177;0;0;3;17;185;0;0;3
031600021;3;13;205;0;0;3;17;205;0;0;2
031600022;3;13;308;0;0;0;17;88;0;0;0
031600023;3;13;147;0;0;0;17;111;0;0;0
031600024;3;13;120;0;0;0;17;51;0;0;0
031600025;3;13;214;0;0;0;17;69;0;0;0
031600026;3;13;179;0;0;0;17;115;0;0;0
031600027;3;13;103;0;0;5;17;134;0;0;1
032400001;3;13;236;0;0;0;17;84;0;0;0
032400002;3;13;202;0;0;2;17;78;0;0;1
032400003;3;13;200;0;0;1;17;79;0;0;2
032400004;3;13;212;0;0;0;17;79;0;0;1
032400005;3;13;190;0;0;3;17;87;0;0;2
032400006;3;13;295;0;0;0;17;139;0;0;1
032400007;3;13;276;0;0;2;17;138;0;0;1
032400008;3;13;211;0;0;1;17;64;0;0;0
032400009;3;13;193;0;0;0;17;55;0;0;0
032400010;3;13;259;0;0;0;17;127;0;0;0
032400011;3;13;214;0;0;6;17;118;0;0;4
032400012;3;13;186;0;0;0;17;83;0;0;0
032400013;3;13;219;0;0;1;17;107;0;0;1
032400014;3;13;276;0;0;0;17;115;0;0;0
032400015;3;13;212;0;0;4;17;86;0;0;3
032400016;3;13;219;0;0;0;17;93;0;0;0
032400017;3;13;142;0;0;1;17;30;0;0;3
032400018;3;13;134;0;0;0;17;54;0;0;0
032400019;3;13;215;0;0;13;17;35;0;0;0
032400020;3;13;48;0;0;0;17;30;0;0;0
032400021;3;13;99;0;0;1;17;44;0;0;2
032400022;3;13;25;0;0;2;17;14;0;0;1
032400023;3;13;53;0;0;0;17;54;0;0;0
032400024;3;13;55;0;0;1;17;23;0;0;0
032400025;3;13;67;0;0;0;17;20;0;0;0
032400026;3;13;111;0;0;1;17;37;0;0;1
032400027;3;13;24;0;0;0;17;7;0;0;0
032400028;3;13;126;0;0;0;17;120;0;0;1
032400029;3;13;191;0;0;0;17;37;0;0;0
032400030;3;13;122;0;0;0;17;97;0;0;0
032400031;3;13;74;0;0;0;17;26;0;0;0
032400032;3;13;143;0;0;1;17;120;0;0;4
032400033;3;13;137;0;0;0;17;48;0;0;0
032400034;3;13;19;0;0;0;17;11;0;0;0
032400035;3;13;133;0;0;0;17;50;0;0;0
032400036;3;13;117;0;0;5;17;50;0;0;1
032400037;3;13;169;0;0;0;17;152;0;0;1
032400038;3;13;163;0;0;3;17;68;0;0;1
032400039;3;13;90;0;0;0;17;30;0;0;0
032400040;3;13;52;0;0;1;17;79;0;0;0
032400041;3;13;86;0;0;1;17;35;0;0;0
032400042;3;13;129;0;0;0;17;50;0;0;0
032400043;3;13;19;0;0;0;17;9;0;0;0
032400044;3;13;13;0;0;0;17;10;0;0;0
032400045;3;13;16;0;0;0;17;3;0;0;0
032400046;3;13;22;0;0;0;17;3;0;0;0
032400047;3;13;14;0;0;0;17;5;0;0;0
032600001;3;13;276;0;0;0;17;174;0;0;0
032600002;3;13;253;0;0;6;17;112;0;0;1
032600003;3;13;277;0;0;4;17;141;0;0;1
032600004;3;13;170;0;0;1;17;171;0;0;2
032600005;3;13;211;0;0;0;17;137;0;0;0
032600006;3;13;97;0;0;2;17;178;0;0;4
032600007;3;13;158;0;0;1;17;114;0;0;5
032600008;3;13;74;0;0;0;17;20;0;0;0
032600009;3;13;52;0;0;0;17;39;0;0;0
032600010;3;13;29;0;0;0;17;32;0;0;0
032600011;3;13;98;0;0;0;17;57;0;0;0
032600012;3;13;67;0;0;0;17;34;0;0;0
032600013;3;13;119;0;0;0;17;75;0;0;0
032600014;3;13;7;0;0;0;17;3;0;0;0
040400001;4;13;216;0;0;0;17;109;0;0;0
040400002;4;13;188;0;0;0;17;94;0;0;0
040400003;4;13;169;0;0;3;17;47;0;0;4
040400004;4;13;151;0;0;4;17;82;0;0;0
040400005;4;13;73;0;0;0;17;17;0;0;0
040400006;4;13;117;0;0;3;17;86;0;0;1
040400007;4;13;145;0;0;0;17;123;0;0;0
040400008;4;13;210;0;0;0;17;136;0;0;0
040400009;4;13;207;0;0;0;17;122;0;0;0
040400010;4;13;123;0;0;0;17;98;0;0;0
040400011;4;13;127;0;0;0;17;99;0;0;0
040400012;4;13;198;0;0;1;17;108;0;0;0
040400013;4;13;220;0;0;0;17;127;0;0;0
040400014;4;13;170;0;0;0;17;92;0;0;0
040400015;4;13;236;0;0;0;17;94;0;0;0
040400016;4;13;179;0;0;3;17;76;0;0;1
040400017;4;13;136;0;0;0;17;86;0;0;1
040400018;4;13;166;0;0;0;17;87;0;0;0
040400019;4;13;185;156;29;0;17;110;94;16;0
040400020;4;13;188;94;94;0;17;101;59;42;0
040400021;4;13;165;106;59;0;17;112;74;38;0
040400022;4;13;182;143;39;0;17;102;75;27;0
040400023;4;13;173;0;0;0;17;109;0;0;0
040400024;4;13;236;0;0;0;17;153;0;0;0
040400025;4;13;246;0;0;0;17;140;0;0;0
040400026;4;13;134;0;0;0;17;81;0;0;0
040400027;4;13;153;0;0;1;17;131;0;0;0
040400028;4;13;144;0;0;1;17;93;0;0;0
040400029;4;13;169;0;0;0;17;81;0;0;0
040400030;4;13;193;158;35;0;17;162;113;49;0
040400031;4;13;169;110;59;1;17;113;77;36;1
040400032;4;13;272;205;67;0;17;152;111;41;0
040400033;4;13;217;124;93;0;17;130;51;79;0
040400034;4;13;211;0;0;4;17;138;0;0;0
040400035;4;13;294;0;0;0;17;186;0;0;1
040400036;4;13;245;0;0;0;17;141;0;0;0
040400037;4;13;205;0;0;0;17;119;0;0;0
040400038;4;13;226;0;0;0;17;120;0;0;0
040400039;4;13;273;0;0;1;17;126;0;0;1
040400040;4;13;238;0;0;1;17;129;0;0;2
040400041;4;13;283;0;0;0;17;112;0;0;0
040400042;4;13;249;0;0;1;17;143;0;0;2
040400043;4;13;233;0;0;4;17;141;0;0;0
040400044;4;13;260;0;0;1;17;131;0;0;1
040400045;4;13;150;0;0;0;17;108;0;0;0
040400046;4;13;189;0;0;0;17;112;0;0;0
040400047;4;13;175;0;0;0;17;123;0;0;0
040400048;4;13;224;171;53;0;17;134;97;37;0
040400049;4;13;227;154;73;0;17;158;95;63;0
040400050;4;13;183;157;26;0;17;107;82;25;0
040400051;4;13;331;0;0;4;17;153;0;0;0
040400052;4;13;318;0;0;1;17;142;0;0;0
040400053;4;13;264;0;0;2;17;107;0;0;1
040400054;4;13;281;0;0;0;17;149;0;0;2
040400055;4;13;263;0;0;3;17;117;0;0;1
040400056;4;13;281;0;0;1;17;110;0;0;1
040400057;4;13;228;0;0;3;17;109;0;0;2
040400058;4;13;299;0;0;1;17;141;0;0;3
040400059;4;13;334;0;0;3;17;169;0;0;3
040400060;4;13;236;0;0;1;17;166;0;0;0
040400061;4;13;264;0;0;0;17;167;0;0;0
040400062;4;13;302;0;0;0;17;184;0;0;0
040400063;4;13;192;0;0;0;17;158;0;0;0
040400064;4;13;288;0;0;0;17;184;0;0;0
040400065;4;13;211;0;0;3;17;131;0;0;0
040400066;4;13;204;0;0;1;17;85;0;0;0
040400067;4;13;241;0;0;0;17;196;0;0;0
040400068;4;13;132;0;0;0;17;92;0;0;0
040400069;4;13;141;0;0;0;17;91;0;0;0
040400070;4;13;212;0;0;0;17;124;0;0;0
040400071;4;13;289;0;0;0;17;179;0;0;0
040400072;4;13;271;0;0;0;17;131;0;0;0
040400073;4;13;228;0;0;3;17;150;0;0;1
040400074;4;13;237;0;0;0;17;124;0;0;0
040400075;4;13;154;0;0;2;17;75;0;0;3
040400076;4;13;252;0;0;0;17;130;0;0;0
040400077;4;13;166;0;0;0;17;110;0;0;0
040400078;4;13;234;0;0;0;17;169;0;0;0
040400079;4;13;218;0;0;2;17;107;0;0;1
040400080;4;13;107;0;0;1;17;84;0;0;0
040400081;4;13;214;0;0;0;17;156;0;0;3
040400082;4;13;57;0;0;3;17;25;0;0;3
040400083;4;13;168;0;0;2;17;102;0;0;1
040400084;4;13;254;0;0;4;17;147;0;0;2
040400085;4;13;238;0;0;1;17;134;0;0;1
040400086;4;13;109;0;0;13;17;60;0;0;4
040400087;4;13;111;0;0;0;17;69;0;0;0
040400088;4;13;210;0;0;0;17;78;0;0;0
040400089;4;13;231;0;0;0;17;96;0;0;0
040400090;4;13;182;0;0;0;17;130;0;0;0
040400091;4;13;162;0;0;2;17;101;0;0;0
040400092;4;13;138;0;0;0;17;115;0;0;0
040400095;4;13;255;0;0;1;17;104;0;0;0
040400096;4;13;149;0;0;0;17;85;0;0;0
040400097;4;13;73;0;0;0;17;37;0;0;0
040400098;4;13;53;0;0;1;17;55;0;0;1
040400099;4;13;68;0;0;0;17;44;0;0;1
040400100;4;13;107;0;0;0;17;98;0;0;0
040400101;4;13;110;0;0;0;17;62;0;0;0
040400102;4;13;197;0;0;0;17;142;0;0;0
040400103;4;13;120;0;0;0;17;71;0;0;0
040400104;4;13;150;0;0;0;17;66;0;0;0
040400105;4;13;89;0;0;0;17;88;0;0;0
040400106;4;13;167;0;0;0;17;85;0;0;0
040400107;4;13;146;0;0;2;17;68;0;0;0
040400108;4;13;112;0;0;0;17;96;0;0;0
040400109;4;13;95;0;0;0;17;75;0;0;0
040400110;4;13;76;0;0;1;17;63;0;0;0
040400111;4;13;215;0;0;1;17;128;0;0;0
040400112;4;13;116;0;0;2;17;116;0;0;0
040400113;4;13;16;0;0;0;17;23;0;0;0
040400114;4;13;36;0;0;0;17;31;0;0;0
040400115;4;13;37;0;0;0;17;19;0;0;0
040400116;4;13;154;0;0;0;17;54;0;0;0
040400117;4;13;166;0;0;0;17;70;0;0;0
040400118;4;13;41;0;0;0;17;20;0;0;0
040400119;4;13;22;0;0;0;17;13;0;0;0
040400120;4;13;209;0;0;0;17;154;0;0;0
040400121;4;13;222;0;0;0;17;110;0;0;0
040400122;4;13;230;0;0;0;17;158;0;0;0
040400123;4;13;218;0;0;0;17;112;0;0;4
040400124;4;13;239;0;0;2;17;125;0;0;0
040400125;4;13;96;0;0;0;17;71;0;0;0
040400126;4;13;150;0;0;0;17;103;0;0;0
040400127;4;13;80;0;0;0;17;50;0;0;0
040400128;4;13;241;0;0;0;17;135;0;0;3
040400129;4;13;81;0;0;0;17;56;0;0;0
040400130;4;13;237;0;0;0;17;150;0;0;0
040400131;4;13;167;0;0;1;17;129;0;0;1
040400132;4;13;143;0;0;1;17;127;0;0;4
040400133;4;13;34;0;0;0;17;46;0;0;0
040400134;4;13;69;0;0;0;17;41;0;0;1
040400135;4;13;20;0;0;0;17;11;0;0;0
040400137;4;13;14;0;0;0;17;6;0;0;0
040400138;4;13;21;0;0;0;17;13;0;0;0
040400139;4;13;19;0;0;2;17;7;0;0;0
040400140;4;13;20;0;0;1;17;11;0;0;0
040400141;4;13;69;0;0;0;17;76;0;0;0
040400142;4;13;21;0;0;0;17;9;0;0;1
040400143;4;13;46;0;0;0;17;11;0;0;0
040400144;4;13;18;0;0;0;17;10;0;0;0
040400145;4;13;8;0;0;0;17;6;0;0;0
040400147;4;13;30;0;0;0;17;17;0;0;0
040400149;4;13;27;0;0;0;17;2;0;0;0
040400150;4;13;30;0;0;0;17;17;0;0;0
040600002;4;13;268;0;0;3;17;156;0;0;1
040600004;4;13;201;0;0;1;17;79;0;0;0
040600005;4;13;266;0;0;5;17;96;0;0;0
040600006;4;13;203;0;0;0;17;98;0;0;0
040600007;4;13;214;0;0;0;17;116;0;0;0
040600008;4;13;218;0;0;0;17;114;0;0;0
040600009;4;13;230;0;0;0;17;112;0;0;0
040600010;4;13;279;0;0;0;17;129;0;0;0
040600011;4;13;261;0;0;0;17;131;0;0;0
040600012;4;13;232;0;0;0;17;87;0;0;0
040600013;4;13;270;0;0;1;17;131;0;0;2
040600014;4;13;202;0;0;3;17;99;0;0;0
040600015;4;13;206;0;0;1;17;122;0;0;2
040600016;4;13;253;0;0;1;17;124;0;0;1
040600018;4;13;231;0;0;0;17;107;0;0;0
040600019;4;13;204;0;0;0;17;74;0;0;0
040600020;4;13;185;0;0;0;17;119;0;0;0
040600021;4;13;232;0;0;0;17;87;0;0;0
040600022;4;13;228;0;0;0;17;103;0;0;0
040600024;4;13;131;0;0;2;17;53;0;0;0
040600025;4;13;225;0;0;0;17;106;0;0;0
040600026;4;13;307;0;0;0;17;156;0;0;0
040600028;4;13;297;0;0;0;17;118;0;0;0
040600029;4;13;202;125;77;2;17;118;64;54;0
040600030;4;13;163;101;62;0;17;78;42;36;0
040600031;4;13;307;0;0;0;17;100;0;0;0
040600032;4;13;294;0;0;0;17;105;0;0;0
040600033;4;13;236;0;0;0;17;95;0;0;0
040600035;4;13;216;0;0;0;17;100;0;0;0
040600036;4;13;204;0;0;6;17;139;0;0;3
040600037;4;13;255;0;0;0;17;79;0;0;0
040600038;4;13;274;0;0;0;17;121;0;0;0
040600039;4;13;301;0;0;0;17;81;0;0;0
040600041;4;13;216;0;0;1;17;74;0;0;0
040600042;4;13;286;0;0;1;17;115;0;0;1
040600043;4;13;247;0;0;2;17;100;0;0;1
040600045;4;13;212;0;0;0;17;111;0;0;0
040600046;4;13;300;0;0;0;17;85;0;0;0
040600047;4;13;53;0;0;0;17;23;0;0;0
040600050;4;13;291;0;0;1;17;70;0;0;2
040600051;4;13;253;0;0;0;17;97;0;0;0
040600052;4;13;236;0;0;1;17;89;0;0;2
040600053;4;13;199;0;0;0;17;82;0;0;0
040600054;4;13;137;0;0;0;17;58;0;0;0
040600058;4;13;193;0;0;2;17;103;0;0;1
040600059;4;13;244;0;0;0;17;125;0;0;4
040600060;4;13;247;0;0;3;17;92;0;0;1
040600061;4;13;253;0;0;0;17;193;0;0;0
040600063;4;13;248;0;0;3;17;178;0;0;1
040600065;4;13;211;0;0;0;17;180;0;0;0
040600066;4;13;177;0;0;0;17;82;0;0;1
040600067;4;13;210;0;0;0;17;99;0;0;0
040600068;4;13;198;0;0;0;17;101;0;0;0
040600069;4;13;251;0;0;0;17;100;0;0;0
040600070;4;13;210;0;0;0;17;105;0;0;0
040600071;4;13;170;0;0;0;17;102;0;0;5
040600072;4;13;83;0;0;0;17;78;0;0;0
040600073;4;13;102;0;0;0;17;41;0;0;0
040600074;4;13;163;0;0;3;17;126;0;0;3
040600075;4;13;174;0;0;2;17;96;0;0;2
040600076;4;13;149;0;0;0;17;86;0;0;0
040600077;4;13;86;0;0;0;17;41;0;0;0
040600078;4;13;31;0;0;0;17;26;0;0;0
040600079;4;13;137;0;0;0;17;95;0;0;0
040600080;4;13;19;0;0;0;17;2;0;0;0
040600081;4;13;32;0;0;0;17;24;0;0;0
040600082;4;13;62;0;0;0;17;47;0;0;0
041300001;4;13;326;0;0;0;17;137;0;0;0
041300002;4;13;325;0;0;0;17;173;0;0;0
041300003;4;13;361;0;0;0;17;164;0;0;0
041300004;4;13;247;0;0;1;17;171;0;0;2
041300005;4;13;221;0;0;0;17;96;0;0;0
041300006;4;13;273;0;0;2;17;138;0;0;0
041300010;4;13;51;0;0;0;17;101;0;0;0
041300011;4;13;13;0;0;0;17;8;0;0;0
041300012;4;13;19;0;0;0;17;21;0;0;0
041300013;4;13;32;0;0;0;17;44;0;0;0
041300015;4;13;33;0;0;0;17;16;0;0;0
041300016;4;13;34;0;0;0;17;20;0;0;0
041300017;4;13;67;0;0;3;17;57;0;0;1
041300018;4;13;317;0;0;3;17;103;0;0;3
041300019;4;13;30;0;0;1;17;17;0;0;0
041300020;4;13;201;0;0;4;17;81;0;0;3
041300021;4;13;38;0;0;0;17;23;0;0;0
041300022;4;13;9;0;0;0;17;15;0;0;0
041300023;4;13;56;0;0;0;17;29;0;0;0
041300024;4;13;51;0;0;1;17;29;0;0;0
041300025;4;13;16;0;0;0;17;16;0;0;0
041300026;4;13;20;0;0;0;17;26;0;0;0
041300027;4;13;12;0;0;0;17;39;0;0;0
041300028;4;13;11;0;0;0;17;18;0;0;0
041300029;4;13;22;0;0;0;17;20;0;0;0
041400001;4;13;252;0;0;1;17;103;0;0;0
041400002;4;13;216;0;0;2;17;75;0;0;6
041400003;4;13;237;0;0;2;17;79;0;0;0
041400004;4;13;168;0;0;4;17;37;0;0;0
041400005;4;13;206;0;0;2;17;62;0;0;0
041400006;4;13;26;0;0;0;17;30;0;0;0
041400007;4;13;32;0;0;0;17;11;0;0;0
041400008;4;13;23;0;0;0;17;17;0;0;0
041400009;4;13;64;0;0;0;17;32;0;0;0
041400010;4;13;31;0;0;0;17;30;0;0;0
041400011;4;13;62;0;0;0;17;15;0;0;0
041400012;4;13;22;0;0;0;17;11;0;0;0
041400013;4;13;19;0;0;0;17;16;0;0;0
042000001;4;13;229;0;0;1;17;88;0;0;0
042000002;4;13;267;0;0;4;17;120;0;0;0
042000003;4;13;239;0;0;4;17;113;0;0;0
042000005;4;13;253;0;0;0;17;136;0;0;0
042000006;4;13;251;0;0;0;17;129;0;0;0
042000007;4;13;345;0;0;0;17;176;0;0;0
042000009;4;13;243;0;0;1;17;98;0;0;1
042000010;4;13;298;0;0;0;17;99;0;0;1
042000011;4;13;224;0;0;5;17;101;0;0;0
042000012;4;13;260;0;0;0;17;106;0;0;0
042000014;4;13;226;0;0;0;17;111;0;0;0
042000015;4;13;155;0;0;0;17;96;0;0;0
042000016;4;13;308;0;0;4;17;102;0;0;1
042000017;4;13;136;0;0;0;17;61;0;0;0
042000018;4;13;133;0;0;0;17;39;0;0;0
042000019;4;13;323;0;0;5;17;107;0;0;0
042000020;4;13;290;0;0;0;17;150;0;0;0
042200001;4;13;202;0;0;0;17;81;0;0;1
042200002;4;13;266;0;0;0;17;96;0;0;0
042200003;4;13;140;0;0;0;17;73;0;0;0
042200004;4;13;213;0;0;0;17;107;0;0;0
042200005;4;13;176;0;0;0;17;91;0;0;0
042200006;4;13;243;0;0;0;17;113;0;0;0
042200007;4;13;287;0;0;0;17;121;0;0;0
042200008;4;13;151;0;0;0;17;109;0;0;0
042200009;4;13;169;0;0;1;17;79;0;0;1
042200010;4;13;126;0;0;0;17;38;0;0;0
042200011;4;13;231;0;0;3;17;104;0;0;5
042200012;4;13;247;0;0;0;17;103;0;0;0
042200013;4;13;237;0;0;4;17;98;0;0;1
042200014;4;13;239;0;0;0;17;80;0;0;0
042200015;4;13;10;0;0;1;17;5;0;0;0
042200016;4;13;226;0;0;0;17;117;0;0;0
042200017;4;13;224;0;0;1;17;105;0;0;0
042200021;4;13;270;0;0;0;17;55;0;0;0
042200022;4;13;287;0;0;0;17;65;0;0;0
042200023;4;13;230;0;0;5;17;113;0;0;1
042200024;4;13;136;0;0;0;17;77;0;0;0
042200025;4;13;202;0;0;6;17;43;0;0;1
042200026;4;13;96;0;0;0;17;59;0;0;0
042200027;4;13;255;0;0;0;17;26;0;0;0
042200028;4;13;124;0;0;0;17;9;0;0;0
042200029;4;13;173;0;0;0;17;64;0;0;0
042200030;4;13;243;0;0;2;17;35;0;0;1
042200031;4;13;118;0;0;0;17;44;0;0;0
042200032;4;13;109;0;0;1;17;60;0;0;1
042200033;4;13;188;0;0;2;17;94;0;0;0
042200034;4;13;141;0;0;5;17;56;0;0;0
042200035;4;13;129;0;0;3;17;99;0;0;4
042200036;4;13;183;0;0;0;17;84;0;0;0
042200037;4;13;74;0;0;0;17;32;0;0;0
042200038;4;13;158;0;0;1;17;74;0;0;0
042200039;4;13;164;0;0;2;17;95;0;0;6
042200040;4;13;88;0;0;0;17;21;0;0;0
042200041;4;13;184;0;0;2;17;73;0;0;1
042200042;4;13;65;0;0;0;17;30;0;0;0
042200043;4;13;121;0;0;0;17;53;0;0;0
042200044;4;13;240;0;0;0;17;53;0;0;0
042200045;4;13;23;0;0;0;17;6;0;0;0
042600001;4;13;282;0;0;1;17;106;0;0;1
042600002;4;13;278;190;88;0;17;118;70;48;0
042600003;4;13;239;194;45;0;17;94;70;24;0
042600004;4;13;205;0;0;0;17;65;0;0;0
042600005;4;13;286;0;0;0;17;133;0;0;0
042600006;4;13;238;0;0;7;17;83;0;0;0
042600007;4;13;213;0;0;2;17;71;0;0;0
042600008;4;13;166;0;0;0;17;58;0;0;0
042600009;4;13;96;0;0;0;17;54;0;0;2
042600010;4;13;229;0;0;0;17;78;0;0;0
042600011;4;13;53;0;0;0;17;25;0;0;0
042600012;4;13;208;0;0;2;17;81;0;0;1
042600013;4;13;152;0;0;0;17;72;0;0;0
042600014;4;13;225;0;0;0;17;70;0;0;0
042600015;4;13;130;0;0;0;17;21;0;0;0
042600016;4;13;238;0;0;0;17;57;0;0;0
042600017;4;13;235;0;0;0;17;77;0;0;0
042600018;4;13;191;0;0;3;17;62;0;0;0
042600019;4;13;202;0;0;1;17;46;0;0;0
042600020;4;13;197;0;0;0;17;68;0;0;0
042600021;4;13;235;0;0;2;17;101;0;0;2
042800001;4;13;199;0;0;0;17;35;0;0;0
042800002;4;13;176;0;0;0;17;89;0;0;0
042800003;4;13;133;0;0;0;17;56;0;0;0
042800004;4;13;25;0;0;0;17;3;0;0;0
042800005;4;13;229;0;0;0;17;92;0;0;0
042800006;4;13;193;0;0;0;17;70;0;0;0
042800007;4;13;275;0;0;0;17;107;0;0;0
042800009;4;13;230;0;0;7;17;31;0;0;0
042800010;4;13;190;0;0;6;17;57;0;0;0
042800011;4;13;247;0;0;0;17;85;0;0;0
042800012;4;13;190;0;0;0;17;105;0;0;0
042800013;4;13;198;0;0;3;17;81;0;0;0
042800014;4;13;174;0;0;1;17;66;0;0;0
042800016;4;13;221;0;0;0;17;87;0;0;0
042800017;4;13;327;0;0;0;17;114;0;0;0
042800018;4;13;228;0;0;0;17;123;0;0;0
042800019;4;13;179;0;0;1;17;95;0;0;1
042800020;4;13;284;0;0;3;17;89;0;0;0
042800021;4;13;297;0;0;0;17;134;0;0;0
042800022;4;13;216;0;0;0;17;121;0;0;0
042800023;4;13;228;0;0;0;17;83;0;0;0
042800024;4;13;257;0;0;0;17;96;0;0;0
042800025;4;13;173;0;0;1;17;95;0;0;0
042800026;4;13;251;0;0;0;17;85;0;0;0
042800029;4;13;42;0;0;0;17;16;0;0;0
042800030;4;13;36;0;0;0;17;29;0;0;0
042800031;4;13;303;0;0;1;17;131;0;0;1
042800032;4;13;273;0;0;0;17;81;0;0;0
042800033;4;13;214;0;0;0;17;83;0;0;0
042800034;4;13;380;0;0;4;17;145;0;0;0
042800035;4;13;276;0;0;1;17;102;0;0;1
042800041;4;13;174;0;0;0;17;90;0;0;0
042800044;4;13;75;0;0;0;17;48;0;0;0
042800047;4;13;215;0;0;0;17;83;0;0;0
042800048;4;13;211;0;0;0;17;82;0;0;0
042800050;4;13;339;0;0;0;17;146;0;0;0
042800053;4;13;163;0;0;0;17;35;0;0;1
042800056;4;13;40;0;0;0;17;24;0;0;0
042800058;4;13;220;0;0;1;17;80;0;0;1
042800062;4;13;148;0;0;1;17;81;0;0;0
042800063;4;13;230;0;0;2;17;64;0;0;1
042800065;4;13;314;0;0;3;17;85;0;0;7
042800069;4;13;248;0;0;0;17;42;0;0;0
042800070;4;13;251;0;0;6;17;36;0;0;1
042800071;4;13;28;0;0;0;17;14;0;0;0
042800073;4;13;285;0;0;1;17;122;0;0;1
042800074;4;13;259;0;0;1;17;81;0;0;0
042800078;4;13;91;0;0;0;17;9;0;0;0
042800080;4;13;226;0;0;0;17;118;0;0;0
042800083;4;13;470;0;0;0;17;133;0;0;0
042800086;4;13;104;0;0;6;17;21;0;0;3
042800087;4;13;285;0;0;0;17;87;0;0;0
042800088;4;13;216;0;0;0;17;66;0;0;0
042800089;4;13;197;0;0;0;17;100;0;0;0
042800090;4;13;256;0;0;0;17;114;0;0;0
043100001;4;13;313;0;0;0;17;141;0;0;0
043100002;4;13;261;0;0;0;17;132;0;0;0
043100003;4;13;276;0;0;7;17;118;0;0;1
043100004;4;13;215;0;0;9;17;107;0;0;2
043100005;4;13;264;0;0;0;17;123;0;0;0
043100006;4;13;196;0;0;0;17;56;0;0;1
043100007;4;13;155;0;0;1;17;34;0;0;1
043100008;4;13;30;0;0;0;17;38;0;0;0
043100009;4;13;105;0;0;0;17;58;0;0;0
043100010;4;13;141;0;0;3;17;55;0;0;0
043100011;4;13;75;0;0;0;17;42;0;0;0
043100012;4;13;92;0;0;0;17;71;0;0;0
043100013;4;13;189;0;0;0;17;52;0;0;0
043100014;4;13;233;0;0;0;17;89;0;0;0
043100015;4;13;214;0;0;0;17;55;0;0;0
043100016;4;13;149;0;0;0;17;61;0;0;0
043100018;4;13;20;0;0;0;17;10;0;0;0
043100019;4;13;117;0;0;0;17;57;0;0;1
043100020;4;13;63;0;0;0;17;30;0;0;0
043100021;4;13;33;0;0;0;17;15;0;0;0
043100022;4;13;62;0;0;1;17;68;0;0;0
043100023;4;13;26;0;0;2;17;20;0;0;1
043100026;4;13;227;0;0;0;17;71;0;0;0
043100030;4;13;148;0;0;0;17;84;0;0;0
043200001;4;13;168;0;0;0;17;76;0;0;0
043200002;4;13;202;0;0;2;17;66;0;0;1
043200003;4;13;185;0;0;3;17;75;0;0;0
043200004;4;13;33;0;0;1;17;15;0;0;0
043200005;4;13;39;0;0;0;17;14;0;0;0
043200006;4;13;55;0;0;1;17;18;0;0;0
043200007;4;13;48;0;0;1;17;21;0;0;0
043200008;4;13;49;0;0;2;17;14;0;0;0
043200009;4;13;19;0;0;0;17;4;0;0;0
043200010;4;13;19;0;0;0;17;2;0;0;0
050100001;5;13;246;0;0;2;17;80;0;0;0
050100002;5;13;174;0;0;0;17;68;0;0;0
050100003;5;13;195;0;0;0;17;65;0;0;1
050100004;5;13;146;0;0;0;17;44;0;0;0
050100005;5;13;234;0;0;0;17;63;0;0;0
050100006;5;13;267;239;28;0;17;101;88;13;0
050100007;5;13;269;228;41;0;17;91;62;29;0
050100008;5;13;116;0;0;2;17;66;0;0;3
050100009;5;13;45;0;0;2;17;16;0;0;0
050100010;5;13;37;0;0;0;17;18;0;0;0
050100011;5;13;83;0;0;0;17;38;0;0;0
050100012;5;13;20;0;0;0;17;8;0;0;0
050100013;5;13;28;0;0;0;17;18;0;0;0
050100014;5;13;68;0;0;2;17;35;0;0;1
050100015;5;13;21;0;0;1;17;15;0;0;0
050100016;5;13;27;0;0;0;17;5;0;0;0
050100017;5;13;71;0;0;0;17;19;0;0;0
050100018;5;13;15;0;0;0;17;4;0;0;0
050100019;5;13;21;0;0;0;17;10;0;0;0
050100020;5;13;34;0;0;0;17;10;0;0;0
050100021;5;13;14;0;0;0;17;2;0;0;0
050300001;5;13;95;0;0;0;17;120;0;0;0
050300002;5;13;32;0;0;0;17;40;0;0;1
050300003;5;13;4;0;0;0;17;13;0;0;0
050300004;5;13;10;0;0;0;17;14;0;0;0
050300005;5;13;114;0;0;0;17;78;0;0;0
050300006;5;13;21;0;0;0;17;24;0;0;0
050600001;5;13;231;0;0;0;17;70;0;0;0
050600002;5;13;269;0;0;0;17;65;0;0;0
050600003;5;13;210;0;0;1;17;101;0;0;0
050600004;5;13;168;0;0;2;17;73;0;0;1
050600005;5;13;88;0;0;0;17;111;0;0;1
050600006;5;13;71;0;0;3;17;30;0;0;0
050600007;5;13;212;0;0;0;17;111;0;0;0
050600008;5;13;125;0;0;0;17;73;0;0;0
050600009;5;13;101;0;0;0;17;100;0;0;0
050600010;5;13;132;0;0;0;17;39;0;0;0
050600011;5;13;145;0;0;0;17;73;0;0;0
050600012;5;13;102;0;0;1;17;35;0;0;0
050600013;5;13;42;0;0;0;17;4;0;0;0
050600014;5;13;22;0;0;1;17;3;0;0;0
050600015;5;13;10;0;0;1;17;3;0;0;1
050600016;5;13;15;0;0;0;17;0;0;0;0
050600017;5;13;8;0;0;0;17;7;0;0;0
050600018;5;13;4;0;0;0;17;4;0;0;0
050600019;5;13;16;0;0;0;17;1;0;0;0
050900001;5;13;89;0;0;0;17;28;0;0;1
050900002;5;13;165;0;0;2;17;98;0;0;1
050900003;5;13;152;0;0;1;17;80;0;0;0
050900004;5;13;146;0;0;0;17;59;0;0;0
050900005;5;13;184;0;0;0;17;75;0;0;0
050900006;5;13;190;161;29;0;17;77;68;9;0
050900007;5;13;172;126;46;0;17;92;60;32;0
050900008;5;13;178;159;19;1;17;85;75;10;0
050900009;5;13;147;101;46;3;17;83;61;22;2
050900010;5;13;190;146;44;4;17;112;86;26;0
050900011;5;13;121;0;0;3;17;55;0;0;2
050900012;5;13;213;0;0;0;17;104;0;0;0
050900013;5;13;170;0;0;0;17;96;0;0;0
050900014;5;13;174;0;0;1;17;80;0;0;0
050900015;5;13;148;0;0;1;17;73;0;0;0
050900016;5;13;151;0;0;0;17;71;0;0;0
050900017;5;13;106;0;0;0;17;97;0;0;2
050900018;5;13;148;0;0;0;17;73;0;0;0
050900019;5;13;122;0;0;0;17;54;0;0;0
050900020;5;13;164;121;43;0;17;64;42;22;0
050900021;5;13;147;101;46;0;17;82;53;29;0
050900022;5;13;169;95;74;0;17;79;42;37;0
050900023;5;13;185;88;97;0;17;96;40;56;0
050900024;5;13;166;122;44;0;17;92;57;35;0
050900025;5;13;192;0;0;0;17;82;0;0;0
050900026;5;13;179;0;0;2;17;77;0;0;2
050900027;5;13;195;0;0;2;17;107;0;0;1
050900028;5;13;220;0;0;0;17;106;0;0;0
050900029;5;13;233;0;0;3;17;103;0;0;1
050900030;5;13;139;0;0;4;17;52;0;0;0
050900031;5;13;195;0;0;0;17;77;0;0;0
050900032;5;13;182;0;0;0;17;72;0;0;0
050900033;5;13;201;0;0;0;17;58;0;0;0
050900034;5;13;188;0;0;1;17;70;0;0;0
050900035;5;13;161;0;0;0;17;68;0;0;2
050900036;5;13;207;0;0;2;17;82;0;0;1
050900037;5;13;148;0;0;0;17;73;0;0;0
050900038;5;13;173;0;0;0;17;74;0;0;0
050900039;5;13;171;0;0;0;17;76;0;0;0
050900040;5;13;177;0;0;2;17;57;0;0;0
050900041;5;13;168;0;0;1;17;133;0;0;0
050900042;5;13;198;0;0;0;17;81;0;0;0
050900043;5;13;180;0;0;0;17;88;0;0;0
050900044;5;13;119;0;0;5;17;63;0;0;0
050900045;5;13;56;0;0;1;17;39;0;0;2
050900046;5;13;177;0;0;0;17;86;0;0;0
050900047;5;13;166;0;0;6;17;108;0;0;4
050900048;5;13;126;0;0;1;17;81;0;0;0
050900049;5;13;200;0;0;1;17;89;0;0;0
050900050;5;13;176;0;0;1;17;80;0;0;0
050900051;5;13;136;0;0;0;17;70;0;0;0
050900052;5;13;171;0;0;0;17;89;0;0;0
050900053;5;13;140;0;0;0;17;95;0;0;0
050900054;5;13;168;0;0;0;17;67;0;0;0
050900055;5;13;143;0;0;0;17;59;0;0;0
050900056;5;13;140;0;0;0;17;70;0;0;0
050900057;5;13;166;0;0;1;17;86;0;0;0
050900058;5;13;168;0;0;1;17;94;0;0;2
050900059;5;13;162;0;0;0;17;99;0;0;0
050900060;5;13;166;0;0;3;17;79;0;0;0
050900061;5;13;204;0;0;1;17;69;0;0;0
050900062;5;13;163;0;0;6;17;82;0;0;0
050900063;5;13;214;0;0;0;17;61;0;0;0
050900064;5;13;180;0;0;0;17;74;0;0;0
050900065;5;13;253;0;0;0;17;92;0;0;1
050900066;5;13;206;0;0;0;17;111;0;0;0
050900067;5;13;214;0;0;0;17;95;0;0;1
050900068;5;13;171;0;0;0;17;103;0;0;0
050900069;5;13;125;0;0;0;17;16;0;0;0
050900070;5;13;97;0;0;5;17;19;0;0;0
050900071;5;13;122;0;0;2;17;21;0;0;1
050900072;5;13;73;0;0;0;17;14;0;0;0
050900073;5;13;77;0;0;0;17;20;0;0;0
050900074;5;13;61;0;0;1;17;26;0;0;1
050900075;5;13;71;0;0;3;17;17;0;0;0
050900076;5;13;184;0;0;5;17;65;0;0;0
050900077;5;13;103;0;0;0;17;53;0;0;0
050900078;5;13;112;0;0;0;17;63;0;0;0
050900079;5;13;191;0;0;1;17;119;0;0;0
050900080;5;13;49;0;0;8;17;7;0;0;3
050900081;5;13;35;0;0;0;17;22;0;0;0
050900082;5;13;27;0;0;0;17;14;0;0;0
050900083;5;13;67;0;0;0;17;53;0;0;0
050900084;5;13;19;0;0;2;17;16;0;0;2
050900085;5;13;20;0;0;0;17;40;0;0;0
050900086;5;13;35;0;0;0;17;49;0;0;0
050900087;5;13;176;0;0;0;17;81;0;0;2
050900088;5;13;216;0;0;3;17;104;0;0;1
050900089;5;13;20;0;0;0;17;32;0;0;0
050900090;5;13;39;0;0;0;17;31;0;0;0
050900091;5;13;74;0;0;1;17;53;0;0;0
050900092;5;13;195;0;0;0;17;111;0;0;0
050900093;5;13;122;0;0;0;17;116;0;0;0
050900094;5;13;121;0;0;1;17;116;0;0;1
050900095;5;13;172;0;0;1;17;95;0;0;1
050900096;5;13;164;0;0;1;17;80;0;0;2
050900097;5;13;114;0;0;0;17;47;0;0;0
050900098;5;13;114;0;0;0;17;57;0;0;0
050900099;5;13;199;0;0;2;17;100;0;0;0
050900100;5;13;152;0;0;0;17;58;0;0;0
050900101;5;13;131;0;0;0;17;62;0;0;0
050900102;5;13;117;0;0;0;17;50;0;0;0
050900103;5;13;179;0;0;0;17;98;0;0;0
050900104;5;13;25;0;0;0;17;18;0;0;0
050900105;5;13;125;0;0;0;17;87;0;0;0
050900106;5;13;177;0;0;0;17;94;0;0;0
050900107;5;13;101;0;0;2;17;30;0;0;0
050900108;5;13;152;0;0;0;17;40;0;0;0
050900109;5;13;156;0;0;4;17;54;0;0;1
050900110;5;13;118;0;0;4;17;50;0;0;1
050900111;5;13;46;0;0;0;17;13;0;0;0
050900112;5;13;58;0;0;2;17;18;0;0;0
050900113;5;13;24;0;0;0;17;13;0;0;0
050900114;5;13;35;0;0;0;17;12;0;0;0
050900115;5;13;40;0;0;1;17;24;0;0;1
050900116;5;13;22;0;0;0;17;19;0;0;0
050900117;5;13;49;0;0;0;17;19;0;0;0
050900118;5;13;214;0;0;4;17;64;0;0;1
050900119;5;13;57;0;0;0;17;71;0;0;0
050900120;5;13;125;0;0;0;17;74;0;0;0
050900121;5;13;19;0;0;0;17;6;0;0;0
050900122;5;13;12;0;0;0;17;8;0;0;0
050900123;5;13;14;0;0;0;17;3;0;0;0
050900124;5;13;20;0;0;0;17;0;0;0;0
050900125;5;13;19;0;0;0;17;2;0;0;0
050900126;5;13;8;0;0;0;17;10;0;0;0
050900127;5;13;16;0;0;0;17;2;0;0;0
050900128;5;13;18;0;0;0;17;7;0;0;0
050900129;5;13;18;0;0;0;17;5;0;0;0
051500001;5;13;88;0;0;0;17;20;0;0;0
051500002;5;13;222;0;0;0;17;86;0;0;0
051500003;5;13;219;0;0;0;17;68;0;0;0
051500004;5;13;60;0;0;0;17;32;0;0;0
051500005;5;13;40;0;0;0;17;19;0;0;0
051500006;5;13;18;0;0;1;17;21;0;0;1
051500007;5;13;32;0;0;0;17;18;0;0;0
051500008;5;13;19;0;0;0;17;10;0;0;0
051500009;5;13;24;0;0;0;17;15;0;0;0
051600001;5;13;204;167;37;1;17;68;51;17;0
051600002;5;13;239;190;49;4;17;122;80;42;1
051600003;5;13;18;0;0;0;17;19;0;0;0
051600004;5;13;77;0;0;0;17;32;0;0;0
051600005;5;13;15;0;0;0;17;11;0;0;0
051600006;5;13;29;0;0;0;17;24;0;0;0
051600007;5;13;17;0;0;0;17;13;0;0;0
051600008;5;13;32;0;0;0;17;18;0;0;0
051600009;5;13;26;0;0;0;17;23;0;0;0
051600010;5;13;22;0;0;1;17;7;0;0;0
051600011;5;13;12;0;0;0;17;7;0;0;0
051600012;5;13;82;0;0;0;17;72;0;0;0
051600013;5;13;52;0;0;6;17;14;0;0;0
051600014;5;13;42;0;0;1;17;34;0;0;0
051600015;5;13;189;0;0;5;17;39;0;0;3
051600016;5;13;118;0;0;1;17;22;0;0;0
051600017;5;13;17;0;0;0;17;18;0;0;0
051600018;5;13;32;0;0;0;17;20;0;0;0
051600019;5;13;21;0;0;0;17;20;0;0;0
051600020;5;13;51;0;0;4;17;29;0;0;1
051600021;5;13;264;0;0;0;17;151;0;0;0
051600022;5;13;136;0;0;2;17;127;0;0;0
051600023;5;13;214;0;0;5;17;85;0;0;3
051600024;5;13;33;0;0;0;17;31;0;0;0
051600025;5;13;17;0;0;0;17;10;0;0;0
052200001;5;13;166;0;0;2;17;108;0;0;0
052200002;5;13;209;0;0;0;17;119;0;0;0
052200003;5;13;163;0;0;0;17;100;0;0;0
052200004;5;13;131;0;0;0;17;154;0;0;0
052200005;5;13;137;0;0;2;17;74;0;0;0
052200006;5;13;19;0;0;0;17;18;0;0;1
052200007;5;13;16;0;0;0;17;31;0;0;0
052200008;5;13;17;0;0;0;17;23;0;0;0
052200009;5;13;21;0;0;1;17;18;0;0;0
052200010;5;13;15;0;0;0;17;19;0;0;0
052200011;5;13;88;0;0;0;17;86;0;0;0
052200012;5;13;112;0;0;0;17;53;0;0;0
052200013;5;13;73;0;0;0;17;53;0;0;0
052200014;5;13;19;0;0;1;17;6;0;0;4
052500001;5;13;153;0;0;0;17;33;0;0;1
052500002;5;13;24;0;0;0;17;7;0;0;0
052500003;5;13;25;0;0;0;17;10;0;0;0
052500004;5;13;43;0;0;0;17;10;0;0;0
052500005;5;13;64;0;0;0;17;47;0;0;0
052500006;5;13;156;0;0;3;17;84;0;0;0
052500007;5;13;63;0;0;0;17;26;0;0;0
052500008;5;13;19;0;0;0;17;0;0;0;0
053000001;5;13;138;0;0;0;17;63;0;0;0
053000002;5;13;145;0;0;0;17;98;0;0;0
053000003;5;13;113;0;0;0;17;96;0;0;0
053000004;5;13;73;0;0;0;17;63;0;0;0
053000005;5;13;206;0;0;1;17;63;0;0;2
053000006;5;13;104;0;0;1;17;69;0;0;1
053000007;5;13;69;0;0;1;17;61;0;0;1
053000008;5;13;13;0;0;0;17;18;0;0;0
053000009;5;13;24;0;0;0;17;12;0;0;0
053000010;5;13;0;0;0;0;17;21;0;0;0
053300001;5;13;202;0;0;0;17;245;0;0;0
053300002;5;13;76;0;0;1;17;56;0;0;0
053300003;5;13;40;0;0;0;17;70;0;0;0
053300004;5;13;43;0;0;0;17;73;0;0;0
053300005;5;13;60;0;0;0;17;36;0;0;0
053300006;5;13;186;0;0;0;17;96;0;0;0
053300007;5;13;174;0;0;0;17;163;0;0;0
053300008;5;13;74;0;0;0;17;49;0;0;0
053300009;5;13;135;0;0;0;17;171;0;0;0
053300010;5;13;36;0;0;0;17;31;0;0;0
053700001;5;13;85;0;0;0;17;34;0;0;0
053700002;5;13;78;0;0;0;17;25;0;0;0
053700003;5;13;39;0;0;0;17;14;0;0;0
053700004;5;13;59;0;0;0;17;30;0;0;0
053700005;5;13;21;0;0;0;17;14;0;0;0
053700006;5;13;91;0;0;2;17;14;0;0;0
053700007;5;13;85;0;0;0;17;52;0;0;0
053700008;5;13;70;0;0;1;17;57;0;0;0
053700009;5;13;78;0;0;1;17;32;0;0;1
053700010;5;13;39;0;0;1;17;24;0;0;0
060500001;6;13;224;0;0;3;17;69;0;0;0
060500002;6;13;205;0;0;3;17;88;0;0;0
060500003;6;13;259;0;0;0;17;153;0;0;0
060500004;6;13;140;0;0;0;17;71;0;0;0
060500005;6;13;140;0;0;5;17;64;0;0;1
060500006;6;13;224;0;0;0;17;132;0;0;0
060500007;6;13;178;0;0;0;17;32;0;0;0
060500008;6;13;164;0;0;0;17;34;0;0;0
060500009;6;13;104;0;0;0;17;112;0;0;0
060500010;6;13;75;0;0;0;17;36;0;0;0
060500011;6;13;22;0;0;0;17;9;0;0;0
060800001;6;13;184;0;0;0;17;139;0;0;2
060800002;6;13;187;0;0;0;17;132;0;0;0
060800003;6;13;193;0;0;1;17;110;0;0;0
060800004;6;13;187;0;0;2;17;128;0;0;1
060800005;6;13;163;0;0;0;17;127;0;0;1
060800006;6;13;162;0;0;1;17;122;0;0;1
060800007;6;13;171;0;0;0;17;117;0;0;0
060800008;6;13;186;0;0;0;17;98;0;0;0
060800009;6;13;180;0;0;0;17;115;0;0;0
060800010;6;13;167;0;0;0;17;126;0;0;0
060800011;6;13;169;0;0;0;17;116;0;0;0
060800012;6;13;200;0;0;0;17;114;0;0;0
060800013;6;13;201;0;0;2;17;126;0;0;0
060800014;6;13;176;0;0;4;17;114;0;0;0
060800015;6;13;187;0;0;0;17;247;0;0;0
060800016;6;13;182;0;0;0;17;233;0;0;0
060800017;6;13;247;0;0;1;17;100;0;0;0
060800018;6;13;143;0;0;4;17;92;0;0;2
060800019;6;13;85;0;0;10;17;234;0;0;15
060800020;6;13;52;0;0;0;17;83;0;0;0
060800021;6;13;231;0;0;1;17;137;0;0;2
060800022;6;13;155;0;0;2;17;200;0;0;1
060800023;6;13;166;0;0;0;17;84;0;0;0
060800024;6;13;273;0;0;12;17;237;0;0;4
060800025;6;13;94;0;0;0;17;44;0;0;0
060800026;6;13;242;0;0;0;17;82;0;0;0
060800027;6;13;175;0;0;0;17;23;0;0;0
060800028;6;13;58;0;0;0;17;47;0;0;0
060800029;6;13;107;0;0;1;17;48;0;0;0
060800030;6;13;255;0;0;0;17;263;0;0;0
060800031;6;13;168;0;0;0;17;181;0;0;1
060800032;6;13;161;0;0;0;17;121;0;0;1
060800033;6;13;91;0;0;0;17;126;0;0;0
060800034;6;13;176;0;0;1;17;131;0;0;1
060800035;6;13;202;0;0;1;17;187;0;0;1
060800036;6;13;188;0;0;1;17;158;0;0;0
060800037;6;13;191;0;0;0;17;102;0;0;0
060800038;6;13;225;0;0;0;17;97;0;0;0
060800039;6;13;19;0;0;0;17;35;0;0;0
060800041;6;13;7;0;0;0;17;40;0;0;0
060800042;6;13;8;0;0;0;17;27;0;0;0
060800043;6;13;16;0;0;0;17;18;0;0;0
061000001;6;13;238;0;0;1;17;164;0;0;3
061000002;6;13;307;0;0;3;17;140;0;0;2
061000003;6;13;200;155;45;2;17;102;83;19;0
061000004;6;13;193;161;32;0;17;102;95;7;0
061000005;6;13;210;165;45;2;17;110;70;40;1
061000006;6;13;212;146;66;4;17;112;62;50;2
061000007;6;13;187;117;70;0;17;119;60;59;0
061000008;6;13;208;0;0;1;17;107;0;0;0
061000009;6;13;259;0;0;4;17;158;0;0;0
061000010;6;13;159;0;0;1;17;64;0;0;0
061000011;6;13;185;0;0;4;17;106;0;0;0
061000012;6;13;201;0;0;1;17;109;0;0;1
061000013;6;13;305;0;0;2;17;152;0;0;1
061000014;6;13;249;0;0;1;17;124;0;0;0
061000015;6;13;193;0;0;7;17;91;0;0;0
061000016;6;13;197;0;0;3;17;95;0;0;1
061000017;6;13;319;0;0;0;17;172;0;0;0
061000018;6;13;205;0;0;3;17;100;0;0;0
061000019;6;13;205;0;0;6;17;137;0;0;1
061000020;6;13;232;0;0;0;17;106;0;0;0
061000021;6;13;296;0;0;0;17;207;0;0;0
061000022;6;13;299;0;0;0;17;203;0;0;0
061000023;6;13;290;0;0;2;17;158;0;0;0
061000024;6;13;371;0;0;0;17;188;0;0;0
061000025;6;13;221;0;0;6;17;96;0;0;0
061000026;6;13;340;0;0;0;17;135;0;0;0
061000027;6;13;280;0;0;0;17;137;0;0;0
061000028;6;13;240;0;0;0;17;160;0;0;0
061000029;6;13;232;0;0;1;17;109;0;0;0
061000030;6;13;247;0;0;1;17;140;0;0;1
061000031;6;13;212;0;0;0;17;126;0;0;0
061000032;6;13;306;0;0;3;17;167;0;0;1
061000033;6;13;204;0;0;0;17;133;0;0;0
061000034;6;13;322;0;0;2;17;158;0;0;1
061000035;6;13;178;0;0;2;17;123;0;0;0
061000036;6;13;252;0;0;1;17;129;0;0;0
061000037;6;13;139;0;0;0;17;85;0;0;0
061000038;6;13;175;0;0;0;17;95;0;0;0
061000039;6;13;297;0;0;0;17;186;0;0;0
061000040;6;13;211;187;24;0;17;120;90;30;0
061000041;6;13;237;148;89;1;17;99;68;31;0
061000042;6;13;318;179;139;0;17;141;68;73;0
061000043;6;13;212;153;59;0;17;75;50;25;0
061000044;6;13;262;156;106;1;17;126;73;53;0
061000045;6;13;187;168;19;1;17;61;49;12;0
061000046;6;13;303;0;0;7;17;130;0;0;6
061000047;6;13;172;0;0;0;17;94;0;0;2
061000048;6;13;154;0;0;3;17;57;0;0;0
061000049;6;13;241;0;0;0;17;127;0;0;0
061000050;6;13;149;0;0;1;17;69;0;0;0
061000051;6;13;187;0;0;1;17;86;0;0;0
061000052;6;13;157;0;0;0;17;66;0;0;0
061000053;6;13;114;0;0;3;17;50;0;0;2
061000054;6;13;299;0;0;3;17;116;0;0;1
061000055;6;13;232;0;0;1;17;94;0;0;1
061000056;6;13;233;0;0;2;17;91;0;0;0
061000057;6;13;248;0;0;2;17;99;0;0;1
061000058;6;13;230;0;0;0;17;93;0;0;0
061000059;6;13;281;0;0;0;17;85;0;0;0
061000060;6;13;260;0;0;3;17;84;0;0;0
061000061;6;13;245;0;0;3;17;121;0;0;0
061000062;6;13;182;0;0;0;17;91;0;0;0
061000063;6;13;218;0;0;2;17;80;0;0;0
061000064;6;13;263;0;0;0;17;100;0;0;0
061000065;6;13;292;0;0;0;17;115;0;0;0
061000066;6;13;245;0;0;0;17;122;0;0;0
061000067;6;13;197;0;0;2;17;85;0;0;1
061000068;6;13;260;0;0;5;17;125;0;0;1
061000069;6;13;331;0;0;0;17;139;0;0;0
061000070;6;13;272;0;0;1;17;109;0;0;0
061000071;6;13;177;0;0;0;17;69;0;0;0
061000072;6;13;202;0;0;2;17;68;0;0;3
061000073;6;13;193;0;0;0;17;69;0;0;0
061000074;6;13;280;0;0;0;17;141;0;0;0
061000075;6;13;197;0;0;0;17;83;0;0;0
061000076;6;13;285;0;0;3;17;142;0;0;0
061000077;6;13;182;0;0;0;17;85;0;0;0
061000078;6;13;352;0;0;4;17;171;0;0;5
061000079;6;13;276;0;0;4;17;115;0;0;0
061000080;6;13;180;0;0;2;17;81;0;0;0
061000081;6;13;159;0;0;0;17;125;0;0;0
061000082;6;13;217;0;0;0;17;119;0;0;0
061000083;6;13;254;0;0;3;17;167;0;0;1
061000084;6;13;65;0;0;0;17;39;0;0;0
061000085;6;13;155;0;0;1;17;33;0;0;1
061000086;6;13;151;0;0;0;17;84;0;0;0
061000087;6;13;100;0;0;0;17;58;0;0;0
061000088;6;13;272;0;0;8;17;117;0;0;3
061000089;6;13;112;0;0;1;17;183;0;0;2
061000090;6;13;189;0;0;1;17;39;0;0;0
061000091;6;13;165;0;0;0;17;53;0;0;0
061000092;6;13;26;0;0;0;17;19;0;0;0
061000093;6;13;94;0;0;0;17;61;0;0;0
061000094;6;13;215;0;0;0;17;134;0;0;0
061000095;6;13;264;0;0;0;17;191;0;0;0
061000096;6;13;141;0;0;0;17;60;0;0;0
061000097;6;13;215;0;0;5;17;51;0;0;0
061000098;6;13;126;0;0;0;17;71;0;0;0
061000099;6;13;169;0;0;0;17;60;0;0;0
061000100;6;13;143;0;0;0;17;42;0;0;0
061000101;6;13;234;0;0;5;17;239;0;0;0
061000102;6;13;317;0;0;18;17;112;0;0;0
061000103;6;13;260;0;0;0;17;48;0;0;0
061000104;6;13;66;0;0;2;17;27;0;0;2
061000105;6;13;168;0;0;0;17;35;0;0;0
061000106;6;13;22;0;0;0;17;7;0;0;0
061000107;6;13;23;0;0;7;17;4;0;0;2
061000108;6;13;73;0;0;1;17;33;0;0;0
061000109;6;13;38;0;0;0;17;13;0;0;0
061000110;6;13;28;0;0;0;17;3;0;0;0
061000111;6;13;33;0;0;0;17;9;0;0;0
062000001;6;13;237;0;0;0;17;111;0;0;0
062000002;6;13;248;0;0;0;17;120;0;0;0
062000003;6;13;162;0;0;2;17;118;0;0;2
062000004;6;13;300;0;0;1;17;125;0;0;2
062000005;6;13;260;0;0;0;17;106;0;0;0
062000006;6;13;309;0;0;0;17;149;0;0;0
062000007;6;13;267;0;0;2;17;144;0;0;2
062000008;6;13;304;0;0;0;17;144;0;0;2
062000009;6;13;342;0;0;0;17;150;0;0;0
062000010;6;13;333;0;0;0;17;137;0;0;0
062000011;6;13;389;0;0;0;17;153;0;0;0
062000012;6;13;289;0;0;0;17;123;0;0;0
062000013;6;13;165;0;0;1;17;132;0;0;0
062000014;6;13;164;0;0;2;17;126;0;0;1
062000015;6;13;33;0;0;1;17;12;0;0;0
062000016;6;13;213;0;0;3;17;52;0;0;3
062000017;6;13;241;0;0;4;17;75;0;0;1
062000018;6;13;204;0;0;2;17;73;0;0;3
062000019;6;13;214;0;0;2;17;69;0;0;0
062000020;6;13;150;0;0;0;17;84;0;0;0
062000021;6;13;199;0;0;0;17;96;0;0;0
062000022;6;13;185;0;0;4;17;199;0;0;0
062000023;6;13;189;0;0;0;17;58;0;0;0
062000024;6;13;232;0;0;0;17;120;0;0;0
062000025;6;13;304;0;0;3;17;118;0;0;2
062000026;6;13;106;0;0;1;17;132;0;0;1
062100001;6;13;218;0;0;0;17;111;0;0;0
062100002;6;13;222;0;0;2;17;137;0;0;1
062100003;6;13;308;0;0;2;17;118;0;0;1
062100004;6;13;256;0;0;1;17;181;0;0;1
062100005;6;13;108;0;0;0;17;84;0;0;0
062100006;6;13;88;0;0;0;17;25;0;0;0
062100007;6;13;144;0;0;2;17;148;0;0;1
062100008;6;13;82;0;0;1;17;49;0;0;0
062100009;6;13;107;0;0;1;17;42;0;0;0
062100010;6;13;120;0;0;3;17;103;0;0;1
062100011;6;13;65;0;0;0;17;52;0;0;0
062100012;6;13;259;0;0;5;17;178;0;0;1
062100013;6;13;249;0;0;4;17;82;0;0;1
062100014;6;13;66;0;0;0;17;96;0;0;0
062100015;6;13;163;0;0;0;17;191;0;0;3
062100016;6;13;235;0;0;0;17;227;0;0;0
062100017;6;13;48;0;0;0;17;58;0;0;0
062100018;6;13;104;0;0;0;17;49;0;0;0
062100019;6;13;13;0;0;0;17;18;0;0;0
062100020;6;13;24;0;0;1;17;12;0;0;0
062700001;6;13;207;0;0;3;17;119;0;0;0
062700002;6;13;242;0;0;0;17;117;0;0;0
062700003;6;13;286;0;0;0;17;104;0;0;0
062700004;6;13;267;0;0;0;17;107;0;0;0
062700005;6;13;242;0;0;1;17;110;0;0;1
062700006;6;13;264;0;0;0;17;103;0;0;0
062700007;6;13;221;0;0;0;17;117;0;0;0
062700008;6;13;294;0;0;2;17;91;0;0;1
062700009;6;13;243;173;70;1;17;95;62;33;0
062700010;6;13;244;105;139;2;17;95;36;59;0
062700011;6;13;245;0;0;0;17;92;0;0;0
062700012;6;13;391;0;0;6;17;139;0;0;0
062700013;6;13;183;0;0;0;17;71;0;0;0
062700014;6;13;272;0;0;1;17;70;0;0;0
062700015;6;13;164;0;0;0;17;71;0;0;0
062700016;6;13;155;0;0;0;17;56;0;0;0
062700017;6;13;97;0;0;0;17;56;0;0;0
062700018;6;13;73;0;0;3;17;25;0;0;0
062700019;6;13;151;0;0;0;17;72;0;0;0
062700020;6;13;158;0;0;0;17;75;0;0;0
062700021;6;13;106;0;0;0;17;72;0;0;0
062700022;6;13;100;0;0;1;17;50;0;0;2
062700023;6;13;279;0;0;0;17;103;0;0;0
062700024;6;13;322;0;0;2;17;101;0;0;1
062700025;6;13;57;0;0;0;17;4;0;0;0
062700026;6;13;197;0;0;2;17;84;0;0;1
062700027;6;13;99;0;0;0;17;67;0;0;0
062700028;6;13;36;0;0;0;17;20;0;0;0
062700029;6;13;97;0;0;0;17;27;0;0;0
062700030;6;13;137;0;0;0;17;56;0;0;0
062700031;6;13;61;0;0;0;17;50;0;0;0
062700032;6;13;140;0;0;2;17;53;0;0;2
062700033;6;13;212;0;0;5;17;86;0;0;0
062700034;6;13;188;0;0;1;17;53;0;0;0
062700035;6;13;63;0;0;1;17;36;0;0;1
062700036;6;13;43;0;0;3;17;6;0;0;0
062700037;6;13;119;0;0;5;17;63;0;0;1
062700038;6;13;88;0;0;2;17;59;0;0;0
062700039;6;13;49;0;0;1;17;23;0;0;0
062700040;6;13;167;0;0;3;17;46;0;0;0
062700041;6;13;42;0;0;0;17;10;0;0;0
062700042;6;13;134;0;0;2;17;58;0;0;1
062800001;6;13;265;0;0;1;17;84;0;0;0
062800002;6;13;298;0;0;0;17;85;0;0;0
062800003;6;13;311;0;0;4;17;110;0;0;0
062800004;6;13;262;0;0;3;17;89;0;0;0
062800005;6;13;15;0;0;0;17;8;0;0;0
062800006;6;13;107;0;0;0;17;50;0;0;0
062800007;6;13;295;0;0;1;17;70;0;0;1
062800008;6;13;289;0;0;3;17;95;0;0;1
062800009;6;13;225;0;0;0;17;103;0;0;0
062800010;6;13;257;0;0;0;17;130;0;0;0
062800011;6;13;208;0;0;0;17;52;0;0;0
062800012;6;13;17;0;0;0;17;3;0;0;0
062800013;6;13;10;0;0;0;17;6;0;0;0
062800014;6;13;9;0;0;0;17;4;0;0;0
063100001;6;13;280;0;0;3;17;149;0;0;2
063100002;6;13;242;0;0;0;17;123;0;0;0
063100003;6;13;30;0;0;0;17;20;0;0;0
063100004;6;13;156;0;0;1;17;120;0;0;2
063100005;6;13;109;0;0;0;17;83;0;0;0
063100006;6;13;161;0;0;3;17;89;0;0;1
063100007;6;13;273;0;0;0;17;129;0;0;0
063100008;6;13;182;0;0;7;17;106;0;0;2
063100010;6;13;144;0;0;0;17;76;0;0;2
063100011;6;13;164;0;0;2;17;60;0;0;2
063100012;6;13;162;0;0;0;17;51;0;0;0
063100013;6;13;113;0;0;0;17;56;0;0;0
063100014;6;13;123;0;0;7;17;68;0;0;0
063100015;6;13;138;0;0;0;17;70;0;0;0
063100016;6;13;114;0;0;2;17;58;0;0;1
063100017;6;13;85;0;0;0;17;41;0;0;0
063100018;6;13;66;0;0;1;17;21;0;0;0
063100019;6;13;127;0;0;0;17;37;0;0;0
063100020;6;13;150;0;0;0;17;47;0;0;0
063100021;6;13;81;0;0;0;17;19;0;0;0
063100022;6;13;110;0;0;2;17;53;0;0;0
063100023;6;13;62;0;0;2;17;35;0;0;1
063100024;6;13;213;0;0;1;17;100;0;0;2
063100025;6;13;81;0;0;3;17;39;0;0;0
063200001;6;13;205;190;15;0;17;142;138;4;0
063200002;6;13;306;266;40;0;17;148;129;19;0
063200003;6;13;184;0;0;2;17;54;0;0;0
063200004;6;13;216;0;0;0;17;94;0;0;0
063200005;6;13;37;0;0;0;17;11;0;0;0
063200006;6;13;94;0;0;0;17;52;0;0;0
063200007;6;13;223;0;0;0;17;100;0;0;0
063200008;6;13;172;0;0;2;17;62;0;0;0
063200009;6;13;80;0;0;0;17;33;0;0;0
063200010;6;13;118;0;0;0;17;77;0;0;0
063200011;6;13;167;0;0;0;17;73;0;0;0
063200012;6;13;36;0;0;1;17;17;0;0;0
063200013;6;13;14;0;0;0;17;4;0;0;0
063200014;6;13;56;0;0;0;17;27;0;0;0
063200015;6;13;116;0;0;1;17;53;0;0;0
063200016;6;13;24;0;0;1;17;10;0;0;1
063200017;6;13;127;0;0;0;17;48;0;0;0
063200018;6;13;14;0;0;1;17;4;0;0;0
063500001;6;13;160;0;0;4;17;48;0;0;0
063500002;6;13;319;0;0;0;17;118;0;0;0
063500003;6;13;29;0;0;0;17;5;0;0;0
063500004;6;13;339;0;0;2;17;84;0;0;2
063500005;6;13;197;0;0;0;17;48;0;0;0
063500006;6;13;187;0;0;0;17;56;0;0;0
063500007;6;13;75;0;0;0;17;33;0;0;3
063500008;6;13;295;0;0;5;17;117;0;0;3
063500009;6;13;35;0;0;0;17;16;0;0;0
063500010;6;13;15;0;0;0;17;3;0;0;0
070500001;7;13;262;0;0;1;17;196;0;0;1
070500002;7;13;233;0;0;0;17;197;0;0;0
070500003;7;13;184;0;0;4;17;127;0;0;1
070500004;7;13;138;0;0;1;17;92;0;0;0
070500005;7;13;156;0;0;4;17;138;0;0;3
070500006;7;13;173;0;0;3;17;161;0;0;1
070500007;7;13;193;0;0;2;17;128;0;0;1
070500008;7;13;189;0;0;0;17;120;0;0;0
070500009;7;13;118;0;0;0;17;153;0;0;0
070500010;7;13;198;0;0;0;17;153;0;0;0
070500011;7;13;128;0;0;0;17;122;0;0;0
070500012;7;13;231;0;0;5;17;168;0;0;4
070500013;7;13;165;0;0;6;17;145;0;0;2
070500014;7;13;219;124;95;4;17;175;84;91;0
070500015;7;13;187;103;84;0;17;95;32;63;0
070500016;7;13;152;82;70;4;17;127;48;79;1
070500017;7;13;176;94;82;2;17;134;74;60;1
070500018;7;13;127;36;91;0;17;153;30;123;0
070500019;7;13;252;162;90;4;17;198;98;100;0
070500020;7;13;207;127;80;0;17;122;66;56;0
070500021;7;13;151;80;71;0;17;148;69;79;0
070500022;7;13;175;83;92;3;17;112;34;78;1
070500023;7;13;169;96;73;0;17;112;57;55;0
070500024;7;13;110;60;50;1;17;53;17;36;0
070500025;7;13;156;0;0;1;17;120;0;0;1
070500026;7;13;171;0;0;2;17;179;0;0;1
070500027;7;13;156;0;0;1;17;140;0;0;0
070500028;7;13;41;0;0;1;17;48;0;0;0
070500029;7;13;158;0;0;1;17;137;0;0;0
070500030;7;13;165;0;0;1;17;161;0;0;0
070500031;7;13;138;0;0;2;17;143;0;0;1
070500032;7;13;129;0;0;0;17;118;0;0;1
070500033;7;13;209;0;0;0;17;146;0;0;0
070500034;7;13;239;0;0;5;17;158;0;0;2
070500035;7;13;204;0;0;4;17;172;0;0;0
070500036;7;13;230;0;0;0;17;180;0;0;1
070500037;7;13;140;0;0;3;17;148;0;0;2
070500038;7;13;205;0;0;4;17;150;0;0;1
070500039;7;13;224;0;0;3;17;237;0;0;1
070500040;7;13;117;0;0;0;17;73;0;0;0
070500041;7;13;189;0;0;1;17;113;0;0;1
070500042;7;13;254;0;0;2;17;231;0;0;2
070500043;7;13;192;0;0;4;17;117;0;0;1
070500044;7;13;174;0;0;4;17;188;0;0;1
070500045;7;13;187;0;0;0;17;120;0;0;0
070500046;7;13;120;0;0;1;17;116;0;0;3
070500047;7;13;202;0;0;1;17;193;0;0;2
070500048;7;13;156;0;0;4;17;100;0;0;3
070500049;7;13;176;0;0;0;17;169;0;0;3
070500050;7;13;120;0;0;0;17;113;0;0;0
070500051;7;13;183;0;0;2;17;161;0;0;3
070500052;7;13;122;0;0;0;17;123;0;0;0
070500053;7;13;177;0;0;5;17;195;0;0;6
070500054;7;13;164;0;0;1;17;124;0;0;0
070500055;7;13;167;0;0;2;17;137;0;0;0
070500056;7;13;176;0;0;2;17;162;0;0;1
070500057;7;13;101;0;0;1;17;101;0;0;0
070500058;7;13;160;0;0;1;17;171;0;0;2
070500059;7;13;221;0;0;0;17;127;0;0;0
070500060;7;13;51;0;0;2;17;31;0;0;0
070500061;7;13;126;0;0;4;17;102;0;0;1
070500062;7;13;112;0;0;2;17;143;0;0;0
070500063;7;13;184;0;0;3;17;154;0;0;4
070500064;7;13;160;0;0;0;17;174;0;0;0
070500065;7;13;149;0;0;0;17;163;0;0;0
070500066;7;13;131;0;0;1;17;131;0;0;0
070500067;7;13;146;0;0;0;17;124;0;0;0
070500068;7;13;128;0;0;0;17;144;0;0;0
070500069;7;13;159;0;0;2;17;158;0;0;1
070500070;7;13;87;0;0;2;17;97;0;0;1
070500071;7;13;140;0;0;0;17;127;0;0;0
070500072;7;13;122;0;0;0;17;108;0;0;0
070500073;7;13;198;0;0;3;17;149;0;0;1
070500074;7;13;197;0;0;3;17;98;0;0;3
070500075;7;13;182;0;0;2;17;187;0;0;0
070500076;7;13;201;0;0;0;17;137;0;0;0
070500077;7;13;204;0;0;0;17;242;0;0;0
070500078;7;13;99;0;0;0;17;87;0;0;0
070500079;7;13;147;0;0;0;17;110;0;0;0
070500080;7;13;232;0;0;3;17;217;0;0;3
070500081;7;13;122;0;0;3;17;151;0;0;5
070500082;7;13;117;0;0;3;17;95;0;0;1
070500083;7;13;177;0;0;3;17;138;0;0;1
070500084;7;13;193;0;0;5;17;134;0;0;4
070500085;7;13;43;0;0;0;17;41;0;0;0
070500086;7;13;47;0;0;2;17;33;0;0;1
070500087;7;13;28;0;0;0;17;23;0;0;0
070500088;7;13;30;0;0;1;17;12;0;0;0
070500089;7;13;29;0;0;1;17;33;0;0;1
070500090;7;13;24;0;0;0;17;47;0;0;0
070500091;7;13;67;0;0;1;17;57;0;0;0
070500092;7;13;55;0;0;0;17;55;0;0;0
070500093;7;13;49;0;0;0;17;45;0;0;1
070500094;7;13;48;0;0;0;17;40;0;0;0
070500095;7;13;101;0;0;0;17;62;0;0;0
070500096;7;13;40;0;0;0;17;54;0;0;0
070500097;7;13;30;0;0;0;17;14;0;0;0
070500098;7;13;29;0;0;0;17;34;0;0;1
070500099;7;13;23;0;0;0;17;14;0;0;0
070500100;7;13;176;0;0;0;17;144;0;0;0
070500101;7;13;31;0;0;0;17;18;0;0;0
070500102;7;13;60;0;0;1;17;57;0;0;0
070500103;7;13;40;0;0;0;17;43;0;0;0
070500104;7;13;95;0;0;0;17;80;0;0;0
070500105;7;13;23;0;0;0;17;27;0;0;0
070500106;7;13;31;0;0;0;17;35;0;0;0
070500107;7;13;30;0;0;0;17;40;0;0;0
070500108;7;13;118;0;0;0;17;77;0;0;0
070500109;7;13;41;0;0;4;17;50;0;0;2
070500110;7;13;137;0;0;15;17;58;0;0;2
070500111;7;13;79;0;0;1;17;75;0;0;0
070500112;7;13;45;0;0;0;17;32;0;0;0
070500113;7;13;67;0;0;1;17;38;0;0;1
070500114;7;13;77;0;0;1;17;62;0;0;1
070500115;7;13;30;0;0;0;17;15;0;0;0
070500116;7;13;21;0;0;2;17;7;0;0;0
070500117;7;13;21;0;0;0;17;11;0;0;0
071200001;7;13;142;0;0;0;17;69;0;0;0
071200002;7;13;231;0;0;2;17;107;0;0;1
071200003;7;13;208;0;0;1;17;79;0;0;1
071200004;7;13;226;0;0;0;17;74;0;0;0
071200005;7;13;206;0;0;0;17;68;0;0;0
071200006;7;13;151;0;0;4;17;70;0;0;1
071200007;7;13;117;0;0;0;17;75;0;0;0
071200008;7;13;184;0;0;0;17;30;0;0;0
071200009;7;13;225;0;0;0;17;111;0;0;0
071200010;7;13;203;0;0;0;17;88;0;0;0
071200011;7;13;255;0;0;3;17;89;0;0;1
071200012;7;13;178;0;0;0;17;78;0;0;0
071200013;7;13;164;0;0;0;17;84;0;0;1
071200014;7;13;5;0;0;0;17;11;0;0;0
071200015;7;13;211;0;0;0;17;115;0;0;0
071200016;7;13;10;0;0;0;17;3;0;0;0
071200017;7;13;25;0;0;0;17;28;0;0;0
071200018;7;13;30;0;0;0;17;17;0;0;0
071200019;7;13;104;0;0;0;17;54;0;0;0
071200020;7;13;15;0;0;0;17;12;0;0;0
071200021;7;13;45;0;0;0;17;17;0;0;0
071200022;7;13;62;0;0;0;17;22;0;0;0
071200023;7;13;16;0;0;0;17;8;0;0;1
071200024;7;13;29;0;0;0;17;23;0;0;0
071200025;7;13;4;0;0;0;17;4;0;0;0
071200027;7;13;3;0;0;0;17;4;0;0;0
072900001;7;13;211;0;0;0;17;96;0;0;0
072900002;7;13;154;0;0;0;17;115;0;0;0
072900003;7;13;172;0;0;1;17;99;0;0;1
072900004;7;13;173;0;0;2;17;125;0;0;1
072900005;7;13;186;84;102;7;17;114;41;73;1
072900006;7;13;196;137;59;1;17;129;90;39;1
072900007;7;13;124;0;0;2;17;37;0;0;2
072900008;7;13;166;0;0;4;17;87;0;0;2
072900009;7;13;179;0;0;0;17;122;0;0;0
072900010;7;13;233;0;0;2;17;192;0;0;1
072900011;7;13;279;0;0;3;17;191;0;0;2
072900012;7;13;229;0;0;0;17;117;0;0;0
072900013;7;13;186;0;0;0;17;115;0;0;0
072900014;7;13;194;0;0;3;17;148;0;0;0
072900015;7;13;205;0;0;1;17;118;0;0;1
072900016;7;13;179;0;0;1;17;107;0;0;1
072900017;7;13;243;0;0;0;17;144;0;0;0
072900018;7;13;219;0;0;2;17;141;0;0;4
072900019;7;13;183;0;0;2;17;98;0;0;1
072900020;7;13;223;0;0;1;17;164;0;0;0
072900021;7;13;199;0;0;0;17;146;0;0;0
072900022;7;13;225;0;0;1;17;143;0;0;2
072900023;7;13;254;0;0;0;17;231;0;0;0
072900024;7;13;212;0;0;2;17;139;0;0;1
072900025;7;13;167;0;0;0;17;116;0;0;0
072900026;7;13;217;0;0;0;17;147;0;0;0
072900027;7;13;219;0;0;1;17;179;0;0;1
072900028;7;13;298;0;0;3;17;162;0;0;2
072900029;7;13;246;0;0;6;17;170;0;0;1
072900030;7;13;243;0;0;0;17;143;0;0;0
072900031;7;13;87;0;0;2;17;44;0;0;0
072900032;7;13;106;0;0;3;17;105;0;0;3
072900033;7;13;84;0;0;3;17;62;0;0;0
072900034;7;13;116;0;0;1;17;63;0;0;1
072900035;7;13;17;0;0;0;17;13;0;0;0
072900036;7;13;86;0;0;0;17;36;0;0;0
072900037;7;13;60;0;0;0;17;21;0;0;0
072900038;7;13;187;0;0;1;17;100;0;0;2
072900039;7;13;204;0;0;1;17;44;0;0;1
072900040;7;13;177;0;0;0;17;59;0;0;0
072900041;7;13;103;0;0;1;17;64;0;0;2
072900042;7;13;104;0;0;7;17;85;0;0;2
072900043;7;13;130;0;0;2;17;81;0;0;2
072900044;7;13;95;0;0;0;17;73;0;0;0
072900045;7;13;20;0;0;0;17;21;0;0;0
072900046;7;13;12;0;0;0;17;17;0;0;1
072900047;7;13;165;0;0;1;17;83;0;0;0
072900048;7;13;116;0;0;1;17;89;0;0;1
072900049;7;13;202;0;0;0;17;55;0;0;0
072900050;7;13;67;0;0;2;17;30;0;0;0
072900051;7;13;90;0;0;3;17;45;0;0;0
072900052;7;13;29;0;0;1;17;30;0;0;2
072900053;7;13;40;0;0;0;17;20;0;0;0
072900054;7;13;74;0;0;3;17;37;0;0;1
072900055;7;13;155;0;0;0;17;31;0;0;0
072900056;7;13;285;0;0;0;17;35;0;0;0
072900057;7;13;243;0;0;0;17;33;0;0;0
072900058;7;13;200;0;0;4;17;30;0;0;1
072900059;7;13;28;0;0;0;17;24;0;0;0
072900060;7;13;91;0;0;1;17;40;0;0;0
072900061;7;13;64;0;0;1;17;28;0;0;0
072900062;7;13;206;0;0;3;17;113;0;0;1
072900063;7;13;33;0;0;0;17;23;0;0;0
072900064;7;13;18;0;0;0;17;10;0;0;0
072900065;7;13;29;0;0;1;17;10;0;0;0
072900066;7;13;15;0;0;0;17;14;0;0;0
072900067;7;13;63;0;0;8;17;32;0;0;3
072900068;7;13;114;0;0;3;17;126;0;0;0
072900069;7;13;9;0;0;0;17;1;0;0;0
072900070;7;13;11;0;0;0;17;8;0;0;1
072900071;7;13;15;0;0;0;17;10;0;0;0
072900072;7;13;12;0;0;0;17;8;0;0;0
073500001;7;13;201;0;0;0;17;130;0;0;0
073500002;7;13;286;0;0;1;17;143;0;0;2
073500003;7;13;212;0;0;1;17;200;0;0;1
073500004;7;13;258;0;0;4;17;188;0;0;0
073500005;7;13;215;0;0;2;17;125;0;0;0
073500006;7;13;229;0;0;3;17;101;0;0;0
073500007;7;13;225;0;0;0;17;138;0;0;1
073500008;7;13;197;0;0;1;17;102;0;0;2
073500009;7;13;237;162;75;3;17;137;83;54;1
073500010;7;13;204;180;24;0;17;112;86;26;0
073500011;7;13;6;0;0;0;17;8;0;0;0
073500012;7;13;146;0;0;2;17;69;0;0;0
073500013;7;13;190;0;0;0;17;91;0;0;0
073500014;7;13;207;0;0;1;17;84;0;0;0
073500015;7;13;14;0;0;0;17;4;0;0;0
073500016;7;13;17;0;0;0;17;7;0;0;0
073500017;7;13;18;0;0;0;17;9;0;0;0
073500018;7;13;33;0;0;0;17;16;0;0;0
073500019;7;13;187;0;0;0;17;149;0;0;0
073500020;7;13;250;0;0;2;17;191;0;0;2
073500021;7;13;25;0;0;1;17;8;0;0;1
073500022;7;13;11;0;0;0;17;8;0;0;0
080300001;8;13;304;0;0;2;17;122;0;0;1
080300002;8;13;184;0;0;1;17;109;0;0;3
080300003;8;13;226;0;0;3;17;32;0;0;1
080300004;8;13;193;130;63;0;17;94;41;53;0
080300005;8;13;174;52;122;0;17;73;25;48;0
080300006;8;13;293;0;0;1;17;120;0;0;0
080300007;8;13;262;0;0;3;17;50;0;0;1
080300008;8;13;296;0;0;1;17;62;0;0;0
080300009;8;13;235;0;0;1;17;73;0;0;0
080300010;8;13;275;0;0;0;17;104;0;0;0
080300011;8;13;285;0;0;0;17;61;0;0;0
080300012;8;13;276;0;0;7;17;113;0;0;0
080300013;8;13;269;0;0;0;17;104;0;0;0
080300014;8;13;227;0;0;6;17;85;0;0;1
080300015;8;13;19;0;0;0;17;7;0;0;0
080300016;8;13;99;0;0;9;17;22;0;0;0
080300017;8;13;15;0;0;0;17;2;0;0;0
080300018;8;13;149;0;0;0;17;57;0;0;0
080300019;8;13;103;0;0;1;17;29;0;0;2
080300020;8;13;45;0;0;0;17;26;0;0;0
080300021;8;13;89;0;0;0;17;29;0;0;1
080300022;8;13;198;0;0;0;17;142;0;0;0
080300023;8;13;36;0;0;0;17;12;0;0;0
080300024;8;13;149;0;0;0;17;9;0;0;0
080300025;8;13;39;0;0;0;17;25;0;0;0
080300026;8;13;224;0;0;1;17;157;0;0;1
080300027;8;13;207;0;0;1;17;80;0;0;3
080300028;8;13;93;0;0;0;17;28;0;0;0
080300029;8;13;40;0;0;1;17;20;0;0;0
080300030;8;13;186;0;0;0;17;41;0;0;0
080300032;8;13;269;0;0;4;17;44;0;0;0
080300033;8;13;82;0;0;0;17;27;0;0;0
080300034;8;13;37;0;0;0;17;8;0;0;0
080300035;8;13;19;0;0;0;17;9;0;0;0
080300036;8;13;141;0;0;0;17;38;0;0;0
080300037;8;13;21;0;0;0;17;6;0;0;1
081200001;8;13;242;0;0;2;17;101;0;0;1
081200002;8;13;205;0;0;4;17;101;0;0;2
081200003;8;13;271;0;0;2;17;109;0;0;0
081200004;8;13;247;185;62;1;17;146;91;55;0
081200005;8;13;233;146;87;1;17;121;72;49;0
081200006;8;13;234;0;0;0;17;108;0;0;0
081200007;8;13;155;0;0;0;17;62;0;0;0
081200008;8;13;246;0;0;0;17;98;0;0;0
081200009;8;13;132;0;0;3;17;45;0;0;1
081200010;8;13;11;0;0;0;17;6;0;0;0
081200011;8;13;35;0;0;0;17;7;0;0;0
081200012;8;13;20;0;0;1;17;3;0;0;0
081200013;8;13;112;0;0;2;17;17;0;0;3
081200014;8;13;14;0;0;0;17;8;0;0;0
081200015;8;13;28;0;0;1;17;9;0;0;0
081200016;8;13;24;0;0;0;17;6;0;0;0
081200017;8;13;49;0;0;0;17;19;0;0;0
081200018;8;13;69;0;0;1;17;20;0;0;0
081200019;8;13;32;0;0;0;17;10;0;0;0
081200020;8;13;80;0;0;0;17;39;0;0;0
081200021;8;13;105;0;0;1;17;10;0;0;0
081200022;8;13;29;0;0;0;17;10;0;0;0
081200023;8;13;151;0;0;0;17;41;0;0;1
081200024;8;13;147;0;0;0;17;58;0;0;0
081200025;8;13;22;0;0;0;17;6;0;0;0
081200026;8;13;68;0;0;0;17;30;0;0;1
081200027;8;13;67;0;0;0;17;14;0;0;0
081200028;8;13;129;0;0;2;17;33;0;0;0
081200029;8;13;76;0;0;0;17;20;0;0;0
081200030;8;13;71;0;0;0;17;16;0;0;0
081200031;8;13;37;0;0;0;17;10;0;0;0
081200032;8;13;27;0;0;0;17;13;0;0;0
081200033;8;13;81;0;0;1;17;30;0;0;2
081200034;8;13;80;0;0;0;17;9;0;0;0
081200035;8;13;135;0;0;0;17;31;0;0;1
081200036;8;13;64;0;0;0;17;15;0;0;1
081200037;8;13;46;0;0;1;17;9;0;0;0
081200038;8;13;29;0;0;1;17;10;0;0;0
081200039;8;13;123;0;0;5;17;36;0;0;1
081200040;8;13;19;0;0;1;17;6;0;0;0
081200041;8;13;45;0;0;1;17;15;0;0;0
081200042;8;13;81;0;0;2;17;11;0;0;1
081200043;8;13;108;0;0;6;17;32;0;0;0
081200044;8;13;87;0;0;0;17;29;0;0;1
081200045;8;13;23;0;0;0;17;3;0;0;0
081200046;8;13;22;0;0;1;17;8;0;0;0
081200047;8;13;68;0;0;0;17;26;0;0;0
081500001;8;13;45;0;0;0;17;7;0;0;1
081500002;8;13;44;0;0;0;17;41;0;0;0
081500003;8;13;173;0;0;1;17;56;0;0;0
081500004;8;13;35;0;0;0;17;7;0;0;2
081500005;8;13;128;0;0;0;17;31;0;0;0
081500006;8;13;190;0;0;1;17;23;0;0;1
081500007;8;13;44;0;0;2;17;13;0;0;0
081500008;8;13;236;0;0;6;17;48;0;0;1
081500009;8;13;112;0;0;1;17;41;0;0;1
081500010;8;13;163;0;0;4;17;44;0;0;2
081500011;8;13;72;0;0;0;17;37;0;0;0
081500012;8;13;56;0;0;0;17;40;0;0;2
081500013;8;13;17;0;0;0;17;16;0;0;0
081500014;8;13;24;0;0;0;17;10;0;0;0
081500015;8;13;38;0;0;0;17;12;0;0;0
081500016;8;13;27;0;0;2;17;12;0;0;0
081500017;8;13;215;0;0;3;17;159;0;0;2
081500018;8;13;49;0;0;0;17;28;0;0;0
081500019;8;13;21;0;0;0;17;9;0;0;0
081500020;8;13;80;0;0;0;17;27;0;0;0
081500021;8;13;223;0;0;1;17;116;0;0;0
081500022;8;13;54;0;0;1;17;15;0;0;0
081500023;8;13;81;0;0;0;17;6;0;0;0
081500024;8;13;142;0;0;0;17;26;0;0;0
081500025;8;13;43;0;0;0;17;11;0;0;0
081500026;8;13;49;0;0;1;17;24;0;0;0
081500027;8;13;203;0;0;3;17;174;0;0;4
081500028;8;13;117;0;0;0;17;34;0;0;0
081500029;8;13;97;0;0;0;17;29;0;0;0
081500030;8;13;16;0;0;0;17;7;0;0;0
081500031;8;13;143;0;0;0;17;32;0;0;0
081500032;8;13;109;0;0;0;17;15;0;0;0
081500033;8;13;107;0;0;0;17;16;0;0;0
081500034;8;13;44;0;0;0;17;13;0;0;0
081500035;8;13;14;0;0;0;17;17;0;0;0
081500036;8;13;70;0;0;0;17;26;0;0;0
081500037;8;13;58;0;0;0;17;8;0;0;0
081500038;8;13;117;0;0;0;17;51;0;0;0
081500039;8;13;87;0;0;4;17;42;0;0;1
081500040;8;13;134;0;0;0;17;55;0;0;0
081500041;8;13;31;0;0;0;17;25;0;0;0
081500042;8;13;32;0;0;0;17;8;0;0;0
081500043;8;13;180;0;0;8;17;71;0;0;2
081500044;8;13;132;0;0;2;17;80;0;0;0
081500045;8;13;99;0;0;0;17;24;0;0;0
081500046;8;13;52;0;0;0;17;26;0;0;0
081500047;8;13;73;0;0;0;17;19;0;0;0
081500048;8;13;37;0;0;1;17;14;0;0;0
081500049;8;13;44;0;0;0;17;11;0;0;0
081500050;8;13;85;0;0;1;17;11;0;0;0
081500051;8;13;34;0;0;0;17;5;0;0;0
081500052;8;13;52;0;0;7;17;21;0;0;1
081500053;8;13;64;0;0;1;17;16;0;0;0
081500054;8;13;44;0;0;1;17;28;0;0;0
081500055;8;13;42;0;0;0;17;36;0;0;0
081500056;8;13;106;0;0;0;17;42;0;0;0
081500057;8;13;21;0;0;0;17;15;0;0;0
081500058;8;13;218;0;0;0;17;88;0;0;0
081500059;8;13;101;0;0;0;17;39;0;0;0
081500060;8;13;137;0;0;2;17;159;0;0;1
081500061;8;13;106;0;0;8;17;74;0;0;5
081500062;8;13;16;0;0;0;17;5;0;0;0
081500063;8;13;61;0;0;0;17;7;0;0;0
081500064;8;13;172;0;0;4;17;46;0;0;0
081500065;8;13;79;0;0;0;17;10;0;0;0
081500066;8;13;83;0;0;0;17;38;0;0;0
081500067;8;13;131;0;0;2;17;13;0;0;0
081700001;8;13;244;0;0;1;17;117;0;0;0
081700002;8;13;298;0;0;1;17;106;0;0;3
081700003;8;13;122;0;0;2;17;108;0;0;6
081700004;8;13;89;0;0;2;17;113;0;0;2
081700005;8;13;251;0;0;0;17;98;0;0;0
081700006;8;13;243;0;0;0;17;103;0;0;1
081700007;8;13;270;0;0;0;17;120;0;0;0
081700008;8;13;260;0;0;5;17;108;0;0;5
081700009;8;13;203;0;0;2;17;51;0;0;1
081700010;8;13;285;0;0;1;17;116;0;0;0
081700011;8;13;255;0;0;0;17;122;0;0;0
081700012;8;13;92;0;0;4;17;81;0;0;5
081700013;8;13;225;0;0;1;17;104;0;0;1
081700014;8;13;212;0;0;0;17;88;0;0;0
081700015;8;13;67;0;0;0;17;54;0;0;0
081700016;8;13;11;0;0;0;17;3;0;0;0
081700017;8;13;40;0;0;0;17;8;0;0;0
081700018;8;13;226;0;0;0;17;62;0;0;0
081700019;8;13;214;0;0;0;17;62;0;0;0
081700020;8;13;55;0;0;0;17;13;0;0;1
081700021;8;13;71;0;0;3;17;29;0;0;1
081700022;8;13;19;0;0;0;17;13;0;0;0
081700023;8;13;18;0;0;0;17;7;0;0;0
081700024;8;13;45;0;0;0;17;12;0;0;0
081700025;8;13;20;0;0;0;17;13;0;0;0
081700026;8;13;13;0;0;0;17;10;0;0;0
081700027;8;13;78;0;0;0;17;16;0;0;0
081700028;8;13;34;0;0;0;17;18;0;0;0
081700029;8;13;38;0;0;0;17;10;0;0;0
081700030;8;13;65;0;0;4;17;8;0;0;0
081700031;8;13;55;0;0;0;17;16;0;0;0
081700032;8;13;7;0;0;0;17;8;0;0;0
081700033;8;13;26;0;0;0;17;18;0;0;0
081700034;8;13;26;0;0;0;17;8;0;0;0
082000001;8;13;167;0;0;0;17;92;0;0;0
082000002;8;13;53;0;0;1;17;35;0;0;0
082000003;8;13;35;0;0;3;17;22;0;0;1
082000004;8;13;48;0;0;4;17;10;0;0;1
082000005;8;13;15;0;0;0;17;12;0;0;0
082000006;8;13;107;0;0;1;17;38;0;0;2
082000007;8;13;82;0;0;0;17;42;0;0;1
082000008;8;13;41;0;0;0;17;6;0;0;0
082000009;8;13;180;0;0;4;17;39;0;0;2
082000010;8;13;44;0;0;4;17;8;0;0;1
082000011;8;13;115;0;0;0;17;23;0;0;0
082000012;8;13;77;0;0;0;17;13;0;0;0
082000013;8;13;48;0;0;0;17;19;0;0;0
082000014;8;13;23;0;0;0;17;12;0;0;0
082000015;8;13;55;0;0;0;17;14;0;0;0
082000016;8;13;15;0;0;0;17;9;0;0;0
082000017;8;13;42;0;0;0;17;10;0;0;0
082000018;8;13;12;0;0;0;17;6;0;0;0
082700001;8;13;267;0;0;3;17;132;0;0;1
082700002;8;13;284;0;0;4;17;127;0;0;1
082700003;8;13;236;0;0;0;17;122;0;0;0
082700004;8;13;168;0;0;0;17;28;0;0;0
082700005;8;13;223;0;0;0;17;85;0;0;0
082700006;8;13;251;0;0;0;17;109;0;0;0
082700007;8;13;267;0;0;0;17;150;0;0;0
082700008;8;13;46;0;0;0;17;45;0;0;0
082700009;8;13;107;0;0;0;17;20;0;0;0
082700010;8;13;232;0;0;0;17;205;0;0;0
082700011;8;13;202;0;0;0;17;42;0;0;0
082700012;8;13;28;0;0;1;17;24;0;0;1
082700013;8;13;43;0;0;0;17;22;0;0;0
082700014;8;13;82;0;0;0;17;41;0;0;0
082700015;8;13;7;0;0;0;17;7;0;0;0
082700016;8;13;296;0;0;0;17;91;0;0;0
082700017;8;13;194;0;0;6;17;106;0;0;0
082700018;8;13;185;0;0;10;17;125;0;0;0
082700019;8;13;123;0;0;0;17;57;0;0;0
082700020;8;13;53;0;0;1;17;28;0;0;1
082700021;8;13;158;0;0;1;17;53;0;0;0
082700022;8;13;96;0;0;0;17;35;0;0;0
082700023;8;13;13;0;0;0;17;4;0;0;0
082700024;8;13;167;0;0;3;17;48;0;0;2
082700025;8;13;15;0;0;0;17;6;0;0;0
082700026;8;13;183;0;0;0;17;82;0;0;0
082700027;8;13;186;0;0;2;17;70;0;0;0
082700028;8;13;81;0;0;0;17;18;0;0;0
082700029;8;13;125;0;0;0;17;88;0;0;0
082700030;8;13;42;0;0;2;17;33;0;0;0
082700031;8;13;116;0;0;0;17;26;0;0;0
082700032;8;13;10;0;0;0;17;2;0;0;0
082700033;8;13;17;0;0;0;17;4;0;0;0
082800001;8;13;188;0;0;0;17;89;0;0;0
082800002;8;13;175;0;0;0;17;94;0;0;0
082800003;8;13;172;0;0;4;17;89;0;0;0
082800004;8;13;179;0;0;4;17;106;0;0;2
082800005;8;13;192;0;0;0;17;155;0;0;0
082800006;8;13;255;0;0;3;17;159;0;0;0
082800007;8;13;258;0;0;0;17;141;0;0;0
082800008;8;13;230;0;0;1;17;94;0;0;2
082800009;8;13;222;0;0;0;17;139;0;0;0
082800010;8;13;205;0;0;0;17;132;0;0;0
082800011;8;13;211;0;0;0;17;133;0;0;0
082800012;8;13;177;0;0;1;17;99;0;0;0
082800013;8;13;159;0;0;3;17;132;0;0;3
082800014;8;13;261;0;0;0;17;180;0;0;0
082800015;8;13;202;0;0;3;17;145;0;0;0
082800016;8;13;236;0;0;2;17;142;0;0;0
082800017;8;13;188;0;0;0;17;128;0;0;0
082800018;8;13;249;0;0;0;17;152;0;0;0
082800019;8;13;209;0;0;4;17;125;0;0;1
082800020;8;13;186;0;0;3;17;106;0;0;0
082800021;8;13;152;0;0;2;17;142;0;0;1
082800022;8;13;265;0;0;0;17;180;0;0;0
082800023;8;13;165;0;0;3;17;139;0;0;2
082800024;8;13;216;0;0;0;17;126;0;0;0
082800025;8;13;227;0;0;2;17;137;0;0;2
082800026;8;13;242;0;0;0;17;123;0;0;0
082800027;8;13;153;0;0;0;17;151;0;0;2
082800028;8;13;229;0;0;1;17;131;0;0;1
082800029;8;13;191;0;0;4;17;112;0;0;0
082800030;8;13;222;0;0;2;17;159;0;0;2
082800031;8;13;307;0;0;4;17;145;0;0;1
082800032;8;13;218;0;0;0;17;112;0;0;0
082800033;8;13;171;0;0;7;17;108;0;0;3
082800034;8;13;191;0;0;0;17;84;0;0;0
082800035;8;13;195;0;0;4;17;93;0;0;0
082800036;8;13;167;0;0;1;17;87;0;0;0
082800037;8;13;211;0;0;1;17;141;0;0;2
082800038;8;13;145;0;0;3;17;73;0;0;1
082800039;8;13;133;0;0;3;17;72;0;0;0
082800040;8;13;174;0;0;4;17;141;0;0;3
082800041;8;13;224;0;0;4;17;143;0;0;5
082800042;8;13;197;0;0;4;17;127;0;0;2
082800043;8;13;198;0;0;0;17;131;0;0;0
082800044;8;13;214;0;0;0;17;119;0;0;0
082800045;8;13;231;0;0;3;17;150;0;0;4
082800046;8;13;214;0;0;2;17;133;0;0;2
082800047;8;13;236;0;0;0;17;164;0;0;0
082800048;8;13;129;0;0;1;17;93;0;0;1
082800049;8;13;101;0;0;0;17;57;0;0;2
082800050;8;13;267;0;0;0;17;160;0;0;0
082800051;8;13;216;0;0;5;17;120;0;0;0
082800052;8;13;145;0;0;0;17;136;0;0;0
082800053;8;13;174;0;0;0;17;81;0;0;1
082800054;8;13;110;0;0;0;17;60;0;0;0
082800055;8;13;179;0;0;0;17;95;0;0;0
082800056;8;13;249;0;0;1;17;160;0;0;2
082800057;8;13;187;0;0;0;17;125;0;0;0
082800058;8;13;195;0;0;5;17;116;0;0;1
082800059;8;13;260;0;0;1;17;166;0;0;1
082800060;8;13;226;0;0;1;17;160;0;0;0
082800061;8;13;214;0;0;4;17;145;0;0;1
082800062;8;13;251;0;0;0;17;137;0;0;0
082800063;8;13;253;0;0;0;17;122;0;0;0
082800064;8;13;270;0;0;0;17;142;0;0;0
082800065;8;13;188;0;0;1;17;114;0;0;1
082800066;8;13;223;0;0;3;17;108;0;0;2
082800067;8;13;191;0;0;0;17;93;0;0;0
082800068;8;13;218;0;0;7;17;118;0;0;1
082800069;8;13;218;0;0;7;17;140;0;0;0
082800070;8;13;205;0;0;0;17;107;0;0;2
082800071;8;13;219;0;0;0;17;120;0;0;0
082800072;8;13;239;0;0;0;17;107;0;0;0
082800073;8;13;169;0;0;1;17;109;0;0;2
082800074;8;13;191;0;0;0;17;94;0;0;0
082800075;8;13;148;0;0;5;17;65;0;0;0
082800076;8;13;236;0;0;0;17;156;0;0;0
082800077;8;13;62;0;0;0;17;35;0;0;0
082800078;8;13;90;0;0;4;17;31;0;0;0
082800079;8;13;154;0;0;2;17;94;0;0;0
082800080;8;13;139;0;0;1;17;57;0;0;1
082800081;8;13;123;101;22;0;17;83;59;24;0
082800082;8;13;113;91;22;1;17;82;64;18;2
082800083;8;13;92;74;18;5;17;112;92;20;3
082800084;8;13;44;26;18;0;17;118;78;40;0
082800085;8;13;130;90;40;2;17;79;49;30;1
082800086;8;13;132;77;55;0;17;85;51;34;0
082800087;8;13;167;133;34;0;17;107;88;19;0
082800088;8;13;168;116;52;2;17;92;54;38;0
082800089;8;13;124;66;58;1;17;86;44;42;0
082800090;8;13;162;113;49;0;17;81;46;35;0
082800091;8;13;223;149;74;0;17;150;103;47;0
082800092;8;13;163;0;0;0;17;109;0;0;0
082800093;8;13;174;0;0;2;17;158;0;0;1
082800094;8;13;210;0;0;3;17;98;0;0;1
082800095;8;13;182;0;0;0;17;96;0;0;0
082800096;8;13;202;0;0;0;17;115;0;0;0
082800097;8;13;223;0;0;2;17;129;0;0;3
082800098;8;13;227;0;0;2;17;102;0;0;1
082800099;8;13;190;0;0;1;17;102;0;0;0
082800100;8;13;198;0;0;5;17;100;0;0;3
082800101;8;13;110;0;0;0;17;41;0;0;0
082800102;8;13;198;0;0;2;17;129;0;0;0
082800103;8;13;152;0;0;1;17;110;0;0;0
082800104;8;13;40;0;0;2;17;16;0;0;0
082800105;8;13;200;0;0;0;17;107;0;0;0
082800106;8;13;305;0;0;2;17;151;0;0;3
082800107;8;13;147;0;0;1;17;66;0;0;0
082800108;8;13;129;0;0;0;17;75;0;0;0
082800109;8;13;183;0;0;3;17;63;0;0;0
082800110;8;13;235;0;0;3;17;116;0;0;2
082800111;8;13;164;0;0;0;17;71;0;0;0
082800112;8;13;160;0;0;1;17;83;0;0;1
082800113;8;13;138;0;0;2;17;77;0;0;0
082800114;8;13;151;0;0;6;17;99;0;0;0
082800115;8;13;190;0;0;0;17;91;0;0;0
082800116;8;13;218;0;0;0;17;108;0;0;0
082800117;8;13;136;0;0;1;17;75;0;0;1
082800118;8;13;171;0;0;0;17;119;0;0;0
082800119;8;13;125;0;0;0;17;74;0;0;0
082800120;8;13;145;0;0;3;17;64;0;0;1
082800121;8;13;98;0;0;0;17;62;0;0;2
082800122;8;13;121;0;0;0;17;43;0;0;0
082800123;8;13;49;0;0;5;17;20;0;0;1
082800124;8;13;34;0;0;3;17;15;0;0;2
082800125;8;13;48;0;0;0;17;13;0;0;0
082800126;8;13;50;0;0;2;17;16;0;0;1
082800127;8;13;82;0;0;4;17;35;0;0;0
082800128;8;13;72;0;0;2;17;16;0;0;1
082800129;8;13;12;0;0;0;17;14;0;0;0
082800130;8;13;10;0;0;0;17;5;0;0;0
082800131;8;13;11;0;0;0;17;5;0;0;0
082900001;8;13;277;0;0;3;17;146;0;0;0
082900002;8;13;227;0;0;0;17;111;0;0;0
082900003;8;13;210;0;0;6;17;89;0;0;3
082900004;8;13;337;0;0;0;17;105;0;0;0
082900005;8;13;48;0;0;0;17;24;0;0;0
082900006;8;13;26;0;0;0;17;7;0;0;0
082900007;8;13;25;0;0;0;17;21;0;0;0
082900008;8;13;43;0;0;0;17;21;0;0;0
082900009;8;13;129;0;0;0;17;59;0;0;0
082900010;8;13;40;0;0;0;17;20;0;0;0
082900011;8;13;40;0;0;1;17;14;0;0;0
082900012;8;13;88;0;0;0;17;64;0;0;0
082900013;8;13;16;0;0;0;17;9;0;0;0
082900014;8;13;28;0;0;0;17;7;0;0;0
082900015;8;13;23;0;0;0;17;6;0;0;0
082900016;8;13;14;0;0;0;17;15;0;0;0
090200001;9;13;300;0;0;5;17;72;0;0;3
090200002;9;13;343;0;0;0;17;69;0;0;0
090200003;9;13;415;181;234;0;17;107;44;63;0
090200004;9;13;318;223;95;0;17;51;29;22;0
090200005;9;13;44;0;0;0;17;8;0;0;0
090200006;9;13;103;0;0;0;17;5;0;0;0
090200007;9;13;48;0;0;0;17;23;0;0;1
090200008;9;13;156;0;0;0;17;14;0;0;0
090200009;9;13;92;0;0;0;17;30;0;0;0
090200010;9;13;272;0;0;1;17;99;0;0;0
090200011;9;13;46;0;0;0;17;17;0;0;0
090200012;9;13;141;0;0;1;17;33;0;0;1
090200013;9;13;69;0;0;0;17;33;0;0;0
090200014;9;13;77;0;0;0;17;21;0;0;0
090200015;9;13;211;0;0;0;17;27;0;0;0
090200016;9;13;51;0;0;0;17;5;0;0;0
090200017;9;13;52;0;0;0;17;8;0;0;0
090200018;9;13;37;0;0;1;17;12;0;0;0
090200019;9;13;75;0;0;0;17;20;0;0;0
090200020;9;13;279;0;0;3;17;165;0;0;4
090200021;9;13;71;0;0;0;17;2;0;0;0
090200022;9;13;38;0;0;0;17;7;0;0;0
090200023;9;13;74;0;0;0;17;4;0;0;0
090200024;9;13;58;0;0;0;17;10;0;0;0
090200025;9;13;20;0;0;0;17;5;0;0;0
090200026;9;13;26;0;0;0;17;3;0;0;0
090200027;9;13;121;0;0;0;17;62;0;0;0
090200028;9;13;283;0;0;0;17;150;0;0;0
090200029;9;13;101;0;0;2;17;7;0;0;0
090200030;9;13;82;0;0;0;17;4;0;0;0
090200031;9;13;107;0;0;0;17;13;0;0;1
090200032;9;13;62;0;0;0;17;8;0;0;0
090200033;9;13;45;0;0;0;17;13;0;0;0
090200034;9;13;39;0;0;0;17;10;0;0;0
090200035;9;13;47;0;0;0;17;18;0;0;0
090200036;9;13;62;0;0;0;17;9;0;0;1
090200037;9;13;41;0;0;0;17;13;0;0;0
090200038;9;13;74;0;0;0;17;8;0;0;0
090200039;9;13;80;0;0;2;17;21;0;0;0
090200040;9;13;80;0;0;0;17;37;0;0;0
090200041;9;13;29;0;0;0;17;3;0;0;0
090200042;9;13;18;0;0;0;17;7;0;0;0
090200043;9;13;34;0;0;2;17;6;0;0;0
090200044;9;13;10;0;0;0;17;3;0;0;0
090200045;9;13;32;0;0;0;17;3;0;0;0
090200046;9;13;29;0;0;0;17;5;0;0;0
090200047;9;13;26;0;0;0;17;4;0;0;0
090200048;9;13;57;0;0;0;17;9;0;0;0
090200049;9;13;21;0;0;1;17;4;0;0;0
090200051;9;13;54;0;0;0;17;1;0;0;0
090200052;9;13;37;0;0;0;17;2;0;0;0
090200053;9;13;23;0;0;1;17;3;0;0;0
090200054;9;13;12;0;0;0;17;0;0;0;0
090800001;9;13;293;0;0;0;17;166;0;0;0
090800002;9;13;152;0;0;12;17;135;0;0;2
090800003;9;13;92;0;0;0;17;87;0;0;0
090800004;9;13;280;0;0;2;17;211;0;0;2
090800005;9;13;50;0;0;0;17;51;0;0;0
090800006;9;13;41;0;0;0;17;29;0;0;0
090800007;9;13;32;0;0;0;17;16;0;0;0
090800008;9;13;34;0;0;0;17;21;0;0;0
090800009;9;13;79;0;0;0;17;52;0;0;0
090800010;9;13;67;0;0;1;17;35;0;0;0
090800011;9;13;15;0;0;0;17;48;0;0;0
090800012;9;13;24;0;0;0;17;6;0;0;0
090800013;9;13;40;0;0;0;17;22;0;0;0
090800014;9;13;45;0;0;0;17;38;0;0;0
090800015;9;13;53;0;0;1;17;24;0;0;1
090800016;9;13;45;0;0;0;17;25;0;0;0
090800017;9;13;53;0;0;0;17;43;0;0;0
090800018;9;13;40;0;0;4;17;21;0;0;1
090800019;9;13;109;0;0;3;17;89;0;0;1
090800020;9;13;66;0;0;0;17;63;0;0;0
090800021;9;13;96;0;0;2;17;40;0;0;1
090800022;9;13;41;0;0;0;17;11;0;0;0
090800023;9;13;134;0;0;6;17;42;0;0;1
090800024;9;13;24;0;0;0;17;11;0;0;0
090800025;9;13;25;0;0;2;17;15;0;0;0
090800026;9;13;17;0;0;0;17;20;0;0;0
090800027;9;13;23;0;0;0;17;11;0;0;0
090800028;9;13;16;0;0;0;17;11;0;0;0
090800029;9;13;23;0;0;0;17;12;0;0;0
090800030;9;13;103;0;0;5;17;344;0;0;2
090800031;9;13;14;0;0;0;17;18;0;0;0
090800032;9;13;62;0;0;1;17;75;0;0;1
090800033;9;13;51;0;0;0;17;25;0;0;0
090800034;9;13;73;0;0;0;17;5;0;0;0
090800035;9;13;52;0;0;1;17;43;0;0;1
090800036;9;13;7;0;0;1;17;11;0;0;1
090800037;9;13;24;0;0;0;17;75;0;0;0
090800038;9;13;26;0;0;0;17;39;0;0;3
090800039;9;13;55;0;0;0;17;38;0;0;0
090800040;9;13;25;0;0;0;17;21;0;0;0
090800041;9;13;38;0;0;0;17;4;0;0;0
090800042;9;13;28;0;0;2;17;13;0;0;0
090800043;9;13;40;0;0;0;17;16;0;0;0
090800044;9;13;55;0;0;0;17;18;0;0;0
091400001;9;13;216;0;0;0;17;157;0;0;0
091400002;9;13;199;0;0;0;17;126;0;0;0
091400003;9;13;92;0;0;0;17;142;0;0;0
091400004;9;13;39;0;0;2;17;47;0;0;0
091400005;9;13;86;0;0;0;17;23;0;0;0
091400006;9;13;111;0;0;1;17;96;0;0;0
091400007;9;13;75;0;0;0;17;126;0;0;0
091400008;9;13;57;0;0;0;17;19;0;0;0
091400009;9;13;97;0;0;0;17;17;0;0;0
091400010;9;13;116;0;0;1;17;53;0;0;0
091400011;9;13;158;0;0;2;17;117;0;0;0
091400012;9;13;223;0;0;2;17;197;0;0;2
091400013;9;13;51;0;0;0;17;22;0;0;0
091400014;9;13;115;0;0;0;17;72;0;0;0
091400015;9;13;21;0;0;0;17;20;0;0;0
091400016;9;13;84;0;0;0;17;98;0;0;0
091400017;9;13;59;0;0;1;17;75;0;0;0
091400018;9;13;199;0;0;6;17;187;0;0;1
091400019;9;13;125;0;0;0;17;168;0;0;0
091400020;9;13;90;0;0;0;17;66;0;0;0
091400021;9;13;48;0;0;1;17;56;0;0;3
091400022;9;13;78;0;0;1;17;56;0;0;2
091400023;9;13;45;0;0;0;17;28;0;0;0
091400024;9;13;22;0;0;0;17;12;0;0;0
091400025;9;13;23;0;0;0;17;9;0;0;0
091400026;9;13;39;0;0;2;17;18;0;0;0
091400027;9;13;33;0;0;1;17;7;0;0;0
091400028;9;13;53;0;0;0;17;57;0;0;0
091400029;9;13;153;0;0;2;17;47;0;0;1
091400030;9;13;58;0;0;0;17;47;0;0;0
091400031;9;13;134;0;0;4;17;47;0;0;0
091400032;9;13;46;0;0;2;17;57;0;0;1
091400033;9;13;120;0;0;0;17;87;0;0;0
091400034;9;13;185;0;0;4;17;91;0;0;1
091400035;9;13;138;0;0;0;17;45;0;0;0
091400036;9;13;76;0;0;0;17;47;0;0;0
091400037;9;13;125;0;0;0;17;50;0;0;0
091400038;9;13;92;0;0;0;17;58;0;0;0
091400039;9;13;71;0;0;0;17;49;0;0;0
091400040;9;13;94;0;0;0;17;78;0;0;0
091400041;9;13;29;0;0;0;17;52;0;0;0
091400042;9;13;176;0;0;0;17;110;0;0;1
091400043;9;13;190;0;0;0;17;90;0;0;0
091400044;9;13;84;0;0;4;17;18;0;0;3
091400045;9;13;168;0;0;0;17;24;0;0;0
091400046;9;13;106;0;0;0;17;57;0;0;0
091400047;9;13;126;0;0;0;17;46;0;0;0
091400048;9;13;107;0;0;12;17;45;0;0;5
091400049;9;13;30;0;0;2;17;35;0;0;1
091400050;9;13;35;0;0;0;17;4;0;0;0
091400051;9;13;105;0;0;5;17;56;0;0;0
091400052;9;13;56;0;0;5;17;23;0;0;0
091400053;9;13;42;0;0;0;17;10;0;0;0
091400054;9;13;32;0;0;0;17;26;0;0;0
091400055;9;13;70;0;0;0;17;34;0;0;0
091400056;9;13;112;0;0;7;17;36;0;0;0
091400057;9;13;240;0;0;1;17;123;0;0;2
091400058;9;13;103;0;0;0;17;28;0;0;0
091400059;9;13;39;0;0;0;17;42;0;0;0
091400060;9;13;158;0;0;7;17;92;0;0;4
091400061;9;13;72;0;0;1;17;28;0;0;1
091400062;9;13;46;0;0;0;17;12;0;0;0
091400063;9;13;61;0;0;0;17;33;0;0;0
091400064;9;13;78;0;0;2;17;68;0;0;1
091400065;9;13;170;0;0;0;17;107;0;0;0
091400066;9;13;208;0;0;0;17;94;0;0;0
091400067;9;13;88;0;0;0;17;18;0;0;0
091400068;9;13;36;0;0;0;17;20;0;0;0
091400069;9;13;30;0;0;3;17;10;0;0;0
091400070;9;13;19;0;0;3;17;12;0;0;2
091400071;9;13;20;0;0;0;17;10;0;0;0
091400072;9;13;20;0;0;0;17;11;0;0;0
091400073;9;13;13;0;0;0;17;8;0;0;0
091400074;9;13;16;0;0;0;17;25;0;0;0
091400075;9;13;46;0;0;0;17;17;0;0;0
091400076;9;13;60;0;0;0;17;17;0;0;0
091500001;9;13;297;0;0;0;17;140;0;0;0
091500002;9;13;302;0;0;3;17;112;0;0;0
091500003;9;13;252;0;0;0;17;81;0;0;0
091500004;9;13;206;0;0;0;17;100;0;0;0
091500005;9;13;222;0;0;0;17;98;0;0;0
091500006;9;13;243;0;0;0;17;90;0;0;0
091500007;9;13;59;0;0;1;17;6;0;0;0
091500008;9;13;60;0;0;0;17;14;0;0;0
091500009;9;13;148;0;0;0;17;20;0;0;0
091500010;9;13;48;0;0;0;17;5;0;0;0
091500011;9;13;236;0;0;4;17;62;0;0;4
091500012;9;13;87;0;0;0;17;17;0;0;0
091500013;9;13;160;0;0;2;17;13;0;0;2
091500014;9;13;288;0;0;0;17;49;0;0;0
091500015;9;13;17;0;0;0;17;10;0;0;0
091500016;9;13;44;0;0;0;17;59;0;0;0
091500017;9;13;90;0;0;0;17;5;0;0;0
091500018;9;13;35;0;0;0;17;8;0;0;0
091500019;9;13;34;0;0;0;17;17;0;0;0
091500020;9;13;86;0;0;0;17;24;0;0;0
091500021;9;13;149;0;0;0;17;11;0;0;0
091500022;9;13;166;0;0;0;17;82;0;0;0
091500023;9;13;80;0;0;0;17;25;0;0;0
091500024;9;13;37;0;0;0;17;7;0;0;0
091500025;9;13;52;0;0;1;17;5;0;0;1
091500026;9;13;86;0;0;0;17;55;0;0;0
091500027;9;13;117;0;0;0;17;31;0;0;0
091500028;9;13;31;0;0;0;17;12;0;0;2
091500029;9;13;55;0;0;1;17;20;0;0;1
091500030;9;13;63;0;0;1;17;36;0;0;0
091500031;9;13;39;0;0;0;17;6;0;0;0
091500032;9;13;40;0;0;0;17;7;0;0;0
091500033;9;13;65;0;0;0;17;15;0;0;0
091500034;9;13;167;0;0;0;17;49;0;0;0
091500035;9;13;169;0;0;0;17;29;0;0;0
091500036;9;13;147;0;0;0;17;17;0;0;0
091500037;9;13;17;0;0;0;17;25;0;0;0
091500038;9;13;41;0;0;0;17;20;0;0;0
091500039;9;13;28;0;0;0;17;13;0;0;0
091500040;9;13;56;0;0;0;17;8;0;0;0
091500041;9;13;21;0;0;0;17;9;0;0;0
091500042;9;13;214;0;0;0;17;7;0;0;0
091500043;9;13;214;0;0;2;17;77;0;0;2
091500044;9;13;49;0;0;0;17;40;0;0;0
091500045;9;13;33;0;0;1;17;5;0;0;0
091500046;9;13;12;0;0;0;17;2;0;0;0
091500047;9;13;149;0;0;0;17;28;0;0;0
091500048;9;13;85;0;0;0;17;12;0;0;0
091500049;9;13;63;0;0;1;17;20;0;0;2
091500050;9;13;33;0;0;0;17;9;0;0;0
091500051;9;13;28;0;0;0;17;7;0;0;0
091500052;9;13;101;0;0;0;17;15;0;0;0
091500053;9;13;48;0;0;0;17;5;0;0;0
091500054;9;13;20;0;0;0;17;16;0;0;0
091500055;9;13;47;0;0;1;17;8;0;0;0
091500056;9;13;30;0;0;0;17;9;0;0;0
091500057;9;13;154;0;0;1;17;54;0;0;0
091500058;9;13;75;0;0;0;17;84;0;0;0
091500059;9;13;152;0;0;1;17;46;0;0;0
091500060;9;13;53;0;0;1;17;27;0;0;0
091500061;9;13;44;0;0;1;17;5;0;0;0
091500062;9;13;52;0;0;0;17;3;0;0;0
091500063;9;13;174;0;0;4;17;70;0;0;1
091500064;9;13;129;0;0;4;17;43;0;0;0
091500065;9;13;36;0;0;0;17;7;0;0;0
091500066;9;13;24;0;0;0;17;3;0;0;0
091500067;9;13;14;0;0;0;17;7;0;0;0
091500068;9;13;52;0;0;0;17;17;0;0;0
091500069;9;13;126;0;0;0;17;47;0;0;0
091500070;9;13;109;0;0;0;17;71;0;0;0
091500071;9;13;27;0;0;0;17;3;0;0;0
091500072;9;13;26;0;0;0;17;2;0;0;0
091500073;9;13;15;0;0;0;17;4;0;0;0
091500074;9;13;8;0;0;0;17;5;0;0;0
091500075;9;13;43;0;0;0;17;26;0;0;0
091500076;9;13;83;0;0;1;17;12;0;0;0
091500077;9;13;18;0;0;0;17;2;0;0;0
091600001;9;13;186;0;0;0;17;92;0;0;0
091600002;9;13;201;0;0;0;17;49;0;0;0
091600003;9;13;129;0;0;4;17;48;0;0;0
091600004;9;13;160;0;0;4;17;92;0;0;0
091600005;9;13;125;0;0;0;17;66;0;0;0
091600006;9;13;174;0;0;17;17;22;0;0;3
091600007;9;13;196;0;0;0;17;12;0;0;0
091600008;9;13;172;0;0;11;17;19;0;0;1
091600009;9;13;107;0;0;5;17;16;0;0;0
091600010;9;13;78;0;0;0;17;47;0;0;0
091600011;9;13;201;0;0;0;17;108;0;0;1
091600012;9;13;208;0;0;0;17;151;0;0;2
091600013;9;13;233;0;0;3;17;135;0;0;0
091600014;9;13;178;0;0;1;17;97;0;0;1
091600015;9;13;193;0;0;0;17;120;0;0;0
091600016;9;13;145;0;0;0;17;56;0;0;0
091600017;9;13;127;0;0;0;17;92;0;0;0
091600018;9;13;201;0;0;0;17;134;0;0;0
091600019;9;13;180;0;0;2;17;122;0;0;1
091600020;9;13;215;0;0;1;17;147;0;0;1
091600021;9;13;204;172;32;0;17;103;84;19;0
091600022;9;13;190;138;52;2;17;108;63;45;0
091600023;9;13;189;82;107;0;17;104;29;75;0
091600024;9;13;211;128;83;1;17;158;76;82;1
091600025;9;13;155;0;0;0;17;104;0;0;0
091600026;9;13;213;0;0;4;17;98;0;0;0
091600027;9;13;160;0;0;3;17;121;0;0;1
091600028;9;13;160;0;0;4;17;80;0;0;0
091600029;9;13;131;0;0;0;17;85;0;0;0
091600030;9;13;123;0;0;2;17;57;0;0;1
091600031;9;13;173;0;0;3;17;88;0;0;0
091600032;9;13;157;0;0;0;17;83;0;0;0
091600033;9;13;139;0;0;0;17;114;0;0;0
091600034;9;13;141;0;0;0;17;77;0;0;0
091600035;9;13;148;0;0;0;17;91;0;0;0
091600036;9;13;129;0;0;2;17;87;0;0;0
091600037;9;13;138;0;0;0;17;69;0;0;0
091600038;9;13;175;0;0;1;17;108;0;0;1
091600039;9;13;164;0;0;0;17;74;0;0;3
091600040;9;13;199;0;0;4;17;76;0;0;0
091600041;9;13;174;0;0;0;17;73;0;0;0
091600042;9;13;192;0;0;0;17;96;0;0;0
091600043;9;13;252;0;0;0;17;141;0;0;0
091600044;9;13;183;66;117;0;17;110;34;76;0
091600045;9;13;183;117;66;0;17;91;50;41;1
091600046;9;13;214;164;50;0;17;110;64;46;0
091600047;9;13;229;134;95;0;17;103;48;55;0
091600048;9;13;189;181;8;0;17;85;80;5;0
091600049;9;13;178;140;38;0;17;87;66;21;0
091600050;9;13;204;107;97;0;17;115;61;54;0
091600051;9;13;214;173;41;0;17;129;98;31;0
091600052;9;13;227;55;172;0;17;83;19;64;0
091600053;9;13;257;0;0;3;17;160;0;0;0
091600054;9;13;200;0;0;2;17;107;0;0;0
091600055;9;13;139;0;0;1;17;63;0;0;0
091600056;9;13;222;0;0;0;17;109;0;0;0
091600057;9;13;196;0;0;3;17;77;0;0;1
091600058;9;13;185;0;0;0;17;92;0;0;0
091600059;9;13;174;0;0;3;17;95;0;0;2
091600060;9;13;133;0;0;3;17;65;0;0;2
091600061;9;13;96;0;0;0;17;44;0;0;0
091600062;9;13;213;0;0;0;17;49;0;0;0
091600063;9;13;129;0;0;1;17;34;0;0;1
091600064;9;13;210;0;0;0;17;109;0;0;0
091600065;9;13;96;0;0;0;17;50;0;0;0
091600066;9;13;152;0;0;0;17;25;0;0;0
091600067;9;13;74;0;0;0;17;50;0;0;0
091600068;9;13;130;0;0;0;17;11;0;0;0
091600069;9;13;131;0;0;10;17;37;0;0;1
091600070;9;13;48;0;0;0;17;12;0;0;0
091600071;9;13;38;0;0;1;17;23;0;0;0
091600072;9;13;94;0;0;4;17;31;0;0;2
091600073;9;13;182;0;0;0;17;45;0;0;0
091600074;9;13;53;0;0;0;17;8;0;0;0
091600075;9;13;126;0;0;3;17;28;0;0;1
091600076;9;13;187;0;0;0;17;34;0;0;0
091600077;9;13;106;0;0;3;17;47;0;0;5
091600078;9;13;53;0;0;0;17;25;0;0;0
091600079;9;13;97;0;0;0;17;14;0;0;0
091600080;9;13;125;0;0;1;17;28;0;0;0
091600081;9;13;189;0;0;3;17;23;0;0;1
091600082;9;13;73;0;0;0;17;16;0;0;0
091600083;9;13;94;0;0;2;17;28;0;0;0
091600084;9;13;98;0;0;0;17;36;0;0;0
091600085;9;13;84;0;0;8;17;11;0;0;2
091600086;9;13;105;0;0;5;17;52;0;0;2
091600087;9;13;47;0;0;0;17;28;0;0;0
091600088;9;13;53;0;0;0;17;22;0;0;0
091600089;9;13;65;0;0;0;17;35;0;0;0
091600090;9;13;113;0;0;0;17;46;0;0;0
091600091;9;13;129;0;0;2;17;22;0;0;0
091600092;9;13;124;0;0;0;17;33;0;0;0
091600093;9;13;146;0;0;1;17;38;0;0;2
091600094;9;13;140;0;0;1;17;23;0;0;0
091600095;9;13;196;0;0;9;17;42;0;0;2
091600096;9;13;135;0;0;0;17;45;0;0;2
091600097;9;13;165;0;0;6;17;20;0;0;0
091600098;9;13;157;0;0;0;17;25;0;0;0
091600099;9;13;257;0;0;8;17;38;0;0;1
091600100;9;13;66;0;0;0;17;10;0;0;0
091600101;9;13;119;0;0;0;17;16;0;0;0
091600102;9;13;217;0;0;2;17;49;0;0;0
091600103;9;13;57;0;0;0;17;8;0;0;0
091600104;9;13;126;0;0;0;17;67;0;0;0
091600105;9;13;116;0;0;3;17;45;0;0;4
091600106;9;13;118;0;0;2;17;33;0;0;0
091600107;9;13;159;0;0;1;17;21;0;0;0
091600108;9;13;194;0;0;0;17;21;0;0;0
091600109;9;13;90;0;0;4;17;38;0;0;0
091600110;9;13;123;0;0;0;17;34;0;0;0
091600111;9;13;108;0;0;1;17;23;0;0;0
091600112;9;13;158;0;0;3;17;59;0;0;0
091600113;9;13;193;0;0;0;17;23;0;0;0
091600114;9;13;106;0;0;0;17;54;0;0;0
091600115;9;13;69;0;0;9;17;14;0;0;1
091600116;9;13;75;0;0;1;17;11;0;0;0
091600117;9;13;206;0;0;0;17;24;0;0;0
091600118;9;13;144;0;0;1;17;31;0;0;1
091600119;9;13;22;0;0;0;17;68;0;0;2
091600120;9;13;144;0;0;0;17;22;0;0;0
091600121;9;13;89;0;0;0;17;12;0;0;0
091600122;9;13;40;0;0;0;17;59;0;0;2
091600123;9;13;40;0;0;0;17;14;0;0;0
091600124;9;13;122;0;0;6;17;13;0;0;8
091600125;9;13;78;0;0;0;17;17;0;0;0
091600126;9;13;129;0;0;0;17;20;0;0;1
091600127;9;13;184;0;0;8;17;14;0;0;0
091600128;9;13;101;0;0;0;17;52;0;0;0
091600129;9;13;204;0;0;1;17;65;0;0;0
091600130;9;13;131;0;0;0;17;29;0;0;0
091600131;9;13;109;0;0;0;17;26;0;0;0
091600132;9;13;196;0;0;0;17;24;0;0;0
091600133;9;13;172;0;0;3;17;31;0;0;0
091600134;9;13;57;0;0;0;17;12;0;0;0
091600135;9;13;149;0;0;2;17;77;0;0;0
091600136;9;13;157;0;0;0;17;71;0;0;0
091600137;9;13;172;0;0;0;17;77;0;0;0
091600138;9;13;110;0;0;3;17;61;0;0;3
091600139;9;13;55;0;0;1;17;7;0;0;0
091600140;9;13;101;0;0;0;17;32;0;0;0
091600141;9;13;41;0;0;0;17;19;0;0;0
091600142;9;13;54;0;0;2;17;13;0;0;0
091600143;9;13;97;0;0;3;17;26;0;0;0
091600144;9;13;103;0;0;4;17;12;0;0;0
091600145;9;13;106;0;0;0;17;11;0;0;0
091600146;9;13;111;0;0;0;17;12;0;0;0
091600147;9;13;96;0;0;0;17;12;0;0;0
091600148;9;13;23;0;0;1;17;9;0;0;0
091600149;9;13;49;0;0;1;17;3;0;0;2
091600150;9;13;79;0;0;1;17;11;0;0;0
091600151;9;13;56;0;0;0;17;17;0;0;1
091600152;9;13;37;0;0;0;17;27;0;0;0
091600153;9;13;53;0;0;4;17;25;0;0;2
091600154;9;13;31;0;0;0;17;9;0;0;0
092100001;9;13;195;0;0;3;17;100;0;0;0
092100002;9;13;186;0;0;0;17;76;0;0;0
092100003;9;13;176;0;0;0;17;55;0;0;0
092100004;9;13;330;0;0;1;17;104;0;0;0
092100005;9;13;243;0;0;3;17;129;0;0;2
092100006;9;13;203;0;0;0;17;73;0;0;0
092100007;9;13;209;0;0;3;17;109;0;0;3
092100008;9;13;247;0;0;0;17;134;0;0;0
092100009;9;13;178;0;0;0;17;121;0;0;0
092100010;9;13;201;0;0;0;17;66;0;0;0
092100011;9;13;294;0;0;3;17;67;0;0;6
092100012;9;13;51;0;0;0;17;15;0;0;1
092100013;9;13;245;0;0;1;17;63;0;0;0
092100014;9;13;66;0;0;0;17;17;0;0;0
092100015;9;13;24;0;0;1;17;25;0;0;1
092100016;9;13;45;0;0;0;17;19;0;0;0
092100017;9;13;69;0;0;1;17;13;0;0;0
092100018;9;13;109;0;0;2;17;15;0;0;0
092100019;9;13;21;0;0;0;17;8;0;0;0
092100020;9;13;77;0;0;1;17;18;0;0;1
092100021;9;13;102;0;0;0;17;34;0;0;0
092100022;9;13;21;0;0;0;17;6;0;0;0
092100023;9;13;26;0;0;2;17;10;0;0;1
092100024;9;13;102;0;0;3;17;14;0;0;0
092100025;9;13;156;0;0;0;17;31;0;0;0
092100026;9;13;102;0;0;1;17;23;0;0;0
092100027;9;13;75;0;0;0;17;13;0;0;0
092100028;9;13;24;0;0;0;17;8;0;0;0
092100029;9;13;201;0;0;0;17;57;0;0;0
092100030;9;13;36;0;0;0;17;12;0;0;0
092100031;9;13;12;0;0;0;17;10;0;0;0
092100032;9;13;7;0;0;0;17;8;0;0;0
092100033;9;13;83;0;0;1;17;34;0;0;0
092100034;9;13;179;0;0;5;17;46;0;0;0
092100035;9;13;82;0;0;5;17;28;0;0;0
092100036;9;13;90;0;0;0;17;26;0;0;0
092100037;9;13;134;0;0;0;17;26;0;0;0
092100038;9;13;96;0;0;1;17;24;0;0;0
092100039;9;13;51;0;0;0;17;15;0;0;0
092100040;9;13;102;0;0;0;17;20;0;0;0
092100041;9;13;14;0;0;0;17;7;0;0;0
092100042;9;13;50;0;0;1;17;10;0;0;0
092100043;9;13;113;0;0;0;17;23;0;0;0
092100044;9;13;54;0;0;2;17;24;0;0;0
092100045;9;13;96;0;0;0;17;39;0;0;0
092100046;9;13;114;0;0;0;17;36;0;0;0
092100047;9;13;170;0;0;0;17;49;0;0;0
092100048;9;13;29;0;0;0;17;50;0;0;0
092100049;9;13;73;0;0;3;17;23;0;0;1
092100050;9;13;18;0;0;0;17;40;0;0;0
092100051;9;13;109;0;0;0;17;108;0;0;0
092100052;9;13;133;0;0;0;17;34;0;0;0
092100053;9;13;34;0;0;0;17;34;0;0;0
092100054;9;13;43;0;0;5;17;9;0;0;0
092100055;9;13;22;0;0;0;17;6;0;0;0
092100056;9;13;23;0;0;0;17;6;0;0;0
093500001;9;13;102;0;0;2;17;13;0;0;0
093500002;9;13;126;0;0;4;17;35;0;0;0
093500003;9;13;126;0;0;0;17;16;0;0;0
093500004;9;13;116;0;0;0;17;29;0;0;0
093500005;9;13;102;0;0;0;17;6;0;0;0
093500006;9;13;75;0;0;0;17;14;0;0;0
093500007;9;13;97;0;0;0;17;8;0;0;0
093500008;9;13;79;0;0;0;17;10;0;0;0
093500009;9;13;131;0;0;5;17;12;0;0;0
093500010;9;13;118;0;0;0;17;46;0;0;0
093500011;9;13;137;0;0;0;17;81;0;0;0
093500012;9;13;194;0;0;0;17;28;0;0;0
093500013;9;13;195;0;0;0;17;21;0;0;0
093500014;9;13;72;0;0;0;17;17;0;0;0
093500015;9;13;77;0;0;0;17;7;0;0;0
093500016;9;13;58;0;0;0;17;18;0;0;0
093500017;9;13;234;0;0;1;17;34;0;0;0
093500018;9;13;101;0;0;1;17;43;0;0;0
093500019;9;13;327;0;0;0;17;80;0;0;0
093500020;9;13;339;0;0;0;17;66;0;0;0
093500021;9;13;330;0;0;2;17;100;0;0;0
093500022;9;13;133;0;0;0;17;54;0;0;0
093500023;9;13;74;0;0;0;17;19;0;0;0
093500024;9;13;59;0;0;0;17;14;0;0;0
093500025;9;13;46;0;0;0;17;36;0;0;0
093500026;9;13;27;0;0;4;17;24;0;0;0
093500027;9;13;96;0;0;0;17;117;0;0;0
093500028;9;13;39;0;0;0;17;49;0;0;0
093500029;9;13;34;0;0;0;17;25;0;0;0
093500030;9;13;96;0;0;0;17;19;0;0;0
093500031;9;13;96;0;0;0;17;20;0;0;2
093500032;9;13;100;0;0;0;17;26;0;0;0
093500033;9;13;50;0;0;0;17;5;0;0;0
093500034;9;13;63;0;0;0;17;3;0;0;0
093500035;9;13;34;0;0;0;17;4;0;0;0
093500036;9;13;29;0;0;2;17;3;0;0;1
093500037;9;13;41;0;0;0;17;10;0;0;0
093500038;9;13;83;0;0;0;17;14;0;0;0
093500039;9;13;27;0;0;0;17;2;0;0;0
100400001;10;13;173;0;0;0;17;90;0;0;0
100400002;10;13;121;0;0;0;17;78;0;0;0
100400003;10;13;177;0;0;0;17;111;0;0;0
100400004;10;13;152;0;0;1;17;76;0;0;0
100400005;10;13;210;0;0;1;17;126;0;0;0
100400006;10;13;283;0;0;0;17;143;0;0;0
100400007;10;13;160;0;0;0;17;80;0;0;0
100400008;10;13;220;0;0;1;17;101;0;0;3
100400009;10;13;260;0;0;2;17;85;0;0;0
100400010;10;13;98;0;0;0;17;85;0;0;0
100400011;10;13;150;0;0;0;17;92;0;0;0
100400012;10;13;106;0;0;0;17;51;0;0;0
100400013;10;13;47;0;0;2;17;13;0;0;0
100400014;10;13;87;0;0;0;17;44;0;0;1
100400015;10;13;31;0;0;0;17;34;0;0;1
100400016;10;13;48;0;0;0;17;34;0;0;0
100400017;10;13;49;0;0;0;17;21;0;0;0
100400018;10;13;42;0;0;1;17;31;0;0;0
100400019;10;13;30;0;0;0;17;12;0;0;0
100400020;10;13;28;0;0;1;17;39;0;0;0
100400021;10;13;20;0;0;0;17;15;0;0;0
100400022;10;13;28;0;0;0;17;14;0;0;0
100400023;10;13;61;0;0;3;17;20;0;0;1
100400024;10;13;14;0;0;0;17;5;0;0;0
100400025;10;13;27;0;0;1;17;5;0;0;0
100400026;10;13;3;0;0;0;17;3;0;0;0
100400027;10;13;16;0;0;0;17;20;0;0;0
100500001;10;13;189;157;32;0;17;93;68;25;0
100500002;10;13;184;151;33;2;17;117;91;26;0
100500003;10;13;130;0;0;0;17;76;0;0;0
100500004;10;13;128;0;0;3;17;59;0;0;1
100500005;10;13;131;0;0;4;17;64;0;0;0
100500006;10;13;13;0;0;1;17;11;0;0;0
100500007;10;13;18;0;0;0;17;12;0;0;0
100500008;10;13;35;0;0;0;17;8;0;0;0
100500009;10;13;18;0;0;0;17;4;0;0;0
100500010;10;13;29;0;0;1;17;15;0;0;0
100500011;10;13;11;0;0;0;17;13;0;0;0
100500012;10;13;11;0;0;0;17;7;0;0;0
102700001;10;13;120;0;0;0;17;47;0;0;0
102700002;10;13;208;0;0;0;17;79;0;0;0
102700003;10;13;175;0;0;0;17;79;0;0;0
102700004;10;13;136;0;0;0;17;69;0;0;0
102700005;10;13;72;0;0;0;17;56;0;0;0
102700006;10;13;77;0;0;1;17;57;0;0;2
102700007;10;13;114;0;0;1;17;42;0;0;0
102700008;10;13;111;0;0;1;17;56;0;0;0
102700009;10;13;132;0;0;2;17;61;0;0;1
102700010;10;13;20;0;0;0;17;13;0;0;0
102700011;10;13;33;0;0;0;17;62;0;0;0
102700012;10;13;18;0;0;0;17;23;0;0;0
102700013;10;13;24;0;0;0;17;15;0;0;0
102700014;10;13;19;0;0;0;17;7;0;0;0
102700015;10;13;28;0;0;2;17;23;0;0;0
102700016;10;13;10;0;0;1;17;15;0;0;1
102900001;10;13;212;0;0;3;17;77;0;0;1
102900002;10;13;288;0;0;0;17;163;0;0;0
102900003;10;13;226;0;0;0;17;150;0;0;1
102900004;10;13;278;0;0;0;17;196;0;0;0
102900005;10;13;210;153;57;0;17;117;87;30;0
102900006;10;13;154;93;61;0;17;85;41;44;0
102900007;10;13;197;0;0;1;17;133;0;0;0
102900008;10;13;171;0;0;3;17;135;0;0;2
102900009;10;13;248;0;0;3;17;168;0;0;2
102900010;10;13;172;0;0;2;17;137;0;0;1
102900011;10;13;196;0;0;0;17;105;0;0;0
102900012;10;13;238;0;0;0;17;113;0;0;0
102900013;10;13;206;0;0;1;17;164;0;0;2
102900014;10;13;206;153;53;4;17;141;91;50;2
102900015;10;13;251;211;40;0;17;153;110;43;0
102900016;10;13;201;0;0;7;17;84;0;0;3
102900017;10;13;219;0;0;3;17;92;0;0;1
102900018;10;13;200;0;0;1;17;121;0;0;0
102900019;10;13;120;0;0;1;17;93;0;0;0
102900020;10;13;214;0;0;4;17;156;0;0;0
102900021;10;13;218;0;0;0;17;199;0;0;0
102900022;10;13;161;0;0;0;17;127;0;0;0
102900023;10;13;242;0;0;9;17;102;0;0;3
102900024;10;13;253;0;0;2;17;199;0;0;2
102900025;10;13;236;0;0;0;17;149;0;0;0
102900026;10;13;222;0;0;0;17;133;0;0;3
102900027;10;13;233;0;0;3;17;146;0;0;0
102900028;10;13;251;0;0;0;17;191;0;0;0
102900029;10;13;202;0;0;1;17;139;0;0;1
102900030;10;13;155;0;0;1;17;129;0;0;2
102900031;10;13;190;0;0;3;17;215;0;0;1
102900032;10;13;211;0;0;1;17;131;0;0;0
102900033;10;13;192;0;0;1;17;190;0;0;1
102900034;10;13;175;0;0;0;17;123;0;0;1
102900035;10;13;176;0;0;0;17;146;0;0;0
102900036;10;13;158;0;0;0;17;114;0;0;0
102900037;10;13;189;0;0;0;17;151;0;0;0
102900038;10;13;190;0;0;1;17;182;0;0;1
102900039;10;13;243;0;0;0;17;148;0;0;1
102900040;10;13;198;0;0;0;17;123;0;0;0
102900041;10;13;222;0;0;2;17;160;0;0;0
102900042;10;13;220;0;0;1;17;139;0;0;1
102900043;10;13;143;114;29;1;17;118;101;17;0
102900044;10;13;285;153;132;0;17;153;74;79;0
102900045;10;13;286;111;175;0;17;137;48;89;0
102900046;10;13;208;114;94;0;17;115;55;60;0
102900047;10;13;230;188;42;0;17;103;78;25;0
102900048;10;13;284;228;56;0;17;178;132;46;0
102900049;10;13;170;110;60;0;17;114;67;47;0
102900050;10;13;217;0;0;0;17;146;0;0;0
102900051;10;13;248;0;0;3;17;139;0;0;1
102900052;10;13;198;0;0;2;17;164;0;0;0
102900053;10;13;176;0;0;0;17;98;0;0;0
102900054;10;13;230;0;0;0;17;186;0;0;0
102900055;10;13;280;0;0;2;17;133;0;0;1
102900056;10;13;243;0;0;0;17;145;0;0;0
102900057;10;13;217;0;0;1;17;121;0;0;1
102900058;10;13;227;0;0;2;17;88;0;0;2
102900059;10;13;215;0;0;2;17;95;0;0;1
102900060;10;13;179;0;0;1;17;111;0;0;0
102900061;10;13;127;0;0;2;17;99;0;0;2
102900062;10;13;13;0;0;0;17;16;0;0;0
102900063;10;13;143;0;0;0;17;80;0;0;5
102900064;10;13;71;0;0;0;17;35;0;0;0
102900065;10;13;26;0;0;0;17;13;0;0;0
102900066;10;13;6;0;0;0;17;6;0;0;0
102900067;10;13;22;0;0;0;17;20;0;0;1
102900068;10;13;29;0;0;0;17;10;0;0;0
102900069;10;13;9;0;0;0;17;14;0;0;0
102900070;10;13;7;0;0;0;17;8;0;0;0
102900071;10;13;29;0;0;0;17;41;0;0;0
102900072;10;13;67;0;0;0;17;33;0;0;0
102900073;10;13;24;0;0;0;17;7;0;0;0
102900074;10;13;202;0;0;3;17;90;0;0;2
102900075;10;13;140;0;0;4;17;84;0;0;1
102900076;10;13;104;0;0;0;17;47;0;0;0
102900077;10;13;76;0;0;0;17;81;0;0;0
102900078;10;13;34;0;0;0;17;23;0;0;0
102900079;10;13;7;0;0;0;17;12;0;0;0
102900080;10;13;191;0;0;3;17;190;0;0;1
102900081;10;13;218;0;0;0;17;189;0;0;0
102900082;10;13;145;0;0;0;17;127;0;0;0
102900083;10;13;9;0;0;0;17;12;0;0;0
102900084;10;13;51;0;0;0;17;37;0;0;0
102900085;10;13;46;0;0;1;17;31;0;0;1
102900086;10;13;33;0;0;1;17;41;0;0;0
102900087;10;13;196;0;0;6;17;152;0;0;1
102900088;10;13;285;0;0;0;17;150;0;0;0
102900089;10;13;65;0;0;0;17;29;0;0;0
102900090;10;13;196;0;0;2;17;138;0;0;0
102900091;10;13;279;0;0;1;17;130;0;0;1
102900092;10;13;54;0;0;0;17;34;0;0;0
102900093;10;13;247;0;0;6;17;141;0;0;0
102900094;10;13;17;0;0;0;17;19;0;0;0
102900095;10;13;29;0;0;0;17;20;0;0;0
102900096;10;13;125;0;0;1;17;50;0;0;0
102900097;10;13;31;0;0;0;17;27;0;0;0
102900098;10;13;101;0;0;0;17;51;0;0;0
102900099;10;13;30;0;0;0;17;30;0;0;0
102900100;10;13;93;0;0;3;17;102;0;0;0
102900101;10;13;60;0;0;0;17;49;0;0;0
102900102;10;13;197;0;0;0;17;79;0;0;0
102900103;10;13;31;0;0;0;17;25;0;0;0
102900104;10;13;205;0;0;0;17;70;0;0;0
102900105;10;13;98;0;0;0;17;35;0;0;0
102900106;10;13;272;0;0;1;17;129;0;0;0
102900107;10;13;50;0;0;0;17;23;0;0;1
102900108;10;13;225;0;0;1;17;107;0;0;1
102900109;10;13;26;0;0;0;17;20;0;0;0
102900110;10;13;30;0;0;0;17;15;0;0;0
102900111;10;13;42;0;0;10;17;25;0;0;7
102900112;10;13;21;0;0;0;17;18;0;0;0
103100001;10;13;188;0;0;4;17;52;0;0;0
103100002;10;13;28;0;0;0;17;5;0;0;0
103100003;10;13;45;0;0;1;17;29;0;0;1
103100004;10;13;20;0;0;2;17;10;0;0;2
103100005;10;13;52;0;0;0;17;32;0;0;0
103100006;10;13;52;0;0;0;17;6;0;0;0
103100007;10;13;20;0;0;0;17;22;0;0;0
103100008;10;13;30;0;0;0;17;5;0;0;0
103100009;10;13;27;0;0;0;17;6;0;0;0
103100010;10;13;53;0;0;0;17;22;0;0;0
103100011;10;13;16;0;0;0;17;7;0;0;0
103100012;10;13;172;0;0;0;17;86;0;0;0
103100013;10;13;27;0;0;0;17;20;0;0;0
103100014;10;13;20;0;0;0;17;9;0;0;0
103100015;10;13;40;0;0;0;17;8;0;0;0
103100016;10;13;9;0;0;0;17;10;0;0;0
103100017;10;13;70;0;0;0;17;11;0;0;0
103100018;10;13;16;0;0;0;17;4;0;0;0
103100019;10;13;14;0;0;0;17;4;0;0;0
103800001;10;13;229;0;0;11;17;127;0;0;0
103800002;10;13;284;0;0;1;17;140;0;0;0
103800003;10;13;203;0;0;5;17;92;0;0;2
103800004;10;13;8;0;0;0;17;17;0;0;0
103800005;10;13;57;0;0;0;17;48;0;0;0
103800006;10;13;55;0;0;0;17;33;0;0;0
103800007;10;13;13;0;0;0;17;7;0;0;0
104100001;10;13;146;0;0;3;17;106;0;0;0
104100002;10;13;259;0;0;1;17;157;0;0;1
104100003;10;13;311;0;0;5;17;184;0;0;4
104100004;10;13;323;0;0;3;17;230;0;0;0
104100005;10;13;317;0;0;0;17;301;0;0;0
104100006;10;13;270;0;0;2;17;224;0;0;6
104100007;10;13;313;0;0;7;17;232;0;0;7
104100008;10;13;173;0;0;1;17;148;0;0;2
104100009;10;13;123;0;0;0;17;152;0;0;0
104800001;10;13;266;130;136;5;17;185;56;129;1
104800002;10;13;192;141;51;0;17;129;94;35;0
104800003;10;13;220;0;0;6;17;160;0;0;2
104800004;10;13;224;0;0;0;17;149;0;0;0
104800005;10;13;152;0;0;1;17;113;0;0;2
104800006;10;13;189;0;0;6;17;132;0;0;0
104800007;10;13;111;0;0;0;17;116;0;0;1
104800008;10;13;150;0;0;0;17;103;0;0;0
104800009;10;13;96;0;0;0;17;109;0;0;0
104800010;10;13;171;0;0;0;17;152;0;0;0
104800011;10;13;216;0;0;1;17;155;0;0;4
104800012;10;13;131;0;0;0;17;119;0;0;1
104800013;10;13;178;0;0;1;17;176;0;0;1
104800014;10;13;138;0;0;0;17;92;0;0;0
104800015;10;13;198;0;0;5;17;143;0;0;2
104800016;10;13;198;0;0;2;17;121;0;0;2
104800017;10;13;230;0;0;0;17;121;0;0;1
104800018;10;13;200;0;0;3;17;162;0;0;1
104800019;10;13;195;0;0;5;17;215;0;0;7
104800020;10;13;272;0;0;3;17;187;0;0;4
104800021;10;13;180;0;0;1;17;173;0;0;3
104800022;10;13;271;0;0;2;17;189;0;0;2
104800023;10;13;272;0;0;6;17;160;0;0;1
104800024;10;13;272;0;0;1;17;169;0;0;3
104800025;10;13;271;0;0;0;17;141;0;0;0
104800026;10;13;209;0;0;0;17;196;0;0;1
104800027;10;13;117;0;0;0;17;96;0;0;1
104800028;10;13;193;0;0;0;17;152;0;0;0
104800029;10;13;163;0;0;1;17;155;0;0;1
104800030;10;13;257;0;0;1;17;131;0;0;0
104800031;10;13;249;0;0;1;17;145;0;0;2
104800032;10;13;176;0;0;2;17;102;0;0;1
104800033;10;13;178;0;0;1;17;148;0;0;2
104800034;10;13;265;0;0;0;17;190;0;0;0
104800035;10;13;225;0;0;6;17;154;0;0;1
104800036;10;13;156;0;0;0;17;148;0;0;0
104800037;10;13;151;0;0;4;17;90;0;0;1
104800038;10;13;242;0;0;5;17;154;0;0;1
104800039;10;13;205;0;0;4;17;162;0;0;0
104800040;10;13;233;0;0;2;17;170;0;0;1
104800041;10;13;233;0;0;3;17;169;0;0;2
104800042;10;13;219;0;0;1;17;173;0;0;3
104800043;10;13;146;0;0;2;17;103;0;0;1
104800044;10;13;219;0;0;3;17;132;0;0;0
104800045;10;13;199;0;0;0;17;160;0;0;0
104800046;10;13;228;0;0;0;17;181;0;0;0
104800047;10;13;223;0;0;6;17;212;0;0;2
104800048;10;13;171;0;0;1;17;105;0;0;2
104800049;10;13;287;0;0;2;17;121;0;0;3
104800050;10;13;189;0;0;0;17;116;0;0;0
104800051;10;13;217;0;0;0;17;105;0;0;0
104800052;10;13;10;0;0;0;17;17;0;0;0
104800053;10;13;220;0;0;1;17;123;0;0;1
104800054;10;13;292;0;0;24;17;107;0;0;1
104800055;10;13;52;0;0;3;17;29;0;0;0
104800056;10;13;59;0;0;0;17;44;0;0;0
104800057;10;13;196;0;0;0;17;113;0;0;0
104800058;10;13;166;0;0;3;17;96;0;0;2
104800059;10;13;233;0;0;0;17;114;0;0;0
104800060;10;13;127;0;0;0;17;70;0;0;0
104800061;10;13;31;0;0;0;17;38;0;0;3
104800062;10;13;17;0;0;0;17;10;0;0;0
104800063;10;13;98;0;0;0;17;38;0;0;0
104800064;10;13;23;0;0;0;17;9;0;0;0
104800065;10;13;12;0;0;0;17;37;0;0;0
104800066;10;13;43;0;0;0;17;36;0;0;0
104800067;10;13;123;0;0;0;17;85;0;0;0
104800068;10;13;159;0;0;3;17;124;0;0;2
104800069;10;13;172;0;0;0;17;95;0;0;0
104800070;10;13;171;0;0;0;17;106;0;0;0
104800071;10;13;130;0;0;1;17;69;0;0;0
104800075;10;13;6;0;0;0;17;14;0;0;0
105000001;10;13;112;0;0;0;17;36;0;0;0
105000002;10;13;18;0;0;0;17;13;0;0;0
105000003;10;13;16;0;0;0;17;4;0;0;0
105000004;10;13;41;0;0;0;17;14;0;0;0
105000005;10;13;36;0;0;4;17;10;0;0;0
105000006;10;13;22;0;0;0;17;3;0;0;0
105000007;10;13;24;0;0;0;17;6;0;0;0
105000008;10;13;21;0;0;0;17;3;0;0;0
105000009;10;13;18;0;0;0;17;9;0;0;0
110200001;11;13;293;0;0;0;17;142;0;0;0
110200002;11;13;272;0;0;2;17;96;0;0;0
110200003;11;13;160;0;0;6;17;95;0;0;1
110200004;11;13;243;0;0;2;17;132;0;0;1
110200005;11;13;22;0;0;0;17;16;0;0;0
110200006;11;13;66;0;0;1;17;17;0;0;1
110200007;11;13;28;0;0;0;17;15;0;0;0
111700001;11;13;190;0;0;0;17;101;0;0;0
111700002;11;13;185;0;0;0;17;98;0;0;0
111700003;11;13;154;0;0;0;17;60;0;0;0
111700004;11;13;122;0;0;0;17;44;0;0;0
111700005;11;13;171;0;0;0;17;48;0;0;0
111700006;11;13;224;0;0;0;17;64;0;0;0
111700007;11;13;142;0;0;0;17;42;0;0;0
111700008;11;13;46;0;0;0;17;22;0;0;0
111800001;11;13;174;0;0;4;17;79;0;0;1
111800002;11;13;211;0;0;0;17;131;0;0;0
111800003;11;13;173;0;0;1;17;132;0;0;2
111800004;11;13;207;0;0;5;17;119;0;0;0
111800005;11;13;192;0;0;0;17;100;0;0;0
111800006;11;13;227;0;0;2;17;168;0;0;2
111800007;11;13;190;0;0;0;17;94;0;0;0
111800008;11;13;180;0;0;0;17;121;0;0;0
111800009;11;13;160;0;0;0;17;95;0;0;0
111800010;11;13;206;0;0;0;17;93;0;0;0
111800011;11;13;162;0;0;0;17;93;0;0;0
111800012;11;13;170;0;0;3;17;92;0;0;0
111800013;11;13;232;0;0;0;17;127;0;0;1
111800014;11;13;199;0;0;0;17;116;0;0;0
111800015;11;13;257;0;0;0;17;149;0;0;0
111800016;11;13;179;0;0;0;17;122;0;0;0
111800017;11;13;185;155;30;0;17;98;75;23;0
111800018;11;13;203;144;59;0;17;96;70;26;0
111800019;11;13;243;154;89;2;17;111;57;54;0
111800020;11;13;235;209;26;0;17;146;129;17;0
111800021;11;13;217;0;0;1;17;118;0;0;3
111800022;11;13;156;116;40;0;17;112;74;38;0
111800023;11;13;119;68;51;0;17;114;75;39;0
111800024;11;13;175;120;55;1;17;93;62;31;1
111800025;11;13;156;101;55;0;17;92;51;41;0
111800026;11;13;227;76;151;0;17;141;54;87;0
111800027;11;13;231;143;88;0;17;82;59;23;0
111800028;11;13;182;125;57;0;17;131;83;48;0
111800029;11;13;217;0;0;2;17;77;0;0;1
111800030;11;13;185;0;0;2;17;96;0;0;2
111800031;11;13;200;0;0;3;17;103;0;0;3
111800032;11;13;173;0;0;1;17;85;0;0;0
111800033;11;13;149;0;0;0;17;84;0;0;0
111800034;11;13;85;0;0;0;17;64;0;0;0
111800035;11;13;200;0;0;1;17;127;0;0;0
111800036;11;13;170;0;0;2;17;100;0;0;2
111800037;11;13;71;0;0;0;17;53;0;0;0
111800038;11;13;233;0;0;4;17;108;0;0;1
111800040;11;13;139;0;0;1;17;58;0;0;1
111800041;11;13;89;0;0;1;17;117;0;0;1
111800042;11;13;270;0;0;2;17;175;0;0;0
111800044;11;13;228;0;0;7;17;132;0;0;4
111800046;11;13;217;0;0;2;17;140;0;0;1
111800048;11;13;214;0;0;0;17;95;0;0;0
111800050;11;13;113;0;0;4;17;34;0;0;0
111800051;11;13;60;0;0;0;17;28;0;0;1
111800052;11;13;247;0;0;3;17;61;0;0;1
111800054;11;13;80;0;0;0;17;38;0;0;0
111800055;11;13;40;0;0;40;17;30;0;0;30
111800057;11;13;23;0;0;2;17;20;0;0;0
111800058;11;13;66;0;0;0;17;46;0;0;0
111800059;11;13;102;0;0;0;17;26;0;0;0
111800060;11;13;14;0;0;0;17;14;0;0;0
111800061;11;13;52;0;0;2;17;42;0;0;0
111800062;11;13;55;0;0;0;17;32;0;0;0
111800063;11;13;117;0;0;0;17;38;0;0;0
111800064;11;13;128;0;0;3;17;55;0;0;3
111800065;11;13;103;0;0;0;17;20;0;0;0
111800066;11;13;64;0;0;1;17;23;0;0;0
111800067;11;13;229;0;0;2;17;155;0;0;1
111800068;11;13;216;0;0;0;17;126;0;0;0
111800069;11;13;122;0;0;1;17;90;0;0;1
111800070;11;13;229;0;0;0;17;111;0;0;0
111800071;11;13;199;0;0;6;17;104;0;0;3
111800072;11;13;180;0;0;4;17;55;0;0;2
111800074;11;13;80;0;0;0;17;66;0;0;0
111800075;11;13;84;0;0;1;17;35;0;0;0
111800076;11;13;306;0;0;0;17;128;0;0;0
111800078;11;13;47;0;0;1;17;34;0;0;0
111800079;11;13;119;0;0;0;17;37;0;0;0
111800080;11;13;115;0;0;2;17;56;0;0;3
111800081;11;13;14;0;0;0;17;17;0;0;0
111800082;11;13;232;0;0;0;17;86;0;0;0
111800083;11;13;216;0;0;0;17;141;0;0;0
111800084;11;13;178;0;0;0;17;87;0;0;0
111800085;11;13;246;0;0;0;17;123;0;0;0
111800086;11;13;164;0;0;2;17;115;0;0;2
111800087;11;13;183;0;0;0;17;113;0;0;0
111800088;11;13;171;0;0;0;17;98;0;0;0
111800089;11;13;188;0;0;3;17;142;0;0;1
111800090;11;13;134;0;0;0;17;103;0;0;0
111800091;11;13;211;0;0;3;17;132;0;0;2
111800092;11;13;221;0;0;0;17;171;0;0;0
111800093;11;13;251;0;0;0;17;151;0;0;0
111800094;11;13;184;0;0;2;17;116;0;0;1
111800096;11;13;135;0;0;0;17;69;0;0;0
111800097;11;13;30;0;0;0;17;21;0;0;0
111800098;11;13;25;0;0;0;17;10;0;0;0
111800099;11;13;171;0;0;0;17;98;0;0;0
111800100;11;13;163;0;0;3;17;79;0;0;2
111800101;11;13;182;0;0;0;17;90;0;0;2
111800102;11;13;45;0;0;1;17;18;0;0;1
111800103;11;13;29;0;0;0;17;22;0;0;0
111800104;11;13;8;0;0;0;17;25;0;0;2
111800105;11;13;11;0;0;0;17;23;0;0;0
111800106;11;13;40;0;0;0;17;32;0;0;0
111800107;11;13;22;0;0;0;17;6;0;0;0
111900001;11;13;265;185;80;0;17;122;81;41;3
111900002;11;13;217;124;93;5;17;124;56;68;4
111900003;11;13;250;0;0;2;17;163;0;0;1
111900004;11;13;196;0;0;2;17;105;0;0;0
111900005;11;13;227;0;0;0;17;169;0;0;0
111900006;11;13;251;0;0;0;17;164;0;0;0
111900007;11;13;185;0;0;2;17;135;0;0;1
111900008;11;13;53;0;0;0;17;139;0;0;4
111900009;11;13;224;0;0;2;17;118;0;0;0
111900010;11;13;39;0;0;0;17;250;0;0;0
111900011;11;13;217;0;0;0;17;92;0;0;0
111900012;11;13;97;0;0;0;17;60;0;0;0
111900013;11;13;230;0;0;3;17;39;0;0;0
111900014;11;13;147;0;0;3;17;94;0;0;0
111900015;11;13;103;0;0;0;17;53;0;0;0
111900016;11;13;44;0;0;0;17;42;0;0;0
111900017;11;13;47;0;0;0;17;20;0;0;0
111900018;11;13;204;0;0;0;17;119;0;0;0
111900019;11;13;210;0;0;3;17;125;0;0;1
111900020;11;13;228;0;0;2;17;86;0;0;0
111900021;11;13;195;0;0;0;17;50;0;0;0
111900022;11;13;196;0;0;0;17;67;0;0;0
111900023;11;13;203;0;0;4;17;106;0;0;3
111900024;11;13;149;0;0;7;17;70;0;0;3
111900025;11;13;161;0;0;3;17;71;0;0;0
111900026;11;13;21;0;0;0;17;6;0;0;0
111900027;11;13;42;0;0;0;17;23;0;0;0
113300001;11;13;133;0;0;0;17;20;0;0;0
113300002;11;13;195;0;0;3;17;42;0;0;0
113300003;11;13;247;0;0;4;17;72;0;0;0
113300004;11;13;102;0;0;2;17;40;0;0;1
113300005;11;13;418;0;0;0;17;186;0;0;0
113300006;11;13;319;0;0;0;17;105;0;0;0
113300007;11;13;259;0;0;0;17;117;0;0;0
113300008;11;13;303;0;0;4;17;135;0;0;2
113300009;11;13;411;0;0;0;17;87;0;0;0
113300010;11;13;310;0;0;5;17;161;0;0;3
113300012;11;13;24;0;0;0;17;13;0;0;1
113300014;11;13;151;0;0;0;17;85;0;0;0
113300015;11;13;31;0;0;0;17;16;0;0;0
113300016;11;13;295;0;0;3;17;95;0;0;0
113300017;11;13;407;0;0;4;17;169;0;0;1
113300018;11;13;63;0;0;1;17;28;0;0;0
113300019;11;13;29;0;0;0;17;20;0;0;0
113300020;11;13;258;0;0;0;17;91;0;0;0
113300021;11;13;116;0;0;0;17;53;0;0;0
113300022;11;13;66;0;0;0;17;35;0;0;0
113300023;11;13;265;0;0;0;17;158;0;0;0
113300024;11;13;168;0;0;1;17;114;0;0;1
113300025;11;13;192;0;0;0;17;99;0;0;0
113300026;11;13;232;0;0;3;17;140;0;0;0
113300027;11;13;306;0;0;4;17;174;0;0;1
113300028;11;13;259;0;0;0;17;175;0;0;2
113300029;11;13;234;0;0;4;17;115;0;0;2
113300031;11;13;191;0;0;0;17;142;0;0;2
113300032;11;13;235;0;0;0;17;130;0;0;4
113300033;11;13;183;0;0;1;17;138;0;0;1
113300034;11;13;211;0;0;3;17;148;0;0;1
113300035;11;13;124;0;0;1;17;91;0;0;0
113300036;11;13;282;0;0;0;17;130;0;0;0
113300038;11;13;148;0;0;0;17;95;0;0;0
113300040;11;13;67;0;0;1;17;44;0;0;1
113300041;11;13;37;0;0;0;17;10;0;0;0
113300042;11;13;13;0;0;0;17;17;0;0;0
113400001;11;13;183;0;0;3;17;102;0;0;5
113400002;11;13;167;0;0;5;17;127;0;0;1
113400003;11;13;188;0;0;0;17;120;0;0;0
113400004;11;13;187;0;0;0;17;130;0;0;0
113400005;11;13;215;0;0;5;17;160;0;0;0
113400006;11;13;175;0;0;3;17;92;0;0;0
113400007;11;13;158;0;0;3;17;115;0;0;2
113400008;11;13;156;0;0;0;17;111;0;0;0
113400009;11;13;78;0;0;0;17;59;0;0;0
113400010;11;13;209;0;0;0;17;121;0;0;1
113400011;11;13;129;0;0;0;17;57;0;0;0
113400012;11;13;153;0;0;2;17;128;0;0;1
113400013;11;13;171;0;0;0;17;97;0;0;0
113400014;11;13;230;0;0;0;17;104;0;0;0
113400015;11;13;198;0;0;2;17;172;0;0;2
113400016;11;13;186;0;0;2;17;133;0;0;2
113400017;11;13;170;0;0;0;17;109;0;0;0
113400018;11;13;212;0;0;0;17;127;0;0;0
113400019;11;13;196;0;0;3;17;114;0;0;2
113400020;11;13;171;0;0;1;17;105;0;0;2
113400021;11;13;288;0;0;0;17;123;0;0;0
113400022;11;13;176;0;0;1;17;125;0;0;0
113400023;11;13;140;0;0;0;17;71;0;0;0
113400024;11;13;213;0;0;1;17;148;0;0;2
113400025;11;13;99;0;0;0;17;97;0;0;0
113400026;11;13;47;0;0;0;17;34;0;0;0
113400027;11;13;52;0;0;0;17;15;0;0;0
113400030;11;13;205;0;0;2;17;106;0;0;0
113400032;11;13;63;0;0;1;17;50;0;0;0
113400033;11;13;172;0;0;1;17;115;0;0;0
113400035;11;13;55;0;0;0;17;40;0;0;0
113400037;11;13;41;0;0;0;17;24;0;0;0
113400038;11;13;42;0;0;0;17;25;0;0;0
113400039;11;13;100;0;0;0;17;72;0;0;0
113400041;11;13;103;0;0;0;17;54;0;0;0
113400044;11;13;94;0;0;0;17;91;0;0;0
113400045;11;13;87;0;0;0;17;65;0;0;0
113400046;11;13;27;0;0;0;17;17;0;0;0
113400048;11;13;213;0;0;0;17;100;0;0;0
113400050;11;13;232;0;0;0;17;183;0;0;0
113400051;11;13;266;0;0;2;17;168;0;0;3
113400052;11;13;246;0;0;8;17;179;0;0;2
113400054;11;13;24;0;0;0;17;14;0;0;0
113400055;11;13;261;0;0;1;17;105;0;0;0
113400058;11;13;57;0;0;2;17;33;0;0;2
113400059;11;13;281;0;0;3;17;111;0;0;0
113400061;11;13;92;0;0;0;17;77;0;0;0
113400062;11;13;107;0;0;0;17;51;0;0;1
113400063;11;13;92;0;0;1;17;56;0;0;0
113400065;11;13;313;0;0;0;17;104;0;0;0
113400066;11;13;65;0;0;0;17;52;0;0;0
113400067;11;13;216;0;0;3;17;139;0;0;1
113400069;11;13;167;0;0;0;17;130;0;0;0
113400070;11;13;172;0;0;1;17;104;0;0;1
113400071;11;13;218;0;0;1;17;142;0;0;1
113400072;11;13;162;0;0;0;17;97;0;0;0
113400073;11;13;158;0;0;0;17;123;0;0;0
113400074;11;13;154;0;0;0;17;113;0;0;0
113400075;11;13;115;0;0;4;17;124;0;0;1
113400076;11;13;128;0;0;3;17;63;0;0;0
113400077;11;13;12;0;0;0;17;11;0;0;0
113400078;11;13;28;0;0;0;17;6;0;0;0
113600001;11;13;227;0;0;0;17;243;0;0;0
113600002;11;13;242;0;0;3;17;188;0;0;7
113600003;11;13;133;0;0;0;17;77;0;0;0
113600004;11;13;62;0;0;0;17;58;0;0;0
113600005;11;13;88;0;0;2;17;87;0;0;3
113600006;11;13;37;0;0;0;17;37;0;0;0
113600007;11;13;44;0;0;0;17;15;0;0;0
113600008;11;13;278;0;0;4;17;231;0;0;0
113600009;11;13;287;0;0;0;17;295;0;0;0
113600010;11;13;23;0;0;1;17;23;0;0;0
113600011;11;13;28;0;0;0;17;65;0;0;0
113600012;11;13;46;0;0;1;17;27;0;0;2
113600013;11;13;62;0;0;0;17;30;0;0;0
113800001;11;13;307;229;78;0;17;169;116;53;0
113800002;11;13;247;214;33;2;17;114;94;20;0
113800003;11;13;338;0;0;0;17;146;0;0;0
113800006;11;13;55;0;0;2;17;26;0;0;0
113800007;11;13;189;0;0;5;17;93;0;0;2
113800008;11;13;38;0;0;0;17;28;0;0;0
113800009;11;13;164;0;0;1;17;73;0;0;1
113800010;11;13;36;0;0;0;17;5;0;0;0
113800011;11;13;233;0;0;8;17;112;0;0;0
113800012;11;13;103;0;0;1;17;40;0;0;3
113800013;11;13;102;0;0;0;17;33;0;0;0
120200001;12;13;103;0;0;3;17;53;0;0;1
120200002;12;13;221;0;0;0;17;112;0;0;0
120200003;12;13;236;0;0;0;17;103;0;0;0
120200004;12;13;190;0;0;0;17;86;0;0;0
120200005;12;13;169;119;50;1;17;96;62;34;1
120200006;12;13;212;152;60;2;17;98;77;21;1
120200007;12;13;226;0;0;0;17;97;0;0;0
120200008;12;13;250;0;0;0;17;105;0;0;0
120200009;12;13;190;0;0;0;17;65;0;0;0
120200010;12;13;160;0;0;2;17;62;0;0;2
120200011;12;13;239;0;0;3;17;92;0;0;0
120200012;12;13;216;0;0;3;17;98;0;0;2
120200013;12;13;180;0;0;0;17;92;0;0;0
120200014;12;13;203;0;0;0;17;78;0;0;0
120200015;12;13;194;0;0;0;17;75;0;0;0
120200016;12;13;192;0;0;0;17;78;0;0;0
120200017;12;13;200;0;0;0;17;60;0;0;0
120200018;12;13;75;0;0;4;17;70;0;0;4
120200019;12;13;100;0;0;1;17;66;0;0;0
120200020;12;13;108;0;0;0;17;69;0;0;0
120200021;12;13;47;0;0;1;17;9;0;0;0
120200022;12;13;64;0;0;0;17;33;0;0;0
120200023;12;13;48;0;0;0;17;19;0;0;0
120200024;12;13;24;0;0;0;17;17;0;0;0
120200025;12;13;20;0;0;0;17;15;0;0;0
120200026;12;13;14;0;0;0;17;8;0;0;0
120200027;12;13;22;0;0;1;17;14;0;0;0
120200028;12;13;108;0;0;2;17;36;0;0;0
120200029;12;13;29;0;0;1;17;31;0;0;0
120200030;12;13;59;0;0;0;17;20;0;0;0
120200031;12;13;20;0;0;0;17;9;0;0;0
120200032;12;13;23;0;0;0;17;21;0;0;0
120200033;12;13;24;0;0;0;17;8;0;0;0
120200034;12;13;57;0;0;2;17;41;0;0;0
120200035;12;13;90;0;0;0;17;38;0;0;0
120200036;12;13;233;0;0;2;17;122;0;0;0
120200037;12;13;264;0;0;3;17;95;0;0;2
120200038;12;13;195;0;0;0;17;93;0;0;2
120200039;12;13;250;0;0;0;17;78;0;0;0
120200040;12;13;192;0;0;7;17;50;0;0;0
120400001;12;13;229;0;0;0;17;123;0;0;0
120400002;12;13;181;0;0;5;17;99;0;0;0
120400003;12;13;73;0;0;0;17;17;0;0;0
120400004;12;13;157;0;0;3;17;158;0;0;2
120400005;12;13;239;0;0;3;17;91;0;0;4
120400006;12;13;233;0;0;0;17;135;0;0;0
120400007;12;13;196;0;0;0;17;150;0;0;0
120400008;12;13;146;0;0;2;17;91;0;0;4
120400009;12;13;98;0;0;1;17;90;0;0;0
120400010;12;13;58;0;0;0;17;165;0;0;3
120400011;12;13;31;0;0;0;17;17;0;0;0
120400012;12;13;32;0;0;0;17;14;0;0;0
120400013;12;13;93;0;0;0;17;43;0;0;0
120400014;12;13;158;0;0;2;17;74;0;0;2
120400015;12;13;149;0;0;1;17;194;0;0;1
120400016;12;13;167;0;0;0;17;105;0;0;0
120400017;12;13;180;0;0;0;17;236;0;0;0
120400018;12;13;82;0;0;1;17;84;0;0;1
120400019;12;13;2;0;0;0;17;49;0;0;2
120700001;12;13;218;0;0;4;17;78;0;0;0
120700002;12;13;155;0;0;0;17;85;0;0;0
120700003;12;13;173;0;0;0;17;56;0;0;0
120700004;12;13;31;0;0;0;17;41;0;0;0
120700005;12;13;41;0;0;0;17;48;0;0;0
120700006;12;13;30;0;0;0;17;34;0;0;0
120700007;12;13;164;0;0;0;17;127;0;0;0
120700008;12;13;135;0;0;0;17;41;0;0;0
120700009;12;13;174;0;0;0;17;76;0;0;0
120700010;12;13;233;0;0;0;17;44;0;0;0
120700011;12;13;120;0;0;0;17;71;0;0;0
120700012;12;13;67;0;0;0;17;19;0;0;0
120700013;12;13;17;0;0;0;17;22;0;0;0
121100001;12;13;170;0;0;2;17;60;0;0;2
121100002;12;13;182;0;0;0;17;129;0;0;0
121100003;12;13;176;0;0;0;17;75;0;0;0
121100004;12;13;183;0;0;3;17;127;0;0;2
121100005;12;13;193;0;0;0;17;173;0;0;0
121100006;12;13;26;0;0;0;17;0;0;0;0
121100007;12;13;129;0;0;3;17;62;0;0;3
121100008;12;13;119;0;0;0;17;213;0;0;0
121100009;12;13;115;0;0;0;17;121;0;0;0
121100010;12;13;27;0;0;0;17;19;0;0;0
121100011;12;13;131;0;0;2;17;53;0;0;2
121100012;12;13;89;0;0;3;17;31;0;0;1
121100013;12;13;25;0;0;1;17;5;0;0;0
121100014;12;13;67;0;0;0;17;38;0;0;0
121100015;12;13;100;0;0;0;17;54;0;0;0
121100016;12;13;120;0;0;0;17;33;0;0;0
121100017;12;13;121;0;0;0;17;39;0;0;0
121100018;12;13;97;0;0;2;17;27;0;0;0
121100019;12;13;93;0;0;0;17;324;0;0;0
121100020;12;13;69;0;0;1;17;214;0;0;1
121100021;12;13;85;0;0;0;17;13;0;0;0
121200001;12;13;258;147;111;0;17;120;63;57;0
121200002;12;13;175;175;0;0;17;228;227;1;0
121200003;12;13;205;0;0;2;17;99;0;0;2
121200004;12;13;285;0;0;1;17;162;0;0;2
121200005;12;13;292;0;0;2;17;100;0;0;2
121200006;12;13;205;0;0;0;17;80;0;0;0
121200007;12;13;135;0;0;3;17;100;0;0;0
121200008;12;13;173;0;0;0;17;102;0;0;0
121200009;12;13;113;0;0;1;17;113;0;0;3
121200010;12;13;30;0;0;0;17;21;0;0;0
121200011;12;13;17;0;0;0;17;31;0;0;0
121200012;12;13;113;0;0;0;17;76;0;0;0
121200013;12;13;75;0;0;1;17;78;0;0;1
121200014;12;13;20;0;0;0;17;13;0;0;0
121200015;12;13;84;0;0;1;17;56;0;0;3
121200016;12;13;85;0;0;0;17;45;0;0;0
121200017;12;13;24;0;0;0;17;14;0;0;0
121200018;12;13;74;0;0;0;17;37;0;0;0
121400001;12;13;42;0;0;1;17;20;0;0;0
121400002;12;13;89;0;0;0;17;48;0;0;0
121400003;12;13;144;0;0;3;17;82;0;0;1
121400004;12;13;22;0;0;0;17;17;0;0;0
121400005;12;13;126;0;0;1;17;104;0;0;1
121400006;12;13;44;0;0;0;17;27;0;0;0
121400007;12;13;72;0;0;0;17;27;0;0;0
121400008;12;13;10;0;0;0;17;12;0;0;0
121400009;12;13;55;0;0;0;17;37;0;0;0
121400010;12;13;207;0;0;2;17;131;0;0;1
121400011;12;13;56;0;0;0;17;54;0;0;0
121400012;12;13;24;0;0;0;17;22;0;0;0
122400001;12;13;183;0;0;0;17;131;0;0;0
122400002;12;13;170;0;0;2;17;116;0;0;2
122400003;12;13;180;0;0;0;17;61;0;0;0
122400004;12;13;105;0;0;0;17;40;0;0;0
122400005;12;13;159;0;0;0;17;53;0;0;0
122400006;12;13;169;0;0;0;17;44;0;0;0
122400007;12;13;212;0;0;1;17;90;0;0;3
122400008;12;13;207;0;0;0;17;79;0;0;0
122400009;12;13;186;0;0;0;17;61;0;0;0
122400010;12;13;159;0;0;1;17;59;0;0;0
122400011;12;13;241;0;0;0;17;84;0;0;0
122400012;12;13;154;0;0;1;17;115;0;0;1
122400013;12;13;140;0;0;3;17;70;0;0;1
122400014;12;13;206;0;0;0;17;81;0;0;0
122400015;12;13;227;0;0;0;17;90;0;0;0
122400016;12;13;202;0;0;0;17;77;0;0;0
122400017;12;13;71;0;0;3;17;227;0;0;5
122400018;12;13;112;0;0;1;17;203;0;0;5
122400019;12;13;150;0;0;1;17;50;0;0;0
122400020;12;13;198;0;0;0;17;71;0;0;0
122400021;12;13;139;0;0;0;17;68;0;0;0
122400022;12;13;172;0;0;0;17;46;0;0;0
122400023;12;13;190;0;0;0;17;50;0;0;0
122400024;12;13;183;0;0;1;17;59;0;0;1
122400025;12;13;155;0;0;0;17;62;0;0;0
122400026;12;13;141;0;0;0;17;77;0;0;0
122400027;12;13;138;0;0;4;17;63;0;0;2
122400028;12;13;56;0;0;2;17;48;0;0;2
122400029;12;13;91;0;0;3;17;71;0;0;3
122400030;12;13;136;0;0;0;17;66;0;0;0
122400031;12;13;103;0;0;0;17;84;0;0;0
122400032;12;13;40;0;0;3;17;57;0;0;2
122400033;12;13;13;0;0;0;17;303;0;0;7
122400034;12;13;105;0;0;0;17;37;0;0;0
122400035;12;13;64;0;0;1;17;47;0;0;0
122400036;12;13;139;0;0;0;17;118;0;0;0
122400037;12;13;131;0;0;0;17;61;0;0;0
122400038;12;13;67;0;0;0;17;94;0;0;0
122400039;12;13;89;0;0;0;17;205;0;0;0
122400040;12;13;201;0;0;1;17;151;0;0;2
122400041;12;13;148;0;0;1;17;134;0;0;0
122400042;12;13;49;0;0;0;17;53;0;0;1
122400043;12;13;66;0;0;0;17;61;0;0;0
122400044;12;13;15;0;0;0;17;6;0;0;0
122400045;12;13;167;0;0;0;17;86;0;0;0
122400046;12;13;144;0;0;0;17;91;0;0;0
122400047;12;13;100;0;0;0;17;24;0;0;0
122400048;12;13;45;0;0;0;17;18;0;0;0
122400049;12;13;7;0;0;0;17;7;0;0;0
122400050;12;13;25;0;0;0;17;20;0;0;0
122400051;12;13;181;0;0;0;17;92;0;0;0
122400052;12;13;137;0;0;1;17;67;0;0;0
122600001;12;13;151;0;0;5;17;47;0;0;0
122600002;12;13;33;0;0;0;17;11;0;0;0
122600003;12;13;379;0;0;10;17;102;0;0;2
122600004;12;13;256;0;0;0;17;84;0;0;0
122600005;12;13;136;0;0;0;17;124;0;0;0
122600006;12;13;190;0;0;0;17;81;0;0;0
122600007;12;13;198;0;0;3;17;68;0;0;2
122900001;12;13;213;0;0;3;17;109;0;0;1
122900002;12;13;264;0;0;0;17;97;0;0;0
122900003;12;13;288;0;0;3;17;113;0;0;3
122900004;12;13;303;0;0;2;17;121;0;0;0
122900005;12;13;239;0;0;2;17;72;0;0;1
122900006;12;13;295;0;0;0;17;98;0;0;0
122900007;12;13;318;0;0;0;17;149;0;0;0
122900008;12;13;240;0;0;0;17;87;0;0;0
122900009;12;13;351;0;0;1;17;105;0;0;0
122900010;12;13;247;0;0;0;17;85;0;0;0
122900011;12;13;265;0;0;0;17;92;0;0;0
122900012;12;13;279;252;27;0;17;119;107;12;0
122900013;12;13;269;251;18;0;17;97;80;17;0
122900014;12;13;186;170;16;2;17;62;58;4;2
122900015;12;13;286;0;0;3;17;133;0;0;0
122900016;12;13;281;0;0;0;17;77;0;0;0
122900017;12;13;350;0;0;2;17;81;0;0;2
122900018;12;13;237;0;0;3;17;102;0;0;0
122900019;12;13;226;0;0;0;17;68;0;0;0
122900020;12;13;240;0;0;0;17;81;0;0;0
122900021;12;13;222;0;0;1;17;82;0;0;1
122900022;12;13;241;0;0;1;17;81;0;0;0
122900023;12;13;216;0;0;0;17;116;0;0;0
122900024;12;13;257;209;48;0;17;78;65;13;0
122900025;12;13;343;294;49;0;17;81;68;13;0
122900026;12;13;333;275;58;1;17;114;100;14;0
122900027;12;13;354;0;0;0;17;94;0;0;0
122900028;12;13;306;0;0;0;17;122;0;0;0
122900029;12;13;263;0;0;0;17;77;0;0;0
122900030;12;13;308;0;0;0;17;91;0;0;0
122900031;12;13;274;0;0;0;17;77;0;0;0
122900032;12;13;364;0;0;5;17;119;0;0;0
122900033;12;13;348;0;0;0;17;111;0;0;0
122900034;12;13;279;0;0;4;17;89;0;0;0
122900035;12;13;251;0;0;0;17;88;0;0;0
122900036;12;13;281;0;0;0;17;80;0;0;0
122900037;12;13;273;0;0;1;17;87;0;0;0
122900038;12;13;194;0;0;0;17;109;0;0;1
122900039;12;13;299;0;0;0;17;123;0;0;0
122900040;12;13;265;0;0;2;17;91;0;0;3
122900041;12;13;276;0;0;0;17;92;0;0;0
122900042;12;13;195;0;0;1;17;61;0;0;1
122900043;12;13;204;0;0;0;17;69;0;0;0
122900044;12;13;236;0;0;5;17;68;0;0;2
122900045;12;13;188;0;0;0;17;62;0;0;0
122900046;12;13;126;0;0;5;17;194;0;0;8
122900047;12;13;250;0;0;1;17;77;0;0;1
122900048;12;13;221;0;0;1;17;49;0;0;0
122900049;12;13;274;185;89;3;17;104;67;37;0
122900050;12;13;259;203;56;0;17;117;91;26;0
122900051;12;13;244;190;54;4;17;96;73;23;0
122900052;12;13;237;170;67;0;17;115;90;25;0
122900053;12;13;211;0;0;1;17;74;0;0;1
122900054;12;13;249;0;0;5;17;70;0;0;0
122900055;12;13;221;0;0;0;17;275;0;0;0
122900056;12;13;145;0;0;2;17;306;0;0;4
122900057;12;13;97;0;0;2;17;26;0;0;1
122900058;12;13;148;0;0;0;17;44;0;0;0
122900059;12;13;196;0;0;0;17;105;0;0;0
122900060;12;13;221;0;0;0;17;136;0;0;0
122900061;12;13;78;0;0;0;17;43;0;0;0
122900062;12;13;133;0;0;1;17;38;0;0;0
122900063;12;13;29;0;0;2;17;10;0;0;0
122900064;12;13;265;0;0;7;17;185;0;0;10
122900065;12;13;50;0;0;0;17;33;0;0;0
122900066;12;13;155;0;0;0;17;59;0;0;0
122900067;12;13;161;0;0;0;17;129;0;0;0
122900068;12;13;80;0;0;2;17;30;0;0;0
122900069;12;13;81;0;0;0;17;33;0;0;0
122900070;12;13;40;0;0;0;17;18;0;0;0
122900071;12;13;130;0;0;0;17;55;0;0;0
122900072;12;13;151;0;0;0;17;54;0;0;0
122900073;12;13;163;0;0;0;17;43;0;0;0
122900074;12;13;127;0;0;0;17;43;0;0;0
122900075;12;13;355;0;0;1;17;146;0;0;0
122900076;12;13;191;0;0;0;17;58;0;0;0
122900077;12;13;139;0;0;3;17;64;0;0;0
122900078;12;13;113;0;0;2;17;49;0;0;0
122900079;12;13;38;0;0;1;17;22;0;0;0
122900080;12;13;22;0;0;0;17;7;0;0;0
122900081;12;13;12;0;0;0;17;2;0;0;0
122900082;12;13;22;0;0;1;17;7;0;0;0
122900083;12;13;70;0;0;0;17;18;0;0;0
123600001;12;13;181;0;0;5;17;134;0;0;1
123600002;12;13;198;0;0;0;17;140;0;0;0
123600003;12;13;189;0;0;2;17;116;0;0;3
123600004;12;13;69;0;0;0;17;72;0;0;0
123600005;12;13;110;0;0;0;17;71;0;0;0
123600006;12;13;178;0;0;1;17;118;0;0;1
123600007;12;13;75;0;0;0;17;54;0;0;0
123600008;12;13;57;0;0;0;17;47;0;0;0
123600009;12;13;71;0;0;0;17;72;0;0;0
123600010;12;13;20;0;0;0;17;21;0;0;0
123600011;12;13;62;0;0;0;17;17;0;0;0
123600012;12;13;13;0;0;0;17;13;0;0;0
123800001;12;13;91;0;0;0;17;60;0;0;1
123800002;12;13;95;0;0;6;17;98;0;0;2
123800003;12;13;165;0;0;0;17;96;0;0;2
123800004;12;13;125;0;0;0;17;56;0;0;0
123800005;12;13;153;0;0;0;17;49;0;0;0
123800006;12;13;113;0;0;0;17;56;0;0;0
123800007;12;13;198;0;0;0;17;83;0;0;0
123800008;12;13;173;0;0;0;17;47;0;0;0
123800009;12;13;181;0;0;0;17;61;0;0;0
130300001;13;13;218;0;0;0;17;86;0;0;0
130300002;13;13;227;0;0;0;17;88;0;0;0
130300003;13;13;262;0;0;0;17;138;0;0;0
130300004;13;13;247;0;0;0;17;115;0;0;0
130300005;13;13;189;0;0;0;17;95;0;0;0
130300006;13;13;333;0;0;1;17;60;0;0;1
130300007;13;13;294;0;0;0;17;36;0;0;0
130300008;13;13;355;0;0;0;17;77;0;0;0
130300009;13;13;201;0;0;4;17;114;0;0;0
130400001;13;13;327;0;0;0;17;153;0;0;0
130400002;13;13;326;0;0;4;17;174;0;0;0
130400003;13;13;294;0;0;0;17;112;0;0;0
130400004;13;13;288;0;0;0;17;160;0;0;0
130400005;13;13;183;0;0;0;17;92;0;0;0
130400006;13;13;278;0;0;6;17;137;0;0;1
130400007;13;13;173;0;0;0;17;64;0;0;0
130400008;13;13;341;0;0;0;17;153;0;0;0
130400009;13;13;155;0;0;0;17;169;0;0;0
130400010;13;13;168;0;0;2;17;147;0;0;2
130400011;13;13;178;0;0;2;17;73;0;0;1
130400012;13;13;149;0;0;0;17;63;0;0;0
130600001;13;13;279;0;0;1;17;194;0;0;0
130600002;13;13;149;0;0;0;17;108;0;0;0
130600003;13;13;166;0;0;0;17;108;0;0;0
130600004;13;13;247;0;0;3;17;158;0;0;0
130600005;13;13;258;0;0;3;17;154;0;0;1
130600006;13;13;88;0;0;0;17;80;0;0;0
130600007;13;13;76;0;0;0;17;69;0;0;0
130600008;13;13;159;0;0;0;17;106;0;0;0
130600009;13;13;220;0;0;0;17;116;0;0;0
130600010;13;13;178;0;0;3;17;145;0;0;0
130600011;13;13;180;0;0;0;17;122;0;0;0
130600012;13;13;63;0;0;0;17;159;0;0;0
130600013;13;13;192;0;0;0;17;64;0;0;0
130600014;13;13;201;0;0;0;17;82;0;0;2
130600015;13;13;149;0;0;2;17;74;0;0;0
130600016;13;13;17;0;0;1;17;15;0;0;1
130800001;13;13;340;0;0;0;17;149;0;0;0
130800002;13;13;271;0;0;0;17;168;0;0;0
130800003;13;13;333;0;0;8;17;130;0;0;0
130800004;13;13;321;0;0;0;17;207;0;0;0
130800005;13;13;350;0;0;0;17;145;0;0;0
130800006;13;13;337;173;164;0;17;154;74;80;0
130800007;13;13;289;158;131;0;17;155;70;85;0
130800008;13;13;134;0;0;1;17;48;0;0;3
130800009;13;13;296;0;0;0;17;206;0;0;0
130800010;13;13;321;0;0;4;17;190;0;0;4
130800011;13;13;337;0;0;1;17;180;0;0;0
130800012;13;13;241;0;0;6;17;174;0;0;2
130800013;13;13;253;0;0;0;17;237;0;0;0
130800014;13;13;310;0;0;5;17;189;0;0;1
130800015;13;13;323;0;0;0;17;202;0;0;0
130800016;13;13;275;0;0;0;17;190;0;0;0
130800017;13;13;299;0;0;3;17;181;0;0;3
130800018;13;13;279;0;0;0;17;185;0;0;0
130800019;13;13;254;0;0;0;17;132;0;0;0
130800020;13;13;127;0;0;0;17;137;0;0;0
130800021;13;13;277;0;0;0;17;149;0;0;0
130800022;13;13;247;0;0;4;17;203;0;0;4
130800023;13;13;141;0;0;0;17;76;0;0;0
130800024;13;13;116;0;0;0;17;34;0;0;0
130800025;13;13;89;0;0;0;17;22;0;0;0
130800026;13;13;4;0;0;0;17;12;0;0;0
130800027;13;13;19;0;0;0;17;17;0;0;0
130800028;13;13;57;0;0;0;17;35;0;0;0
130800029;13;13;83;0;0;0;17;30;0;0;0
130800030;13;13;26;0;0;0;17;22;0;0;0
130800036;13;13;262;0;0;1;17;189;0;0;7
130800037;13;13;259;0;0;0;17;229;0;0;0
130800038;13;13;289;0;0;2;17;207;0;0;4
130800039;13;13;223;0;0;0;17;191;0;0;0
130800041;13;13;226;0;0;0;17;200;0;0;0
130800042;13;13;89;0;0;0;17;74;0;0;0
130800043;13;13;339;0;0;0;17;130;0;0;0
130800044;13;13;268;0;0;0;17;104;0;0;0
130800045;13;13;52;0;0;0;17;92;0;0;0
130800046;13;13;295;0;0;0;17;160;0;0;0
130800047;13;13;91;0;0;0;17;129;0;0;0
130800048;13;13;68;0;0;0;17;32;0;0;0
130800049;13;13;53;0;0;0;17;68;0;0;0
130800050;13;13;71;0;0;0;17;21;0;0;0
130800051;13;13;110;0;0;0;17;111;0;0;0
130800052;13;13;102;0;0;0;17;17;0;0;0
130800053;13;13;66;0;0;0;17;20;0;0;0
130800054;13;13;95;0;0;0;17;24;0;0;0
130800055;13;13;147;0;0;0;17;39;0;0;0
130800056;13;13;240;0;0;0;17;265;0;0;0
130800057;13;13;41;0;0;0;17;55;0;0;0
130800058;13;13;17;0;0;0;17;11;0;0;0
130800059;13;13;12;0;0;0;17;6;0;0;0
131400001;13;13;338;0;0;5;17;92;0;0;0
131400002;13;13;173;0;0;1;17;22;0;0;1
131400003;13;13;145;0;0;0;17;56;0;0;0
131400004;13;13;188;0;0;0;17;103;0;0;0
131400005;13;13;138;0;0;0;17;110;0;0;0
131400006;13;13;126;0;0;0;17;40;0;0;0
131400007;13;13;277;0;0;10;17;122;0;0;1
131400008;13;13;94;0;0;0;17;53;0;0;0
131400009;13;13;8;0;0;0;17;22;0;0;0
131400010;13;13;126;0;0;0;17;24;0;0;0
131900001;13;13;193;0;0;0;17;125;0;0;0
131900002;13;13;218;0;0;2;17;139;0;0;0
131900003;13;13;215;162;53;0;17;135;86;49;0
131900004;13;13;231;0;0;0;17;150;0;0;0
131900005;13;13;286;254;32;3;17;181;149;32;1
131900006;13;13;322;215;107;0;17;170;118;52;0
131900007;13;13;293;0;0;1;17;206;0;0;1
131900008;13;13;259;213;46;3;17;162;119;43;1
131900009;13;13;241;171;70;0;17;193;130;63;3
131900010;13;13;156;0;0;1;17;126;0;0;1
131900011;13;13;263;0;0;0;17;164;0;0;0
131900012;13;13;227;0;0;1;17;153;0;0;2
131900013;13;13;162;0;0;0;17;151;0;0;0
131900014;13;13;274;0;0;0;17;171;0;0;0
131900015;13;13;264;0;0;3;17;133;0;0;1
131900016;13;13;331;0;0;0;17;136;0;0;0
131900017;13;13;231;0;0;3;17;139;0;0;0
131900018;13;13;297;0;0;0;17;136;0;0;0
131900019;13;13;224;0;0;2;17;170;0;0;0
131900020;13;13;167;0;0;2;17;131;0;0;1
131900021;13;13;296;0;0;1;17;190;0;0;1
131900022;13;13;252;0;0;3;17;135;0;0;2
131900023;13;13;214;0;0;4;17;154;0;0;1
131900024;13;13;279;0;0;2;17;137;0;0;0
131900025;13;13;240;0;0;7;17;132;0;0;2
131900026;13;13;175;0;0;0;17;114;0;0;0
131900027;13;13;137;0;0;1;17;106;0;0;0
131900028;13;13;248;0;0;5;17;178;0;0;5
131900029;13;13;210;0;0;0;17;131;0;0;0
131900030;13;13;183;146;37;0;17;131;103;28;0
131900031;13;13;235;182;53;0;17;151;111;40;0
131900032;13;13;219;200;19;0;17;150;136;14;0
131900033;13;13;223;0;0;1;17;136;0;0;1
131900034;13;13;290;0;0;1;17;165;0;0;1
131900035;13;13;260;0;0;0;17;176;0;0;0
131900036;13;13;232;0;0;4;17;167;0;0;2
131900037;13;13;176;0;0;2;17;61;0;0;0
131900038;13;13;265;0;0;0;17;153;0;0;0
131900039;13;13;84;0;0;1;17;49;0;0;0
131900040;13;13;233;0;0;2;17;133;0;0;1
131900041;13;13;223;0;0;0;17;175;0;0;0
131900042;13;13;144;0;0;0;17;140;0;0;0
131900043;13;13;120;0;0;0;17;11;0;0;0
131900044;13;13;113;0;0;2;17;13;0;0;0
131900045;13;13;191;0;0;0;17;142;0;0;0
131900046;13;13;261;0;0;2;17;134;0;0;1
131900047;13;13;248;0;0;5;17;125;0;0;5
131900048;13;13;286;0;0;1;17;158;0;0;0
131900049;13;13;181;0;0;0;17;98;0;0;0
131900050;13;13;214;0;0;0;17;110;0;0;0
131900051;13;13;113;0;0;0;17;69;0;0;0
131900052;13;13;161;0;0;2;17;105;0;0;0
131900053;13;13;96;0;0;0;17;11;0;0;0
131900054;13;13;130;0;0;0;17;51;0;0;0
131900055;13;13;182;0;0;1;17;110;0;0;2
131900056;13;13;257;0;0;3;17;107;0;0;1
131900057;13;13;231;0;0;3;17;157;0;0;1
131900058;13;13;254;0;0;0;17;163;0;0;0
131900059;13;13;236;0;0;0;17;132;0;0;0
131900060;13;13;108;0;0;5;17;13;0;0;3
131900061;13;13;37;0;0;2;17;9;0;0;0
131900062;13;13;295;0;0;0;17;135;0;0;0
131900063;13;13;186;0;0;2;17;87;0;0;2
131900064;13;13;165;0;0;1;17;99;0;0;0
131900065;13;13;249;0;0;0;17;152;0;0;0
131900066;13;13;224;0;0;5;17;158;0;0;2
131900067;13;13;203;173;30;0;17;156;129;27;0
131900068;13;13;230;139;91;0;17;107;65;42;0
131900069;13;13;262;158;104;0;17;139;83;56;0
131900070;13;13;248;0;0;1;17;144;0;0;1
131900071;13;13;223;0;0;0;17;129;0;0;0
131900072;13;13;160;0;0;0;17;80;0;0;0
131900073;13;13;179;0;0;0;17;101;0;0;0
131900074;13;13;206;0;0;0;17;109;0;0;0
131900075;13;13;260;0;0;0;17;150;0;0;0
131900076;13;13;142;0;0;5;17;22;0;0;2
131900077;13;13;80;0;0;0;17;10;0;0;0
131900078;13;13;227;0;0;0;17;132;0;0;2
131900079;13;13;206;0;0;0;17;127;0;0;0
131900080;13;13;286;0;0;0;17;131;0;0;0
131900081;13;13;236;0;0;4;17;143;0;0;5
131900082;13;13;174;0;0;0;17;97;0;0;0
131900083;13;13;96;0;0;4;17;28;0;0;5
131900084;13;13;115;0;0;0;17;5;0;0;0
131900085;13;13;121;0;0;2;17;21;0;0;1
131900086;13;13;109;0;0;2;17;11;0;0;0
131900087;13;13;210;0;0;0;17;96;0;0;0
131900088;13;13;76;0;0;2;17;54;0;0;1
131900089;13;13;101;0;0;8;17;9;0;0;3
131900090;13;13;169;0;0;0;17;124;0;0;0
131900091;13;13;93;0;0;15;17;15;0;0;2
131900092;13;13;65;0;0;1;17;28;0;0;0
131900093;13;13;19;0;0;2;17;12;0;0;0
131900094;13;13;23;0;0;0;17;7;0;0;0
131900095;13;13;15;0;0;0;17;8;0;0;0
131900096;13;13;19;0;0;0;17;14;0;0;0
131900151;13;13;137;0;0;0;17;43;0;0;0
131900152;13;13;143;0;0;4;17;62;0;0;2
131900153;13;13;216;0;0;4;17;88;0;0;1
131900154;13;13;95;0;0;0;17;97;0;0;0
131900155;13;13;234;0;0;0;17;130;0;0;0
131900156;13;13;172;0;0;3;17;60;0;0;3
131900157;13;13;334;0;0;4;17;94;0;0;3
131900158;13;13;152;0;0;1;17;92;0;0;2
131900159;13;13;203;0;0;3;17;82;0;0;1
131900160;13;13;218;0;0;0;17;93;0;0;1
131900161;13;13;174;0;0;0;17;128;0;0;0
131900162;13;13;228;0;0;0;17;24;0;0;0
131900163;13;13;308;0;0;3;17;151;0;0;2
131900164;13;13;251;0;0;0;17;90;0;0;0
131900165;13;13;187;0;0;0;17;89;0;0;0
131900166;13;13;226;0;0;0;17;115;0;0;0
131900167;13;13;196;0;0;0;17;147;0;0;0
131900168;13;13;218;0;0;1;17;110;0;0;0
131900169;13;13;229;0;0;6;17;153;0;0;2
131900170;13;13;215;0;0;1;17;106;0;0;1
131900171;13;13;114;0;0;0;17;45;0;0;0
131900172;13;13;250;0;0;2;17;91;0;0;0
131900173;13;13;223;0;0;0;17;132;0;0;0
131900174;13;13;145;0;0;12;17;22;0;0;0
131900175;13;13;199;0;0;3;17;146;0;0;0
131900176;13;13;175;0;0;0;17;122;0;0;0
131900177;13;13;220;0;0;3;17;80;0;0;3
131900178;13;13;232;0;0;2;17;130;0;0;1
131900179;13;13;202;0;0;0;17;113;0;0;0
131900180;13;13;153;0;0;5;17;63;0;0;2
131900181;13;13;189;0;0;0;17;108;0;0;0
131900182;13;13;176;0;0;2;17;85;0;0;1
131900183;13;13;174;0;0;0;17;120;0;0;0
131900184;13;13;93;0;0;0;17;35;0;0;0
131900185;13;13;224;0;0;1;17;162;0;0;1
131900186;13;13;169;0;0;7;17;203;0;0;8
131900187;13;13;277;0;0;0;17;142;0;0;0
131900188;13;13;155;0;0;0;17;88;0;0;0
131900189;13;13;180;0;0;3;17;106;0;0;0
131900190;13;13;171;0;0;0;17;64;0;0;0
131900191;13;13;300;0;0;5;17;118;0;0;3
131900192;13;13;305;0;0;4;17;84;0;0;3
131900193;13;13;329;0;0;0;17;136;0;0;0
131900194;13;13;87;0;0;0;17;34;0;0;0
131900195;13;13;124;0;0;0;17;73;0;0;0
131900196;13;13;102;0;0;0;17;41;0;0;0
131900197;13;13;236;0;0;1;17;85;0;0;4
131900198;13;13;73;0;0;1;17;33;0;0;0
131900200;13;13;203;0;0;0;17;68;0;0;0
131900201;13;13;155;0;0;1;17;57;0;0;1
131900202;13;13;162;0;0;3;17;102;0;0;2
131900203;13;13;159;0;0;7;17;114;0;0;1
131900204;13;13;272;0;0;3;17;145;0;0;2
131900205;13;13;208;0;0;3;17;19;0;0;0
132000001;13;13;209;0;0;3;17;153;0;0;2
132000002;13;13;229;0;0;0;17;175;0;0;0
132000003;13;13;235;0;0;3;17;170;0;0;0
132000004;13;13;238;0;0;1;17;160;0;0;0
132000005;13;13;264;0;0;0;17;159;0;0;0
132000006;13;13;220;0;0;1;17;154;0;0;0
132000007;13;13;280;0;0;0;17;82;0;0;0
132000008;13;13;220;0;0;2;17;177;0;0;1
132000009;13;13;220;0;0;3;17;135;0;0;2
132000010;13;13;288;0;0;0;17;188;0;0;1
132000011;13;13;327;0;0;3;17;214;0;0;0
132000013;13;13;317;0;0;0;17;167;0;0;0
132000014;13;13;300;0;0;0;17;174;0;0;0
132000015;13;13;311;0;0;0;17;171;0;0;0
132000016;13;13;210;0;0;0;17;121;0;0;0
132000017;13;13;245;0;0;3;17;102;0;0;3
132000018;13;13;234;0;0;7;17;136;0;0;1
132000019;13;13;280;0;0;1;17;228;0;0;4
132000021;13;13;160;0;0;2;17;98;0;0;1
132000025;13;13;234;0;0;2;17;115;0;0;0
132000026;13;13;378;0;0;2;17;133;0;0;2
132000028;13;13;260;0;0;0;17;112;0;0;0
132000030;13;13;214;0;0;0;17;61;0;0;0
132000031;13;13;188;0;0;1;17;74;0;0;1
132000032;13;13;177;0;0;0;17;98;0;0;0
132000034;13;13;68;0;0;0;17;54;0;0;0
132000036;13;13;280;0;0;0;17;51;0;0;0
132000038;13;13;274;0;0;4;17;118;0;0;0
132000039;13;13;274;0;0;4;17;133;0;0;2
132100001;13;13;132;0;0;0;17;51;0;0;0
132100002;13;13;135;0;0;0;17;62;0;0;0
132100003;13;13;158;0;0;1;17;110;0;0;0
132100004;13;13;233;0;0;4;17;97;0;0;1
132100005;13;13;88;0;0;2;17;95;0;0;1
132100006;13;13;90;0;0;4;17;136;0;0;5
132100007;13;13;198;0;0;0;17;86;0;0;0
132100008;13;13;239;0;0;0;17;75;0;0;0
132100009;13;13;286;0;0;1;17;146;0;0;0
132100010;13;13;176;0;0;0;17;145;0;0;0
132100011;13;13;227;0;0;1;17;129;0;0;0
132100012;13;13;233;0;0;7;17;99;0;0;1
132100013;13;13;137;0;0;0;17;94;0;0;0
132100014;13;13;225;0;0;0;17;86;0;0;0
132100015;13;13;202;0;0;0;17;89;0;0;0
132100016;13;13;220;0;0;0;17;118;0;0;0
132100017;13;13;160;0;0;0;17;135;0;0;0
132100018;13;13;237;0;0;0;17;118;0;0;0
132100019;13;13;272;0;0;0;17;188;0;0;0
132100020;13;13;287;0;0;5;17;101;0;0;2
132100021;13;13;264;0;0;0;17;158;0;0;0
132100022;13;13;164;0;0;0;17;76;0;0;0
132100023;13;13;147;0;0;0;17;68;0;0;0
132100026;13;13;221;0;0;2;17;158;0;0;2
132100027;13;13;226;0;0;0;17;111;0;0;0
132100028;13;13;248;0;0;0;17;183;0;0;0
132400001;13;13;254;0;0;0;17;134;0;0;0
132400002;13;13;286;0;0;1;17;95;0;0;2
132400003;13;13;254;205;49;0;17;127;96;31;0
132400004;13;13;227;167;60;0;17;117;85;32;0
132400005;13;13;199;0;0;0;17;76;0;0;0
132400006;13;13;307;0;0;0;17;105;0;0;0
132400007;13;13;188;0;0;7;17;6;0;0;0
132400008;13;13;134;0;0;0;17;22;0;0;0
132400009;13;13;256;0;0;0;17;75;0;0;0
132400010;13;13;250;0;0;0;17;85;0;0;0
132400011;13;13;339;0;0;7;17;89;0;0;5
132400012;13;13;271;0;0;0;17;47;0;0;0
132400013;13;13;279;0;0;0;17;109;0;0;0
132400014;13;13;293;0;0;0;17;96;0;0;0
132400015;13;13;282;0;0;0;17;76;0;0;0
132400016;13;13;109;0;0;0;17;38;0;0;0
132900001;13;13;157;0;0;5;17;204;0;0;3
132900002;13;13;150;0;0;0;17;157;0;0;0
132900003;13;13;274;0;0;0;17;219;0;0;0
132900004;13;13;230;0;0;2;17;187;0;0;2
132900005;13;13;274;0;0;0;17;211;0;0;0
132900006;13;13;257;0;0;0;17;172;0;0;0
132900007;13;13;253;0;0;1;17;183;0;0;6
132900008;13;13;276;0;0;0;17;218;0;0;0
132900009;13;13;298;0;0;1;17;135;0;0;0
132900010;13;13;270;0;0;8;17;206;0;0;7
132900011;13;13;367;0;0;0;17;131;0;0;0
132900012;13;13;148;0;0;4;17;165;0;0;4
132900013;13;13;168;0;0;2;17;179;0;0;1
132900014;13;13;176;0;0;0;17;329;0;0;3
132900015;13;13;186;0;0;0;17;140;0;0;0
132900016;13;13;198;0;0;3;17;100;0;0;0
132900017;13;13;172;0;0;0;17;155;0;0;0
132900018;13;13;179;0;0;1;17;165;0;0;4
132900019;13;13;220;0;0;0;17;180;0;0;0
132900020;13;13;8;0;0;0;17;12;0;0;0
132900021;13;13;152;0;0;1;17;331;0;0;1
132900022;13;13;312;0;0;0;17;178;0;0;0
132900023;13;13;175;0;0;3;17;90;0;0;0
132900024;13;13;201;0;0;0;17;125;0;0;0
132900025;13;13;169;0;0;0;17;136;0;0;0
132900026;13;13;278;0;0;0;17;217;0;0;0
132900027;13;13;302;0;0;3;17;191;0;0;4
132900028;13;13;157;0;0;1;17;421;0;0;6
132900029;13;13;250;0;0;1;17;201;0;0;2
132900030;13;13;113;0;0;3;17;47;0;0;3
133200001;13;13;309;0;0;0;17;113;0;0;0
133200002;13;13;327;0;0;0;17;104;0;0;0
133200003;13;13;256;0;0;0;17;110;0;0;0
133200004;13;13;250;0;0;0;17;96;0;0;0
133200005;13;13;239;0;0;6;17;90;0;0;2
133200006;13;13;64;0;0;0;17;35;0;0;0
133200007;13;13;116;0;0;0;17;31;0;0;0
133200008;13;13;59;0;0;2;17;34;0;0;1
133200009;13;13;64;0;0;0;17;34;0;0;0
133900001;13;13;473;0;0;0;17;150;0;0;0
133900002;13;13;431;0;0;0;17;122;0;0;0
133900003;13;13;451;0;0;0;17;128;0;0;1
133900004;13;13;263;0;0;0;17;94;0;0;0
133900005;13;13;243;0;0;0;17;122;0;0;0
140800001;14;13;311;251;60;0;17;109;81;28;0
140800002;14;13;323;0;0;0;17;133;0;0;5
140800003;14;13;336;0;0;0;17;157;0;0;1
140800004;14;13;326;241;85;0;17;144;87;57;0
140800005;14;13;8;0;0;0;17;7;0;0;0
140800007;14;13;9;0;0;0;17;6;0;0;0
140800008;14;13;28;0;0;0;17;9;0;0;0
140800009;14;13;30;0;0;0;17;20;0;0;0
140800010;14;13;19;0;0;0;17;13;0;0;0
140800011;14;13;10;0;0;0;17;8;0;0;1
140800012;14;13;28;0;0;0;17;28;0;0;0
140800013;14;13;37;0;0;0;17;16;0;0;0
140800014;14;13;36;0;0;0;17;15;0;0;1
140800015;14;13;51;0;0;0;17;30;0;0;0
140800016;14;13;18;0;0;0;17;16;0;0;1
140800017;14;13;25;0;0;0;17;16;0;0;0
140800018;14;13;23;0;0;0;17;4;0;0;0
140800019;14;13;54;0;0;2;17;58;0;0;1
140800020;14;13;93;0;0;3;17;46;0;0;0
140800021;14;13;36;0;0;0;17;34;0;0;0
140800022;14;13;31;0;0;0;17;8;0;0;0
140800023;14;13;175;0;0;2;17;117;0;0;0
140800024;14;13;73;0;0;0;17;35;0;0;0
140800025;14;13;35;0;0;0;17;20;0;0;0
140800026;14;13;80;0;0;0;17;48;0;0;0
141900001;14;13;160;0;0;1;17;48;0;0;0
141900002;14;13;242;0;0;0;17;101;0;0;0
141900003;14;13;197;0;0;0;17;91;0;0;0
141900004;14;13;25;0;0;0;17;19;0;0;0
141900005;14;13;37;0;0;0;17;21;0;0;0
141900006;14;13;50;0;0;0;17;40;0;0;0
141900007;14;13;12;0;0;0;17;12;0;0;0
141900008;14;13;23;0;0;0;17;8;0;0;0
141900009;14;13;51;0;0;0;17;16;0;0;0
141900010;14;13;18;0;0;0;17;11;0;0;0
141900011;14;13;12;0;0;0;17;8;0;0;0
141900012;14;13;22;0;0;0;17;7;0;0;0
141900013;14;13;19;0;0;0;17;16;0;0;0
141900014;14;13;44;0;0;0;17;26;0;0;0
141900015;14;13;23;0;0;0;17;15;0;0;0
141900016;14;13;16;0;0;0;17;7;0;0;0
142200001;14;13;63;0;0;2;17;25;0;0;0
142200002;14;13;51;0;0;1;17;16;0;0;0
142200003;14;13;106;0;0;0;17;25;0;0;0
142200004;14;13;102;0;0;2;17;53;0;0;1
142200005;14;13;31;0;0;0;17;10;0;0;0
142200006;14;13;75;0;0;0;17;57;0;0;0
142200007;14;13;151;0;0;4;17;68;0;0;2
142200008;14;13;76;0;0;0;17;38;0;0;1
142200009;14;13;22;0;0;1;17;8;0;0;0
142200010;14;13;9;0;0;0;17;5;0;0;0
143200001;14;13;199;0;0;0;17;74;0;0;0
143200002;14;13;195;0;0;0;17;104;0;0;0
143200003;14;13;286;0;0;0;17;162;0;0;0
143200004;14;13;191;0;0;5;17;122;0;0;0
143200005;14;13;189;0;0;0;17;107;0;0;0
143200006;14;13;194;0;0;1;17;88;0;0;3
143200007;14;13;180;0;0;0;17;97;0;0;0
143200008;14;13;215;0;0;1;17;106;0;0;3
143200009;14;13;223;0;0;2;17;135;0;0;5
143200010;14;13;269;0;0;1;17;156;0;0;0
143200011;14;13;205;0;0;0;17;115;0;0;0
143200012;14;13;186;0;0;0;17;123;0;0;0
143200013;14;13;297;0;0;2;17;142;0;0;2
143200014;14;13;156;0;0;0;17;97;0;0;0
143200015;14;13;160;0;0;0;17;112;0;0;0
143200016;14;13;135;0;0;0;17;110;0;0;0
143200017;14;13;208;0;0;1;17;108;0;0;1
143200018;14;13;283;0;0;5;17;168;0;0;1
143200019;14;13;181;0;0;0;17;136;0;0;0
143200020;14;13;193;0;0;1;17;146;0;0;2
143200021;14;13;163;125;38;0;17;92;68;24;0
143200022;14;13;202;134;68;0;17;92;50;42;0
143200023;14;13;247;207;40;0;17;118;86;32;0
143200024;14;13;166;116;50;0;17;133;83;50;0
143200025;14;13;177;108;69;0;17;102;68;34;0
143200026;14;13;180;0;0;0;17;144;0;0;0
143200027;14;13;240;0;0;3;17;144;0;0;3
143200028;14;13;210;0;0;1;17;114;0;0;1
143200029;14;13;142;0;0;2;17;103;0;0;1
143200030;14;13;109;0;0;0;17;94;0;0;0
143200031;14;13;238;0;0;0;17;129;0;0;0
143200032;14;13;177;0;0;0;17;150;0;0;0
143200033;14;13;284;0;0;0;17;164;0;0;0
143200034;14;13;264;0;0;0;17;180;0;0;1
143200035;14;13;211;0;0;0;17;154;0;0;0
143200036;14;13;189;0;0;0;17;148;0;0;0
143200037;14;13;141;0;0;2;17;145;0;0;3
143200038;14;13;174;0;0;0;17;161;0;0;0
143200039;14;13;178;0;0;0;17;143;0;0;0
143200040;14;13;230;0;0;2;17;180;0;0;3
143200041;14;13;186;0;0;0;17;129;0;0;0
143200042;14;13;213;0;0;1;17;137;0;0;0
143200043;14;13;205;0;0;0;17;131;0;0;0
143200044;14;13;165;0;0;0;17;142;0;0;0
143200045;14;13;248;0;0;3;17;171;0;0;1
143200046;14;13;286;0;0;0;17;180;0;0;0
143200047;14;13;194;0;0;0;17;163;0;0;0
143200048;14;13;157;0;0;0;17;235;0;0;0
143200049;14;13;141;0;0;0;17;135;0;0;0
143200050;14;13;333;0;0;0;17;239;0;0;0
143200051;14;13;57;0;0;0;17;51;0;0;0
143200052;14;13;24;0;0;0;17;11;0;0;0
143200053;14;13;175;156;19;0;17;117;105;12;0
143200054;14;13;216;202;14;4;17;153;141;12;1
143200055;14;13;215;179;36;0;17;105;89;16;0
143200056;14;13;210;183;27;0;17;120;107;13;0
143200057;14;13;206;173;33;0;17;128;107;21;0
143200058;14;13;176;126;50;2;17;127;100;27;2
143200059;14;13;189;0;0;3;17;138;0;0;1
143200060;14;13;208;0;0;0;17;103;0;0;0
143200061;14;13;207;0;0;2;17;120;0;0;0
143200062;14;13;254;0;0;0;17;152;0;0;0
143200063;14;13;178;0;0;3;17;119;0;0;2
143200064;14;13;263;0;0;0;17;162;0;0;0
143200065;14;13;264;0;0;0;17;131;0;0;0
143200066;14;13;282;0;0;3;17;169;0;0;2
143200067;14;13;146;0;0;0;17;91;0;0;0
143200068;14;13;303;0;0;0;17;154;0;0;0
143200069;14;13;156;0;0;1;17;102;0;0;0
143200070;14;13;247;0;0;0;17;168;0;0;0
143200071;14;13;263;0;0;0;17;174;0;0;0
143200072;14;13;159;0;0;0;17;366;0;0;0
143200073;14;13;324;0;0;3;17;211;0;0;3
143200074;14;13;243;0;0;0;17;160;0;0;0
143200075;14;13;192;0;0;3;17;97;0;0;1
143200076;14;13;302;0;0;0;17;139;0;0;0
143200077;14;13;258;0;0;4;17;169;0;0;4
143200078;14;13;184;0;0;0;17;149;0;0;3
143200079;14;13;156;0;0;0;17;104;0;0;0
143200080;14;13;244;0;0;3;17;146;0;0;0
143200081;14;13;212;0;0;0;17;147;0;0;0
143200082;14;13;180;0;0;2;17;144;0;0;2
143200083;14;13;247;0;0;2;17;182;0;0;3
143200084;14;13;294;0;0;2;17;180;0;0;2
143200085;14;13;178;0;0;0;17;138;0;0;0
143200086;14;13;174;0;0;0;17;151;0;0;1
143200087;14;13;180;0;0;2;17;115;0;0;1
143200088;14;13;256;0;0;3;17;189;0;0;0
143200089;14;13;157;0;0;0;17;113;0;0;0
143200090;14;13;176;0;0;0;17;118;0;0;0
143200091;14;13;197;0;0;0;17;95;0;0;0
143200092;14;13;273;0;0;6;17;182;0;0;4
143200093;14;13;174;0;0;3;17;123;0;0;1
143200094;14;13;244;0;0;1;17;186;0;0;2
143200095;14;13;225;0;0;0;17;134;0;0;0
143200096;14;13;252;0;0;2;17;129;0;0;0
143200097;14;13;184;0;0;0;17;112;0;0;0
143200098;14;13;243;0;0;0;17;127;0;0;0
143200099;14;13;201;0;0;0;17;123;0;0;0
143200100;14;13;149;0;0;0;17;107;0;0;0
143200101;14;13;319;0;0;2;17;154;0;0;0
143200102;14;13;140;0;0;0;17;99;0;0;0
143200103;14;13;172;0;0;0;17;181;0;0;0
143200104;14;13;160;0;0;0;17;97;0;0;0
143200105;14;13;232;0;0;0;17;129;0;0;0
143200106;14;13;253;0;0;0;17;161;0;0;0
143200107;14;13;212;0;0;0;17;111;0;0;0
143200108;14;13;189;0;0;0;17;114;0;0;0
143200109;14;13;140;0;0;1;17;101;0;0;0
143200110;14;13;277;0;0;2;17;134;0;0;1
143200111;14;13;209;0;0;0;17;84;0;0;0
143200112;14;13;267;0;0;0;17;184;0;0;0
143200113;14;13;185;0;0;0;17;135;0;0;0
143200114;14;13;250;0;0;1;17;112;0;0;0
143200115;14;13;269;0;0;0;17;142;0;0;0
143200116;14;13;154;0;0;3;17;92;0;0;0
143200117;14;13;329;0;0;5;17;160;0;0;1
143200118;14;13;227;0;0;4;17;164;0;0;0
143200119;14;13;256;0;0;0;17;214;0;0;0
143200120;14;13;273;0;0;0;17;177;0;0;0
143200121;14;13;295;0;0;0;17;144;0;0;0
143200122;14;13;81;0;0;2;17;46;0;0;1
143200123;14;13;109;0;0;1;17;92;0;0;4
143200124;14;13;29;0;0;1;17;40;0;0;1
143200125;14;13;12;0;0;0;17;27;0;0;0
143200126;14;13;236;0;0;1;17;125;0;0;2
143200127;14;13;230;0;0;3;17;136;0;0;0
143200128;14;13;248;0;0;0;17;132;0;0;0
143200129;14;13;81;0;0;1;17;64;0;0;0
143200130;14;13;158;0;0;0;17;103;0;0;0
143200131;14;13;129;0;0;0;17;109;0;0;0
143200132;14;13;185;0;0;0;17;134;0;0;0
143200133;14;13;30;0;0;0;17;35;0;0;0
143200134;14;13;55;0;0;0;17;17;0;0;0
143200135;14;13;41;0;0;0;17;37;0;0;0
143200136;14;13;170;0;0;0;17;137;0;0;0
143200137;14;13;13;0;0;0;17;7;0;0;0
143200138;14;13;10;0;0;0;17;12;0;0;1
143200139;14;13;34;0;0;0;17;32;0;0;0
143200140;14;13;20;0;0;0;17;17;0;0;0
143200141;14;13;8;0;0;0;17;8;0;0;0
143600001;14;13;184;0;0;0;17;116;0;0;0
143600002;14;13;226;0;0;1;17;197;0;0;0
143600003;14;13;295;0;0;0;17;204;0;0;0
143600004;14;13;225;192;33;3;17;130;104;26;1
143600005;14;13;202;146;56;0;17;140;109;31;0
143600006;14;13;239;0;0;0;17;163;0;0;0
143600007;14;13;306;0;0;0;17;197;0;0;0
143600008;14;13;211;0;0;0;17;121;0;0;0
143600009;14;13;152;0;0;0;17;110;0;0;3
143600010;14;13;215;0;0;0;17;132;0;0;0
143600011;14;13;137;0;0;2;17;95;0;0;1
143600012;14;13;275;0;0;0;17;181;0;0;0
143600013;14;13;256;0;0;0;17;148;0;0;0
143600014;14;13;225;0;0;0;17;144;0;0;0
143600015;14;13;291;0;0;0;17;148;0;0;0
143600016;14;13;130;0;0;0;17;105;0;0;1
143600017;14;13;263;0;0;0;17;174;0;0;2
143600018;14;13;205;0;0;0;17;130;0;0;1
143600019;14;13;73;0;0;2;17;59;0;0;1
143600020;14;13;113;0;0;1;17;82;0;0;0
143600021;14;13;62;0;0;0;17;57;0;0;0
143600022;14;13;100;0;0;0;17;67;0;0;0
143600023;14;13;63;0;0;0;17;37;0;0;1
143600024;14;13;65;0;0;1;17;30;0;0;0
143600025;14;13;130;0;0;1;17;116;0;0;0
143600026;14;13;67;0;0;0;17;24;0;0;0
143600027;14;13;47;0;0;2;17;37;0;0;0
143600028;14;13;35;0;0;2;17;69;0;0;1
143600029;14;13;42;0;0;0;17;37;0;0;0
143600030;14;13;12;0;0;0;17;14;0;0;0
143600031;14;13;22;0;0;0;17;36;0;0;0
143600032;14;13;96;0;0;0;17;66;0;0;0
143600033;14;13;97;0;0;0;17;92;0;0;0
143600034;14;13;14;0;0;0;17;13;0;0;0
143600035;14;13;22;0;0;0;17;44;0;0;0
143600036;14;13;57;0;0;0;17;65;0;0;0
143600037;14;13;155;0;0;0;17;122;0;0;2
143600038;14;13;36;0;0;0;17;53;0;0;0
143600039;14;13;18;0;0;0;17;8;0;0;1
143600040;14;13;31;0;0;0;17;18;0;0;0
143600041;14;13;58;0;0;0;17;34;0;0;0
143600042;14;13;77;0;0;0;17;20;0;0;0
143600043;14;13;28;0;0;0;17;21;0;0;0
143600044;14;13;17;0;0;0;17;28;0;0;0
143600045;14;13;15;0;0;0;17;28;0;0;0
143600046;14;13;56;0;0;0;17;43;0;0;0
143600047;14;13;15;0;0;0;17;19;0;0;0
143600048;14;13;11;0;0;0;17;9;0;0;1
143600049;14;13;20;0;0;1;17;8;0;0;0
143600050;14;13;17;0;0;0;17;22;0;0;0
143600051;14;13;39;0;0;3;17;39;0;0;3
145100001;14;13;217;0;0;0;17;76;0;0;0
145100002;14;13;169;0;0;0;17;108;0;0;0
145100003;14;13;180;0;0;0;17;135;0;0;0
145100004;14;13;164;0;0;1;17;129;0;0;2
145100005;14;13;39;0;0;0;17;46;0;0;0
145100006;14;13;46;0;0;0;17;32;0;0;0
145100007;14;13;46;0;0;0;17;41;0;0;2
145100008;14;13;33;0;0;0;17;25;0;0;1
145100009;14;13;28;0;0;0;17;16;0;0;0
145100010;14;13;55;0;0;0;17;27;0;0;0
145100011;14;13;15;0;0;0;17;7;0;0;0
145100012;14;13;53;0;0;0;17;13;0;0;0
145100013;14;13;20;0;0;0;17;9;0;0;0
145100014;14;13;25;0;0;0;17;16;0;0;0
145100015;14;13;21;0;0;0;17;9;0;0;0
145100016;14;13;53;0;0;0;17;28;0;0;1
145100017;14;13;58;0;0;1;17;38;0;0;1
145100018;14;13;27;0;0;0;17;32;0;0;0
145100019;14;13;21;0;0;0;17;8;0;0;0
145100020;14;13;15;0;0;1;17;17;0;0;0
145100021;14;13;14;0;0;0;17;10;0;0;0
150300001;15;13;379;0;0;6;17;121;0;0;1
150300002;15;13;267;0;0;2;17;96;0;0;0
150300003;15;13;387;0;0;5;17;99;0;0;0
150300004;15;13;270;0;0;2;17;70;0;0;2
150300005;15;13;227;0;0;1;17;51;0;0;0
150300006;15;13;332;0;0;0;17;44;0;0;0
150300007;15;13;350;0;0;0;17;68;0;0;0
150300008;15;13;397;0;0;3;17;74;0;0;1
150300009;15;13;192;0;0;0;17;58;0;0;0
150300010;15;13;113;0;0;0;17;83;0;0;1
150300011;15;13;140;0;0;0;17;95;0;0;0
150300012;15;13;98;0;0;3;17;27;0;0;0
150300013;15;13;88;0;0;1;17;40;0;0;1
150300014;15;13;28;0;0;1;17;0;0;0;0
150300015;15;13;143;0;0;2;17;36;0;0;0
150300016;15;13;307;0;0;1;17;63;0;0;0
150300017;15;13;21;0;0;0;17;7;0;0;0
150800001;15;13;180;0;0;0;17;91;0;0;0
150800002;15;13;153;0;0;0;17;71;0;0;0
150800003;15;13;287;0;0;1;17;105;0;0;1
150800004;15;13;277;0;0;8;17;68;0;0;1
150800005;15;13;118;0;0;0;17;71;0;0;0
150800006;15;13;106;0;0;0;17;37;0;0;0
150800007;15;13;132;0;0;0;17;73;0;0;1
150800008;15;13;289;0;0;1;17;104;0;0;0
150800009;15;13;230;0;0;0;17;90;0;0;0
150800010;15;13;182;0;0;0;17;78;0;0;0
150800011;15;13;232;0;0;0;17;83;0;0;2
150800012;15;13;188;0;0;3;17;70;0;0;1
150800013;15;13;259;0;0;1;17;82;0;0;0
150800014;15;13;178;0;0;0;17;49;0;0;0
150800015;15;13;198;0;0;0;17;54;0;0;0
150800016;15;13;201;0;0;0;17;43;0;0;0
150800017;15;13;139;0;0;3;17;59;0;0;0
150800018;15;13;103;0;0;2;17;40;0;0;0
150800019;15;13;109;0;0;0;17;59;0;0;0
150800020;15;13;204;0;0;2;17;35;0;0;1
150800021;15;13;17;0;0;1;17;5;0;0;0
151000001;15;13;154;0;0;6;17;48;0;0;0
151000002;15;13;148;0;0;5;17;50;0;0;6
151000003;15;13;229;0;0;3;17;137;0;0;5
151000004;15;13;228;0;0;2;17;55;0;0;1
151000005;15;13;197;0;0;0;17;48;0;0;0
151000006;15;13;173;0;0;5;17;54;0;0;0
151000007;15;13;202;0;0;4;17;70;0;0;0
151000008;15;13;65;0;0;2;17;44;0;0;2
151000009;15;13;250;0;0;2;17;105;0;0;1
151000010;15;13;228;0;0;0;17;100;0;0;0
151000011;15;13;240;187;53;0;17;92;74;18;0
151000012;15;13;234;148;86;0;17;88;61;27;0
151000013;15;13;162;0;0;0;17;100;0;0;0
151000014;15;13;84;0;0;4;17;92;0;0;2
151000015;15;13;121;0;0;0;17;58;0;0;0
151000016;15;13;202;0;0;0;17;56;0;0;0
151000017;15;13;136;0;0;3;17;79;0;0;4
151000018;15;13;143;0;0;3;17;56;0;0;1
151000019;15;13;135;0;0;0;17;44;0;0;1
151000020;15;13;173;0;0;3;17;74;0;0;1
151000021;15;13;338;0;0;1;17;90;0;0;3
151000022;15;13;192;0;0;4;17;121;0;0;0
151000023;15;13;170;0;0;0;17;76;0;0;0
151000024;15;13;104;0;0;2;17;41;0;0;0
151000025;15;13;156;0;0;1;17;45;0;0;0
151000026;15;13;200;0;0;1;17;52;0;0;0
151000027;15;13;166;0;0;2;17;59;0;0;0
151000028;15;13;135;0;0;4;17;82;0;0;1
151000029;15;13;189;0;0;0;17;83;0;0;0
151000030;15;13;155;0;0;0;17;82;0;0;0
151000031;15;13;125;0;0;2;17;93;0;0;1
151000032;15;13;169;0;0;5;17;101;0;0;2
151000033;15;13;120;0;0;2;17;84;0;0;1
151000034;15;13;8;0;0;0;17;9;0;0;0
151100001;15;13;167;0;0;0;17;70;0;0;0
151100002;15;13;208;0;0;0;17;83;0;0;0
151100003;15;13;161;8;153;0;17;79;2;77;0
151100004;15;13;195;0;0;2;17;114;0;0;2
151100005;15;13;186;0;0;2;17;89;0;0;0
151100006;15;13;149;0;0;3;17;83;0;0;2
151100007;15;13;147;50;97;0;17;60;15;45;1
151100008;15;13;168;0;0;14;17;62;0;0;0
151100009;15;13;162;0;0;7;17;80;0;0;2
151100010;15;13;175;0;0;0;17;86;0;0;0
151100011;15;13;159;0;0;4;17;67;0;0;3
151100012;15;13;131;0;0;0;17;51;0;0;0
151100013;15;13;132;0;0;0;17;97;0;0;0
151100014;15;13;152;0;0;0;17;23;0;0;0
151100015;15;13;180;0;0;13;17;56;0;0;1
151100016;15;13;164;0;0;5;17;46;0;0;1
151100017;15;13;118;0;0;0;17;57;0;0;0
151100018;15;13;143;0;0;3;17;28;0;0;1
151100019;15;13;183;0;0;3;17;75;0;0;3
151100020;15;13;133;0;0;2;17;44;0;0;0
151100021;15;13;143;0;0;0;17;47;0;0;1
151600001;15;13;228;0;0;0;17;116;0;0;0
151600002;15;13;258;0;0;0;17;147;0;0;0
151600003;15;13;252;0;0;0;17;144;0;0;0
151600004;15;13;209;0;0;7;17;106;0;0;0
151600005;15;13;195;0;0;2;17;87;0;0;0
151600006;15;13;252;0;0;1;17;163;0;0;3
151600007;15;13;239;0;0;3;17;93;0;0;0
151600008;15;13;221;0;0;4;17;43;0;0;2
151600009;15;13;243;0;0;2;17;38;0;0;2
151600010;15;13;248;0;0;0;17;67;0;0;0
151600011;15;13;213;0;0;0;17;99;0;0;0
151600012;15;13;230;0;0;0;17;107;0;0;0
151600013;15;13;209;0;0;1;17;82;0;0;0
151600014;15;13;11;0;0;0;17;4;0;0;0
151600015;15;13;200;0;0;1;17;61;0;0;1
151600016;15;13;174;0;0;1;17;31;0;0;0
151600017;15;13;140;0;0;0;17;74;0;0;0
151600018;15;13;59;0;0;0;17;8;0;0;0
151600019;15;13;296;0;0;0;17;129;0;0;0
151600020;15;13;12;0;0;0;17;5;0;0;0
151600021;15;13;196;0;0;0;17;79;0;0;0
151600022;15;13;118;0;0;0;17;55;0;0;0
151600023;15;13;194;0;0;0;17;39;0;0;0
151600024;15;13;294;0;0;2;17;125;0;0;1
151600025;15;13;167;0;0;0;17;107;0;0;0
151600026;15;13;231;0;0;0;17;88;0;0;0
151600027;15;13;198;0;0;0;17;59;0;0;0
151600028;15;13;232;0;0;10;17;92;0;0;1
151600029;15;13;234;0;0;0;17;55;0;0;0
151600030;15;13;154;0;0;0;17;63;0;0;0
151600031;15;13;197;0;0;2;17;117;0;0;0
151600032;15;13;26;0;0;0;17;9;0;0;0
152100001;15;13;413;0;0;13;17;138;0;0;4
152100002;15;13;182;0;0;1;17;105;0;0;0
152100003;15;13;289;0;0;6;17;106;0;0;2
152100004;15;13;272;0;0;0;17;143;0;0;0
152100005;15;13;221;0;0;0;17;77;0;0;2
152100006;15;13;302;0;0;5;17;88;0;0;3
152100007;15;13;74;0;0;0;17;40;0;0;0
152100008;15;13;114;0;0;4;17;41;0;0;0
152100009;15;13;161;0;0;0;17;59;0;0;0
152100010;15;13;29;0;0;0;17;22;0;0;0
152100011;15;13;215;0;0;8;17;148;0;0;3
152100012;15;13;26;0;0;0;17;23;0;0;0
152100013;15;13;175;0;0;2;17;45;0;0;0
152100014;15;13;78;0;0;0;17;24;0;0;0
152100015;15;13;385;0;0;2;17;114;0;0;3
152100016;15;13;75;0;0;1;17;99;0;0;0
152100017;15;13;168;0;0;24;17;48;0;0;0
152300001;15;13;232;0;0;10;17;50;0;0;0
152300002;15;13;257;0;0;0;17;86;0;0;0
152300003;15;13;263;0;0;1;17;77;0;0;0
152300004;15;13;230;0;0;15;17;62;0;0;5
152300005;15;13;168;0;0;1;17;60;0;0;2
152300006;15;13;160;0;0;0;17;57;0;0;0
152300007;15;13;159;0;0;0;17;34;0;0;0
152300008;15;13;268;0;0;0;17;89;0;0;0
152300009;15;13;179;0;0;5;17;51;0;0;1
152300010;15;13;161;0;0;1;17;60;0;0;0
152300011;15;13;21;0;0;0;17;8;0;0;0
152400001;15;13;366;0;0;0;17;91;0;0;0
152400002;15;13;319;0;0;4;17;120;0;0;1
152400003;15;13;280;0;0;0;17;146;0;0;0
152400004;15;13;196;0;0;0;17;99;0;0;0
152400005;15;13;221;0;0;0;17;122;0;0;0
152400006;15;13;176;0;0;0;17;130;0;0;0
152400007;15;13;283;0;0;3;17;180;0;0;1
152400008;15;13;288;0;0;0;17;203;0;0;1
152400009;15;13;276;0;0;0;17;149;0;0;1
152400010;15;13;268;0;0;1;17;198;0;0;1
152400011;15;13;265;0;0;0;17;160;0;0;0
152400012;15;13;274;0;0;0;17;108;0;0;0
152400013;15;13;305;0;0;3;17;135;0;0;0
152400014;15;13;257;178;79;0;17;116;82;34;0
152400015;15;13;248;199;49;0;17;146;111;35;0
152400016;15;13;258;185;73;5;17;131;92;39;3
152400017;15;13;229;118;111;0;17;99;52;47;0
152400018;15;13;230;136;94;0;17;116;71;45;0
152400019;15;13;244;161;83;0;17;118;74;44;0
152400020;15;13;309;0;0;0;17;120;0;0;0
152400021;15;13;267;0;0;1;17;121;0;0;0
152400022;15;13;318;0;0;4;17;141;0;0;0
152400023;15;13;289;0;0;0;17;100;0;0;0
152400024;15;13;314;0;0;0;17;152;0;0;0
152400025;15;13;260;0;0;0;17;144;0;0;0
152400026;15;13;266;0;0;0;17;93;0;0;0
152400027;15;13;206;0;0;2;17;95;0;0;0
152400028;15;13;289;0;0;2;17;162;0;0;0
152400029;15;13;257;0;0;0;17;152;0;0;0
152400030;15;13;249;0;0;4;17;91;0;0;0
152400031;15;13;283;0;0;1;17;101;0;0;1
152400032;15;13;236;0;0;0;17;125;0;0;0
152400033;15;13;219;0;0;0;17;112;0;0;0
152400034;15;13;237;191;46;0;17;139;112;27;0
152400035;15;13;237;145;92;0;17;118;72;46;0
152400036;15;13;256;216;40;0;17;186;154;32;0
152400037;15;13;262;238;24;0;17;159;133;26;2
152400038;15;13;221;129;92;0;17;128;74;54;1
152400039;15;13;241;0;0;0;17;146;0;0;0
152400040;15;13;274;0;0;0;17;165;0;0;0
152400041;15;13;221;0;0;0;17;150;0;0;0
152400042;15;13;258;0;0;0;17;107;0;0;3
152400043;15;13;273;0;0;0;17;159;0;0;0
152400044;15;13;275;0;0;0;17;141;0;0;1
152400045;15;13;232;0;0;3;17;115;0;0;1
152400046;15;13;215;0;0;4;17;140;0;0;1
152400047;15;13;256;0;0;0;17;131;0;0;0
152400048;15;13;170;0;0;0;17;72;0;0;0
152400049;15;13;283;0;0;0;17;183;0;0;0
152400050;15;13;255;0;0;0;17;129;0;0;0
152400051;15;13;259;0;0;2;17;149;0;0;3
152400052;15;13;223;0;0;2;17;132;0;0;4
152400053;15;13;272;0;0;5;17;142;0;0;5
152400054;15;13;226;0;0;0;17;105;0;0;0
152400055;15;13;259;0;0;0;17;150;0;0;0
152400056;15;13;239;0;0;0;17;118;0;0;0
152400057;15;13;249;0;0;0;17;95;0;0;0
152400058;15;13;200;0;0;0;17;97;0;0;0
152400059;15;13;203;0;0;0;17;104;0;0;0
152400060;15;13;207;0;0;0;17;114;0;0;0
152400061;15;13;202;0;0;0;17;111;0;0;0
152400062;15;13;313;0;0;2;17;169;0;0;2
152400063;15;13;188;0;0;0;17;98;0;0;0
152400064;15;13;263;0;0;3;17;143;0;0;1
152400065;15;13;333;0;0;0;17;209;0;0;0
152400066;15;13;341;0;0;0;17;132;0;0;0
152400067;15;13;290;0;0;2;17;148;0;0;2
152400068;15;13;311;0;0;3;17;145;0;0;1
152400069;15;13;217;0;0;1;17;151;0;0;0
152400070;15;13;249;0;0;0;17;183;0;0;0
152400071;15;13;252;0;0;2;17;108;0;0;1
152400072;15;13;172;0;0;2;17;121;0;0;1
152400073;15;13;265;0;0;4;17;140;0;0;1
152400074;15;13;237;0;0;0;17;158;0;0;0
152400075;15;13;338;0;0;3;17;166;0;0;1
152400076;15;13;236;0;0;0;17;173;0;0;0
152400077;15;13;229;0;0;1;17;113;0;0;0
152400078;15;13;219;0;0;7;17;135;0;0;2
152400079;15;13;206;0;0;0;17;119;0;0;0
152400080;15;13;211;0;0;1;17;117;0;0;2
152400081;15;13;166;0;0;0;17;123;0;0;0
152400082;15;13;175;0;0;0;17;87;0;0;0
152400083;15;13;137;0;0;1;17;84;0;0;0
152400084;15;13;199;0;0;3;17;132;0;0;1
152400085;15;13;258;0;0;0;17;114;0;0;0
152400086;15;13;256;0;0;4;17;124;0;0;1
152400087;15;13;214;0;0;0;17;93;0;0;0
152400088;15;13;201;0;0;0;17;142;0;0;0
152400089;15;13;237;0;0;0;17;107;0;0;0
152400090;15;13;178;0;0;0;17;96;0;0;0
152400091;15;13;255;0;0;0;17;190;0;0;0
152400092;15;13;247;0;0;0;17;161;0;0;0
152400093;15;13;246;0;0;3;17;106;0;0;1
152400094;15;13;280;0;0;0;17;145;0;0;0
152400095;15;13;279;0;0;0;17;139;0;0;0
152400096;15;13;345;0;0;1;17;175;0;0;1
152400097;15;13;226;0;0;0;17;215;0;0;0
152400098;15;13;318;0;0;15;17;163;0;0;7
152400099;15;13;279;0;0;2;17;175;0;0;0
152400100;15;13;205;0;0;1;17;133;0;0;0
152400101;15;13;299;0;0;1;17;173;0;0;2
152400102;15;13;221;0;0;2;17;156;0;0;2
152400103;15;13;241;0;0;0;17;166;0;0;0
152400104;15;13;214;0;0;1;17;177;0;0;0
152400105;15;13;210;0;0;0;17;93;0;0;0
152400106;15;13;250;0;0;2;17;161;0;0;1
152400107;15;13;227;0;0;0;17;143;0;0;0
152400108;15;13;291;0;0;0;17;164;0;0;0
152400109;15;13;195;0;0;0;17;96;0;0;0
152400110;15;13;204;0;0;5;17;116;0;0;1
152400111;15;13;209;0;0;0;17;89;0;0;0
152400112;15;13;227;0;0;2;17;150;0;0;0
152400113;15;13;242;0;0;2;17;186;0;0;1
152400114;15;13;313;0;0;2;17;157;0;0;1
152400115;15;13;330;0;0;5;17;154;0;0;5
152400116;15;13;300;0;0;0;17;164;0;0;0
152400117;15;13;230;0;0;0;17;117;0;0;0
152400118;15;13;207;0;0;0;17;142;0;0;0
152400119;15;13;260;0;0;0;17;139;0;0;0
152400120;15;13;218;0;0;3;17;125;0;0;1
152400121;15;13;200;0;0;0;17;102;0;0;0
152400122;15;13;232;0;0;0;17;115;0;0;0
152400123;15;13;283;0;0;0;17;143;0;0;0
152400124;15;13;298;0;0;2;17;146;0;0;1
152400125;15;13;229;0;0;2;17;160;0;0;1
152400126;15;13;282;0;0;0;17;151;0;0;0
152400127;15;13;275;0;0;2;17;126;0;0;0
152400128;15;13;41;0;0;0;17;16;0;0;0
152400129;15;13;24;0;0;0;17;25;0;0;0
152400130;15;13;33;0;0;0;17;18;0;0;1
152400131;15;13;47;0;0;0;17;22;0;0;0
152400132;15;13;15;0;0;0;17;15;0;0;0
152400133;15;13;43;0;0;0;17;8;0;0;0
152400200;15;13;209;0;0;2;17;106;0;0;0
152400201;15;13;170;0;0;0;17;119;0;0;0
152400202;15;13;281;0;0;0;17;144;0;0;0
152400203;15;13;187;0;0;4;17;104;0;0;4
152400204;15;13;253;0;0;5;17;78;0;0;3
152400205;15;13;144;0;0;0;17;30;0;0;0
152400206;15;13;175;0;0;0;17;73;0;0;0
152400207;15;13;180;0;0;0;17;63;0;0;0
152400208;15;13;47;0;0;0;17;48;0;0;0
152400209;15;13;203;0;0;0;17;97;0;0;0
152400210;15;13;236;0;0;9;17;100;0;0;4
152400211;15;13;160;0;0;0;17;51;0;0;0
152400212;15;13;166;0;0;0;17;47;0;0;0
152400213;15;13;48;0;0;1;17;14;0;0;0
152400214;15;13;111;0;0;0;17;52;0;0;0
152400215;15;13;37;0;0;0;17;32;0;0;0
152400216;15;13;207;0;0;2;17;76;0;0;2
152400217;15;13;199;0;0;0;17;92;0;0;0
152400218;15;13;224;0;0;1;17;127;0;0;1
152400219;15;13;173;0;0;2;17;117;0;0;0
152400220;15;13;171;0;0;0;17;120;0;0;0
152400221;15;13;125;0;0;0;17;70;0;0;0
152400222;15;13;114;0;0;3;17;28;0;0;3
152400223;15;13;97;0;0;0;17;30;0;0;0
152400224;15;13;131;0;0;1;17;14;0;0;0
152400225;15;13;170;0;0;0;17;81;0;0;0
152400226;15;13;228;0;0;1;17;107;0;0;2
152400227;15;13;271;0;0;0;17;157;0;0;0
152400228;15;13;146;0;0;2;17;74;0;0;1
152400229;15;13;93;0;0;0;17;50;0;0;0
152400230;15;13;192;0;0;5;17;88;0;0;1
152400231;15;13;262;0;0;3;17;108;0;0;2
152400232;15;13;283;0;0;5;17;140;0;0;0
152400233;15;13;127;0;0;0;17;94;0;0;0
152400234;15;13;149;0;0;19;17;78;0;0;13
152400235;15;13;17;0;0;2;17;9;0;0;3
152700001;15;13;111;0;0;0;17;136;0;0;0
152700002;15;13;177;0;0;0;17;113;0;0;0
152700003;15;13;165;0;0;0;17;96;0;0;1
152700004;15;13;54;0;0;0;17;45;0;0;0
152700005;15;13;253;0;0;0;17;164;0;0;0
152700006;15;13;194;0;0;0;17;75;0;0;0
152700007;15;13;292;0;0;4;17;96;0;0;4
152700008;15;13;22;0;0;0;17;25;0;0;0
152700009;15;13;258;0;0;0;17;76;0;0;0
152700010;15;13;149;0;0;2;17;69;0;0;0
153700001;15;13;151;0;0;1;17;58;0;0;1
153700002;15;13;127;0;0;3;17;60;0;0;2
153700003;15;13;184;0;0;2;17;45;0;0;1
153700004;15;13;139;0;0;5;17;59;0;0;1
153700005;15;13;196;0;0;0;17;34;0;0;0
153700006;15;13;218;0;0;2;17;58;0;0;5
153700007;15;13;299;0;0;5;17;72;0;0;0
153700008;15;13;227;0;0;0;17;71;0;0;0
153700009;15;13;251;0;0;0;17;80;0;0;0
153700010;15;13;199;0;0;6;17;46;0;0;0
153700011;15;13;183;0;0;0;17;43;0;0;0
153700012;15;13;131;0;0;0;17;67;0;0;0
153700013;15;13;223;0;0;1;17;64;0;0;1
153700014;15;13;198;0;0;0;17;98;0;0;0
153700015;15;13;286;0;0;3;17;124;0;0;5
153700016;15;13;299;0;0;0;17;222;0;0;0
153700017;15;13;348;0;0;1;17;240;0;0;1
153700018;15;13;237;0;0;0;17;75;0;0;0
153700019;15;13;143;0;0;0;17;90;0;0;0
153700020;15;13;163;0;0;1;17;72;0;0;1
153700021;15;13;277;0;0;0;17;86;0;0;0
153700022;15;13;242;0;0;11;17;65;0;0;3
153700023;15;13;252;0;0;1;17;113;0;0;3
153700024;15;13;239;0;0;1;17;102;0;0;1
153700025;15;13;257;0;0;0;17;84;0;0;0
153700026;15;13;244;0;0;2;17;111;0;0;0
153700027;15;13;232;0;0;0;17;82;0;0;0
153700028;15;13;296;0;0;0;17;95;0;0;0
153700029;15;13;258;0;0;0;17;90;0;0;0
153700030;15;13;269;0;0;1;17;111;0;0;1
153700031;15;13;280;0;0;0;17;115;0;0;0
153700032;15;13;241;0;0;0;17;115;0;0;0
153700033;15;13;309;0;0;1;17;90;0;0;1
153700034;15;13;319;0;0;4;17;101;0;0;1
153700035;15;13;319;0;0;0;17;116;0;0;0
153700036;15;13;168;0;0;4;17;52;0;0;0
153700037;15;13;131;0;0;0;17;44;0;0;0
153700038;15;13;146;0;0;0;17;54;0;0;0
153700039;15;13;191;0;0;0;17;60;0;0;0
153700040;15;13;17;0;0;0;17;1;0;0;0
153700041;15;13;18;0;0;0;17;8;0;0;0
153900001;15;13;302;0;0;4;17;162;0;0;3
153900002;15;13;251;0;0;5;17;98;0;0;0
153900003;15;13;292;0;0;1;17;109;0;0;0
153900004;15;13;261;0;0;0;17;115;0;0;0
153900005;15;13;271;0;0;5;17;128;0;0;1
153900006;15;13;149;0;0;1;17;134;0;0;4
153900007;15;13;133;0;0;1;17;181;0;0;2
153900008;15;13;300;0;0;0;17;104;0;0;0
153900009;15;13;181;0;0;0;17;107;0;0;1
153900010;15;13;223;0;0;4;17;123;0;0;3
153900011;15;13;167;0;0;1;17;100;0;0;0
153900012;15;13;224;0;0;3;17;113;0;0;0
153900013;15;13;205;0;0;4;17;106;0;0;0
153900014;15;13;263;0;0;0;17;210;0;0;0
153900015;15;13;247;0;0;0;17;149;0;0;0
153900016;15;13;246;0;0;8;17;158;0;0;3
153900017;15;13;136;0;0;2;17;64;0;0;0
153900018;15;13;16;0;0;0;17;9;0;0;0
153900019;15;13;21;0;0;0;17;15;0;0;0
162201001;16;13;131;0;0;1;17;105;0;0;2
162201002;16;13;144;0;0;2;17;136;0;0;2
162201003;16;13;113;0;0;0;17;102;0;0;0
162201004;16;13;208;0;0;0;17;152;0;0;0
162201005;16;13;117;0;0;2;17;116;0;0;1
162201006;16;13;94;0;0;0;17;93;0;0;0
162201007;16;13;139;0;0;0;17;132;0;0;0
162201008;16;13;202;0;0;2;17;193;0;0;2
162201009;16;13;196;0;0;0;17;225;0;0;0
162201010;16;13;137;0;0;1;17;130;0;0;0
162201011;16;13;97;0;0;2;17;83;0;0;1
162201012;16;13;174;0;0;0;17;188;0;0;1
162201013;16;13;227;0;0;1;17;194;0;0;1
162201014;16;13;168;0;0;0;17;172;0;0;0
162201015;16;13;119;0;0;0;17;124;0;0;2
162201016;16;13;213;0;0;0;17;165;0;0;0
162201017;16;13;155;0;0;0;17;139;0;0;0
162201018;16;13;105;0;0;1;17;101;0;0;1
162201019;16;13;170;0;0;0;17;157;0;0;1
162201020;16;13;144;0;0;0;17;147;0;0;0
162201021;16;13;145;0;0;3;17;190;0;0;2
162201022;16;13;175;0;0;0;17;169;0;0;0
162201023;16;13;167;126;41;0;17;170;119;51;0
162201024;16;13;165;135;30;0;17;171;135;36;0
162201025;16;13;112;90;22;0;17;99;67;32;0
162201026;16;13;163;123;40;0;17;195;142;53;0
162201027;16;13;252;183;69;0;17;220;152;68;0
162201028;16;13;236;149;87;0;17;240;139;101;0
162201029;16;13;179;156;23;0;17;191;155;36;0
162201030;16;13;271;218;53;1;17;220;167;53;3
162201031;16;13;156;120;36;0;17;131;97;34;1
162201032;16;13;171;0;0;0;17;131;0;0;0
162201033;16;13;209;0;0;0;17;157;0;0;0
162201034;16;13;196;0;0;0;17;164;0;0;0
162201035;16;13;115;0;0;1;17;139;0;0;3
162201036;16;13;274;0;0;0;17;179;0;0;0
162201037;16;13;258;208;50;0;17;216;167;49;0
162201038;16;13;227;170;57;0;17;154;105;49;0
162201039;16;13;166;124;42;1;17;127;87;40;0
162201040;16;13;260;145;115;1;17;177;86;91;1
162201041;16;13;155;114;41;1;17;92;70;22;1
162201042;16;13;225;175;50;0;17;197;135;62;0
162201043;16;13;260;0;0;3;17;163;0;0;1
162201044;16;13;257;0;0;3;17;248;0;0;0
162201045;16;13;173;171;2;0;17;117;115;2;1
162201046;16;13;225;182;43;5;17;172;142;30;1
162201047;16;13;207;147;60;0;17;176;121;55;0
162201048;16;13;248;219;29;0;17;167;145;22;1
162201049;16;13;182;173;9;2;17;121;115;6;1
162201050;16;13;215;0;0;0;17;138;0;0;0
162201051;16;13;194;0;0;0;17;142;0;0;0
162201052;16;13;173;0;0;1;17;102;0;0;0
162201053;16;13;230;0;0;0;17;147;0;0;0
162201054;16;13;299;0;0;0;17;193;0;0;0
162201055;16;13;255;0;0;0;17;211;0;0;0
162201056;16;13;184;0;0;0;17;169;0;0;0
162201057;16;13;192;0;0;0;17;190;0;0;0
162201058;16;13;256;0;0;1;17;218;0;0;0
162201059;16;13;249;0;0;0;17;157;0;0;0
162201060;16;13;282;0;0;0;17;245;0;0;0
162201061;16;13;250;0;0;0;17;212;0;0;0
162201062;16;13;193;0;0;1;17;167;0;0;1
162201063;16;13;193;0;0;0;17;182;0;0;0
162201064;16;13;234;0;0;1;17;179;0;0;2
162201065;16;13;212;0;0;0;17;159;0;0;0
162201066;16;13;187;0;0;0;17;154;0;0;0
162201067;16;13;137;0;0;0;17;117;0;0;1
162201068;16;13;97;0;0;9;17;118;0;0;2
162201069;16;13;201;0;0;1;17;206;0;0;2
162201070;16;13;179;0;0;0;17;216;0;0;0
162201071;16;13;122;0;0;0;17;124;0;0;0
162201072;16;13;206;0;0;2;17;222;0;0;1
162201073;16;13;264;0;0;0;17;167;0;0;0
162201074;16;13;225;0;0;3;17;263;0;0;1
162201075;16;13;205;0;0;2;17;142;0;0;3
162201076;16;13;194;0;0;0;17;158;0;0;2
162201077;16;13;188;0;0;0;17;162;0;0;2
162201078;16;13;208;0;0;0;17;118;0;0;0
162201079;16;13;191;0;0;1;17;199;0;0;1
162201080;16;13;149;0;0;4;17;76;0;0;0
162201081;16;13;106;0;0;3;17;95;0;0;0
162201082;16;13;167;0;0;1;17;184;0;0;1
162201083;16;13;190;0;0;1;17;140;0;0;2
162201084;16;13;64;0;0;1;17;40;0;0;1
162201085;16;13;155;0;0;2;17;77;0;0;1
162201086;16;13;202;0;0;0;17;153;0;0;1
162201087;16;13;159;0;0;0;17;144;0;0;1
162201088;16;13;196;0;0;1;17;164;0;0;2
162201089;16;13;129;0;0;0;17;166;0;0;0
162201090;16;13;196;0;0;0;17;152;0;0;0
162201091;16;13;202;0;0;2;17;131;0;0;3
162201092;16;13;243;0;0;2;17;180;0;0;1
162201093;16;13;169;0;0;0;17;130;0;0;2
162201094;16;13;107;0;0;1;17;130;0;0;2
162201095;16;13;191;0;0;3;17;185;0;0;4
162201096;16;13;156;0;0;0;17;165;0;0;0
162201097;16;13;109;0;0;1;17;100;0;0;2
162201098;16;13;114;0;0;2;17;135;0;0;0
162201099;16;13;150;0;0;0;17;176;0;0;2
162201100;16;13;107;0;0;0;17;157;0;0;0
162201101;16;13;40;0;0;0;17;19;0;0;0
162201102;16;13;38;0;0;0;17;16;0;0;0
162201103;16;13;7;0;0;0;17;6;0;0;0
162201104;16;13;28;0;0;0;17;13;0;0;0
162201105;16;13;46;0;0;2;17;17;0;0;1
162202001;16;13;148;0;0;2;17;80;0;0;0
162202002;16;13;163;0;0;1;17;111;0;0;0
162202003;16;13;155;0;0;1;17;137;0;0;1
162202004;16;13;211;0;0;0;17;120;0;0;0
162202005;16;13;126;0;0;1;17;64;0;0;0
162202006;16;13;153;0;0;5;17;142;0;0;2
162202007;16;13;131;0;0;0;17;75;0;0;0
162202008;16;13;178;0;0;0;17;122;0;0;0
162202009;16;13;171;0;0;0;17;131;0;0;1
162202010;16;13;124;0;0;0;17;114;0;0;0
162202011;16;13;226;0;0;0;17;115;0;0;0
162202012;16;13;186;0;0;0;17;80;0;0;0
162202013;16;13;230;0;0;0;17;108;0;0;0
162202014;16;13;217;0;0;0;17;108;0;0;0
162202015;16;13;254;0;0;0;17;182;0;0;0
162202016;16;13;116;0;0;0;17;83;0;0;0
162202017;16;13;190;0;0;2;17;125;0;0;2
162202018;16;13;161;0;0;0;17;122;0;0;0
162202019;16;13;137;0;0;0;17;133;0;0;0
162202020;16;13;200;0;0;0;17;127;0;0;1
162202021;16;13;77;0;0;4;17;47;0;0;5
162202022;16;13;144;0;0;3;17;79;0;0;3
162202023;16;13;106;0;0;3;17;51;0;0;4
162202024;16;13;81;0;0;4;17;73;0;0;4
162202025;16;13;86;0;0;5;17;54;0;0;3
162202026;16;13;118;0;0;8;17;55;0;0;4
162202027;16;13;109;0;0;8;17;69;0;0;4
162202028;16;13;140;0;0;0;17;110;0;0;3
162202029;16;13;121;0;0;3;17;79;0;0;2
162202030;16;13;93;0;0;3;17;60;0;0;4
162202031;16;13;110;0;0;0;17;77;0;0;0
162202032;16;13;101;0;0;8;17;53;0;0;7
162202033;16;13;95;0;0;0;17;76;0;0;3
162202034;16;13;118;0;0;0;17;64;0;0;0
162202035;16;13;81;0;0;0;17;40;0;0;0
162202036;16;13;58;0;0;6;17;38;0;0;1
162202037;16;13;91;0;0;2;17;36;0;0;2
162202038;16;13;124;0;0;7;17;87;0;0;3
162202039;16;13;112;0;0;3;17;92;0;0;5
162202040;16;13;170;0;0;10;17;69;0;0;2
162202041;16;13;167;0;0;0;17;64;0;0;0
162202042;16;13;127;0;0;0;17;73;0;0;0
162202043;16;13;69;0;0;0;17;74;0;0;0
162202044;16;13;131;0;0;0;17;121;0;0;0
162202045;16;13;81;0;0;4;17;55;0;0;6
162202046;16;13;113;0;0;2;17;80;0;0;2
162202047;16;13;82;0;0;5;17;72;0;0;0
162202048;16;13;64;0;0;3;17;98;0;0;4
162202049;16;13;71;0;0;3;17;100;0;0;4
162202050;16;13;105;0;0;0;17;127;0;0;2
162202051;16;13;112;0;0;1;17;97;0;0;2
162202052;16;13;99;0;0;8;17;95;0;0;3
162202053;16;13;93;0;0;0;17;87;0;0;0
162202054;16;13;225;0;0;0;17;93;0;0;0
162202055;16;13;216;0;0;0;17;87;0;0;0
162202056;16;13;321;0;0;0;17;94;0;0;0
162202057;16;13;369;0;0;1;17;110;0;0;0
162202058;16;13;247;0;0;0;17;72;0;0;0
162202059;16;13;243;0;0;1;17;60;0;0;1
162202060;16;13;220;0;0;0;17;182;0;0;0
162202061;16;13;197;0;0;4;17;136;0;0;2
162202062;16;13;167;0;0;2;17;145;0;0;3
162202063;16;13;250;0;0;4;17;148;0;0;2
162202064;16;13;124;0;0;1;17;145;0;0;0
162202065;16;13;241;0;0;0;17;162;0;0;2
162202066;16;13;217;0;0;1;17;163;0;0;2
162202067;16;13;308;0;0;2;17;196;0;0;1
162202068;16;13;261;0;0;1;17;201;0;0;2
162202069;16;13;152;0;0;0;17;136;0;0;0
162202070;16;13;162;0;0;0;17;115;0;0;0
162203001;16;13;184;0;0;5;17;181;0;0;1
162203002;16;13;231;0;0;0;17;161;0;0;0
162203003;16;13;193;0;0;1;17;156;0;0;1
162203004;16;13;230;0;0;0;17;156;0;0;0
162203005;16;13;203;0;0;0;17;142;0;0;0
162203006;16;13;308;0;0;2;17;98;0;0;1
162203007;16;13;268;0;0;0;17;122;0;0;2
162203008;16;13;223;0;0;0;17;128;0;0;0
162203009;16;13;198;0;0;1;17;127;0;0;3
162203010;16;13;216;0;0;3;17;212;0;0;3
162203011;16;13;215;0;0;1;17;164;0;0;0
162203012;16;13;215;0;0;0;17;197;0;0;0
162203013;16;13;242;0;0;1;17;220;0;0;1
162203014;16;13;71;0;0;0;17;37;0;0;0
162203015;16;13;181;0;0;1;17;128;0;0;0
162203016;16;13;193;0;0;1;17;136;0;0;0
162203017;16;13;235;0;0;0;17;131;0;0;0
162203018;16;13;212;0;0;0;17;156;0;0;3
162203019;16;13;207;0;0;0;17;195;0;0;0
162203020;16;13;186;0;0;0;17;127;0;0;0
162203021;16;13;254;0;0;0;17;146;0;0;0
162203022;16;13;248;0;0;3;17;137;0;0;3
162203023;16;13;223;0;0;1;17;164;0;0;0
162203024;16;13;201;0;0;2;17;137;0;0;2
162203025;16;13;199;0;0;3;17;102;0;0;0
162203026;16;13;225;0;0;1;17;140;0;0;1
162203027;16;13;192;0;0;0;17;146;0;0;0
162203028;16;13;197;0;0;0;17;130;0;0;0
162203029;16;13;184;0;0;3;17;149;0;0;1
162203030;16;13;239;0;0;0;17;199;0;0;0
162203031;16;13;220;0;0;0;17;146;0;0;0
162203032;16;13;193;0;0;0;17;110;0;0;0
162203033;16;13;165;0;0;2;17;129;0;0;1
162203034;16;13;188;0;0;1;17;177;0;0;1
162203035;16;13;174;0;0;1;17;153;0;0;0
162203036;16;13;232;0;0;3;17;155;0;0;1
162203037;16;13;177;0;0;2;17;131;0;0;0
162203038;16;13;198;0;0;0;17;170;0;0;0
162203039;16;13;351;0;0;0;17;109;0;0;0
162203040;16;13;233;0;0;2;17;115;0;0;0
162203041;16;13;184;0;0;0;17;169;0;0;0
162203042;16;13;234;0;0;0;17;152;0;0;0
162203043;16;13;206;0;0;1;17;235;0;0;3
162203044;16;13;230;0;0;2;17;244;0;0;5
162203045;16;13;244;0;0;4;17;238;0;0;0
162203046;16;13;128;0;0;0;17;149;0;0;0
162203047;16;13;49;0;0;0;17;47;0;0;0
162203048;16;13;15;0;0;0;17;9;0;0;0
162203049;16;13;79;0;0;0;17;66;0;0;2
162203050;16;13;82;0;0;2;17;48;0;0;1
162203051;16;13;26;0;0;0;17;19;0;0;0
162203052;16;13;56;0;0;3;17;42;0;0;2
162204001;16;13;157;0;0;1;17;113;0;0;1
162204002;16;13;156;0;0;0;17;119;0;0;0
162204003;16;13;150;0;0;4;17;101;0;0;1
162204004;16;13;159;0;0;0;17;143;0;0;1
162204005;16;13;187;0;0;0;17;139;0;0;0
162204006;16;13;127;0;0;1;17;108;0;0;0
162204007;16;13;203;0;0;0;17;121;0;0;0
162204008;16;13;131;0;0;0;17;107;0;0;0
162204009;16;13;196;0;0;0;17;128;0;0;0
162204010;16;13;189;0;0;0;17;132;0;0;0
162204011;16;13;208;0;0;0;17;169;0;0;0
162204012;16;13;214;0;0;0;17;146;0;0;0
162204013;16;13;159;0;0;1;17;119;0;0;0
162204014;16;13;107;0;0;1;17;88;0;0;2
162204015;16;13;139;0;0;5;17;137;0;0;6
162204016;16;13;47;0;0;3;17;99;0;0;4
162204017;16;13;165;0;0;0;17;138;0;0;0
162204018;16;13;159;0;0;2;17;128;0;0;0
162204019;16;13;228;0;0;0;17;140;0;0;0
162204020;16;13;152;0;0;1;17;167;0;0;0
162204021;16;13;195;0;0;0;17;136;0;0;0
162204022;16;13;181;0;0;0;17;113;0;0;0
162204023;16;13;207;0;0;1;17;200;0;0;0
162204024;16;13;197;0;0;0;17;139;0;0;0
162204025;16;13;186;0;0;1;17;138;0;0;2
162204026;16;13;193;0;0;1;17;122;0;0;1
162204027;16;13;126;0;0;0;17;162;0;0;0
162204028;16;13;153;0;0;1;17;117;0;0;0
162204029;16;13;234;0;0;0;17;130;0;0;0
162204030;16;13;188;0;0;6;17;132;0;0;1
162204031;16;13;171;0;0;0;17;104;0;0;0
162204032;16;13;148;0;0;0;17;149;0;0;0
162204033;16;13;56;0;0;0;17;141;0;0;0
162204034;16;13;191;0;0;0;17;133;0;0;0
162204035;16;13;185;0;0;2;17;134;0;0;1
162204036;16;13;133;0;0;1;17;98;0;0;1
162204037;16;13;174;0;0;1;17;169;0;0;0
162204038;16;13;196;0;0;0;17;169;0;0;1
162204039;16;13;213;0;0;0;17;159;0;0;2
162204040;16;13;169;0;0;1;17;159;0;0;1
162204041;16;13;165;0;0;2;17;157;0;0;0
162204042;16;13;164;0;0;0;17;132;0;0;0
162204043;16;13;173;0;0;0;17;103;0;0;0
162204044;16;13;234;0;0;1;17;166;0;0;1
162204045;16;13;29;0;0;3;17;136;0;0;1
162204046;16;13;193;0;0;3;17;141;0;0;1
162204047;16;13;183;0;0;0;17;109;0;0;0
162204048;16;13;146;0;0;3;17;133;0;0;0
162204049;16;13;190;0;0;3;17;83;0;0;2
162204050;16;13;167;0;0;1;17;107;0;0;0
162204051;16;13;170;0;0;2;17;132;0;0;1
162204052;16;13;195;0;0;0;17;189;0;0;0
162204053;16;13;188;0;0;2;17;107;0;0;2
162204054;16;13;118;0;0;1;17;113;0;0;0
162204055;16;13;128;0;0;0;17;98;0;0;0
162204056;16;13;121;0;0;0;17;89;0;0;0
162204057;16;13;134;0;0;0;17;101;0;0;0
162204058;16;13;205;0;0;0;17;149;0;0;0
162204059;16;13;147;0;0;0;17;87;0;0;0
162204060;16;13;234;0;0;3;17;134;0;0;1
162204061;16;13;152;0;0;1;17;155;0;0;1
162204062;16;13;199;0;0;0;17;153;0;0;0
162204063;16;13;199;0;0;0;17;154;0;0;0
162204064;16;13;214;0;0;0;17;172;0;0;0
162204065;16;13;174;0;0;2;17;123;0;0;5
162204066;16;13;171;0;0;2;17;122;0;0;1
162204067;16;13;123;0;0;0;17;139;0;0;0
162204068;16;13;135;0;0;0;17;138;0;0;0
162204069;16;13;53;0;0;4;17;66;0;0;2
162204070;16;13;163;0;0;0;17;110;0;0;0
162204071;16;13;160;0;0;0;17;145;0;0;0
162204072;16;13;68;0;0;0;17;137;0;0;3
162204073;16;13;210;0;0;0;17;167;0;0;0
162204074;16;13;34;0;0;0;17;9;0;0;0
162204075;16;13;35;0;0;0;17;18;0;0;0
162204076;16;13;108;0;0;0;17;44;0;0;0
162205001;16;13;123;0;0;2;17;97;0;0;2
162205002;16;13;221;0;0;0;17;149;0;0;0
162205003;16;13;181;0;0;0;17;144;0;0;0
162205004;16;13;153;0;0;0;17;109;0;0;0
162205005;16;13;273;0;0;2;17;177;0;0;0
162205006;16;13;257;0;0;4;17;194;0;0;1
162205007;16;13;124;0;0;0;17;83;0;0;0
162205008;16;13;253;0;0;0;17;209;0;0;0
162205009;16;13;215;0;0;2;17;160;0;0;1
162205010;16;13;226;0;0;1;17;215;0;0;2
162205011;16;13;225;0;0;2;17;165;0;0;1
162205012;16;13;178;0;0;3;17;158;0;0;2
162205013;16;13;139;0;0;0;17;113;0;0;0
162205014;16;13;165;0;0;0;17;113;0;0;0
162205015;16;13;139;0;0;0;17;105;0;0;0
162205016;16;13;189;0;0;2;17;152;0;0;0
162205017;16;13;217;0;0;1;17;156;0;0;0
162205018;16;13;154;0;0;0;17;123;0;0;0
162205019;16;13;206;0;0;0;17;183;0;0;0
162205020;16;13;302;0;0;0;17;203;0;0;0
162205021;16;13;289;0;0;0;17;205;0;0;0
162205022;16;13;148;0;0;0;17;101;0;0;0
162205023;16;13;155;0;0;0;17;113;0;0;2
162205024;16;13;157;0;0;0;17;123;0;0;0
162205025;16;13;217;0;0;0;17;127;0;0;0
162205026;16;13;270;0;0;3;17;174;0;0;0
162205027;16;13;184;0;0;0;17;152;0;0;0
162205028;16;13;176;0;0;1;17;94;0;0;4
162205029;16;13;151;0;0;0;17;88;0;0;0
162205030;16;13;220;0;0;1;17;137;0;0;0
162205031;16;13;251;0;0;0;17;119;0;0;0
162205032;16;13;193;0;0;0;17;122;0;0;0
162205033;16;13;270;0;0;2;17;145;0;0;3
162205034;16;13;240;0;0;1;17;163;0;0;1
162205035;16;13;195;0;0;2;17;132;0;0;2
162205036;16;13;215;0;0;0;17;152;0;0;0
162205037;16;13;244;0;0;0;17;133;0;0;1
162205038;16;13;241;0;0;2;17;177;0;0;3
162205039;16;13;181;0;0;2;17;164;0;0;2
162205040;16;13;210;0;0;0;17;147;0;0;0
162205041;16;13;261;0;0;4;17;147;0;0;1
162205042;16;13;215;0;0;0;17;180;0;0;0
162205043;16;13;242;0;0;0;17;191;0;0;0
162205044;16;13;266;0;0;0;17;195;0;0;0
162205045;16;13;236;0;0;0;17;179;0;0;0
162205046;16;13;267;0;0;0;17;153;0;0;0
162205047;16;13;273;0;0;1;17;132;0;0;0
162205048;16;13;210;0;0;2;17;181;0;0;1
162205049;16;13;241;0;0;0;17;142;0;0;0
162205050;16;13;250;0;0;0;17;178;0;0;0
162205051;16;13;196;0;0;0;17;167;0;0;0
162205052;16;13;199;0;0;0;17;140;0;0;0
162205053;16;13;149;0;0;0;17;83;0;0;0
162205054;16;13;156;0;0;1;17;80;0;0;1
162205055;16;13;195;0;0;0;17;149;0;0;0
162205056;16;13;209;0;0;0;17;153;0;0;0
162205057;16;13;227;0;0;2;17;151;0;0;1
162205058;16;13;236;0;0;0;17;187;0;0;0
162205059;16;13;198;0;0;0;17;167;0;0;0
162205060;16;13;207;0;0;0;17;146;0;0;0
162205061;16;13;182;0;0;0;17;125;0;0;0
162205062;16;13;274;0;0;0;17;148;0;0;0
162205063;16;13;283;0;0;0;17;173;0;0;0
162205064;16;13;223;0;0;0;17;164;0;0;0
162205065;16;13;181;0;0;2;17;125;0;0;6
162205066;16;13;223;0;0;1;17;149;0;0;1
162205067;16;13;214;0;0;1;17;149;0;0;1
162205068;16;13;220;0;0;0;17;130;0;0;0
162205069;16;13;286;0;0;0;17;162;0;0;0
162205070;16;13;178;0;0;1;17;132;0;0;1
162205071;16;13;204;0;0;20;17;203;0;0;8
162205072;16;13;226;0;0;0;17;155;0;0;0
162205073;16;13;213;0;0;0;17;141;0;0;0
162205074;16;13;237;0;0;0;17;122;0;0;0
162205075;16;13;237;0;0;0;17;151;0;0;0
162205076;16;13;168;0;0;2;17;132;0;0;2
162205077;16;13;210;0;0;0;17;147;0;0;0
162205078;16;13;191;0;0;3;17;136;0;0;4
162205079;16;13;233;0;0;0;17;182;0;0;0
162205080;16;13;215;0;0;2;17;185;0;0;0
162205081;16;13;228;0;0;0;17;154;0;0;0
162205082;16;13;207;0;0;0;17;140;0;0;0
162205083;16;13;268;0;0;0;17;170;0;0;3
162205084;16;13;221;0;0;0;17;129;0;0;2
162205085;16;13;253;0;0;0;17;120;0;0;0
162205086;16;13;157;0;0;0;17;115;0;0;0
162205087;16;13;178;0;0;3;17;129;0;0;0
162205088;16;13;171;0;0;2;17;146;0;0;0
162205089;16;13;135;0;0;0;17;176;0;0;0
162205090;16;13;219;0;0;1;17;221;0;0;2
162205091;16;13;195;0;0;5;17;179;0;0;3
162205092;16;13;181;0;0;0;17;124;0;0;0
162205093;16;13;174;0;0;0;17;114;0;0;0
162205094;16;13;182;0;0;1;17;158;0;0;1
162205095;16;13;194;0;0;0;17;125;0;0;0
162205096;16;13;37;0;0;0;17;13;0;0;0
162205097;16;13;76;0;0;0;17;38;0;0;0
162205098;16;13;47;0;0;3;17;16;0;0;0
162205099;16;13;96;0;0;0;17;8;0;0;0
162205100;16;13;79;0;0;0;17;25;0;0;0
162206001;16;13;201;0;0;0;17;136;0;0;0
162206002;16;13;169;0;0;2;17;147;0;0;3
162206003;16;13;210;0;0;0;17;60;0;0;0
162206004;16;13;208;0;0;3;17;118;0;0;4
162206005;16;13;243;0;0;0;17;98;0;0;0
162206006;16;13;176;0;0;0;17;109;0;0;0
162206007;16;13;169;0;0;0;17;114;0;0;0
162206008;16;13;229;0;0;0;17;134;0;0;0
162206009;16;13;199;0;0;0;17;144;0;0;0
162206010;16;13;158;0;0;0;17;99;0;0;0
162206011;16;13;254;0;0;0;17;89;0;0;0
162206012;16;13;171;0;0;0;17;154;0;0;0
162206013;16;13;180;0;0;0;17;123;0;0;0
162206014;16;13;204;0;0;0;17;112;0;0;0
162206015;16;13;222;0;0;0;17;130;0;0;0
162206016;16;13;224;0;0;8;17;158;0;0;5
162206017;16;13;159;0;0;0;17;109;0;0;0
162206018;16;13;213;0;0;0;17;90;0;0;0
162206019;16;13;201;0;0;0;17;119;0;0;0
162206020;16;13;206;0;0;4;17;127;0;0;2
162206021;16;13;199;0;0;4;17;154;0;0;0
162206022;16;13;208;0;0;1;17;138;0;0;1
162206023;16;13;241;0;0;3;17;140;0;0;0
162206024;16;13;213;0;0;0;17;146;0;0;0
162206025;16;13;191;0;0;1;17;127;0;0;2
162206026;16;13;210;0;0;0;17;136;0;0;0
162206027;16;13;139;0;0;0;17;81;0;0;0
162206028;16;13;218;0;0;1;17;127;0;0;0
162206029;16;13;207;0;0;0;17;125;0;0;0
162206030;16;13;158;0;0;0;17;113;0;0;0
162206031;16;13;182;0;0;0;17;99;0;0;0
162206032;16;13;167;0;0;2;17;111;0;0;0
162206033;16;13;226;0;0;0;17;121;0;0;0
162206034;16;13;232;0;0;0;17;180;0;0;0
162206035;16;13;227;0;0;3;17;126;0;0;1
162206036;16;13;217;0;0;0;17;157;0;0;0
162206037;16;13;163;0;0;1;17;149;0;0;1
162206038;16;13;179;0;0;0;17;161;0;0;0
162206039;16;13;179;0;0;0;17;99;0;0;0
162206040;16;13;140;0;0;1;17;79;0;0;2
162206041;16;13;197;0;0;0;17;117;0;0;0
162206042;16;13;117;0;0;0;17;96;0;0;0
162206043;16;13;144;0;0;0;17;117;0;0;0
162206044;16;13;205;0;0;0;17;178;0;0;2
162206045;16;13;251;0;0;0;17;155;0;0;0
162206046;16;13;256;0;0;0;17;131;0;0;0
162206047;16;13;280;0;0;0;17;166;0;0;0
162206048;16;13;334;0;0;0;17;123;0;0;0
162206049;16;13;230;0;0;3;17;104;0;0;1
162206050;16;13;260;0;0;0;17;93;0;0;0
162206051;16;13;144;0;0;0;17;175;0;0;0
162206052;16;13;162;0;0;1;17;137;0;0;1
162206053;16;13;245;0;0;6;17;154;0;0;1
162206054;16;13;267;0;0;1;17;125;0;0;0
162206055;16;13;181;0;0;0;17;117;0;0;0
162206056;16;13;200;0;0;2;17;185;0;0;0
162206057;16;13;233;0;0;4;17;181;0;0;0
162206058;16;13;243;0;0;1;17;142;0;0;1
162206059;16;13;208;0;0;0;17;170;0;0;1
162206060;16;13;195;0;0;0;17;124;0;0;0
162206061;16;13;242;0;0;2;17;152;0;0;1
162206062;16;13;237;0;0;0;17;120;0;0;0
162206063;16;13;236;0;0;0;17;157;0;0;0
162206064;16;13;235;0;0;0;17;163;0;0;1
162206065;16;13;212;0;0;0;17;140;0;0;0
162206066;16;13;280;0;0;3;17;159;0;0;0
162206067;16;13;248;0;0;7;17;153;0;0;2
162206068;16;13;181;0;0;0;17;131;0;0;0
162206069;16;13;200;0;0;0;17;208;0;0;0
162206070;16;13;249;0;0;0;17;171;0;0;0
162206071;16;13;259;0;0;0;17;157;0;0;1
162206072;16;13;204;0;0;1;17;133;0;0;0
162206073;16;13;11;0;0;0;17;14;0;0;0
162206074;16;13;14;0;0;0;17;9;0;0;0
162206075;16;13;19;0;0;0;17;10;0;0;0
170100001;17;13;242;157;85;4;17;139;94;45;1
170100002;17;13;233;161;72;0;17;175;110;65;0
170100003;17;13;221;181;40;0;17;191;149;42;0
170100004;17;13;215;154;61;0;17;176;99;77;0
170100005;17;13;267;206;61;0;17;178;132;46;0
170100006;17;13;212;137;75;0;17;161;106;55;0
170100007;17;13;196;0;0;6;17;224;0;0;4
170100008;17;13;275;0;0;4;17;181;0;0;0
170100009;17;13;185;0;0;0;17;204;0;0;2
170100010;17;13;159;0;0;5;17;184;0;0;0
170100011;17;13;267;0;0;0;17;208;0;0;0
170100012;17;13;223;0;0;2;17;183;0;0;0
170100013;17;13;135;0;0;0;17;130;0;0;0
170100014;17;13;134;0;0;1;17;151;0;0;1
170100015;17;13;228;0;0;2;17;155;0;0;1
170100016;17;13;233;0;0;2;17;182;0;0;1
170100017;17;13;156;0;0;0;17;131;0;0;0
170100018;17;13;163;0;0;0;17;138;0;0;0
170100019;17;13;191;0;0;4;17;108;0;0;2
170100020;17;13;206;0;0;0;17;201;0;0;0
170100021;17;13;268;0;0;4;17;200;0;0;3
170100022;17;13;275;0;0;4;17;222;0;0;0
170100023;17;13;171;0;0;1;17;150;0;0;1
170100024;17;13;211;0;0;3;17;224;0;0;4
170100025;17;13;116;0;0;3;17;96;0;0;1
170100026;17;13;197;0;0;0;17;149;0;0;0
170100027;17;13;144;0;0;4;17;156;0;0;2
170100028;17;13;127;0;0;1;17;113;0;0;0
170100029;17;13;176;0;0;10;17;153;0;0;7
170100030;17;13;134;0;0;0;17;98;0;0;0
170100031;17;13;232;0;0;0;17;134;0;0;0
170100032;17;13;189;0;0;0;17;120;0;0;2
170100033;17;13;236;0;0;0;17;120;0;0;0
170100034;17;13;223;0;0;4;17;169;0;0;0
170100035;17;13;175;0;0;0;17;139;0;0;0
170100036;17;13;164;0;0;3;17;110;0;0;2
170100037;17;13;179;0;0;1;17;170;0;0;1
170100038;17;13;230;0;0;6;17;162;0;0;0
170100039;17;13;229;0;0;0;17;161;0;0;0
170100040;17;13;182;0;0;1;17;73;0;0;0
170100041;17;13;156;0;0;0;17;134;0;0;0
170100042;17;13;169;0;0;6;17;202;0;0;2
170100043;17;13;214;0;0;0;17;192;0;0;0
170100044;17;13;219;0;0;0;17;151;0;0;0
170100045;17;13;180;0;0;0;17;113;0;0;0
170100046;17;13;239;0;0;0;17;190;0;0;0
170100047;17;13;242;0;0;3;17;144;0;0;2
170100048;17;13;214;0;0;0;17;90;0;0;0
170100049;17;13;232;0;0;6;17;164;0;0;2
170100050;17;13;197;0;0;5;17;122;0;0;1
170100051;17;13;109;0;0;0;17;81;0;0;0
170100052;17;13;185;0;0;9;17;155;0;0;3
170100053;17;13;203;0;0;2;17;143;0;0;0
170100054;17;13;217;0;0;1;17;57;0;0;0
170100055;17;13;151;0;0;0;17;42;0;0;0
170100056;17;13;165;0;0;2;17;41;0;0;1
170100057;17;13;219;0;0;0;17;46;0;0;0
170100058;17;13;119;0;0;8;17;30;0;0;0
170100059;17;13;88;0;0;1;17;56;0;0;2
170100060;17;13;139;0;0;0;17;120;0;0;0
170100061;17;13;158;0;0;0;17;54;0;0;0
170100062;17;13;176;0;0;0;17;64;0;0;0
170100063;17;13;248;0;0;0;17;102;0;0;0
170100064;17;13;177;0;0;1;17;26;0;0;1
170100065;17;13;258;0;0;0;17;76;0;0;0
170100066;17;13;256;0;0;0;17;72;0;0;0
170100067;17;13;103;0;0;0;17;106;0;0;0
170100068;17;13;201;0;0;7;17;63;0;0;1
170100069;17;13;9;0;0;0;17;4;0;0;0
170100070;17;13;6;0;0;0;17;2;0;0;0
170100071;17;13;36;0;0;0;17;21;0;0;0
170100072;17;13;112;0;0;0;17;45;0;0;0
170100073;17;13;14;0;0;0;17;6;0;0;0
170100074;17;13;139;0;0;0;17;115;0;0;3
170100075;17;13;365;0;0;1;17;96;0;0;1
170100076;17;13;208;0;0;0;17;84;0;0;0
170100077;17;13;270;0;0;3;17;94;0;0;1
170100079;17;13;306;0;0;2;17;44;0;0;0
170100080;17;13;26;0;0;0;17;8;0;0;0
170100081;17;13;146;0;0;0;17;83;0;0;0
170100082;17;13;117;0;0;0;17;21;0;0;0
170100083;17;13;87;0;0;0;17;63;0;0;0
170100084;17;13;136;0;0;0;17;75;0;0;0
170100085;17;13;59;0;0;0;17;39;0;0;0
170100086;17;13;56;0;0;0;17;15;0;0;0
170100087;17;13;29;0;0;0;17;7;0;0;0
170100088;17;13;146;0;0;9;17;41;0;0;0
170100089;17;13;201;0;0;0;17;92;0;0;0
170100090;17;13;204;0;0;1;17;33;0;0;0
170100091;17;13;248;0;0;0;17;101;0;0;0
170100092;17;13;240;0;0;0;17;92;0;0;0
170100093;17;13;306;0;0;0;17;81;0;0;0
170100094;17;13;25;0;0;0;17;2;0;0;0
170100096;17;13;291;0;0;3;17;130;0;0;1
170100097;17;13;9;0;0;0;17;19;0;0;0
170100098;17;13;251;0;0;2;17;58;0;0;0
170100099;17;13;112;0;0;2;17;85;0;0;0
170100100;17;13;210;0;0;0;17;39;0;0;0
170100101;17;13;106;0;0;5;17;28;0;0;5
170100102;17;13;250;0;0;0;17;87;0;0;0
170100103;17;13;149;0;0;0;17;40;0;0;0
170100104;17;13;48;0;0;16;17;18;0;0;2
170100105;17;13;309;0;0;0;17;115;0;0;0
170100106;17;13;21;0;0;2;17;20;0;0;0
170100107;17;13;104;0;0;0;17;44;0;0;0
170100108;17;13;13;0;0;0;17;2;0;0;0
170100109;17;13;15;0;0;0;17;3;0;0;0
170100110;17;13;13;0;0;0;17;2;0;0;0
170700001;17;13;234;0;0;0;17;86;0;0;0
170700002;17;13;163;0;0;0;17;71;0;0;0
170700003;17;13;242;0;0;1;17;75;0;0;0
170700004;17;13;141;0;0;3;17;68;0;0;0
170700005;17;13;132;0;0;2;17;56;0;0;1
170700006;17;13;101;0;0;2;17;57;0;0;0
170700007;17;13;164;0;0;5;17;69;0;0;1
170700008;17;13;54;0;0;0;17;10;0;0;0
170700009;17;13;118;0;0;2;17;23;0;0;1
170700010;17;13;39;0;0;0;17;14;0;0;0
170700011;17;13;75;0;0;0;17;33;0;0;0
170700012;17;13;61;0;0;0;17;28;0;0;0
170700013;17;13;137;0;0;3;17;40;0;0;0
170700014;17;13;99;0;0;1;17;48;0;0;1
170700015;17;13;219;0;0;0;17;89;0;0;0
170700016;17;13;39;0;0;1;17;58;0;0;0
170700017;17;13;169;0;0;0;17;98;0;0;0
170700018;17;13;227;0;0;0;17;69;0;0;0
170700019;17;13;50;0;0;0;17;34;0;0;0
170700020;17;13;20;0;0;0;17;4;0;0;0
171200001;17;13;179;0;0;0;17;172;0;0;0
171200002;17;13;236;0;0;0;17;157;0;0;0
171200003;17;13;188;0;0;3;17;131;0;0;2
171200004;17;13;163;0;0;2;17;146;0;0;0
171200005;17;13;187;0;0;2;17;215;0;0;1
171200006;17;13;177;0;0;0;17;163;0;0;0
171200007;17;13;232;0;0;3;17;118;0;0;2
171200008;17;13;209;0;0;2;17;157;0;0;2
171200009;17;13;257;0;0;3;17;95;0;0;1
171200010;17;13;218;0;0;2;17;117;0;0;0
171200011;17;13;99;0;0;0;17;28;0;0;0
171200012;17;13;94;0;0;0;17;63;0;0;0
171200013;17;13;112;0;0;0;17;89;0;0;0
171200014;17;13;218;0;0;0;17;51;0;0;0
171200015;17;13;60;0;0;0;17;20;0;0;0
171200016;17;13;76;0;0;0;17;34;0;0;0
171200017;17;13;127;0;0;1;17;55;0;0;1
171200018;17;13;71;0;0;0;17;34;0;0;0
171200019;17;13;102;0;0;1;17;55;0;0;0
171200020;17;13;175;0;0;6;17;93;0;0;3
171300001;17;13;292;0;0;0;17;68;0;0;0
171300002;17;13;319;0;0;1;17;87;0;0;0
171300003;17;13;204;0;0;2;17;129;0;0;1
171300004;17;13;221;0;0;0;17;103;0;0;0
171300005;17;13;190;0;0;0;17;76;0;0;0
171300006;17;13;217;0;0;0;17;88;0;0;0
171300007;17;13;109;0;0;2;17;74;0;0;1
171300008;17;13;277;0;0;1;17;172;0;0;1
171300009;17;13;229;0;0;0;17;142;0;0;0
171300010;17;13;242;0;0;3;17;138;0;0;0
171300011;17;13;177;0;0;1;17;116;0;0;0
171300012;17;13;254;0;0;0;17;146;0;0;0
171300013;17;13;215;0;0;0;17;152;0;0;0
171300014;17;13;260;0;0;3;17;123;0;0;1
171300015;17;13;144;0;0;0;17;53;0;0;0
171300016;17;13;173;0;0;1;17;46;0;0;3
171300017;17;13;245;0;0;5;17;119;0;0;2
171300018;17;13;275;0;0;5;17;134;0;0;1
171300019;17;13;177;0;0;2;17;55;0;0;2
171300020;17;13;216;0;0;0;17;161;0;0;0
171300021;17;13;272;205;67;0;17;169;136;33;0
171300022;17;13;218;200;18;0;17;131;115;16;0
171300023;17;13;259;193;66;3;17;132;97;35;0
171300024;17;13;193;115;78;0;17;89;36;53;0
171300025;17;13;272;203;69;0;17;170;124;46;0
171300026;17;13;279;0;0;0;17;126;0;0;0
171300027;17;13;246;0;0;0;17;125;0;0;0
171300028;17;13;272;0;0;4;17;121;0;0;2
171300029;17;13;182;0;0;0;17;98;0;0;0
171300030;17;13;235;0;0;2;17;101;0;0;2
171300031;17;13;318;0;0;9;17;162;0;0;1
171300032;17;13;240;0;0;2;17;62;0;0;0
171300033;17;13;11;0;0;0;17;3;0;0;0
171300034;17;13;182;0;0;0;17;77;0;0;0
171300035;17;13;165;0;0;0;17;143;0;0;0
171300036;17;13;250;0;0;0;17;143;0;0;0
171300037;17;13;220;0;0;1;17;187;0;0;1
171300038;17;13;259;0;0;2;17;142;0;0;1
171300039;17;13;234;0;0;0;17;160;0;0;0
171300040;17;13;196;0;0;3;17;81;0;0;0
171300041;17;13;107;0;0;0;17;33;0;0;0
171300042;17;13;139;0;0;0;17;91;0;0;0
171300043;17;13;205;0;0;0;17;68;0;0;0
171300044;17;13;144;0;0;0;17;91;0;0;0
171300045;17;13;50;0;0;0;17;18;0;0;0
171300046;17;13;239;0;0;2;17;123;0;0;1
171300047;17;13;276;0;0;0;17;138;0;0;0
171300048;17;13;315;0;0;1;17;55;0;0;1
171300049;17;13;302;0;0;2;17;67;0;0;1
171300050;17;13;348;0;0;0;17;103;0;0;0
171300051;17;13;223;0;0;4;17;57;0;0;1
171300052;17;13;100;0;0;0;17;45;0;0;0
171300053;17;13;313;0;0;0;17;133;0;0;0
171300054;17;13;298;0;0;4;17;138;0;0;0
171300055;17;13;169;0;0;2;17;88;0;0;0
171300056;17;13;192;0;0;2;17;135;0;0;2
171300057;17;13;165;0;0;0;17;146;0;0;0
171300058;17;13;251;0;0;0;17;66;0;0;0
171300059;17;13;219;0;0;0;17;106;0;0;0
171300060;17;13;221;0;0;2;17;119;0;0;0
171300061;17;13;218;0;0;0;17;165;0;0;0
171300062;17;13;177;0;0;0;17;76;0;0;0
171300063;17;13;133;0;0;0;17;83;0;0;0
171300064;17;13;236;0;0;4;17;107;0;0;1
171300065;17;13;285;0;0;0;17;80;0;0;0
171300066;17;13;292;0;0;0;17;164;0;0;0
171300067;17;13;171;0;0;0;17;63;0;0;0
171300068;17;13;168;0;0;0;17;68;0;0;0
171300069;17;13;254;0;0;9;17;68;0;0;3
171300070;17;13;247;0;0;3;17;49;0;0;2
171300071;17;13;243;0;0;0;17;66;0;0;0
171300072;17;13;296;0;0;5;17;77;0;0;4
171300073;17;13;244;0;0;7;17;68;0;0;3
171300074;17;13;212;0;0;0;17;62;0;0;0
171300075;17;13;222;0;0;0;17;65;0;0;0
171300076;17;13;34;0;0;0;17;10;0;0;0
171300077;17;13;24;0;0;0;17;10;0;0;0
171300078;17;13;80;0;0;0;17;47;0;0;0
171500001;17;13;243;0;0;0;17;110;0;0;1
171500002;17;13;153;0;0;0;17;63;0;0;0
171500003;17;13;201;0;0;0;17;116;0;0;0
171500004;17;13;28;0;0;0;17;15;0;0;0
171500005;17;13;45;0;0;0;17;11;0;0;0
171500006;17;13;108;0;0;0;17;15;0;0;0
171500007;17;13;12;0;0;0;17;6;0;0;0
171500008;17;13;24;0;0;0;17;18;0;0;0
171500009;17;13;92;0;0;1;17;21;0;0;0
171500010;17;13;36;0;0;0;17;9;0;0;0
171500011;17;13;18;0;0;2;17;8;0;0;1
171700001;17;13;275;0;0;2;17;227;0;0;1
171700002;17;13;355;0;0;3;17;188;0;0;4
171700003;17;13;154;0;0;5;17;111;0;0;0
171700004;17;13;172;0;0;1;17;121;0;0;4
171700005;17;13;278;0;0;0;17;151;0;0;0
171700006;17;13;263;0;0;3;17;159;0;0;1
171700007;17;13;159;0;0;0;17;111;0;0;0
171700008;17;13;340;0;0;8;17;82;0;0;1
171700009;17;13;277;0;0;3;17;194;0;0;1
171700010;17;13;360;0;0;0;17;196;0;0;0
171700011;17;13;275;0;0;0;17;187;0;0;0
171700012;17;13;251;0;0;0;17;156;0;0;0
171700013;17;13;205;0;0;0;17;147;0;0;0
171700014;17;13;299;0;0;3;17;158;0;0;1
171700015;17;13;348;0;0;4;17;80;0;0;0
171700016;17;13;315;0;0;3;17;123;0;0;6
171700017;17;13;298;0;0;0;17;178;0;0;0
171700018;17;13;245;0;0;2;17;150;0;0;2
171700019;17;13;300;0;0;0;17;84;0;0;0
171700020;17;13;235;0;0;0;17;146;0;0;0
171700021;17;13;166;0;0;1;17;130;0;0;0
171700022;17;13;152;0;0;4;17;41;0;0;0
171700023;17;13;189;0;0;0;17;111;0;0;0
171700024;17;13;172;0;0;0;17;126;0;0;0
171700025;17;13;206;0;0;0;17;177;0;0;2
171700026;17;13;162;0;0;0;17;45;0;0;0
171700027;17;13;185;0;0;0;17;150;0;0;0
171700028;17;13;160;0;0;3;17;167;0;0;0
171700029;17;13;165;0;0;2;17;137;0;0;0
171700030;17;13;201;0;0;1;17;152;0;0;0
171700031;17;13;143;0;0;0;17;32;0;0;0
171700032;17;13;221;0;0;8;17;160;0;0;3
171700033;17;13;129;0;0;5;17;29;0;0;1
171700034;17;13;194;0;0;0;17;112;0;0;0
171700035;17;13;184;0;0;0;17;130;0;0;0
171700036;17;13;176;0;0;0;17;139;0;0;0
171700037;17;13;201;0;0;3;17;155;0;0;1
171700038;17;13;240;0;0;4;17;96;0;0;1
172300001;17;13;234;186;48;0;17;75;56;19;0
172300002;17;13;176;62;114;0;17;62;23;39;0
172300003;17;13;246;180;66;0;17;125;103;22;0
172300004;17;13;283;0;0;1;17;138;0;0;0
172300005;17;13;329;176;153;0;17;155;67;88;0
172300006;17;13;327;231;96;0;17;74;49;25;0
172300007;17;13;256;0;0;0;17;149;0;0;0
172300008;17;13;276;0;0;0;17;162;0;0;0
172300009;17;13;220;0;0;0;17;145;0;0;0
172300010;17;13;211;0;0;0;17;102;0;0;0
172300011;17;13;239;0;0;1;17;135;0;0;0
172300012;17;13;255;0;0;0;17;100;0;0;0
172300013;17;13;217;0;0;0;17;122;0;0;0
172300014;17;13;130;0;0;0;17;57;0;0;0
172300015;17;13;125;0;0;0;17;50;0;0;0
172300016;17;13;247;0;0;0;17;140;0;0;0
172300017;17;13;270;0;0;3;17;113;0;0;2
172300018;17;13;296;0;0;0;17;140;0;0;0
172300019;17;13;197;0;0;7;17;96;0;0;1
172300020;17;13;189;0;0;1;17;159;0;0;0
172300021;17;13;184;0;0;0;17;148;0;0;0
172300022;17;13;251;0;0;5;17;137;0;0;4
172300023;17;13;34;0;0;0;17;29;0;0;0
172300024;17;13;124;0;0;0;17;69;0;0;0
172300025;17;13;134;0;0;3;17;75;0;0;2
172300026;17;13;265;0;0;0;17;81;0;0;0
172300027;17;13;193;0;0;0;17;26;0;0;0
172300028;17;13;243;0;0;0;17;65;0;0;2
172300029;17;13;239;0;0;0;17;50;0;0;0
172300030;17;13;147;0;0;0;17;63;0;0;0
172300031;17;13;114;0;0;0;17;100;0;0;0
172300032;17;13;198;0;0;1;17;67;0;0;2
172300033;17;13;228;0;0;0;17;93;0;0;0
172300034;17;13;225;0;0;4;17;102;0;0;1
172300035;17;13;164;0;0;0;17;75;0;0;0
172300036;17;13;193;0;0;0;17;108;0;0;0
172300037;17;13;62;0;0;0;17;21;0;0;0
172300038;17;13;170;0;0;0;17;137;0;0;0
172300039;17;13;258;0;0;6;17;43;0;0;2
172300040;17;13;7;0;0;0;17;7;0;0;0
172500001;17;13;139;0;0;2;17;239;0;0;4
172500002;17;13;138;0;0;0;17;203;0;0;0
172500003;17;13;104;0;0;3;17;127;0;0;0
172500004;17;13;100;0;0;0;17;101;0;0;0
172500005;17;13;115;0;0;2;17;236;0;0;2
172500006;17;13;147;0;0;1;17;191;0;0;2
172500007;17;13;159;0;0;1;17;198;0;0;0
172500008;17;13;97;0;0;0;17;136;0;0;0
172500009;17;13;145;0;0;0;17;139;0;0;0
172500010;17;13;150;0;0;3;17;180;0;0;4
172500011;17;13;128;0;0;0;17;169;0;0;0
172500012;17;13;169;0;0;0;17;159;0;0;0
172500013;17;13;185;0;0;2;17;193;0;0;0
172500014;17;13;221;0;0;5;17;198;0;0;7
172500016;17;13;223;0;0;0;17;194;0;0;0
172500017;17;13;238;0;0;6;17;159;0;0;0
172500018;17;13;147;0;0;0;17;23;0;0;0
172500019;17;13;191;0;0;2;17;173;0;0;8
172500020;17;13;254;0;0;3;17;104;0;0;0
172500021;17;13;242;0;0;5;17;246;0;0;2
172500022;17;13;123;0;0;1;17;79;0;0;0
172500023;17;13;195;0;0;5;17;135;0;0;2
172500024;17;13;308;0;0;4;17;110;0;0;0
172500025;17;13;200;0;0;4;17;130;0;0;2
172500026;17;13;237;0;0;8;17;160;0;0;1
172500027;17;13;264;0;0;10;17;170;0;0;1
172500028;17;13;285;0;0;17;17;50;0;0;0
172500029;17;13;88;0;0;0;17;74;0;0;0
172500030;17;13;96;0;0;1;17;128;0;0;2
172500031;17;13;252;0;0;8;17;171;0;0;4
172500032;17;13;146;0;0;5;17;176;0;0;4
172500033;17;13;164;0;0;2;17;183;0;0;1
172600001;17;13;306;0;0;2;17;260;0;0;2
172600002;17;13;171;0;0;1;17;158;0;0;0
172600003;17;13;35;0;0;0;17;57;0;0;1
172600004;17;13;237;0;0;3;17;120;0;0;0
172600005;17;13;150;0;0;0;17;88;0;0;0
172600006;17;13;199;0;0;3;17;62;0;0;0
172600007;17;13;248;0;0;4;17;119;0;0;3
172600008;17;13;164;0;0;1;17;112;0;0;3
172600009;17;13;180;0;0;1;17;113;0;0;1
172600010;17;13;156;0;0;0;17;196;0;0;0
172600011;17;13;121;0;0;4;17;145;0;0;3
172600012;17;13;223;0;0;3;17;90;0;0;0
172600013;17;13;229;0;0;0;17;198;0;0;0
172600014;17;13;235;0;0;0;17;256;0;0;0
172600015;17;13;20;0;0;0;17;24;0;0;0
172600016;17;13;183;0;0;1;17;126;0;0;1
172600017;17;13;165;0;0;2;17;141;0;0;3
172600018;17;13;38;0;0;0;17;12;0;0;0
172600019;17;13;140;0;0;0;17;123;0;0;0
172600020;17;13;139;0;0;0;17;97;0;0;0
172600021;17;13;190;0;0;1;17;149;0;0;1
172600022;17;13;199;0;0;0;17;183;0;0;0
172600023;17;13;229;0;0;1;17;166;0;0;2
172600024;17;13;161;0;0;0;17;130;0;0;0
172600025;17;13;5;0;0;0;17;14;0;0;0
172600026;17;13;148;0;0;2;17;100;0;0;2
172600027;17;13;285;0;0;0;17;232;0;0;0
172600028;17;13;210;0;0;0;17;161;0;0;0
172600029;17;13;117;0;0;0;17;48;0;0;0
172600030;17;13;259;0;0;0;17;136;0;0;0
172600031;17;13;183;0;0;0;17;148;0;0;0
172600032;17;13;237;0;0;0;17;139;0;0;0
172600033;17;13;180;0;0;3;17;54;0;0;2
172600034;17;13;139;0;0;0;17;139;0;0;0
172600035;17;13;12;0;0;0;17;9;0;0;0
172600036;17;13;31;0;0;0;17;30;0;0;0
172600037;17;13;199;0;0;0;17;118;0;0;0
172600038;17;13;274;0;0;17;17;74;0;0;6
172600039;17;13;256;0;0;3;17;136;0;0;1
172600040;17;13;225;0;0;1;17;145;0;0;0
172600041;17;13;136;0;0;3;17;70;0;0;0
172600042;17;13;136;0;0;0;17;106;0;0;0
172600043;17;13;104;0;0;0;17;113;0;0;2
172600044;17;13;168;0;0;2;17;66;0;0;2
172600045;17;13;134;0;0;0;17;113;0;0;1
172600046;17;13;174;0;0;0;17;125;0;0;0
172600047;17;13;140;0;0;2;17;91;0;0;1
172600048;17;13;240;0;0;0;17;229;0;0;0
172600049;17;13;210;0;0;0;17;216;0;0;0
172600050;17;13;92;0;0;2;17;36;0;0;0
172600051;17;13;141;0;0;0;17;96;0;0;0
172800001;17;13;301;0;0;3;17;104;0;0;2
172800002;17;13;249;0;0;3;17;83;0;0;4
172800003;17;13;244;0;0;8;17;56;0;0;5
172800004;17;13;333;0;0;6;17;125;0;0;0
172800005;17;13;266;0;0;1;17;119;0;0;1
172800006;17;13;222;0;0;1;17;122;0;0;1
172800007;17;13;236;0;0;0;17;120;0;0;0
172800008;17;13;222;0;0;0;17;79;0;0;0
172800009;17;13;67;0;0;3;17;37;0;0;0
172800010;17;13;220;0;0;2;17;52;0;0;0
172800011;17;13;184;0;0;1;17;106;0;0;0
172800012;17;13;224;0;0;4;17;85;0;0;2
172800013;17;13;331;0;0;0;17;79;0;0;0
172800014;17;13;331;0;0;0;17;18;0;0;0
172800015;17;13;184;0;0;0;17;35;0;0;0
172800016;17;13;188;0;0;0;17;99;0;0;1
172800017;17;13;342;0;0;0;17;96;0;0;0
172800018;17;13;252;0;0;0;17;113;0;0;0
172800019;17;13;165;0;0;2;17;116;0;0;0
172800020;17;13;229;0;0;0;17;160;0;0;0
172800021;17;13;14;0;0;0;17;8;0;0;0
173300001;17;13;220;0;0;3;17;153;0;0;1
173300002;17;13;232;0;0;1;17;112;0;0;1
173300003;17;13;204;0;0;0;17;111;0;0;0
173300004;17;13;168;0;0;1;17;84;0;0;2
173300005;17;13;179;0;0;0;17;105;0;0;0
173300006;17;13;214;0;0;2;17;158;0;0;0
173300007;17;13;205;0;0;6;17;93;0;0;1
173300008;17;13;159;0;0;0;17;127;0;0;0
173300009;17;13;38;0;0;0;17;17;0;0;0
173300010;17;13;113;0;0;4;17;77;0;0;4
173300011;17;13;188;0;0;0;17;102;0;0;0
173300012;17;13;120;0;0;0;17;62;0;0;0
173300013;17;13;137;0;0;0;17;77;0;0;0
173300014;17;13;145;0;0;3;17;53;0;0;3
173300015;17;13;156;0;0;0;17;76;0;0;0
173300016;17;13;132;0;0;0;17;45;0;0;0
173300017;17;13;123;0;0;0;17;74;0;0;0
173300018;17;13;125;0;0;2;17;47;0;0;0
173300019;17;13;88;0;0;0;17;65;0;0;0
173700001;17;13;274;0;0;2;17;159;0;0;1
173700002;17;13;317;0;0;0;17;154;0;0;0
173700003;17;13;302;0;0;2;17;178;0;0;2
173700004;17;13;214;0;0;2;17;152;0;0;1
173700005;17;13;258;0;0;1;17;127;0;0;2
173700006;17;13;142;0;0;3;17;80;0;0;0
173700007;17;13;288;0;0;0;17;108;0;0;0
173700008;17;13;267;0;0;0;17;164;0;0;0
173700009;17;13;147;0;0;0;17;104;0;0;0
173700010;17;13;56;0;0;0;17;32;0;0;0
173700011;17;13;118;0;0;0;17;69;0;0;0
173700012;17;13;179;0;0;3;17;53;0;0;0
173700013;17;13;112;0;0;0;17;28;0;0;1
173700014;17;13;261;0;0;4;17;184;0;0;4
173700015;17;13;28;0;0;0;17;18;0;0;0
173700016;17;13;179;0;0;4;17;77;0;0;0
173700017;17;13;184;0;0;0;17;53;0;0;0
173700018;17;13;211;0;0;0;17;119;0;0;0
173700019;17;13;122;0;0;0;17;49;0;0;0
173700020;17;13;111;0;0;0;17;35;0;0;0
173700021;17;13;39;0;0;0;17;42;0;0;0
173700022;17;13;93;0;0;0;17;36;0;0;0
173700023;17;13;89;0;0;1;17;45;0;0;0
173700024;17;13;65;0;0;0;17;39;0;0;0
173700025;17;13;20;0;0;0;17;4;0;0;0
173900001;17;13;201;0;0;0;17;134;0;0;1
173900002;17;13;269;0;0;0;17;108;0;0;0
173900003;17;13;324;0;0;0;17;119;0;0;0
173900004;17;13;185;0;0;5;17;29;0;0;0
173900005;17;13;267;0;0;1;17;98;0;0;1
173900006;17;13;252;0;0;6;17;100;0;0;3
173900007;17;13;169;0;0;3;17;75;0;0;0
173900008;17;13;187;0;0;0;17;88;0;0;0
173900009;17;13;286;0;0;0;17;75;0;0;0
173900010;17;13;159;0;0;0;17;59;0;0;2
174000001;17;13;132;0;0;0;17;133;0;0;0
174000002;17;13;242;0;0;0;17;162;0;0;0
174000003;17;13;202;0;0;0;17;151;0;0;0
174000004;17;13;200;0;0;2;17;158;0;0;0
174000005;17;13;237;0;0;1;17;133;0;0;0
174000006;17;13;272;0;0;0;17;65;0;0;0
174100001;17;13;165;0;0;0;17;277;0;0;0
174100002;17;13;140;0;0;3;17;222;0;0;3
174100003;17;13;217;0;0;0;17;278;0;0;0
174100004;17;13;181;0;0;2;17;169;0;0;1
174100005;17;13;205;0;0;2;17;201;0;0;2
174100006;17;13;212;0;0;0;17;180;0;0;3
174100007;17;13;161;0;0;0;17;188;0;0;0
174100008;17;13;214;0;0;3;17;242;0;0;2
174100009;17;13;172;0;0;0;17;157;0;0;0
174100010;17;13;121;0;0;0;17;102;0;0;0
174100011;17;13;170;0;0;3;17;175;0;0;0
174100012;17;13;171;0;0;0;17;159;0;0;0
174100013;17;13;165;0;0;0;17;188;0;0;0
174100014;17;13;179;0;0;4;17;194;0;0;6
174100015;17;13;214;0;0;13;17;76;0;0;1
174100016;17;13;178;0;0;5;17;60;0;0;0
174100017;17;13;225;0;0;0;17;139;0;0;0
174100018;17;13;149;0;0;2;17;68;0;0;1
174100019;17;13;219;0;0;0;17;108;0;0;0
174100020;17;13;163;0;0;0;17;178;0;0;0
174100021;17;13;182;0;0;4;17;173;0;0;1
174100022;17;13;190;0;0;0;17;143;0;0;1
174100023;17;13;155;0;0;1;17;141;0;0;1
174100024;17;13;257;0;0;7;17;53;0;0;0
174100025;17;13;126;0;0;0;17;162;0;0;2
174100026;17;13;119;0;0;0;17;65;0;0;0
174100027;17;13;9;0;0;0;17;10;0;0;0
174200001;17;13;220;0;0;0;17;93;0;0;0
174200002;17;13;156;0;0;4;17;71;0;0;1
174200003;17;13;278;0;0;9;17;125;0;0;3
174200004;17;13;255;0;0;3;17;98;0;0;1
174200005;17;13;220;0;0;2;17;80;0;0;0
174200006;17;13;177;0;0;3;17;83;0;0;0
174200007;17;13;250;0;0;0;17;129;0;0;0
174200008;17;13;187;0;0;1;17;88;0;0;1
174200009;17;13;46;0;0;1;17;52;0;0;0
174200010;17;13;34;0;0;0;17;23;0;0;0
174200011;17;13;42;0;0;0;17;53;0;0;0
174200012;17;13;15;0;0;0;17;34;0;0;0
174200013;17;13;22;0;0;0;17;4;0;0;0
174200014;17;13;24;0;0;0;17;3;0;0;0
174300001;17;13;238;0;0;2;17;111;0;0;3
174300002;17;13;286;0;0;2;17;150;0;0;2
174300003;17;13;320;0;0;0;17;135;0;0;0
174300004;17;13;282;0;0;1;17;178;0;0;1
174300005;17;13;269;0;0;4;17;181;0;0;0
174300006;17;13;226;0;0;4;17;131;0;0;0
174300007;17;13;268;0;0;0;17;151;0;0;0
174300008;17;13;332;0;0;0;17;107;0;0;0
174300009;17;13;316;0;0;0;17;111;0;0;0
174300010;17;13;309;0;0;0;17;145;0;0;0
174300011;17;13;195;0;0;3;17;36;0;0;0
174300012;17;13;257;0;0;1;17;29;0;0;0
181100001;18;13;243;0;0;6;17;54;0;0;2
181100002;18;13;276;0;0;0;17;62;0;0;0
181100003;18;13;278;0;0;3;17;64;0;0;0
181100004;18;13;392;0;0;0;17;90;0;0;0
181100005;18;13;194;0;0;0;17;104;0;0;0
181100006;18;13;229;0;0;0;17;41;0;0;0
181100007;18;13;190;0;0;0;17;67;0;0;0
181100008;18;13;148;0;0;0;17;63;0;0;0
181100009;18;13;139;0;0;2;17;67;0;0;0
181100010;18;13;228;0;0;0;17;30;0;0;0
181100011;18;13;218;0;0;0;17;21;0;0;0
181100012;18;13;227;0;0;0;17;16;0;0;0
181100013;18;13;334;0;0;3;17;53;0;0;0
181100014;18;13;306;0;0;0;17;20;0;0;0
181400001;18;13;120;0;0;0;17;164;0;0;0
181400002;18;13;117;0;0;1;17;41;0;0;1
181400003;18;13;284;0;0;0;17;223;0;0;0
181400004;18;13;177;0;0;0;17;157;0;0;0
181400005;18;13;229;0;0;0;17;126;0;0;0
181400006;18;13;186;0;0;0;17;106;0;0;1
181400007;18;13;317;0;0;4;17;171;0;0;3
181400008;18;13;235;0;0;0;17;204;0;0;0
181400009;18;13;222;0;0;0;17;171;0;0;0
181400010;18;13;274;256;18;0;17;184;161;23;0
181400011;18;13;239;0;0;5;17;188;0;0;1
181400012;18;13;301;293;8;2;17;187;178;9;0
181400013;18;13;287;0;0;0;17;212;0;0;0
181400014;18;13;169;0;0;0;17;113;0;0;0
181400015;18;13;153;0;0;0;17;164;0;0;0
181400016;18;13;131;0;0;3;17;184;0;0;2
181400017;18;13;174;0;0;5;17;248;0;0;2
181400018;18;13;136;0;0;1;17;117;0;0;1
181400019;18;13;207;0;0;3;17;154;0;0;4
181400020;18;13;267;0;0;2;17;158;0;0;1
181400021;18;13;23;0;0;0;17;31;0;0;0
181400022;18;13;106;0;0;0;17;40;0;0;0
181400023;18;13;210;0;0;0;17;221;0;0;1
181400024;18;13;174;0;0;2;17;93;0;0;0
181400025;18;13;223;0;0;3;17;139;0;0;2
181400026;18;13;95;0;0;0;17;100;0;0;0
181400027;18;13;92;0;0;3;17;64;0;0;0
181400028;18;13;212;0;0;2;17;219;0;0;3
181400029;18;13;218;0;0;3;17;197;0;0;0
181400030;18;13;86;0;0;0;17;68;0;0;1
181400031;18;13;83;0;0;0;17;85;0;0;0
181400032;18;13;167;0;0;1;17;166;0;0;1
181400033;18;13;175;0;0;0;17;52;0;0;0
181400034;18;13;80;0;0;0;17;102;0;0;0
181400035;18;13;260;0;0;0;17;190;0;0;0
181400036;18;13;81;0;0;0;17;93;0;0;0
181400037;18;13;18;0;0;0;17;8;0;0;0
181600001;18;13;312;0;0;3;17;100;0;0;0
181600002;18;13;176;0;0;4;17;112;0;0;3
181600003;18;13;203;0;0;0;17;126;0;0;0
181600004;18;13;205;0;0;2;17;77;0;0;0
181600005;18;13;122;0;0;0;17;75;0;0;1
181600006;18;13;82;0;0;3;17;53;0;0;2
181600007;18;13;113;0;0;3;17;112;0;0;4
181600008;18;13;137;0;0;3;17;134;0;0;1
181600009;18;13;106;0;0;0;17;27;0;0;0
181600010;18;13;178;0;0;3;17;86;0;0;0
181600011;18;13;227;0;0;3;17;125;0;0;3
181600012;18;13;190;0;0;2;17;92;0;0;0
181600013;18;13;202;0;0;0;17;121;0;0;0
181600014;18;13;238;0;0;0;17;139;0;0;1
181600015;18;13;167;0;0;0;17;126;0;0;0
181600016;18;13;205;0;0;0;17;161;0;0;0
181600017;18;13;197;0;0;2;17;121;0;0;1
181600018;18;13;240;0;0;0;17;47;0;0;0
181600019;18;13;86;0;0;0;17;58;0;0;0
181600020;18;13;121;0;0;0;17;133;0;0;3
181600021;18;13;127;0;0;0;17;114;0;0;0
181600022;18;13;219;0;0;0;17;24;0;0;0
181600023;18;13;117;0;0;0;17;49;0;0;0
181600024;18;13;179;0;0;0;17;125;0;0;0
181600025;18;13;238;0;0;3;17;85;0;0;0
181600026;18;13;220;0;0;0;17;133;0;0;0
181600027;18;13;28;0;0;0;17;82;0;0;2
181600028;18;13;114;0;0;0;17;63;0;0;0
181600029;18;13;126;0;0;2;17;71;0;0;0
181600030;18;13;16;0;0;1;17;7;0;0;0
181600031;18;13;19;0;0;0;17;20;0;0;0
181600032;18;13;16;0;0;0;17;6;0;0;0
181600033;18;13;10;0;0;1;17;3;0;0;0
181600034;18;13;10;0;0;0;17;10;0;0;0
181600035;18;13;8;0;0;0;17;13;0;0;0
181700001;18;13;348;0;0;0;17;80;0;0;0
181700002;18;13;411;0;0;0;17;52;0;0;0
181700003;18;13;151;0;0;2;17;28;0;0;0
181700004;18;13;183;0;0;0;17;14;0;0;0
181700005;18;13;95;0;0;1;17;123;0;0;4
181700006;18;13;70;0;0;0;17;21;0;0;0
181700007;18;13;265;0;0;0;17;98;0;0;0
181700008;18;13;194;0;0;1;17;88;0;0;3
181700009;18;13;270;0;0;0;17;76;0;0;0
181700010;18;13;209;0;0;0;17;96;0;0;0
181700011;18;13;105;0;0;0;17;28;0;0;0
181700012;18;13;77;0;0;1;17;14;0;0;0
181700013;18;13;171;0;0;0;17;68;0;0;0
181700014;18;13;338;0;0;1;17;91;0;0;1
181700015;18;13;139;0;0;2;17;5;0;0;0
181700016;18;13;166;0;0;0;17;88;0;0;0
181700017;18;13;43;0;0;0;17;14;0;0;0
181700018;18;13;119;0;0;0;17;57;0;0;0
181700019;18;13;15;0;0;0;17;4;0;0;0
181700020;18;13;15;0;0;0;17;2;0;0;0
182600001;18;13;59;0;0;0;17;36;0;0;0
182600002;18;13;141;0;0;5;17;59;0;0;0
182600003;18;13;258;0;0;0;17;145;0;0;0
182600004;18;13;288;0;0;0;17;118;0;0;0
182600005;18;13;144;0;0;0;17;81;0;0;0
182600006;18;13;188;0;0;0;17;51;0;0;0
182600007;18;13;208;0;0;1;17;77;0;0;2
182600008;18;13;228;0;0;0;17;81;0;0;0
182600009;18;13;186;0;0;0;17;52;0;0;0
182600010;18;13;117;0;0;0;17;33;0;0;0
182600011;18;13;302;0;0;2;17;85;0;0;0
182600012;18;13;71;0;0;0;17;24;0;0;0
182600013;18;13;195;0;0;6;17;58;0;0;2
182600014;18;13;31;0;0;0;17;11;0;0;0
182600015;18;13;70;0;0;1;17;38;0;0;0
182600016;18;13;122;0;0;0;17;43;0;0;0
182600017;18;13;52;0;0;0;17;18;0;0;0
182600018;18;13;101;0;0;0;17;28;0;0;0
182600019;18;13;228;0;0;1;17;57;0;0;0
182600020;18;13;146;0;0;0;17;79;0;0;0
182600021;18;13;187;0;0;9;17;50;0;0;3
182600022;18;13;250;0;0;5;17;38;0;0;3
182600023;18;13;171;0;0;4;17;66;0;0;0
182600024;18;13;124;0;0;2;17;92;0;0;2
182600025;18;13;63;0;0;0;17;54;0;0;0
182600026;18;13;17;0;0;0;17;24;0;0;0
182600027;18;13;155;0;0;1;17;99;0;0;0
182600028;18;13;223;0;0;1;17;50;0;0;2
182600029;18;13;214;0;0;0;17;125;0;0;0
182600030;18;13;299;0;0;0;17;136;0;0;0
182600031;18;13;289;0;0;0;17;117;0;0;0
182600032;18;13;266;0;0;0;17;146;0;0;0
182600033;18;13;311;0;0;1;17;152;0;0;2
182600034;18;13;250;184;66;0;17;143;95;48;0
182600035;18;13;313;240;73;0;17;145;90;55;0
182600036;18;13;264;155;109;1;17;159;75;84;0
182600037;18;13;308;233;75;1;17;131;84;47;1
182600038;18;13;275;253;22;0;17;148;123;25;0
182600039;18;13;276;0;0;3;17;151;0;0;2
182600040;18;13;297;0;0;0;17;159;0;0;0
182600041;18;13;270;0;0;3;17;123;0;0;0
182600042;18;13;259;0;0;0;17;122;0;0;0
182600043;18;13;262;161;101;0;17;139;87;52;0
182600044;18;13;278;0;0;0;17;133;0;0;0
182600045;18;13;292;0;0;0;17;132;0;0;0
182600046;18;13;273;0;0;0;17;157;0;0;0
182600047;18;13;309;0;0;2;17;134;0;0;2
182600048;18;13;290;0;0;2;17;121;0;0;1
182600049;18;13;260;0;0;2;17;145;0;0;2
182600050;18;13;294;191;103;2;17;127;69;58;2
182600051;18;13;283;175;108;0;17;140;82;58;0
182600052;18;13;258;142;116;0;17;143;78;65;0
182600053;18;13;112;66;46;0;17;35;18;17;0
182600054;18;13;177;139;38;0;17;81;46;35;0
182600055;18;13;226;0;0;0;17;136;0;0;0
182600056;18;13;239;0;0;1;17;51;0;0;0
182600057;18;13;234;0;0;0;17;73;0;0;0
182600058;18;13;224;0;0;1;17;79;0;0;7
182600059;18;13;267;0;0;0;17;112;0;0;0
182600060;18;13;240;0;0;0;17;127;0;0;0
182600061;18;13;263;0;0;0;17;129;0;0;1
182600062;18;13;206;0;0;0;17;81;0;0;0
182600063;18;13;216;0;0;0;17;85;0;0;0
182600064;18;13;261;0;0;0;17;129;0;0;0
182600065;18;13;289;0;0;0;17;106;0;0;0
182600066;18;13;27;0;0;0;17;12;0;0;0
182600067;18;13;49;0;0;7;17;14;0;0;3
182600068;18;13;25;0;0;0;17;17;0;0;1
182600069;18;13;16;0;0;0;17;4;0;0;0
182900001;18;13;252;0;0;10;17;46;0;0;4
182900002;18;13;171;0;0;2;17;10;0;0;0
182900003;18;13;227;0;0;0;17;112;0;0;0
182900004;18;13;123;0;0;0;17;45;0;0;0
182900005;18;13;129;0;0;0;17;24;0;0;0
182900006;18;13;106;0;0;1;17;37;0;0;0
182900007;18;13;259;0;0;3;17;58;0;0;1
182900008;18;13;131;0;0;0;17;77;0;0;0
182900009;18;13;109;0;0;0;17;17;0;0;0
182900010;18;13;253;0;0;1;17;71;0;0;1
182900011;18;13;124;0;0;3;17;36;0;0;0
182900012;18;13;23;0;0;0;17;10;0;0;0
182900013;18;13;131;0;0;0;17;10;0;0;0
182900014;18;13;194;0;0;0;17;31;0;0;0
182900015;18;13;356;0;0;0;17;37;0;0;0
182900016;18;13;277;0;0;0;17;31;0;0;0
183600001;18;13;264;0;0;0;17;70;0;0;0
183600002;18;13;178;0;0;2;17;34;0;0;1
183600003;18;13;188;0;0;0;17;48;0;0;0
183600004;18;13;90;0;0;1;17;34;0;0;1
183600005;18;13;170;0;0;0;17;117;0;0;0
183600006;18;13;230;0;0;0;17;74;0;0;0
183600007;18;13;227;227;0;0;17;60;60;0;0
183600008;18;13;271;265;6;0;17;81;78;3;0
183600009;18;13;260;0;0;2;17;127;0;0;1
183600010;18;13;34;0;0;0;17;8;0;0;0
183600011;18;13;8;0;0;0;17;1;0;0;0
190300001;19;13;149;0;0;1;17;138;0;0;0
190300002;19;13;201;0;0;0;17;168;0;0;0
190300003;19;13;210;0;0;12;17;129;0;0;4
190300004;19;13;38;0;0;0;17;39;0;0;0
190300005;19;13;61;0;0;1;17;82;0;0;0
190300006;19;13;179;0;0;5;17;114;0;0;2
190300007;19;13;160;0;0;2;17;52;0;0;2
190300008;19;13;147;0;0;0;17;114;0;0;0
190300009;19;13;93;0;0;0;17;74;0;0;1
190300010;19;13;144;0;0;1;17;95;0;0;1
190300011;19;13;224;0;0;0;17;121;0;0;0
190400001;19;13;106;0;0;1;17;111;0;0;1
190400002;19;13;201;0;0;0;17;191;0;0;0
190400003;19;13;170;0;0;1;17;119;0;0;0
190400004;19;13;288;0;0;7;17;191;0;0;2
190400005;19;13;302;208;94;1;17;194;121;73;0
190400006;19;13;80;32;48;4;17;110;32;78;2
190400007;19;13;276;0;0;0;17;233;0;0;0
190400008;19;13;224;0;0;2;17;150;0;0;1
190400009;19;13;159;0;0;0;17;118;0;0;1
190400010;19;13;206;0;0;0;17;142;0;0;0
190400011;19;13;169;0;0;1;17;142;0;0;0
190400012;19;13;46;0;0;1;17;39;0;0;1
190400013;19;13;38;0;0;4;17;36;0;0;2
190400014;19;13;67;0;0;0;17;90;0;0;0
190400015;19;13;72;0;0;1;17;66;0;0;1
190400016;19;13;13;0;0;0;17;15;0;0;0
190400017;19;13;179;0;0;2;17;71;0;0;1
190400018;19;13;161;0;0;5;17;66;0;0;1
190400019;19;13;96;0;0;2;17;63;0;0;0
190400020;19;13;204;0;0;0;17;116;0;0;0
190400021;19;13;86;0;0;0;17;29;0;0;2
190400022;19;13;142;0;0;0;17;84;0;0;0
190400023;19;13;118;0;0;1;17;65;0;0;2
190400024;19;13;96;0;0;0;17;156;0;0;0
190400025;19;13;76;0;0;0;17;44;0;0;0
190400026;19;13;5;0;0;0;17;10;0;0;0
190500001;19;13;224;0;0;3;17;44;0;0;1
190500002;19;13;241;0;0;1;17;52;0;0;1
190500003;19;13;245;177;68;7;17;64;40;24;0
190500004;19;13;162;93;69;0;17;50;27;23;0
190500005;19;13;216;0;0;0;17;46;0;0;0
190500006;19;13;226;0;0;1;17;68;0;0;0
190500007;19;13;187;0;0;2;17;44;0;0;2
190500008;19;13;140;0;0;0;17;38;0;0;0
190500009;19;13;158;0;0;6;17;44;0;0;6
190500010;19;13;216;0;0;0;17;54;0;0;0
190500011;19;13;152;0;0;0;17;55;0;0;0
190500012;19;13;176;0;0;0;17;43;0;0;0
190500013;19;13;132;0;0;2;17;58;0;0;1
190500014;19;13;108;0;0;1;17;78;0;0;0
190500015;19;13;71;0;0;1;17;24;0;0;0
190500016;19;13;87;0;0;1;17;105;0;0;3
190500017;19;13;172;0;0;0;17;45;0;0;0
190500018;19;13;212;0;0;3;17;58;0;0;2
190500019;19;13;159;0;0;1;17;29;0;0;0
190500020;19;13;217;0;0;0;17;66;0;0;0
190500021;19;13;203;0;0;0;17;81;0;0;0
190800001;19;13;214;0;0;2;17;121;0;0;1
190800002;19;13;187;0;0;0;17;83;0;0;1
190800003;19;13;300;0;0;0;17;121;0;0;0
190800004;19;13;293;0;0;6;17;104;0;0;0
190800005;19;13;161;0;0;3;17;37;0;0;0
190800006;19;13;229;0;0;0;17;70;0;0;0
190800007;19;13;33;0;0;0;17;15;0;0;0
190800008;19;13;8;0;0;0;17;5;0;0;1
190800009;19;13;83;0;0;1;17;37;0;0;2
190800010;19;13;143;0;0;0;17;31;0;0;1
190800011;19;13;279;0;0;0;17;71;0;0;0
190800012;19;13;270;0;0;2;17;60;0;0;3
190800013;19;13;166;0;0;0;17;27;0;0;0
190800014;19;13;231;0;0;0;17;102;0;0;0
190800015;19;13;57;0;0;0;17;34;0;0;0
190800016;19;13;166;0;0;0;17;21;0;0;0
191300001;19;13;37;0;0;0;17;40;0;0;0
191300002;19;13;203;0;0;2;17;108;0;0;0
191300003;19;13;81;0;0;0;17;104;0;0;1
191300004;19;13;68;0;0;0;17;63;0;0;0
191300005;19;13;34;0;0;0;17;26;0;0;0
191300006;19;13;302;0;0;0;17;139;0;0;0
191300007;19;13;231;0;0;3;17;114;0;0;2
191300008;19;13;202;0;0;0;17;106;0;0;1
191300009;19;13;190;0;0;0;17;82;0;0;0
191300010;19;13;147;0;0;5;17;78;0;0;4
191300011;19;13;189;0;0;2;17;100;0;0;0
191300012;19;13;248;0;0;0;17;198;0;0;1
191300013;19;13;186;0;0;0;17;117;0;0;0
191300014;19;13;181;0;0;0;17;124;0;0;0
191300015;19;13;33;0;0;0;17;39;0;0;0
191300016;19;13;272;0;0;0;17;90;0;0;2
191300017;19;13;38;0;0;0;17;21;0;0;0
191300018;19;13;11;0;0;1;17;11;0;0;0
192700001;19;13;253;0;0;2;17;164;0;0;0
192700002;19;13;215;0;0;1;17;172;0;0;0
192700003;19;13;284;0;0;0;17;142;0;0;0
192700004;19;13;251;0;0;2;17;140;0;0;0
192700005;19;13;267;0;0;3;17;136;0;0;0
192700006;19;13;247;0;0;1;17;175;0;0;0
192700007;19;13;211;0;0;0;17;136;0;0;0
192700008;19;13;182;0;0;3;17;109;0;0;1
192700009;19;13;193;0;0;0;17;125;0;0;0
192700010;19;13;199;0;0;0;17;166;0;0;0
192700011;19;13;233;0;0;0;17;140;0;0;1
192700012;19;13;209;0;0;0;17;153;0;0;0
192700013;19;13;277;0;0;1;17;153;0;0;1
192700014;19;13;261;0;0;0;17;134;0;0;0
192700015;19;13;271;0;0;2;17;168;0;0;0
192700016;19;13;221;0;0;0;17;167;0;0;0
192700017;19;13;205;0;0;2;17;134;0;0;1
192700018;19;13;194;0;0;1;17;130;0;0;2
192700019;19;13;224;0;0;0;17;178;0;0;0
192700020;19;13;231;0;0;7;17;138;0;0;2
192700021;19;13;196;0;0;0;17;134;0;0;1
192700022;19;13;211;0;0;7;17;136;0;0;2
192700023;19;13;177;0;0;0;17;116;0;0;0
192700024;19;13;240;0;0;0;17;166;0;0;1
192700025;19;13;208;0;0;1;17;158;0;0;1
192700026;19;13;227;0;0;0;17;129;0;0;0
192700027;19;13;239;0;0;3;17;119;0;0;1
192700028;19;13;194;0;0;1;17;123;0;0;0
192700029;19;13;183;0;0;0;17;145;0;0;0
192700030;19;13;37;0;0;0;17;23;0;0;0
192700031;19;13;209;0;0;2;17;153;0;0;0
192700032;19;13;227;0;0;3;17;177;0;0;0
192700033;19;13;228;0;0;3;17;121;0;0;0
192700034;19;13;200;0;0;1;17;119;0;0;1
192700035;19;13;210;0;0;1;17;161;0;0;1
192700036;19;13;267;0;0;1;17;130;0;0;1
192700037;19;13;238;0;0;1;17;133;0;0;1
192700038;19;13;146;0;0;0;17;106;0;0;1
192700039;19;13;189;0;0;0;17;150;0;0;0
192700040;19;13;202;0;0;0;17;107;0;0;0
192700041;19;13;246;0;0;0;17;146;0;0;0
192700042;19;13;220;0;0;1;17;141;0;0;5
192700043;19;13;208;0;0;1;17;161;0;0;1
192700044;19;13;227;0;0;3;17;157;0;0;2
192700045;19;13;217;0;0;3;17;121;0;0;1
192700046;19;13;205;0;0;3;17;100;0;0;1
192700047;19;13;266;0;0;1;17;111;0;0;0
192700048;19;13;223;0;0;0;17;133;0;0;0
192700049;19;13;207;0;0;1;17;140;0;0;4
192700050;19;13;172;0;0;0;17;104;0;0;0
192700051;19;13;128;0;0;0;17;76;0;0;0
192700052;19;13;48;0;0;0;17;26;0;0;0
192700053;19;13;105;0;0;0;17;49;0;0;0
192700054;19;13;207;0;0;6;17;104;0;0;0
192700055;19;13;162;0;0;2;17;94;0;0;3
192700056;19;13;178;0;0;2;17;123;0;0;0
192700057;19;13;186;0;0;6;17;129;0;0;2
192700058;19;13;212;0;0;0;17;108;0;0;0
192700059;19;13;150;0;0;0;17;94;0;0;0
192700060;19;13;194;0;0;3;17;146;0;0;1
192700061;19;13;224;0;0;0;17;131;0;0;0
192700062;19;13;231;0;0;0;17;113;0;0;0
192700063;19;13;230;0;0;0;17;124;0;0;0
192700064;19;13;210;0;0;1;17;138;0;0;1
192700065;19;13;202;0;0;0;17;119;0;0;0
192700066;19;13;239;0;0;0;17;121;0;0;1
192700067;19;13;201;0;0;0;17;109;0;0;1
192700068;19;13;210;0;0;2;17;93;0;0;0
192700069;19;13;188;0;0;4;17;117;0;0;0
192700070;19;13;218;0;0;1;17;124;0;0;0
192700071;19;13;246;0;0;1;17;143;0;0;0
192700072;19;13;181;0;0;1;17;108;0;0;0
192700073;19;13;161;0;0;0;17;99;0;0;0
192700074;19;13;172;0;0;1;17;141;0;0;0
192700075;19;13;156;0;0;3;17;105;0;0;1
192700076;19;13;191;0;0;0;17;78;0;0;0
192700077;19;13;195;0;0;2;17;94;0;0;0
192700078;19;13;261;0;0;0;17;151;0;0;0
192700079;19;13;154;0;0;0;17;105;0;0;0
192700080;19;13;212;0;0;3;17;109;0;0;0
192700081;19;13;203;0;0;0;17;125;0;0;0
192700082;19;13;224;0;0;1;17;101;0;0;2
192700083;19;13;205;0;0;0;17;110;0;0;0
192700084;19;13;203;0;0;0;17;136;0;0;0
192700085;19;13;191;0;0;0;17;131;0;0;0
192700086;19;13;212;0;0;0;17;126;0;0;0
192700087;19;13;166;0;0;0;17;85;0;0;0
192700088;19;13;172;0;0;0;17;98;0;0;0
192700089;19;13;189;0;0;2;17;77;0;0;0
192700090;19;13;167;0;0;2;17;100;0;0;1
192700091;19;13;192;0;0;0;17;105;0;0;0
192700092;19;13;171;0;0;0;17;112;0;0;0
192700093;19;13;135;0;0;0;17;61;0;0;0
192700094;19;13;119;0;0;0;17;68;0;0;0
192700095;19;13;150;0;0;4;17;83;0;0;0
192700096;19;13;157;0;0;1;17;82;0;0;0
192700097;19;13;182;0;0;0;17;138;0;0;2
192700098;19;13;192;0;0;0;17;100;0;0;0
192700099;19;13;196;0;0;0;17;94;0;0;1
192700100;19;13;182;0;0;2;17;114;0;0;1
192700101;19;13;173;0;0;4;17;121;0;0;1
192700102;19;13;191;0;0;0;17;161;0;0;0
192700103;19;13;223;0;0;0;17;162;0;0;0
192700104;19;13;169;0;0;0;17;111;0;0;0
192700105;19;13;207;0;0;1;17;124;0;0;4
192700106;19;13;187;0;0;1;17;106;0;0;0
192700107;19;13;208;0;0;1;17;127;0;0;1
192700108;19;13;204;0;0;0;17;186;0;0;0
192700109;19;13;238;0;0;7;17;103;0;0;8
192700110;19;13;226;0;0;0;17;134;0;0;0
192700111;19;13;217;0;0;1;17;106;0;0;0
192700112;19;13;204;0;0;3;17;123;0;0;4
192700113;19;13;241;0;0;1;17;102;0;0;0
192700114;19;13;235;0;0;3;17;148;0;0;1
192700115;19;13;192;0;0;0;17;105;0;0;0
192700116;19;13;210;0;0;2;17;113;0;0;2
192700117;19;13;206;0;0;1;17;108;0;0;1
192700118;19;13;197;0;0;3;17;139;0;0;1
192700119;19;13;170;0;0;0;17;106;0;0;0
192700120;19;13;203;0;0;1;17;119;0;0;1
192700121;19;13;244;0;0;0;17;101;0;0;0
192700122;19;13;143;0;0;0;17;132;0;0;0
192700123;19;13;175;0;0;4;17;116;0;0;0
192700124;19;13;213;137;76;0;17;124;90;34;0
192700125;19;13;250;183;67;0;17;119;70;49;0
192700126;19;13;152;85;67;0;17;108;78;30;0
192700127;19;13;230;123;107;0;17;134;55;79;0
192700128;19;13;187;44;143;0;17;90;7;83;0
192700129;19;13;209;57;152;0;17;124;16;108;0
192700130;19;13;199;0;0;0;17;104;0;0;0
192700131;19;13;202;39;163;0;17;113;27;86;0
192700132;19;13;146;0;0;2;17;98;0;0;1
192700133;19;13;186;0;0;0;17;93;0;0;0
192700134;19;13;170;0;0;1;17;89;0;0;0
192700135;19;13;193;0;0;1;17;105;0;0;3
192700136;19;13;226;0;0;0;17;115;0;0;0
192700137;19;13;190;0;0;0;17;145;0;0;0
192700138;19;13;190;0;0;3;17;101;0;0;1
192700139;19;13;195;0;0;0;17;97;0;0;3
192700140;19;13;195;0;0;0;17;97;0;0;0
192700141;19;13;219;0;0;3;17;126;0;0;2
192700142;19;13;257;0;0;4;17;139;0;0;2
192700143;19;13;229;0;0;0;17;129;0;0;0
192700144;19;13;233;0;0;0;17;162;0;0;0
192700145;19;13;187;0;0;2;17;127;0;0;0
192700146;19;13;327;212;115;1;17;121;76;45;0
192700147;19;13;239;152;87;0;17;134;86;48;0
192700148;19;13;317;246;71;1;17;171;131;40;0
192700149;19;13;203;105;98;2;17;131;50;81;3
192700150;19;13;230;155;75;0;17;110;62;48;0
192700151;19;13;225;148;77;0;17;136;81;55;0
192700152;19;13;192;159;33;2;17;122;101;21;0
192700153;19;13;209;0;0;2;17;165;0;0;0
192700154;19;13;190;0;0;0;17;104;0;0;0
192700155;19;13;209;0;0;2;17;131;0;0;3
192700156;19;13;230;0;0;5;17;148;0;0;1
192700157;19;13;255;183;72;1;17;163;123;40;1
192700158;19;13;209;188;21;0;17;108;98;10;0
192700159;19;13;220;0;0;0;17;84;0;0;0
192700160;19;13;210;0;0;0;17;135;0;0;0
192700161;19;13;217;0;0;0;17;126;0;0;0
192700162;19;13;190;0;0;0;17;116;0;0;0
192700163;19;13;219;0;0;0;17;123;0;0;3
192700164;19;13;239;0;0;3;17;130;0;0;0
192700165;19;13;155;0;0;1;17;113;0;0;1
192700166;19;13;241;0;0;0;17;149;0;0;1
192700167;19;13;241;0;0;0;17;128;0;0;0
192700168;19;13;236;0;0;0;17;126;0;0;0
192700169;19;13;178;0;0;0;17;117;0;0;0
192700170;19;13;175;0;0;3;17;125;0;0;0
192700171;19;13;122;0;0;1;17;98;0;0;0
192700172;19;13;114;0;0;0;17;81;0;0;0
192700173;19;13;74;0;0;5;17;19;0;0;1
192700174;19;13;128;0;0;2;17;95;0;0;5
192700175;19;13;151;0;0;0;17;117;0;0;2
192700176;19;13;151;0;0;4;17;130;0;0;0
192700177;19;13;130;0;0;1;17;95;0;0;0
192700178;19;13;163;0;0;0;17;123;0;0;4
192700179;19;13;196;0;0;0;17;127;0;0;0
192700180;19;13;34;0;0;0;17;26;0;0;1
192700181;19;13;94;0;0;3;17;26;0;0;0
192700182;19;13;168;0;0;0;17;129;0;0;5
192700183;19;13;141;0;0;0;17;90;0;0;0
192700184;19;13;130;0;0;2;17;85;0;0;0
192700185;19;13;189;0;0;0;17;116;0;0;1
192700186;19;13;67;0;0;0;17;32;0;0;0
192700187;19;13;228;0;0;5;17;171;0;0;2
192700188;19;13;195;0;0;2;17;170;0;0;2
192700189;19;13;150;0;0;0;17;97;0;0;0
192700190;19;13;223;0;0;3;17;169;0;0;0
192700191;19;13;214;0;0;3;17;148;0;0;0
192700192;19;13;175;0;0;2;17;107;0;0;0
192700193;19;13;151;0;0;3;17;97;0;0;0
192700194;19;13;159;0;0;2;17;124;0;0;0
192700195;19;13;120;0;0;5;17;77;0;0;3
192700196;19;13;153;0;0;0;17;67;0;0;0
192700197;19;13;173;0;0;6;17;90;0;0;4
192700198;19;13;159;0;0;1;17;92;0;0;0
192700199;19;13;160;0;0;0;17;101;0;0;0
192700200;19;13;153;0;0;2;17;41;0;0;0
192700201;19;13;211;0;0;2;17;48;0;0;1
192700202;19;13;301;0;0;1;17;85;0;0;0
192700203;19;13;165;0;0;3;17;93;0;0;0
192700204;19;13;152;0;0;0;17;100;0;0;0
192700205;19;13;172;0;0;1;17;79;0;0;1
192700206;19;13;153;0;0;0;17;85;0;0;0
192700207;19;13;105;0;0;0;17;67;0;0;0
192700208;19;13;10;0;0;0;17;3;0;0;0
192700209;19;13;13;0;0;3;17;32;0;0;0
192700210;19;13;98;0;0;2;17;56;0;0;2
192700211;19;13;18;0;0;0;17;6;0;0;0
192700212;19;13;36;0;0;0;17;21;0;0;0
192700213;19;13;16;0;0;0;17;18;0;0;0
192700214;19;13;56;0;0;0;17;55;0;0;3
192700215;19;13;61;0;0;1;17;50;0;0;4
192700216;19;13;12;0;0;0;17;4;0;0;0
192700217;19;13;119;0;0;0;17;53;0;0;0
192700218;19;13;19;0;0;0;17;8;0;0;0
193300001;19;13;189;0;0;1;17;194;0;0;0
193300002;19;13;284;0;0;2;17;149;0;0;0
193300003;19;13;181;0;0;3;17;55;0;0;1
193300004;19;13;63;0;0;0;17;100;0;0;0
193300005;19;13;255;0;0;4;17;121;0;0;0
193300006;19;13;298;0;0;0;17;69;0;0;0
193300007;19;13;163;0;0;6;17;50;0;0;1
193300008;19;13;167;0;0;0;17;102;0;0;0
193300009;19;13;168;0;0;2;17;109;0;0;2
193300010;19;13;166;0;0;2;17;135;0;0;2
193300011;19;13;227;0;0;1;17;147;0;0;1
193300012;19;13;168;0;0;1;17;81;0;0;1
193300013;19;13;120;0;0;0;17;85;0;0;0
193300014;19;13;166;0;0;0;17;106;0;0;1
193300015;19;13;188;0;0;0;17;108;0;0;1
193300016;19;13;150;0;0;0;17;89;0;0;0
193300017;19;13;26;0;0;0;17;48;0;0;1
193700001;19;13;273;0;0;1;17;145;0;0;1
193700002;19;13;233;0;0;1;17;135;0;0;5
193700003;19;13;136;0;0;0;17;92;0;0;0
193700004;19;13;183;0;0;2;17;217;0;0;1
193700005;19;13;336;0;0;0;17;201;0;0;0
193700006;19;13;162;0;0;4;17;64;0;0;1
193700007;19;13;77;0;0;0;17;43;0;0;1
193700008;19;13;36;0;0;0;17;23;0;0;0
193700009;19;13;254;0;0;2;17;174;0;0;1
193700010;19;13;94;0;0;0;17;79;0;0;0
200100201;20;13;197;66;131;1;17;114;32;82;2
200100202;20;13;225;0;0;0;17;107;0;0;0
200100203;20;13;115;0;0;0;17;51;0;0;1
200100204;20;13;95;86;9;0;17;85;72;13;0
200100205;20;13;58;0;0;0;17;89;0;0;0
200100206;20;13;21;0;0;0;17;32;0;0;0
200100207;20;13;18;0;0;0;17;35;0;0;0
200100208;20;13;30;0;0;1;17;25;0;0;0
200100209;20;13;85;0;0;0;17;62;0;0;0
200100210;20;13;12;0;0;0;17;29;0;0;0
200700301;20;13;243;0;0;0;17;118;0;0;0
200700302;20;13;247;0;0;0;17;132;0;0;3
200700303;20;13;75;0;0;0;17;29;0;0;0
200700304;20;13;150;0;0;0;17;65;0;0;0
200700305;20;13;112;0;0;0;17;81;0;0;0
200700306;20;13;164;0;0;2;17;65;0;0;4
200700307;20;13;95;0;0;5;17;59;0;0;0
200700308;20;13;100;0;0;0;17;108;0;0;0
200700309;20;13;129;0;0;0;17;54;0;0;0
200700310;20;13;113;0;0;4;17;36;0;0;2
200700311;20;13;193;0;0;0;17;174;0;0;0
200700312;20;13;133;0;0;1;17;61;0;0;0
200700313;20;13;213;0;0;0;17;85;0;0;0
200700314;20;13;137;0;0;0;17;38;0;0;0
200700315;20;13;56;0;0;0;17;50;0;0;0
200700316;20;13;151;0;0;2;17;105;0;0;1
200700317;20;13;83;0;0;3;17;26;0;0;0
200700318;20;13;197;0;0;0;17;71;0;0;0
200700319;20;13;35;0;0;0;17;26;0;0;0
200700320;20;13;109;0;0;1;17;88;0;0;0
200700321;20;13;46;0;0;0;17;29;0;0;1
200700322;20;13;123;0;0;0;17;79;0;0;3
200700323;20;13;168;0;0;0;17;69;0;0;0
200700324;20;13;221;0;0;1;17;91;0;0;0
200700325;20;13;122;0;0;0;17;49;0;0;0
201000401;20;13;199;0;0;0;17;189;0;0;0
201000402;20;13;123;0;0;0;17;126;0;0;0
201000403;20;13;259;0;0;0;17;196;0;0;0
201000404;20;13;196;0;0;0;17;201;0;0;0
201000405;20;13;170;0;0;0;17;177;0;0;0
201000406;20;13;198;0;0;0;17;255;0;0;0
201000407;20;13;204;0;0;0;17;176;0;0;0
201000408;20;13;224;0;0;0;17;169;0;0;0
201000409;20;13;196;0;0;2;17;285;0;0;2
201000410;20;13;122;0;0;1;17;260;0;0;1
201000411;20;13;84;0;0;0;17;147;0;0;0
201000412;20;13;32;0;0;0;17;30;0;0;0
201000413;20;13;201;0;0;0;17;274;0;0;0
201000414;20;13;121;0;0;0;17;133;0;0;0
201000415;20;13;140;0;0;1;17;76;0;0;2
201000416;20;13;66;0;0;0;17;53;0;0;0
201000417;20;13;113;0;0;0;17;162;0;0;0
201000418;20;13;279;0;0;0;17;39;0;0;0
201000419;20;13;182;0;0;3;17;141;0;0;2
201000420;20;13;21;0;0;0;17;23;0;0;0
201000421;20;13;117;0;0;0;17;108;0;0;0
201000422;20;13;58;0;0;0;17;99;0;0;0
201000423;20;13;272;0;0;0;17;189;0;0;0
201000424;20;13;203;0;0;1;17;120;0;0;0
201000425;20;13;140;0;0;1;17;242;0;0;3
201000426;20;13;45;0;0;0;17;43;0;0;0
201000427;20;13;219;0;0;0;17;92;0;0;0
201000428;20;13;180;0;0;12;17;112;0;0;2
201000429;20;13;176;0;0;9;17;261;0;0;6
201000430;20;13;266;0;0;3;17;117;0;0;0
201000431;20;13;219;0;0;0;17;93;0;0;0
201000432;20;13;233;0;0;0;17;105;0;0;0
201000433;20;13;238;0;0;2;17;210;0;0;3
201000434;20;13;119;0;0;0;17;112;0;0;0
201000435;20;13;217;0;0;0;17;191;0;0;0
201000436;20;13;123;0;0;0;17;60;0;0;0
201000437;20;13;307;0;0;2;17;91;0;0;1
201000438;20;13;190;0;0;2;17;163;0;0;1
201000439;20;13;124;0;0;3;17;159;0;0;1
201000440;20;13;193;0;0;4;17;107;0;0;1
201000441;20;13;168;0;0;3;17;72;0;0;1
201000442;20;13;363;0;0;0;17;189;0;0;0
201500501;20;13;65;0;0;0;17;20;0;0;0
201500502;20;13;35;0;0;0;17;124;0;0;0
201500503;20;13;43;0;0;0;17;109;0;0;0
201500504;20;13;24;0;0;0;17;59;0;0;0
201500505;20;13;18;0;0;0;17;41;0;0;0
201500506;20;13;98;0;0;0;17;60;0;0;0
201500507;20;13;240;0;0;0;17;127;0;0;0
201500508;20;13;36;0;0;0;17;17;0;0;0
201500509;20;13;30;0;0;0;17;62;0;0;0
201500510;20;13;63;0;0;1;17;32;0;0;0
201500511;20;13;13;0;0;0;17;45;0;0;0
201500512;20;13;180;0;0;1;17;49;0;0;1
201500513;20;13;60;0;0;0;17;104;0;0;0
203100101;20;13;170;0;0;2;17;84;0;0;0
203100102;20;13;170;0;0;1;17;88;0;0;0
203100103;20;13;198;0;0;0;17;98;0;0;0
203100104;20;13;198;0;0;2;17;115;0;0;1
203100105;20;13;161;0;0;1;17;95;0;0;0
203100106;20;13;161;0;0;0;17;91;0;0;0
203100107;20;13;159;0;0;1;17;83;0;0;0
203100108;20;13;218;0;0;2;17;124;0;0;1
203100109;20;13;144;0;0;1;17;110;0;0;1
203100110;20;13;253;0;0;1;17;105;0;0;0
203100111;20;13;227;0;0;2;17;117;0;0;1
203100112;20;13;267;0;0;0;17;121;0;0;0
203100113;20;13;180;0;0;0;17;91;0;0;0
203100114;20;13;192;0;0;2;17;114;0;0;1
203100115;20;13;285;0;0;0;17;145;0;0;0
203100116;20;13;196;0;0;0;17;85;0;0;0
203100117;20;13;228;0;0;0;17;106;0;0;0
203100118;20;13;262;0;0;0;17;129;0;0;0
203100119;20;13;240;0;0;0;17;116;0;0;0
203100120;20;13;187;0;0;0;17;78;0;0;0
203100121;20;13;171;0;0;0;17;101;0;0;0
203100122;20;13;147;0;0;0;17;84;0;0;0
203100123;20;13;229;0;0;3;17;88;0;0;2
203100124;20;13;195;0;0;2;17;114;0;0;1
203100125;20;13;162;0;0;2;17;81;0;0;1
203100126;20;13;216;0;0;1;17;108;0;0;1
203100127;20;13;210;145;65;0;17;120;71;49;0
203100128;20;13;174;104;70;1;17;87;53;34;0
203100129;20;13;200;136;64;4;17;125;77;48;1
203100130;20;13;221;0;0;0;17;128;0;0;0
203100131;20;13;251;0;0;1;17;116;0;0;1
203100132;20;13;256;0;0;0;17;134;0;0;0
203100133;20;13;305;0;0;4;17;131;0;0;3
203100134;20;13;165;0;0;1;17;79;0;0;0
203100135;20;13;123;51;72;0;17;75;39;36;0
203100136;20;13;133;27;106;1;17;69;17;52;0
203100137;20;13;138;0;0;0;17;73;0;0;2
203100138;20;13;234;0;0;4;17;112;0;0;0
203100139;20;13;83;0;0;5;17;20;0;0;1
203100140;20;13;77;61;16;2;17;30;17;13;0
203100141;20;13;162;73;89;2;17;80;36;44;0
203100142;20;13;138;0;0;4;17;50;0;0;0
203100143;20;13;187;0;0;1;17;143;0;0;1
203100144;20;13;287;0;0;0;17;175;0;0;0
203100145;20;13;299;0;0;0;17;157;0;0;0
203100146;20;13;237;0;0;2;17;152;0;0;2
203100147;20;13;254;194;60;0;17;124;92;32;0
203100148;20;13;134;109;25;0;17;84;60;24;0
203100149;20;13;189;141;48;0;17;116;82;34;0
203100150;20;13;153;0;0;0;17;99;0;0;3
203100151;20;13;266;0;0;2;17;105;0;0;1
203100152;20;13;165;0;0;0;17;82;0;0;0
203100153;20;13;165;0;0;1;17;94;0;0;0
203100154;20;13;128;0;0;0;17;67;0;0;0
203100155;20;13;255;0;0;3;17;108;0;0;7
203100156;20;13;69;0;0;0;17;30;0;0;0
203100157;20;13;63;0;0;2;17;36;0;0;1
203100158;20;13;152;0;0;0;17;83;0;0;0
203100159;20;13;174;0;0;0;17;101;0;0;0
203100160;20;13;207;0;0;2;17;93;0;0;0
203100161;20;13;167;0;0;0;17;51;0;0;0
203100162;20;13;154;0;0;0;17;54;0;0;0
203100163;20;13;183;0;0;1;17;94;0;0;0
203100164;20;13;249;0;0;0;17;134;0;0;0
203100165;20;13;188;0;0;0;17;103;0;0;0
203100166;20;13;148;0;0;3;17;86;0;0;2
203100167;20;13;152;0;0;0;17;91;0;0;0
203100168;20;13;51;0;0;4;17;34;0;0;1
203100169;20;13;119;0;0;0;17;112;0;0;0
203100170;20;13;23;0;0;0;17;26;0;0;0
203100171;20;13;92;0;0;0;17;133;0;0;1
203100172;20;13;131;0;0;1;17;96;0;0;1
203100173;20;13;43;0;0;0;17;19;0;0;2
203100174;20;13;77;0;0;0;17;49;0;0;0
203100175;20;13;21;0;0;1;17;16;0;0;0
203100176;20;13;73;0;0;2;17;217;0;0;1
203100177;20;13;264;0;0;0;17;144;0;0;1
203100178;20;13;274;0;0;1;17;98;0;0;0
203100179;20;13;214;0;0;2;17;67;0;0;0
203100180;20;13;254;0;0;0;17;109;0;0;0
203100181;20;13;57;0;0;2;17;72;0;0;2
203100182;20;13;153;0;0;3;17;99;0;0;1
203100183;20;13;52;0;0;0;17;25;0;0;0
203100184;20;13;15;0;0;0;17;24;0;0;0
203100185;20;13;22;0;0;1;17;32;0;0;0
203100186;20;13;208;0;0;1;17;56;0;0;1
203100187;20;13;208;0;0;3;17;56;0;0;2
203100188;20;13;24;0;0;0;17;12;0;0;0
203100189;20;13;123;0;0;0;17;59;0;0;0
203100190;20;13;66;0;0;0;17;68;0;0;0
203100191;20;13;203;0;0;0;17;62;0;0;0
203100192;20;13;10;0;0;0;17;13;0;0;0
203100193;20;13;17;0;0;1;17;10;0;0;0
203200601;20;13;287;0;0;2;17;104;0;0;0
203200602;20;13;174;0;0;1;17;43;0;0;0
203200603;20;13;95;0;0;4;17;52;0;0;2
203200604;20;13;145;0;0;2;17;70;0;0;2
203200605;20;13;28;0;0;0;17;33;0;0;0
203200606;20;13;204;0;0;4;17;26;0;0;0
203200607;20;13;247;0;0;2;17;40;0;0;1
203200608;20;13;210;0;0;12;17;36;0;0;3
203200609;20;13;260;0;0;0;17;37;0;0;0
203200610;20;13;25;0;0;0;17;10;0;0;0
203200611;20;13;50;0;0;0;17;29;0;0;2
203200612;20;13;186;0;0;0;17;75;0;0;0
203200613;20;13;35;0;0;1;17;24;0;0;1
203200614;20;13;10;0;0;2;17;10;0;0;0
203400701;20;13;182;0;0;0;17;80;0;0;2
203400702;20;13;217;0;0;1;17;132;0;0;1
203400703;20;13;235;0;0;18;17;61;0;0;2
203400704;20;13;277;0;0;2;17;145;0;0;0
203400705;20;13;301;0;0;0;17;139;0;0;0
203400706;20;13;305;0;0;0;17;146;0;0;0
203400707;20;13;275;0;0;0;17;135;0;0;0
203400708;20;13;253;0;0;0;17;162;0;0;0
203400709;20;13;251;0;0;0;17;116;0;0;1
203400710;20;13;194;0;0;12;17;94;0;0;3
203400711;20;13;168;0;0;0;17;148;0;0;0
203400712;20;13;193;0;0;4;17;104;0;0;0
203400713;20;13;280;0;0;6;17;59;0;0;0
203400714;20;13;26;0;0;0;17;17;0;0;0
203400715;20;13;214;0;0;0;17;69;0;0;0
203400716;20;13;36;0;0;0;17;87;0;0;2
203400717;20;13;136;0;0;0;17;52;0;0;0
203400718;20;13;159;0;0;4;17;81;0;0;0
203400719;20;13;174;0;0;0;17;63;0;0;1
203400720;20;13;118;0;0;0;17;49;0;0;0
203400721;20;13;24;0;0;0;17;24;0;0;0
203400722;20;13;173;0;0;0;17;85;0;0;0
203400723;20;13;283;0;0;0;17;114;0;0;0
203400724;20;13;165;0;0;0;17;37;0;0;0
203400725;20;13;14;0;0;0;17;10;0;0;0
203400726;20;13;21;0;0;0;17;14;0;0;0
203400727;20;13;20;0;0;0;17;20;0;0;0
203400728;20;13;18;0;0;5;17;6;0;0;0
211100001;21;13;38;0;0;0;17;54;0;0;0
211100002;21;13;5;0;0;0;17;4;0;0;0
211100003;21;13;229;0;0;11;17;78;0;0;1
211100004;21;13;125;0;0;9;17;104;0;0;1
211100005;21;13;108;0;0;4;17;83;0;0;0
211100006;21;13;117;0;0;5;17;72;0;0;3
211100007;21;13;2;0;0;0;17;13;0;0;2
211100008;21;13;138;0;0;1;17;55;0;0;0
211100009;21;13;14;0;0;0;17;10;0;0;0
211100010;21;13;164;0;0;0;17;134;0;0;0
211100011;21;13;219;158;61;18;17;150;92;58;3
211100012;21;13;172;145;27;39;17;213;185;28;4
211100013;21;13;210;0;0;2;17;226;0;0;0
211100014;21;13;158;0;0;6;17;293;0;0;9
211100015;21;13;224;0;0;0;17;162;0;0;0
211100016;21;13;62;0;0;10;17;331;0;0;9
211100017;21;13;163;0;0;2;17;145;0;0;2
211100018;21;13;53;0;0;0;17;30;0;0;0
211100019;21;13;222;0;0;1;17;145;0;0;1
211100020;21;13;92;0;0;1;17;88;0;0;2
211100021;21;13;44;0;0;1;17;59;0;0;1
211100022;21;13;80;0;0;0;17;23;0;0;0
211100023;21;13;133;0;0;6;17;87;0;0;0
211100024;21;13;10;0;0;0;17;8;0;0;0
211100025;21;13;76;0;0;0;17;158;0;0;0
211100026;21;13;127;0;0;4;17;98;0;0;0
211100027;21;13;242;0;0;3;17;322;0;0;5
211100028;21;13;32;0;0;1;17;33;0;0;0
211100029;21;13;115;0;0;0;17;192;0;0;0
211100030;21;13;120;0;0;0;17;199;0;0;0
211100031;21;13;110;0;0;2;17;159;0;0;6
211100032;21;13;117;0;0;3;17;175;0;0;0
211100033;21;13;162;0;0;0;17;169;0;0;0
211600001;21;13;170;0;0;2;17;101;0;0;0
211600002;21;13;251;0;0;2;17;184;0;0;0
211600003;21;13;272;224;48;3;17;162;124;38;0
211600004;21;13;283;170;113;4;17;171;102;69;2
211600005;21;13;212;0;0;0;17;166;0;0;2
211600006;21;13;240;0;0;1;17;152;0;0;1
211600007;21;13;165;0;0;0;17;88;0;0;0
211600008;21;13;184;0;0;1;17;108;0;0;2
211600009;21;13;59;0;0;1;17;4;0;0;0
211600010;21;13;44;0;0;1;17;2;0;0;0
211600011;21;13;52;0;0;0;17;3;0;0;0
211600012;21;13;25;0;0;1;17;1;0;0;0
211600013;21;13;38;0;0;0;17;4;0;0;0
211600014;21;13;32;0;0;5;17;7;0;0;0
211600015;21;13;55;0;0;3;17;9;0;0;0
211600016;21;13;54;0;0;1;17;14;0;0;0
211600017;21;13;199;0;0;0;17;110;0;0;0
211600018;21;13;249;0;0;1;17;143;0;0;0
211600019;21;13;155;0;0;0;17;70;0;0;0
211600020;21;13;144;0;0;0;17;74;0;0;0
211600021;21;13;220;0;0;0;17;130;0;0;0
211600022;21;13;180;0;0;1;17;112;0;0;0
211600023;21;13;240;0;0;3;17;130;0;0;0
211600024;21;13;206;0;0;1;17;106;0;0;1
211600025;21;13;275;0;0;2;17;179;0;0;0
211600026;21;13;240;0;0;2;17;110;0;0;1
211600027;21;13;266;0;0;0;17;144;0;0;0
211600028;21;13;269;0;0;0;17;168;0;0;0
211600029;21;13;210;0;0;2;17;115;0;0;1
211600030;21;13;241;0;0;0;17;117;0;0;0
211600031;21;13;291;0;0;3;17;121;0;0;0
211600032;21;13;179;0;0;0;17;141;0;0;0
211600033;21;13;100;0;0;1;17;28;0;0;1
211600034;21;13;280;0;0;8;17;106;0;0;3
211600035;21;13;15;0;0;0;17;7;0;0;0
211600036;21;13;185;0;0;3;17;49;0;0;0
211600037;21;13;143;0;0;2;17;91;0;0;0
211600038;21;13;217;0;0;0;17;238;0;0;0
211600039;21;13;43;0;0;0;17;55;0;0;0
211600040;21;13;56;0;0;0;17;163;0;0;0
211600041;21;13;39;0;0;0;17;56;0;0;0
211600042;21;13;97;0;0;0;17;66;0;0;0
211600043;21;13;192;0;0;0;17;135;0;0;0
211600044;21;13;165;0;0;2;17;47;0;0;0
211600045;21;13;73;0;0;0;17;83;0;0;0
211600046;21;13;89;0;0;5;17;57;0;0;1
211600047;21;13;86;0;0;0;17;75;0;0;0
211600048;21;13;38;0;0;0;17;57;0;0;0
211600049;21;13;127;0;0;0;17;72;0;0;1
211600050;21;13;54;0;0;1;17;33;0;0;0
211600051;21;13;41;0;0;0;17;50;0;0;1
211600052;21;13;223;0;0;0;17;138;0;0;0
211600053;21;13;50;0;0;0;17;51;0;0;0
211600054;21;13;137;0;0;0;17;48;0;0;0
211600055;21;13;97;0;0;0;17;87;0;0;0
211600056;21;13;143;0;0;2;17;101;0;0;1
211600057;21;13;166;0;0;0;17;120;0;0;0
211600058;21;13;59;0;0;0;17;71;0;0;0
211600059;21;13;74;0;0;0;17;64;0;0;0
211600060;21;13;169;0;0;1;17;143;0;0;0
211600061;21;13;97;0;0;2;17;92;0;0;1
211600062;21;13;114;0;0;0;17;83;0;0;0
211600063;21;13;101;0;0;0;17;69;0;0;0
212000001;21;13;165;139;26;0;17;120;109;11;0
212000002;21;13;225;169;56;1;17;104;78;26;1
212000003;21;13;157;143;14;4;17;120;110;10;3
212000004;21;13;197;169;28;4;17;125;92;33;0
212000005;21;13;171;117;54;2;17;129;87;42;0
212000006;21;13;250;176;74;1;17;136;90;46;0
212000007;21;13;205;0;0;3;17;108;0;0;0
212000008;21;13;184;0;0;0;17;118;0;0;0
212000009;21;13;176;0;0;4;17;132;0;0;0
212000010;21;13;103;0;0;0;17;94;0;0;0
212000011;21;13;153;0;0;0;17;98;0;0;0
212000012;21;13;183;0;0;0;17;99;0;0;0
212000013;21;13;121;0;0;1;17;74;0;0;1
212000014;21;13;132;0;0;2;17;109;0;0;1
212000015;21;13;141;0;0;0;17;64;0;0;1
212000016;21;13;138;0;0;2;17;93;0;0;1
212000017;21;13;220;0;0;0;17;165;0;0;0
212000018;21;13;167;0;0;3;17;128;0;0;1
212000019;21;13;154;0;0;9;17;58;0;0;1
212000020;21;13;166;0;0;4;17;66;0;0;2
212000021;21;13;199;0;0;5;17;51;0;0;2
212000022;21;13;125;0;0;6;17;99;0;0;6
212000023;21;13;188;0;0;0;17;94;0;0;0
212000024;21;13;208;0;0;1;17;99;0;0;1
212000025;21;13;169;0;0;0;17;103;0;0;0
212000026;21;13;271;0;0;0;17;134;0;0;0
212000027;21;13;131;100;31;1;17;111;66;45;1
212000028;21;13;130;116;14;0;17;110;88;22;0
212000029;21;13;287;152;135;0;17;145;84;61;0
212000030;21;13;198;84;114;0;17;123;46;77;0
212000031;21;13;190;133;57;1;17;137;90;47;4
212000032;21;13;248;0;0;2;17;125;0;0;2
212000033;21;13;273;0;0;1;17;159;0;0;1
212000034;21;13;194;0;0;2;17;125;0;0;2
212000035;21;13;164;0;0;0;17;71;0;0;0
212000036;21;13;187;0;0;2;17;152;0;0;0
212000037;21;13;173;0;0;0;17;98;0;0;0
212000038;21;13;164;0;0;0;17;99;0;0;0
212000039;21;13;219;0;0;2;17;132;0;0;0
212000040;21;13;193;0;0;0;17;104;0;0;0
212000041;21;13;184;0;0;0;17;126;0;0;0
212000042;21;13;128;0;0;6;17;47;0;0;3
212000043;21;13;210;0;0;0;17;104;0;0;0
212000044;21;13;150;0;0;0;17;76;0;0;0
212000045;21;13;184;0;0;4;17;93;0;0;3
212000046;21;13;136;0;0;0;17;96;0;0;0
212000047;21;13;206;0;0;0;17;124;0;0;0
212000048;21;13;178;0;0;8;17;128;0;0;0
212000049;21;13;168;0;0;0;17;114;0;0;0
212000050;21;13;170;0;0;1;17;138;0;0;1
212000051;21;13;195;0;0;0;17;99;0;0;0
212000052;21;13;116;0;0;0;17;93;0;0;0
212000053;21;13;232;0;0;0;17;120;0;0;0
212000054;21;13;148;0;0;0;17;99;0;0;0
212000055;21;13;155;0;0;6;17;116;0;0;2
212000056;21;13;176;0;0;6;17;95;0;0;4
212000057;21;13;233;0;0;5;17;154;0;0;0
212000058;21;13;195;0;0;0;17;117;0;0;0
212000059;21;13;219;0;0;2;17;125;0;0;2
212000060;21;13;206;0;0;3;17;102;0;0;0
212000061;21;13;196;0;0;0;17;136;0;0;0
212000062;21;13;248;0;0;1;17;149;0;0;3
212000063;21;13;230;0;0;0;17;108;0;0;2
212000064;21;13;209;0;0;5;17;147;0;0;1
212000065;21;13;151;0;0;2;17;107;0;0;1
212000066;21;13;228;0;0;0;17;105;0;0;0
212000067;21;13;188;0;0;2;17;107;0;0;1
212000068;21;13;198;0;0;5;17;156;0;0;3
212000069;21;13;230;0;0;0;17;109;0;0;0
212000070;21;13;205;0;0;4;17;114;0;0;1
212000071;21;13;219;0;0;1;17;112;0;0;1
212000072;21;13;230;0;0;0;17;106;0;0;0
212000073;21;13;200;0;0;0;17;101;0;0;0
212000074;21;13;175;0;0;1;17;82;0;0;0
212000075;21;13;201;0;0;2;17;117;0;0;0
212000076;21;13;224;0;0;0;17;149;0;0;0
212000077;21;13;286;0;0;3;17;133;0;0;4
212000078;21;13;216;0;0;1;17;123;0;0;1
212000079;21;13;231;0;0;2;17;130;0;0;1
212000080;21;13;158;0;0;0;17;103;0;0;0
212000081;21;13;211;0;0;0;17;99;0;0;0
212000082;21;13;178;0;0;3;17;96;0;0;0
212000083;21;13;203;0;0;0;17;64;0;0;0
212000084;21;13;149;0;0;1;17;120;0;0;1
212000085;21;13;207;0;0;2;17;171;0;0;1
212000086;21;13;169;0;0;0;17;85;0;0;0
212000087;21;13;258;0;0;0;17;84;0;0;0
212000088;21;13;256;0;0;1;17;126;0;0;1
212000089;21;13;200;0;0;4;17;127;0;0;1
212000090;21;13;243;0;0;0;17;136;0;0;0
212000091;21;13;217;0;0;4;17;136;0;0;1
212000092;21;13;232;0;0;3;17;129;0;0;1
212000093;21;13;160;0;0;1;17;108;0;0;0
212000094;21;13;115;0;0;0;17;72;0;0;0
212000095;21;13;218;0;0;2;17;71;0;0;4
212000096;21;13;191;0;0;0;17;64;0;0;0
212000097;21;13;205;0;0;0;17;117;0;0;0
212000098;21;13;128;0;0;0;17;67;0;0;0
212000099;21;13;245;0;0;3;17;70;0;0;2
212000100;21;13;273;0;0;3;17;71;0;0;2
212000101;21;13;314;0;0;0;17;90;0;0;0
212000102;21;13;278;0;0;0;17;84;0;0;0
212000103;21;13;264;0;0;0;17;87;0;0;0
212000104;21;13;144;0;0;2;17;64;0;0;2
212000105;21;13;144;0;0;0;17;83;0;0;0
212000106;21;13;137;0;0;1;17;84;0;0;0
212000107;21;13;163;0;0;0;17;86;0;0;0
212000108;21;13;281;0;0;4;17;128;0;0;4
212000109;21;13;229;0;0;0;17;101;0;0;0
212000110;21;13;220;0;0;0;17;123;0;0;0
212000111;21;13;166;0;0;0;17;103;0;0;0
212000112;21;13;165;0;0;2;17;107;0;0;0
212000113;21;13;119;0;0;13;17;42;0;0;2
212000114;21;13;134;0;0;7;17;65;0;0;2
212000115;21;13;116;0;0;0;17;69;0;0;0
212000116;21;13;203;0;0;10;17;128;0;0;12
212000117;21;13;193;0;0;5;17;127;0;0;11
212000118;21;13;177;0;0;30;17;97;0;0;11
212000119;21;13;196;0;0;0;17;295;0;0;0
212000120;21;13;287;0;0;0;17;252;0;0;0
212000121;21;13;167;0;0;2;17;110;0;0;2
212000122;21;13;229;0;0;3;17;239;0;0;1
212000123;21;13;138;0;0;1;17;242;0;0;0
212000124;21;13;163;0;0;3;17;167;0;0;1
212000125;21;13;217;0;0;0;17;221;0;0;0
212000126;21;13;126;0;0;3;17;75;0;0;0
212000127;21;13;219;0;0;6;17;73;0;0;0
212000128;21;13;196;0;0;14;17;107;0;0;4
212000129;21;13;51;0;0;0;17;24;0;0;0
212000130;21;13;10;0;0;0;17;16;0;0;0
212000131;21;13;151;0;0;1;17;52;0;0;0
212000132;21;13;17;0;0;0;17;26;0;0;0
212000133;21;13;79;0;0;1;17;48;0;0;0
212000134;21;13;65;0;0;0;17;11;0;0;0
212000135;21;13;15;0;0;0;17;9;0;0;0
212000136;21;13;179;0;0;2;17;74;0;0;0
212000137;21;13;300;0;0;5;17;110;0;0;1
212000138;21;13;21;0;0;6;17;16;0;0;3
212000139;21;13;247;0;0;1;17;40;0;0;3
212000140;21;13;186;0;0;2;17;75;0;0;2
212000141;21;13;228;0;0;3;17;404;0;0;4
212000142;21;13;120;0;0;0;17;65;0;0;0
212000143;21;13;51;0;0;0;17;49;0;0;0
212000144;21;13;155;0;0;1;17;86;0;0;1
212000145;21;13;194;0;0;1;17;78;0;0;3
212000146;21;13;289;0;0;10;17;122;0;0;9
212000147;21;13;227;0;0;1;17;77;0;0;0
212000148;21;13;52;0;0;0;17;25;0;0;0
212000149;21;13;71;0;0;6;17;33;0;0;0
212000150;21;13;77;0;0;0;17;55;0;0;0
212000151;21;13;293;0;0;0;17;131;0;0;0
212000152;21;13;255;0;0;3;17;159;0;0;1
212000153;21;13;127;0;0;2;17;131;0;0;1
212000154;21;13;85;0;0;0;17;105;0;0;0
212000155;21;13;144;0;0;0;17;57;0;0;0
212000156;21;13;236;0;0;5;17;126;0;0;1
212000157;21;13;63;0;0;2;17;35;0;0;1
212000158;21;13;21;0;0;1;17;23;0;0;0
212000159;21;13;115;0;0;0;17;50;0;0;0
212000160;21;13;152;0;0;2;17;152;0;0;2
212000161;21;13;104;0;0;1;17;113;0;0;2
212000162;21;13;150;0;0;0;17;122;0;0;0
212000163;21;13;134;0;0;3;17;92;0;0;0
212000164;21;13;141;0;0;0;17;94;0;0;0
212000165;21;13;217;0;0;0;17;183;0;0;4
212000166;21;13;245;0;0;1;17;191;0;0;1
212000167;21;13;166;0;0;3;17;181;0;0;1
212000168;21;13;214;0;0;3;17;262;0;0;4
212000169;21;13;232;0;0;2;17;122;0;0;1
212000170;21;13;237;0;0;3;17;330;0;0;3
212000171;21;13;150;0;0;0;17;132;0;0;0
212000172;21;13;153;0;0;0;17;242;0;0;0
212000173;21;13;181;0;0;0;17;222;0;0;0
212000174;21;13;300;0;0;4;17;119;0;0;2
212000175;21;13;287;0;0;4;17;92;0;0;0
212000176;21;13;229;0;0;0;17;159;0;0;0
212000177;21;13;163;0;0;2;17;167;0;0;0
212000178;21;13;124;0;0;2;17;70;0;0;1
212000179;21;13;225;0;0;2;17;129;0;0;0
212000180;21;13;186;0;0;0;17;69;0;0;0
212000181;21;13;148;0;0;7;17;51;0;0;0
212000182;21;13;176;0;0;0;17;94;0;0;0
212000183;21;13;60;0;0;3;17;21;0;0;1
212000184;21;13;20;0;0;0;17;6;0;0;0
212000185;21;13;33;0;0;0;17;16;0;0;0
212000186;21;13;29;0;0;4;17;7;0;0;1
212000187;21;13;9;0;0;0;17;3;0;0;0
212000188;21;13;18;0;0;0;17;3;0;0;1
212000189;21;13;64;0;0;2;17;18;0;0;1
212400001;21;13;179;0;0;3;17;93;0;0;1
212400002;21;13;213;0;0;3;17;133;0;0;0
212400003;21;13;221;0;0;2;17;121;0;0;2
212400004;21;13;270;0;0;2;17;114;0;0;2
212400005;21;13;96;0;0;13;17;208;0;0;4
212400006;21;13;69;0;0;5;17;179;0;0;7
212400007;21;13;218;0;0;5;17;115;0;0;2
212400008;21;13;140;0;0;0;17;111;0;0;0
212400009;21;13;190;0;0;2;17;140;0;0;0
212400010;21;13;114;0;0;1;17;147;0;0;4
212400011;21;13;336;0;0;0;17;102;0;0;0
212400012;21;13;72;0;0;1;17;48;0;0;3
212400013;21;13;147;0;0;8;17;77;0;0;3
212400014;21;13;301;0;0;0;17;123;0;0;0
212400015;21;13;66;0;0;1;17;29;0;0;0
212400016;21;13;21;0;0;0;17;22;0;0;0
212400017;21;13;12;0;0;1;17;19;0;0;1
212400018;21;13;147;0;0;0;17;80;0;0;0
212400019;21;13;115;0;0;0;17;55;0;0;0
212400020;21;13;367;0;0;0;17;88;0;0;0
220200001;22;13;250;0;0;7;17;147;0;0;1
220200002;22;13;100;0;0;0;17;66;0;0;0
220200003;22;13;162;0;0;0;17;154;0;0;0
220200004;22;13;87;0;0;0;17;66;0;0;0
220200005;22;13;128;0;0;9;17;128;0;0;2
220200006;22;13;12;0;0;0;17;13;0;0;0
220200007;22;13;105;0;0;0;17;28;0;0;0
220200008;22;13;77;0;0;0;17;45;0;0;0
220200009;22;13;28;0;0;0;17;16;0;0;0
220200010;22;13;73;0;0;2;17;69;0;0;1
220200011;22;13;147;0;0;1;17;48;0;0;0
220200012;22;13;122;0;0;1;17;65;0;0;0
220200013;22;13;16;0;0;0;17;17;0;0;0
220200014;22;13;115;0;0;0;17;109;0;0;0
220200015;22;13;19;0;0;0;17;24;0;0;0
220200016;22;13;32;0;0;0;17;31;0;0;0
220200017;22;13;38;0;0;0;17;24;0;0;0
220500001;22;13;271;0;0;0;17;111;0;0;0
220500002;22;13;277;0;0;0;17;128;0;0;0
220500003;22;13;293;0;0;0;17;123;0;0;0
220500004;22;13;54;0;0;0;17;55;0;0;0
220500005;22;13;173;0;0;0;17;110;0;0;0
220500006;22;13;138;0;0;0;17;82;0;0;0
220500007;22;13;39;0;0;0;17;23;0;0;0
220900001;22;13;248;0;0;4;17;113;0;0;2
220900002;22;13;248;0;0;2;17;148;0;0;2
220900003;22;13;211;0;0;0;17;152;0;0;0
220900004;22;13;313;0;0;5;17;118;0;0;1
220900005;22;13;162;98;64;0;17;98;58;40;0
220900006;22;13;188;158;30;0;17;117;98;19;0
220900007;22;13;329;0;0;2;17;164;0;0;2
220900008;22;13;223;0;0;3;17;98;0;0;1
220900009;22;13;216;0;0;1;17;151;0;0;1
220900010;22;13;159;0;0;1;17;73;0;0;0
220900011;22;13;157;0;0;6;17;56;0;0;0
220900012;22;13;260;0;0;0;17;94;0;0;0
220900013;22;13;279;0;0;1;17;197;0;0;0
220900014;22;13;282;0;0;0;17;84;0;0;0
220900015;22;13;33;0;0;0;17;28;0;0;0
220900016;22;13;43;0;0;0;17;17;0;0;0
220900017;22;13;324;0;0;0;17;117;0;0;0
220900018;22;13;122;0;0;0;17;62;0;0;0
220900019;22;13;247;0;0;0;17;104;0;0;0
220900020;22;13;88;0;0;0;17;11;0;0;0
220900021;22;13;87;0;0;0;17;148;0;0;0
220900022;22;13;25;0;0;0;17;9;0;0;0
220900023;22;13;23;0;0;0;17;6;0;0;0
221000001;22;13;144;0;0;0;17;304;0;0;0
221000002;22;13;220;0;0;0;17;332;0;0;0
221000003;22;13;193;0;0;0;17;291;0;0;0
221000004;22;13;204;0;0;0;17;230;0;0;0
221000005;22;13;237;0;0;0;17;224;0;0;0
221000006;22;13;236;0;0;0;17;196;0;0;0
221000007;22;13;208;0;0;0;17;120;0;0;0
221000008;22;13;223;0;0;1;17;204;0;0;1
221000009;22;13;85;0;0;0;17;95;0;0;2
221000010;22;13;268;0;0;0;17;177;0;0;0
221000011;22;13;221;0;0;0;17;158;0;0;0
221000012;22;13;307;0;0;0;17;210;0;0;0
221100001;22;13;246;0;0;0;17;210;0;0;0
221100002;22;13;163;0;0;2;17;103;0;0;2
221100003;22;13;137;0;0;0;17;108;0;0;0
221100004;22;13;244;0;0;2;17;200;0;0;2
221100005;22;13;241;0;0;0;17;248;0;0;0
221100006;22;13;114;0;0;0;17;154;0;0;0
221100007;22;13;238;0;0;1;17;262;0;0;2
221100008;22;13;186;0;0;0;17;176;0;0;0
221100009;22;13;254;0;0;2;17;235;0;0;1
221100010;22;13;95;0;0;2;17;68;0;0;0
221100011;22;13;184;0;0;0;17;69;0;0;0
221100012;22;13;116;0;0;1;17;64;0;0;1
221100013;22;13;16;0;0;0;17;32;0;0;0
221100014;22;13;219;0;0;0;17;150;0;0;0
221100015;22;13;30;0;0;0;17;21;0;0;0
221100016;22;13;26;0;0;0;17;26;0;0;0
221100017;22;13;43;0;0;1;17;36;0;0;0
221100018;22;13;14;0;0;0;17;21;0;0;0
221100019;22;13;286;0;0;0;17;147;0;0;0
221100020;22;13;211;0;0;0;17;121;0;0;0
221100021;22;13;252;0;0;1;17;88;0;0;0
221600001;22;13;368;0;0;3;17;114;0;0;1
221600002;22;13;215;0;0;0;17;86;0;0;0
221600003;22;13;234;0;0;1;17;63;0;0;1
221600004;22;13;171;0;0;0;17;54;0;0;0
221600005;22;13;162;0;0;0;17;63;0;0;1
221600006;22;13;281;0;0;1;17;97;0;0;2
221600007;22;13;338;0;0;0;17;88;0;0;0
221600008;22;13;63;0;0;0;17;47;0;0;0
221600009;22;13;107;0;0;0;17;50;0;0;0
221600010;22;13;18;0;0;0;17;2;0;0;0
221600011;22;13;95;0;0;0;17;33;0;0;0
221600012;22;13;88;0;0;0;17;25;0;0;0
221600013;22;13;50;0;0;0;17;23;0;0;0
221600014;22;13;77;0;0;0;17;29;0;0;0
221600015;22;13;24;0;0;1;17;27;0;0;2
221600016;22;13;80;0;0;0;17;26;0;0;0
221600017;22;13;129;0;0;0;17;17;0;0;0
221600018;22;13;80;0;0;0;17;34;0;0;0
221600019;22;13;306;0;0;0;17;107;0;0;0
221600020;22;13;88;0;0;0;17;31;0;0;0
221600021;22;13;104;0;0;1;17;56;0;0;0
221600022;22;13;128;0;0;0;17;68;0;0;0
221600023;22;13;56;0;0;0;17;11;0;0;0
221600024;22;13;164;0;0;0;17;36;0;0;0
221600025;22;13;62;0;0;0;17;26;0;0;0
221600026;22;13;47;0;0;0;17;20;0;0;0
221600027;22;13;149;0;0;0;17;39;0;0;0
221600028;22;13;135;0;0;0;17;86;0;0;0
221600029;22;13;47;0;0;0;17;8;0;0;0
221600030;22;13;80;0;0;0;17;11;0;0;0
221600031;22;13;125;0;0;0;17;70;0;0;0
221600032;22;13;154;0;0;1;17;11;0;0;1
221600033;22;13;111;0;0;0;17;30;0;0;0
221600034;22;13;30;0;0;0;17;12;0;0;0
221600035;22;13;46;0;0;0;17;15;0;0;0
221800001;22;13;240;0;0;0;17;109;0;0;0
221800002;22;13;219;0;0;0;17;89;0;0;0
221800003;22;13;240;0;0;1;17;79;0;0;1
221800004;22;13;192;0;0;0;17;63;0;0;0
221800005;22;13;162;0;0;0;17;94;0;0;0
221800006;22;13;196;0;0;0;17;141;0;0;2
221800007;22;13;19;0;0;0;17;14;0;0;0
221800008;22;13;49;0;0;0;17;22;0;0;0
221800009;22;13;48;0;0;0;17;42;0;0;0
221800010;22;13;47;0;0;0;17;8;0;0;0
221800011;22;13;37;0;0;0;17;38;0;0;0
221800012;22;13;70;0;0;0;17;22;0;0;0
221800013;22;13;43;0;0;2;17;14;0;0;0
221800014;22;13;86;0;0;3;17;29;0;0;0
221800015;22;13;34;0;0;0;17;13;0;0;0
221800016;22;13;126;0;0;0;17;99;0;0;0
221800017;22;13;88;0;0;1;17;39;0;0;0
221800018;22;13;74;0;0;0;17;65;0;0;0
221800019;22;13;81;0;0;0;17;23;0;0;0
221800020;22;13;34;0;0;0;17;11;0;0;0
221800021;22;13;41;0;0;0;17;9;0;0;0
221800022;22;13;23;0;0;0;17;7;0;0;0
222700001;22;13;256;0;0;0;17;72;0;0;0
222700002;22;13;260;0;0;1;17;113;0;0;0
222700003;22;13;155;0;0;0;17;54;0;0;0
222700004;22;13;170;0;0;3;17;88;0;0;0
222700005;22;13;195;0;0;0;17;65;0;0;0
222700006;22;13;253;0;0;0;17;101;0;0;0
222700007;22;13;89;0;0;0;17;40;0;0;0
222700008;22;13;106;0;0;0;17;65;0;0;0
222700009;22;13;149;0;0;0;17;56;0;0;0
222700010;22;13;45;0;0;0;17;44;0;0;0
222700011;22;13;280;0;0;3;17;162;0;0;2
222700012;22;13;312;0;0;6;17;103;0;0;2
222700013;22;13;205;0;0;4;17;126;0;0;0
222700014;22;13;45;0;0;0;17;28;0;0;0
222700015;22;13;45;0;0;0;17;12;0;0;0
222700016;22;13;17;0;0;0;17;2;0;0;0
222700017;22;13;79;0;0;0;17;35;0;0;0
222700018;22;13;66;0;0;0;17;31;0;0;0
222700019;22;13;39;0;0;1;17;5;0;0;0
222700020;22;13;117;0;0;0;17;21;0;0;0
222700021;22;13;72;0;0;0;17;24;0;0;0
222700022;22;13;108;0;0;0;17;65;0;0;0
222700023;22;13;114;0;0;0;17;64;0;0;0
222700024;22;13;65;0;0;1;17;40;0;0;0
222700025;22;13;62;0;0;0;17;28;0;0;0
223100001;22;13;276;0;0;6;17;140;0;0;3
223100002;22;13;220;0;0;3;17;96;0;0;0
223100003;22;13;289;0;0;0;17;210;0;0;0
223100004;22;13;31;0;0;0;17;45;0;0;0
223100005;22;13;198;0;0;4;17;141;0;0;0
223100006;22;13;245;0;0;0;17;144;0;0;0
223100007;22;13;182;0;0;0;17;97;0;0;0
223100008;22;13;221;0;0;0;17;112;0;0;0
223100009;22;13;215;0;0;3;17;132;0;0;1
223100010;22;13;205;81;124;5;17;119;25;94;3
223100011;22;13;242;146;96;0;17;159;84;75;0
223100012;22;13;222;0;0;0;17;113;0;0;1
223100013;22;13;175;0;0;1;17;119;0;0;1
223100014;22;13;240;0;0;0;17;186;0;0;0
223100015;22;13;216;0;0;0;17;107;0;0;0
223100016;22;13;270;225;45;0;17;153;98;55;0
223100017;22;13;233;179;54;1;17;137;107;30;0
223100018;22;13;277;0;0;0;17;161;0;0;0
223100019;22;13;234;0;0;1;17;146;0;0;0
223100020;22;13;216;0;0;0;17;125;0;0;1
223100021;22;13;295;0;0;2;17;163;0;0;2
223100022;22;13;246;0;0;5;17;169;0;0;9
223100023;22;13;285;0;0;0;17;185;0;0;4
223100024;22;13;268;0;0;0;17;164;0;0;0
223100025;22;13;268;0;0;1;17;132;0;0;0
223100026;22;13;230;0;0;0;17;158;0;0;0
223100027;22;13;218;0;0;0;17;135;0;0;1
223100028;22;13;235;0;0;0;17;172;0;0;0
223100029;22;13;186;0;0;3;17;138;0;0;0
223100030;22;13;202;163;39;0;17;182;124;58;0
223100031;22;13;154;115;39;0;17;108;67;41;0
223100032;22;13;220;0;0;0;17;145;0;0;0
223100033;22;13;177;0;0;3;17;158;0;0;1
223100034;22;13;199;0;0;1;17;107;0;0;0
223100035;22;13;152;0;0;4;17;81;0;0;0
223100036;22;13;91;0;0;0;17;88;0;0;0
223100037;22;13;57;0;0;0;17;23;0;0;0
223100038;22;13;57;0;0;5;17;20;0;0;0
223100039;22;13;64;0;0;0;17;26;0;0;0
223100040;22;13;103;0;0;3;17;47;0;0;2
223100041;22;13;58;0;0;1;17;20;0;0;1
223100042;22;13;199;0;0;0;17;144;0;0;0
223100043;22;13;207;0;0;1;17;101;0;0;0
223100044;22;13;124;0;0;0;17;68;0;0;0
223100045;22;13;152;0;0;0;17;51;0;0;0
223100046;22;13;61;0;0;1;17;21;0;0;0
223100047;22;13;80;0;0;2;17;45;0;0;0
223100048;22;13;43;0;0;0;17;16;0;0;0
223100049;22;13;66;0;0;0;17;59;0;0;0
223100050;22;13;44;0;0;2;17;36;0;0;1
223100051;22;13;63;0;0;0;17;24;0;0;0
223100052;22;13;86;0;0;0;17;56;0;0;0
223100053;22;13;30;0;0;0;17;20;0;0;0
223100054;22;13;31;0;0;0;17;51;0;0;0
223100055;22;13;196;0;0;0;17;174;0;0;0
223100056;22;13;35;0;0;0;17;31;0;0;0
223100057;22;13;43;0;0;2;17;32;0;0;4
223100058;22;13;33;0;0;0;17;30;0;0;0
223100059;22;13;45;0;0;0;17;18;0;0;0
223100060;22;13;28;0;0;1;17;14;0;0;0
223100061;22;13;17;0;0;0;17;7;0;0;0
223100062;22;13;43;0;0;0;17;19;0;0;0
223100063;22;13;32;0;0;5;17;8;0;0;4
223100064;22;13;32;0;0;0;17;16;0;0;0
223100065;22;13;187;0;0;2;17;165;0;0;0
223100066;22;13;236;0;0;0;17;192;0;0;0
223100067;22;13;21;0;0;0;17;19;0;0;0
223100068;22;13;24;0;0;0;17;8;0;0;0
223100069;22;13;26;0;0;0;17;19;0;0;0
223100070;22;13;25;0;0;0;17;8;0;0;0
223100071;22;13;28;0;0;0;17;18;0;0;0
223100072;22;13;57;0;0;0;17;34;0;0;0
223100073;22;13;54;0;0;0;17;19;0;0;0
223100074;22;13;150;0;0;0;17;47;0;0;0
223100075;22;13;13;0;0;1;17;7;0;0;0
223100076;22;13;139;0;0;2;17;49;0;0;0
223100077;22;13;11;0;0;0;17;5;0;0;0
223100078;22;13;26;0;0;1;17;19;0;0;0
223100079;22;13;15;0;0;0;17;10;0;0;1
223100080;22;13;36;0;0;0;17;7;0;0;0
223100081;22;13;95;0;0;0;17;82;0;0;1
223100082;22;13;68;0;0;0;17;59;0;0;0
223100083;22;13;15;0;0;0;17;12;0;0;0
223100084;22;13;9;0;0;0;17;11;0;0;0
223100085;22;13;10;0;0;0;17;11;0;0;0
223100086;22;13;135;0;0;0;17;152;0;0;2
223100087;22;13;74;0;0;0;17;40;0;0;0
223100088;22;13;233;0;0;0;17;132;0;0;0
223100089;22;13;204;0;0;0;17;117;0;0;3
223100090;22;13;217;0;0;0;17;124;0;0;0
223100091;22;13;66;0;0;0;17;26;0;0;0
223800001;22;13;329;0;0;0;17;165;0;0;0
223800002;22;13;275;177;98;1;17;155;79;76;1
223800003;22;13;264;175;89;3;17;146;76;70;1
223800004;22;13;239;147;92;0;17;102;51;51;0
223800005;22;13;296;0;0;2;17;108;0;0;0
223800006;22;13;203;0;0;0;17;64;0;0;0
223800007;22;13;199;0;0;3;17;107;0;0;5
223800008;22;13;18;0;0;0;17;25;0;0;0
223800009;22;13;166;0;0;2;17;72;0;0;1
223800010;22;13;73;0;0;0;17;24;0;0;1
223800011;22;13;60;0;0;0;17;42;0;0;0
223800012;22;13;75;0;0;1;17;25;0;0;1
223800013;22;13;143;0;0;0;17;136;0;0;0
223800014;22;13;23;0;0;0;17;11;0;0;0
223800015;22;13;21;0;0;0;17;16;0;0;1
223800016;22;13;5;0;0;0;17;3;0;0;0
234602001;23;13;175;0;0;0;17;172;0;0;0
234602002;23;13;220;0;0;1;17;192;0;0;0
234602003;23;13;153;0;0;0;17;175;0;0;0
234602004;23;13;139;0;0;0;17;138;0;0;0
234602005;23;13;144;0;0;0;17;193;0;0;0
234602006;23;13;127;0;0;0;17;124;0;0;2
234602007;23;13;149;0;0;0;17;147;0;0;0
234602008;23;13;168;0;0;0;17;197;0;0;0
234602009;23;13;175;0;0;0;17;215;0;0;0
234602010;23;13;172;0;0;0;17;178;0;0;0
234602011;23;13;158;0;0;3;17;186;0;0;2
234602012;23;13;193;0;0;0;17;147;0;0;0
234602013;23;13;247;0;0;2;17;153;0;0;1
234602014;23;13;173;0;0;2;17;188;0;0;2
234602015;23;13;212;0;0;0;17;153;0;0;0
234602016;23;13;199;0;0;0;17;232;0;0;0
234602017;23;13;172;0;0;0;17;179;0;0;0
234602018;23;13;282;0;0;1;17;199;0;0;1
234602019;23;13;198;0;0;1;17;222;0;0;3
234602020;23;13;248;0;0;0;17;155;0;0;0
234602021;23;13;237;0;0;3;17;175;0;0;1
234602022;23;13;220;0;0;0;17;169;0;0;4
234602023;23;13;204;0;0;2;17;171;0;0;0
234602024;23;13;228;0;0;0;17;143;0;0;0
234602025;23;13;214;0;0;9;17;166;0;0;1
234602026;23;13;208;0;0;2;17;208;0;0;1
234602027;23;13;205;0;0;1;17;166;0;0;7
234602028;23;13;207;0;0;3;17;165;0;0;0
234602029;23;13;258;0;0;1;17;209;0;0;4
234602030;23;13;227;0;0;2;17;197;0;0;3
234602031;23;13;241;0;0;2;17;171;0;0;2
234602032;23;13;273;0;0;4;17;193;0;0;1
234602033;23;13;301;0;0;1;17;118;0;0;2
234602034;23;13;264;0;0;0;17;132;0;0;0
234602035;23;13;322;0;0;0;17;117;0;0;0
234602036;23;13;296;0;0;24;17;123;0;0;3
234602037;23;13;278;0;0;4;17;129;0;0;0
234602038;23;13;203;0;0;0;17;163;0;0;0
234602039;23;13;210;0;0;0;17;170;0;0;0
234602040;23;13;210;0;0;0;17;170;0;0;0
234602041;23;13;232;0;0;1;17;159;0;0;1
234602042;23;13;282;0;0;0;17;133;0;0;0
234602043;23;13;269;0;0;2;17;113;0;0;2
234602044;23;13;215;0;0;0;17;148;0;0;0
234602045;23;13;244;0;0;2;17;132;0;0;3
234602046;23;13;214;0;0;0;17;149;0;0;0
234602047;23;13;244;0;0;0;17;134;0;0;0
234602048;23;13;226;0;0;0;17;190;0;0;0
234602049;23;13;240;0;0;2;17;156;0;0;2
234602050;23;13;227;0;0;1;17;136;0;0;3
234602051;23;13;199;0;0;4;17;104;0;0;0
234602052;23;13;213;0;0;0;17;164;0;0;0
234602053;23;13;180;0;0;0;17;121;0;0;0
234602054;23;13;168;0;0;3;17;150;0;0;3
234602055;23;13;289;0;0;2;17;175;0;0;4
234602056;23;13;224;0;0;0;17;175;0;0;0
234602057;23;13;271;0;0;2;17;159;0;0;2
234602058;23;13;307;0;0;3;17;129;0;0;1
234602059;23;13;237;0;0;4;17;185;0;0;3
234602060;23;13;240;0;0;0;17;163;0;0;0
234602061;23;13;259;0;0;0;17;142;0;0;4
234602062;23;13;250;0;0;2;17;191;0;0;2
234602063;23;13;330;0;0;2;17;108;0;0;0
234602064;23;13;260;0;0;6;17;136;0;0;4
234602065;23;13;212;0;0;2;17;193;0;0;2
234602066;23;13;272;0;0;1;17;162;0;0;2
234602067;23;13;191;0;0;5;17;187;0;0;1
234602068;23;13;216;0;0;0;17;190;0;0;0
234602069;23;13;230;0;0;0;17;211;0;0;0
234602070;23;13;210;0;0;3;17;160;0;0;6
234602071;23;13;180;0;0;3;17;140;0;0;3
234602072;23;13;302;0;0;2;17;124;0;0;2
234602073;23;13;269;0;0;0;17;165;0;0;0
234602074;23;13;309;0;0;2;17;145;0;0;0
234602075;23;13;232;0;0;1;17;200;0;0;0
234602076;23;13;205;0;0;2;17;167;0;0;1
234602077;23;13;264;0;0;0;17;158;0;0;0
234602078;23;13;166;0;0;0;17;142;0;0;0
234602079;23;13;207;0;0;2;17;174;0;0;2
234602080;23;13;251;0;0;0;17;167;0;0;1
234602081;23;13;213;0;0;1;17;165;0;0;1
234602082;23;13;221;0;0;1;17;135;0;0;2
234602083;23;13;251;0;0;0;17;170;0;0;0
234602084;23;13;231;0;0;0;17;190;0;0;0
234602085;23;13;206;0;0;2;17;179;0;0;3
234602086;23;13;219;0;0;2;17;126;0;0;2
234602087;23;13;166;0;0;1;17;117;0;0;0
234602088;23;13;238;0;0;0;17;154;0;0;0
234602089;23;13;205;0;0;0;17;180;0;0;0
234602090;23;13;184;0;0;0;17;172;0;0;0
234602091;23;13;199;0;0;0;17;135;0;0;0
234602092;23;13;259;0;0;0;17;157;0;0;0
234602093;23;13;169;0;0;5;17;98;0;0;5
234602094;23;13;94;0;0;0;17;37;0;0;0
234602095;23;13;20;0;0;0;17;18;0;0;0
234602096;23;13;52;0;0;0;17;20;0;0;0
234608001;23;13;206;0;0;5;17;131;0;0;1
234608002;23;13;191;0;0;1;17;155;0;0;1
234608003;23;13;161;0;0;1;17;154;0;0;2
234608004;23;13;158;0;0;1;17;158;0;0;3
234608005;23;13;251;0;0;0;17;134;0;0;0
234608006;23;13;269;0;0;0;17;179;0;0;0
234608007;23;13;245;0;0;0;17;95;0;0;0
234608008;23;13;279;0;0;1;17;142;0;0;0
234608009;23;13;215;0;0;2;17;176;0;0;2
234608010;23;13;222;0;0;8;17;146;0;0;2
234608011;23;13;248;0;0;0;17;150;0;0;0
234608012;23;13;294;0;0;1;17;183;0;0;1
234608013;23;13;269;0;0;0;17;147;0;0;0
234608014;23;13;227;0;0;2;17;198;0;0;0
234608015;23;13;267;0;0;0;17;128;0;0;1
234608016;23;13;260;0;0;3;17;137;0;0;0
234608017;23;13;234;0;0;2;17;190;0;0;0
234608018;23;13;266;0;0;3;17;187;0;0;4
234608019;23;13;203;0;0;0;17;200;0;0;1
234608020;23;13;266;0;0;0;17;127;0;0;0
234608021;23;13;242;0;0;0;17;140;0;0;0
234608022;23;13;244;0;0;2;17;189;0;0;2
234608023;23;13;142;0;0;2;17;113;0;0;0
234608024;23;13;232;0;0;0;17;186;0;0;0
234608025;23;13;257;0;0;0;17;155;0;0;1
234608026;23;13;265;0;0;0;17;165;0;0;0
234608027;23;13;229;0;0;0;17;136;0;0;1
234608028;23;13;238;0;0;0;17;169;0;0;2
234608029;23;13;262;0;0;2;17;183;0;0;3
234608030;23;13;197;0;0;1;17;124;0;0;3
234608031;23;13;263;0;0;5;17;145;0;0;1
234608032;23;13;307;0;0;0;17;163;0;0;0
234608033;23;13;273;0;0;0;17;152;0;0;0
234608034;23;13;318;0;0;0;17;162;0;0;0
234608035;23;13;74;0;0;0;17;46;0;0;0
234608036;23;13;52;0;0;0;17;32;0;0;0
234608037;23;13;188;0;0;1;17;28;0;0;1
234608038;23;13;31;0;0;2;17;6;0;0;0
234609001;23;13;172;0;0;0;17;181;0;0;0
234609002;23;13;94;0;0;0;17;88;0;0;0
234609003;23;13;166;0;0;0;17;130;0;0;0
234609004;23;13;139;0;0;0;17;139;0;0;0
234609005;23;13;168;0;0;0;17;143;0;0;0
234609006;23;13;186;0;0;0;17;178;0;0;0
234609007;23;13;180;0;0;0;17;151;0;0;0
234609008;23;13;155;0;0;0;17;173;0;0;0
234609009;23;13;176;0;0;0;17;179;0;0;0
234609010;23;13;189;0;0;0;17;136;0;0;0
234609011;23;13;87;0;0;4;17;111;0;0;0
234609012;23;13;152;0;0;0;17;168;0;0;0
234609013;23;13;151;0;0;0;17;179;0;0;0
234609014;23;13;149;0;0;0;17;157;0;0;0
234609015;23;13;102;0;0;0;17;125;0;0;0
234609016;23;13;135;0;0;9;17;182;0;0;10
234609017;23;13;145;0;0;0;17;117;0;0;0
234609018;23;13;194;0;0;2;17;166;0;0;2
234609019;23;13;154;0;0;0;17;85;0;0;0
234609020;23;13;74;0;0;2;17;82;0;0;0
234609021;23;13;129;0;0;4;17;117;0;0;2
234609022;23;13;215;0;0;1;17;176;0;0;3
234609023;23;13;189;0;0;0;17;131;0;0;1
234609024;23;13;160;0;0;0;17;170;0;0;3
234609025;23;13;186;0;0;2;17;127;0;0;2
234609026;23;13;208;0;0;3;17;191;0;0;2
234609027;23;13;228;0;0;2;17;213;0;0;3
234609028;23;13;166;0;0;0;17;141;0;0;1
234609029;23;13;227;0;0;0;17;163;0;0;0
234609030;23;13;229;0;0;0;17;173;0;0;0
234609031;23;13;200;0;0;0;17;164;0;0;0
234609032;23;13;202;0;0;0;17;186;0;0;0
234609033;23;13;209;0;0;0;17;142;0;0;0
234609034;23;13;178;0;0;2;17;144;0;0;5
234609035;23;13;120;0;0;0;17;101;0;0;0
234609036;23;13;205;0;0;0;17;150;0;0;0
234609037;23;13;218;0;0;1;17;157;0;0;1
234609038;23;13;193;0;0;2;17;169;0;0;4
234609039;23;13;148;0;0;0;17;132;0;0;0
234609040;23;13;218;0;0;0;17;101;0;0;0
234609041;23;13;234;0;0;3;17;130;0;0;1
234609042;23;13;231;0;0;3;17;176;0;0;2
234609043;23;13;129;0;0;1;17;102;0;0;0
234609044;23;13;250;0;0;2;17;141;0;0;2
234609045;23;13;197;0;0;3;17;183;0;0;0
234609046;23;13;199;0;0;2;17;118;0;0;0
234609047;23;13;258;0;0;3;17;149;0;0;0
234609048;23;13;201;0;0;0;17;141;0;0;0
234609049;23;13;203;0;0;2;17;96;0;0;1
234609050;23;13;168;0;0;0;17;130;0;0;0
234609051;23;13;165;0;0;0;17;143;0;0;0
234609052;23;13;133;0;0;2;17;91;0;0;0
234609053;23;13;173;0;0;19;17;116;0;0;1
234609054;23;13;185;0;0;2;17;152;0;0;3
234609055;23;13;320;0;0;0;17;180;0;0;0
234609056;23;13;235;0;0;5;17;228;0;0;5
234609057;23;13;141;0;0;0;17;82;0;0;0
234609058;23;13;164;0;0;0;17;109;0;0;0
234609059;23;13;175;0;0;0;17;159;0;0;0
234609060;23;13;225;0;0;0;17;169;0;0;0
234609061;23;13;299;0;0;0;17;188;0;0;0
234609062;23;13;246;0;0;0;17;169;0;0;0
234609063;23;13;197;0;0;0;17;140;0;0;0
234609064;23;13;184;0;0;2;17;134;0;0;0
234609065;23;13;181;0;0;1;17;138;0;0;0
234609066;23;13;156;0;0;1;17;121;0;0;0
234609067;23;13;79;0;0;1;17;54;0;0;0
234610001;23;13;113;79;34;4;17;165;120;45;4
234610002;23;13;94;84;10;2;17;99;86;13;2
234610003;23;13;143;121;22;0;17;150;121;29;0
234610004;23;13;85;72;13;2;17;82;65;17;0
234610005;23;13;98;54;44;0;17;90;48;42;1
234610006;23;13;107;85;22;0;17;110;68;42;0
234610007;23;13;94;87;7;0;17;107;99;8;0
234610008;23;13;103;63;40;0;17;124;74;50;0
234610009;23;13;84;80;4;0;17;79;71;8;0
234610010;23;13;117;95;22;1;17;126;90;36;0
234610011;23;13;87;77;10;0;17;88;75;13;1
234610012;23;13;79;66;13;2;17;94;75;19;2
234610013;23;13;135;0;0;0;17;136;0;0;2
234610014;23;13;85;0;0;0;17;92;0;0;1
234610015;23;13;78;0;0;0;17;84;0;0;0
234610016;23;13;102;0;0;1;17;129;0;0;2
234610017;23;13;84;0;0;0;17;117;0;0;0
234610018;23;13;135;0;0;2;17;140;0;0;2
234610019;23;13;184;0;0;2;17;142;0;0;1
234610020;23;13;114;79;35;0;17;137;83;54;0
234610021;23;13;71;37;34;0;17;116;65;51;2
234610022;23;13;153;117;36;0;17;125;85;40;0
234610023;23;13;123;91;32;0;17;172;112;60;3
234610024;23;13;140;67;73;2;17;120;44;76;2
234610025;23;13;130;100;30;0;17;129;95;34;0
234610026;23;13;130;98;32;0;17;127;83;44;0
234610027;23;13;128;96;32;0;17;110;81;29;0
234610028;23;13;189;0;0;3;17;156;0;0;0
234610029;23;13;160;0;0;1;17;107;0;0;1
234610030;23;13;184;0;0;0;17;136;0;0;0
234610031;23;13;131;0;0;1;17;97;0;0;2
234610032;23;13;145;0;0;3;17;159;0;0;2
234610033;23;13;179;0;0;3;17;130;0;0;2
234610034;23;13;171;0;0;0;17;169;0;0;0
234610035;23;13;124;0;0;0;17;98;0;0;0
234610036;23;13;239;0;0;0;17;200;0;0;0
234610037;23;13;229;0;0;0;17;206;0;0;0
234610038;23;13;191;0;0;0;17;156;0;0;0
234610039;23;13;190;0;0;1;17;145;0;0;0
234610040;23;13;219;0;0;0;17;231;0;0;0
234610041;23;13;201;0;0;0;17;158;0;0;0
234610042;23;13;264;0;0;0;17;185;0;0;0
234610043;23;13;194;0;0;0;17;170;0;0;0
234610044;23;13;279;0;0;1;17;210;0;0;1
234610045;23;13;211;0;0;0;17;203;0;0;1
234610046;23;13;161;0;0;1;17;97;0;0;2
234610047;23;13;199;0;0;0;17;168;0;0;0
234610048;23;13;155;0;0;0;17;146;0;0;0
234610049;23;13;139;0;0;3;17;148;0;0;2
234610050;23;13;174;0;0;0;17;124;0;0;2
234610051;23;13;295;0;0;2;17;151;0;0;2
234610052;23;13;225;0;0;1;17;152;0;0;0
234610053;23;13;301;0;0;4;17;180;0;0;1
234610054;23;13;360;0;0;0;17;131;0;0;0
234610055;23;13;149;0;0;0;17;109;0;0;0
234610056;23;13;251;0;0;0;17;166;0;0;0
234610057;23;13;225;0;0;1;17;192;0;0;0
234610058;23;13;122;0;0;1;17;127;0;0;2
234610059;23;13;137;0;0;0;17;100;0;0;0
234610060;23;13;119;0;0;3;17;87;0;0;3
234610061;23;13;189;0;0;0;17;92;0;0;0
234610062;23;13;150;0;0;0;17;97;0;0;0
234610063;23;13;213;0;0;1;17;199;0;0;2
234610064;23;13;168;0;0;3;17;105;0;0;4
234610065;23;13;4;0;0;0;17;2;0;0;0
234610066;23;13;191;0;0;0;17;122;0;0;0
234610067;23;13;209;0;0;3;17;110;0;0;4
234610068;23;13;255;0;0;2;17;189;0;0;3
234610069;23;13;190;0;0;0;17;153;0;0;0
234610070;23;13;190;0;0;4;17;96;0;0;3
234610071;23;13;202;0;0;0;17;172;0;0;0
234610072;23;13;230;0;0;0;17;127;0;0;0
234610073;23;13;239;0;0;0;17;168;0;0;0
234610074;23;13;218;0;0;5;17;187;0;0;2
234610075;23;13;167;0;0;6;17;127;0;0;4
234610076;23;13;190;0;0;0;17;97;0;0;0
234610077;23;13;243;0;0;3;17;159;0;0;0
234610078;23;13;165;0;0;0;17;138;0;0;2
234610079;23;13;286;0;0;0;17;223;0;0;0
234610080;23;13;227;0;0;0;17;197;0;0;0
234610081;23;13;179;0;0;0;17;121;0;0;1
234610082;23;13;264;0;0;0;17;165;0;0;0
234610083;23;13;293;0;0;3;17;183;0;0;2
234610084;23;13;208;0;0;2;17;161;0;0;1
234610085;23;13;263;0;0;0;17;189;0;0;0
234610086;23;13;147;0;0;1;17;94;0;0;4
234610087;23;13;310;0;0;0;17;204;0;0;0
234610088;23;13;245;0;0;0;17;207;0;0;0
234610089;23;13;140;0;0;0;17;110;0;0;0
234610090;23;13;157;0;0;0;17;133;0;0;0
234610091;23;13;122;0;0;0;17;72;0;0;0
234610092;23;13;27;0;0;0;17;18;0;0;0
234610093;23;13;32;0;0;4;17;24;0;0;0
234610094;23;13;54;0;0;0;17;32;0;0;0
234610095;23;13;41;0;0;0;17;27;0;0;0
234610098;23;13;39;0;0;0;17;23;0;0;0
234610099;23;13;28;0;0;0;17;23;0;0;0
234610102;23;13;212;0;0;4;17;102;0;0;1
234610107;23;13;50;0;0;0;17;22;0;0;0
234610108;23;13;32;0;0;2;17;16;0;0;0
234615001;23;13;319;0;0;0;17;97;0;0;0
234615002;23;13;327;0;0;0;17;82;0;0;0
234615003;23;13;220;0;0;0;17;110;0;0;0
234615004;23;13;208;0;0;2;17;146;0;0;3
234615005;23;13;204;0;0;0;17;124;0;0;0
234615006;23;13;255;0;0;0;17;119;0;0;0
234615007;23;13;175;0;0;0;17;135;0;0;0
234615008;23;13;237;0;0;3;17;186;0;0;2
234615009;23;13;285;0;0;0;17;151;0;0;0
234615010;23;13;240;0;0;0;17;153;0;0;0
234615011;23;13;244;0;0;0;17;164;0;0;0
234615012;23;13;238;0;0;0;17;168;0;0;0
234615013;23;13;256;0;0;0;17;135;0;0;0
234615014;23;13;224;0;0;0;17;96;0;0;0
234615015;23;13;241;0;0;1;17;79;0;0;2
234615016;23;13;180;0;0;1;17;140;0;0;2
234615017;23;13;207;0;0;0;17;143;0;0;0
234615018;23;13;238;0;0;0;17;143;0;0;0
234615019;23;13;231;0;0;2;17;108;0;0;1
234615020;23;13;241;0;0;3;17;142;0;0;3
234615021;23;13;300;0;0;0;17;175;0;0;0
234615022;23;13;239;0;0;2;17;167;0;0;1
234615023;23;13;233;0;0;4;17;217;0;0;3
234615024;23;13;257;0;0;5;17;134;0;0;4
234615025;23;13;218;0;0;1;17;162;0;0;3
234615026;23;13;255;0;0;0;17;152;0;0;0
234615027;23;13;175;0;0;0;17;127;0;0;0
234615028;23;13;181;0;0;4;17;99;0;0;1
234615029;23;13;296;0;0;3;17;135;0;0;0
234615030;23;13;212;0;0;0;17;99;0;0;0
234615031;23;13;294;0;0;0;17;139;0;0;0
234615032;23;13;253;0;0;0;17;129;0;0;0
234615033;23;13;181;0;0;4;17;108;0;0;4
234615034;23;13;227;0;0;3;17;173;0;0;1
234615035;23;13;183;0;0;0;17;156;0;0;0
234615036;23;13;126;0;0;0;17;74;0;0;0
234615037;23;13;247;0;0;2;17;162;0;0;2
234615038;23;13;198;0;0;1;17;206;0;0;1
234615039;23;13;258;0;0;0;17;191;0;0;0
234615040;23;13;219;0;0;2;17;130;0;0;2
234615041;23;13;268;0;0;0;17;225;0;0;0
234615042;23;13;201;0;0;1;17;141;0;0;1
234615043;23;13;232;0;0;0;17;132;0;0;0
234615044;23;13;190;0;0;0;17;128;0;0;0
234615045;23;13;272;0;0;5;17;183;0;0;2
234615046;23;13;266;0;0;0;17;174;0;0;0
234615047;23;13;311;0;0;0;17;184;0;0;0
234615048;23;13;274;0;0;0;17;158;0;0;0
234615049;23;13;205;0;0;0;17;158;0;0;0
234615050;23;13;266;0;0;0;17;108;0;0;0
234615051;23;13;253;0;0;0;17;145;0;0;0
234615052;23;13;294;0;0;0;17;158;0;0;0
234615053;23;13;265;0;0;0;17;194;0;0;0
234615054;23;13;330;0;0;1;17;120;0;0;3
234615055;23;13;220;0;0;0;17;141;0;0;0
234615056;23;13;298;0;0;0;17;161;0;0;0
234615057;23;13;176;0;0;2;17;160;0;0;1
234615058;23;13;206;0;0;0;17;144;0;0;0
234615059;23;13;197;0;0;0;17;124;0;0;0
234615060;23;13;199;0;0;0;17;120;0;0;0
234615061;23;13;248;0;0;0;17;152;0;0;0
234615062;23;13;242;0;0;0;17;108;0;0;0
234615063;23;13;228;0;0;2;17;114;0;0;2
234615064;23;13;231;0;0;0;17;130;0;0;0
234615065;23;13;233;0;0;2;17;128;0;0;1
234615066;23;13;211;0;0;0;17;130;0;0;1
234615067;23;13;226;0;0;0;17;169;0;0;0
234615068;23;13;243;0;0;3;17;101;0;0;4
234615069;23;13;316;0;0;0;17;119;0;0;0
234615070;23;13;251;0;0;0;17;159;0;0;0
234615071;23;13;320;0;0;0;17;174;0;0;0
234615072;23;13;198;0;0;0;17;113;0;0;0
234615073;23;13;184;0;0;0;17;123;0;0;0
234615074;23;13;189;0;0;1;17;138;0;0;1
234615075;23;13;202;0;0;0;17;120;0;0;0
234615076;23;13;206;0;0;1;17;136;0;0;1
234615077;23;13;237;0;0;0;17;140;0;0;0
234615078;23;13;209;0;0;0;17;122;0;0;2
234615079;23;13;204;0;0;0;17;126;0;0;0
234615080;23;13;195;0;0;0;17;98;0;0;0
234615081;23;13;182;0;0;0;17;134;0;0;0
234615082;23;13;306;0;0;0;17;160;0;0;0
234615083;23;13;262;0;0;1;17;95;0;0;2
234615084;23;13;324;0;0;0;17;95;0;0;0
234615085;23;13;308;0;0;3;17;129;0;0;1
234615086;23;13;397;0;0;2;17;148;0;0;1
234615087;23;13;350;0;0;2;17;103;0;0;0
234615088;23;13;312;0;0;1;17;83;0;0;0
234615089;23;13;286;0;0;2;17;106;0;0;3
234615090;23;13;243;0;0;5;17;111;0;0;1
234615091;23;13;271;0;0;3;17;96;0;0;0
234615092;23;13;326;0;0;3;17;137;0;0;0
234615093;23;13;282;0;0;0;17;118;0;0;0
234615094;23;13;189;0;0;0;17;152;0;0;0
234615095;23;13;236;0;0;0;17;195;0;0;0
234615096;23;13;205;0;0;0;17;101;0;0;0
234615097;23;13;217;0;0;0;17;154;0;0;1
234615098;23;13;284;0;0;0;17;140;0;0;0
234615099;23;13;240;0;0;0;17;159;0;0;0
234615100;23;13;214;0;0;1;17;171;0;0;3
234615101;23;13;273;0;0;0;17;148;0;0;0
234615102;23;13;298;0;0;1;17;119;0;0;1
234615103;23;13;210;0;0;0;17;142;0;0;0
234615104;23;13;164;0;0;2;17;122;0;0;2
234615105;23;13;194;0;0;0;17;160;0;0;0
234615106;23;13;195;0;0;3;17;139;0;0;0
234615107;23;13;182;0;0;2;17;89;0;0;1
234615108;23;13;154;0;0;2;17;136;0;0;0
234615109;23;13;193;0;0;0;17;133;0;0;0
234615110;23;13;206;0;0;0;17;114;0;0;0
234615111;23;13;212;0;0;0;17;170;0;0;0
234615112;23;13;169;0;0;2;17;166;0;0;6
234615113;23;13;215;0;0;2;17;163;0;0;4
234615114;23;13;169;0;0;2;17;94;0;0;1
234615115;23;13;211;0;0;4;17;171;0;0;1
234615116;23;13;249;0;0;0;17;170;0;0;0
234615117;23;13;210;0;0;0;17;155;0;0;0
234615118;23;13;181;0;0;0;17;95;0;0;0
234615119;23;13;179;0;0;5;17;161;0;0;2
234615120;23;13;214;0;0;0;17;225;0;0;0
234615121;23;13;179;0;0;4;17;154;0;0;4
234615122;23;13;193;0;0;0;17;277;0;0;0
234615123;23;13;179;0;0;2;17;228;0;0;4
234615124;23;13;151;0;0;0;17;102;0;0;0
234615125;23;13;150;0;0;3;17;116;0;0;4
234615126;23;13;101;0;0;0;17;49;0;0;0
234615127;23;13;4;0;0;1;17;7;0;0;0
234615128;23;13;18;0;0;0;17;12;0;0;0
234615129;23;13;11;0;0;0;17;9;0;0;1
234616001;23;13;320;0;0;0;17;128;0;0;0
234616002;23;13;593;0;0;0;17;203;0;0;0
234616003;23;13;508;0;0;5;17;189;0;0;4
234616004;23;13;384;0;0;0;17;136;0;0;0
234616005;23;13;592;0;0;5;17;227;0;0;3
234616006;23;13;423;0;0;0;17;159;0;0;0
234616007;23;13;317;0;0;0;17;172;0;0;0
234616008;23;13;323;261;62;0;17;136;94;42;0
234616009;23;13;315;0;0;0;17;135;0;0;0
234616010;23;13;134;0;0;9;17;117;0;0;8
234616011;23;13;91;0;0;1;17;91;0;0;1
234616012;23;13;127;0;0;0;17;90;0;0;0
234616013;23;13;138;0;0;1;17;115;0;0;0
234616014;23;13;128;0;0;1;17;116;0;0;0
234616015;23;13;81;0;0;1;17;46;0;0;0
234616016;23;13;183;0;0;0;17;152;0;0;0
234616017;23;13;140;0;0;0;17;108;0;0;0
234616018;23;13;205;0;0;6;17;147;0;0;1
234616019;23;13;157;0;0;1;17;119;0;0;1
234616020;23;13;116;0;0;2;17;111;0;0;0
234616021;23;13;211;0;0;0;17;167;0;0;0
234616022;23;13;78;0;0;1;17;88;0;0;0
234616023;23;13;227;0;0;1;17;123;0;0;2
234616024;23;13;117;0;0;1;17;115;0;0;0
234616025;23;13;153;0;0;0;17;109;0;0;0
234616026;23;13;162;0;0;0;17;105;0;0;1
234616027;23;13;149;0;0;2;17;161;0;0;3
234616028;23;13;177;127;50;0;17;96;55;41;0
234616029;23;13;157;121;36;0;17;126;98;28;0
234616030;23;13;175;121;54;1;17;68;32;36;0
234616031;23;13;165;89;76;0;17;106;52;54;0
234616032;23;13;192;151;41;1;17;62;45;17;1
234616033;23;13;124;51;73;0;17;95;34;61;0
234616034;23;13;209;166;43;0;17;132;91;41;0
234616035;23;13;137;126;11;0;17;107;90;17;0
234616036;23;13;121;67;54;0;17;96;41;55;0
234616037;23;13;124;64;60;0;17;73;29;44;4
234616038;23;13;197;0;0;0;17;61;0;0;0
234616039;23;13;134;0;0;0;17;119;0;0;0
234616040;23;13;230;0;0;2;17;99;0;0;2
234616041;23;13;128;0;0;0;17;88;0;0;0
234616042;23;13;174;0;0;2;17;116;0;0;2
234616043;23;13;182;0;0;1;17;69;0;0;0
234616044;23;13;150;0;0;5;17;95;0;0;1
234616045;23;13;216;0;0;0;17;106;0;0;1
234616046;23;13;191;0;0;0;17;137;0;0;0
234616047;23;13;168;0;0;1;17;101;0;0;1
234616048;23;13;572;266;306;0;17;215;97;118;0
234616049;23;13;249;241;8;0;17;98;95;3;0
234616050;23;13;317;0;0;3;17;161;0;0;0
234616051;23;13;297;0;0;0;17;151;0;0;0
234616052;23;13;149;0;0;1;17;104;0;0;1
234616053;23;13;196;0;0;2;17;132;0;0;0
234616054;23;13;41;0;0;1;17;27;0;0;0
234616055;23;13;128;0;0;4;17;72;0;0;7
234616056;23;13;33;0;0;1;17;15;0;0;1
234617001;23;13;161;0;0;1;17;215;0;0;1
234617002;23;13;152;0;0;0;17;135;0;0;0
234617003;23;13;238;0;0;2;17;182;0;0;4
234617004;23;13;164;0;0;2;17;193;0;0;3
234617005;23;13;186;0;0;4;17;130;0;0;0
234617006;23;13;190;0;0;0;17;162;0;0;0
234617007;23;13;221;0;0;0;17;211;0;0;0
234617008;23;13;191;0;0;1;17;171;0;0;1
234617009;23;13;188;0;0;2;17;271;0;0;2
234617010;23;13;211;0;0;0;17;216;0;0;0
234617011;23;13;175;0;0;0;17;160;0;0;0
234617012;23;13;190;0;0;0;17;285;0;0;0
234617013;23;13;258;0;0;2;17;188;0;0;1
234617014;23;13;187;0;0;0;17;131;0;0;0
234617015;23;13;155;0;0;1;17;75;0;0;0
234617016;23;13;175;0;0;2;17;203;0;0;3
234617017;23;13;167;0;0;4;17;184;0;0;3
234617018;23;13;202;0;0;2;17;135;0;0;2
234617019;23;13;137;0;0;0;17;157;0;0;0
234617020;23;13;212;0;0;3;17;204;0;0;1
234617021;23;13;151;0;0;0;17;156;0;0;0
234617022;23;13;225;0;0;0;17;228;0;0;0
234617023;23;13;272;0;0;2;17;239;0;0;2
234617024;23;13;217;0;0;1;17;142;0;0;3
234617025;23;13;225;0;0;0;17;192;0;0;0
234617026;23;13;134;0;0;2;17;141;0;0;2
234617027;23;13;185;0;0;0;17;186;0;0;0
234617028;23;13;148;0;0;2;17;161;0;0;2
234617029;23;13;144;0;0;0;17;140;0;0;0
234617030;23;13;175;0;0;0;17;193;0;0;0
234617031;23;13;132;0;0;2;17;149;0;0;1
234617032;23;13;178;0;0;1;17;176;0;0;1
234617033;23;13;131;0;0;0;17;121;0;0;0
234617034;23;13;200;0;0;1;17;212;0;0;1
234617035;23;13;225;0;0;0;17;179;0;0;0
234617036;23;13;147;0;0;0;17;117;0;0;0
234617037;23;13;210;0;0;4;17;161;0;0;7
234617038;23;13;144;0;0;1;17;129;0;0;2
234617039;23;13;230;0;0;0;17;163;0;0;0
234617040;23;13;200;0;0;2;17;157;0;0;0
234617041;23;13;188;0;0;2;17;104;0;0;3
234617042;23;13;265;0;0;1;17;108;0;0;3
234617043;23;13;209;0;0;2;17;208;0;0;1
234617044;23;13;128;0;0;0;17;123;0;0;0
234617045;23;13;275;0;0;0;17;228;0;0;0
234617046;23;13;189;0;0;1;17;169;0;0;1
234617047;23;13;216;0;0;1;17;129;0;0;2
234617048;23;13;232;0;0;0;17;221;0;0;0
234617049;23;13;224;0;0;0;17;155;0;0;0
234617050;23;13;223;0;0;1;17;161;0;0;2
234617051;23;13;258;0;0;0;17;156;0;0;0
234617052;23;13;161;0;0;0;17;168;0;0;0
234617053;23;13;258;0;0;0;17;197;0;0;0
234617054;23;13;190;0;0;0;17;165;0;0;0
234617055;23;13;219;0;0;0;17;144;0;0;0
234617056;23;13;237;0;0;3;17;187;0;0;3
234617057;23;13;117;0;0;3;17;118;0;0;0
234617058;23;13;180;0;0;0;17;154;0;0;0
234617059;23;13;178;0;0;4;17;118;0;0;1
234617060;23;13;160;0;0;1;17;137;0;0;1
234617061;23;13;235;0;0;3;17;135;0;0;4
234617062;23;13;213;0;0;1;17;184;0;0;1
234617063;23;13;160;0;0;1;17;100;0;0;0
234617064;23;13;152;0;0;2;17;135;0;0;0
234617065;23;13;179;0;0;0;17;134;0;0;0
234617066;23;13;156;0;0;0;17;134;0;0;0
234617067;23;13;127;0;0;2;17;119;0;0;2
234617068;23;13;233;0;0;1;17;168;0;0;1
234617069;23;13;155;0;0;0;17;140;0;0;0
234617070;23;13;161;0;0;0;17;119;0;0;0
234617071;23;13;6;0;0;0;17;3;0;0;1
234623001;23;13;229;0;0;2;17;116;0;0;0
234623002;23;13;144;0;0;0;17;118;0;0;0
234623003;23;13;275;0;0;3;17;183;0;0;2
234623004;23;13;226;0;0;0;17;164;0;0;0
234623005;23;13;195;0;0;1;17;164;0;0;0
234623006;23;13;196;0;0;0;17;166;0;0;0
234623007;23;13;146;0;0;6;17;91;0;0;3
234623008;23;13;165;0;0;0;17;160;0;0;0
234623009;23;13;229;0;0;0;17;159;0;0;0
234623010;23;13;251;0;0;2;17;267;0;0;2
234623011;23;13;165;0;0;0;17;193;0;0;1
234623012;23;13;184;0;0;0;17;188;0;0;0
234623013;23;13;184;0;0;1;17;188;0;0;2
234623014;23;13;162;0;0;0;17;156;0;0;0
234623015;23;13;178;0;0;4;17;220;0;0;6
234623016;23;13;147;0;0;1;17;213;0;0;0
234623017;23;13;258;0;0;3;17;197;0;0;0
234623018;23;13;197;0;0;2;17;142;0;0;0
234623019;23;13;168;0;0;0;17;183;0;0;0
234623020;23;13;182;0;0;1;17;154;0;0;3
234623021;23;13;301;0;0;0;17;179;0;0;0
234623022;23;13;223;0;0;0;17;152;0;0;0
234623023;23;13;168;0;0;0;17;117;0;0;0
234623024;23;13;202;0;0;0;17;114;0;0;0
234623025;23;13;167;0;0;0;17;161;0;0;0
234623026;23;13;197;0;0;2;17;251;0;0;5
234623027;23;13;223;0;0;13;17;232;0;0;6
234623028;23;13;212;0;0;1;17;273;0;0;7
234623029;23;13;166;0;0;0;17;129;0;0;0
234623030;23;13;219;0;0;0;17;213;0;0;0
234623031;23;13;155;0;0;0;17;149;0;0;0
234623032;23;13;18;0;0;0;17;19;0;0;0
244601001;24;13;149;0;0;3;17;104;0;0;1
244601002;24;13;151;0;0;0;17;169;0;0;0
244601003;24;13;114;0;0;0;17;162;0;0;0
244601004;24;13;160;57;103;1;17;167;78;89;0
244601005;24;13;164;125;39;0;17;207;138;69;0
244601006;24;13;148;111;37;2;17;166;119;47;1
244601007;24;13;168;87;81;0;17;169;94;75;0
244601008;24;13;123;0;0;0;17;156;0;0;0
244601009;24;13;174;0;0;0;17;210;0;0;0
244601010;24;13;156;0;0;0;17;181;0;0;0
244601011;24;13;184;98;86;0;17;151;82;69;0
244601012;24;13;151;130;21;0;17;188;139;49;0
244601013;24;13;171;134;37;0;17;164;119;45;0
244601014;24;13;182;140;42;0;17;181;123;58;0
244601015;24;13;126;86;40;1;17;147;110;37;0
244601016;24;13;137;89;48;0;17;148;95;53;0
244601017;24;13;116;98;18;0;17;156;123;33;0
244601018;24;13;151;132;19;0;17;160;141;19;0
244601019;24;13;156;124;32;0;17;173;125;48;0
244601020;24;13;122;63;59;0;17;162;64;98;0
244601021;24;13;207;0;0;0;17;157;0;0;0
244601022;24;13;147;0;0;0;17;188;0;0;2
244601023;24;13;147;0;0;0;17;140;0;0;0
244601024;24;13;136;0;0;1;17;137;0;0;3
244601025;24;13;138;0;0;0;17;122;0;0;0
244601026;24;13;133;98;35;0;17;167;121;46;0
244601027;24;13;127;83;44;0;17;130;77;53;0
244601028;24;13;163;116;47;0;17;131;88;43;0
244601029;24;13;172;89;83;0;17;198;75;123;0
244601030;24;13;140;90;50;0;17;157;86;71;0
244601031;24;13;126;0;0;0;17;105;0;0;2
244601032;24;13;159;0;0;2;17;168;0;0;0
244601033;24;13;135;0;0;2;17;203;0;0;1
244601034;24;13;98;0;0;0;17;159;0;0;0
244601035;24;13;129;0;0;1;17;154;0;0;1
244601036;24;13;142;0;0;2;17;203;0;0;2
244601037;24;13;159;0;0;0;17;222;0;0;1
244601038;24;13;133;0;0;0;17;203;0;0;0
244601039;24;13;179;0;0;2;17;194;0;0;1
244601040;24;13;147;0;0;0;17;150;0;0;0
244601041;24;13;248;0;0;0;17;146;0;0;1
244601042;24;13;194;0;0;0;17;130;0;0;0
244601043;24;13;16;0;0;0;17;3;0;0;0
244601044;24;13;29;0;0;1;17;13;0;0;0
244601045;24;13;34;0;0;0;17;29;0;0;2
244603001;24;13;110;55;55;3;17;77;39;38;0
244603002;24;13;130;90;40;0;17;95;63;32;0
244603003;24;13;117;89;28;1;17;135;86;49;0
244603004;24;13;120;0;0;0;17;104;0;0;0
244603006;24;13;91;65;26;0;17;110;73;37;0
244603007;24;13;166;126;40;1;17;126;87;39;0
244603008;24;13;113;0;0;2;17;82;0;0;0
244603009;24;13;83;0;0;0;17;88;0;0;1
244603011;24;13;156;0;0;1;17;131;0;0;0
244603012;24;13;73;0;0;1;17;76;0;0;3
244603013;24;13;96;0;0;0;17;70;0;0;0
244603014;24;13;127;0;0;0;17;129;0;0;0
244603016;24;13;88;0;0;0;17;93;0;0;0
244603017;24;13;106;0;0;2;17;52;0;0;0
244603018;24;13;142;0;0;2;17;130;0;0;1
244603020;24;13;150;0;0;0;17;143;0;0;0
244603021;24;13;121;0;0;1;17;99;0;0;1
244603022;24;13;174;0;0;6;17;138;0;0;4
244603024;24;13;189;0;0;0;17;210;0;0;4
244603025;24;13;206;0;0;2;17;202;0;0;2
244603026;24;13;206;0;0;2;17;197;0;0;3
244603028;24;13;201;0;0;0;17;199;0;0;2
244603031;24;13;169;0;0;0;17;117;0;0;0
244603032;24;13;187;0;0;1;17;160;0;0;3
244603034;24;13;137;93;44;0;17;137;79;58;3
244603035;24;13;155;114;41;2;17;133;94;39;0
244603036;24;13;183;125;58;0;17;176;119;57;1
244603037;24;13;197;108;89;0;17;166;93;73;0
244603038;24;13;216;180;36;0;17;153;100;53;0
244603039;24;13;112;88;24;0;17;104;72;32;0
244603040;24;13;150;98;52;0;17;132;88;44;0
244603041;24;13;157;120;37;3;17;128;83;45;2
244603042;24;13;197;138;59;1;17;140;92;48;0
244603043;24;13;237;0;0;0;17;193;0;0;0
244603044;24;13;215;0;0;0;17;138;0;0;0
244603045;24;13;234;0;0;0;17;139;0;0;0
244603046;24;13;248;0;0;2;17;178;0;0;2
244603047;24;13;180;0;0;2;17;162;0;0;1
244603048;24;13;223;0;0;5;17;184;0;0;3
244603050;24;13;206;0;0;0;17;142;0;0;0
244603052;24;13;159;0;0;0;17;175;0;0;0
244603053;24;13;192;0;0;4;17;194;0;0;2
244603054;24;13;218;0;0;3;17;151;0;0;0
244603055;24;13;217;0;0;0;17;175;0;0;0
244603056;24;13;140;0;0;3;17;117;0;0;4
244603057;24;13;204;0;0;0;17;171;0;0;0
244603058;24;13;150;0;0;2;17;106;0;0;0
244603059;24;13;160;0;0;0;17;122;0;0;0
244603060;24;13;199;0;0;1;17;148;0;0;6
244603061;24;13;129;0;0;2;17;112;0;0;1
244603062;24;13;151;0;0;4;17;121;0;0;1
244603063;24;13;142;0;0;3;17;131;0;0;4
244603064;24;13;206;0;0;4;17;197;0;0;3
244604001;24;13;167;0;0;3;17;78;0;0;1
244604002;24;13;152;0;0;0;17;114;0;0;0
244604003;24;13;85;0;0;0;17;90;0;0;0
244604004;24;13;65;0;0;0;17;93;0;0;0
244604005;24;13;116;0;0;2;17;87;0;0;0
244604006;24;13;130;0;0;3;17;81;0;0;1
244604007;24;13;108;0;0;2;17;110;0;0;0
244604008;24;13;140;0;0;1;17;112;0;0;3
244604009;24;13;165;0;0;4;17;154;0;0;0
244604010;24;13;111;0;0;1;17;114;0;0;2
244604011;24;13;67;0;0;0;17;73;0;0;0
244604012;24;13;177;0;0;0;17;142;0;0;0
244604013;24;13;194;0;0;4;17;131;0;0;1
244604016;24;13;170;0;0;0;17;162;0;0;0
244604018;24;13;230;0;0;0;17;143;0;0;0
244604020;24;13;92;0;0;0;17;98;0;0;0
244604021;24;13;88;0;0;0;17;96;0;0;3
244604022;24;13;135;0;0;0;17;135;0;0;0
244604023;24;13;115;0;0;0;17;119;0;0;0
244604024;24;13;131;0;0;1;17;161;0;0;2
244604025;24;13;202;0;0;0;17;137;0;0;2
244604027;24;13;182;0;0;0;17;196;0;0;0
244604028;24;13;150;0;0;1;17;162;0;0;0
244604029;24;13;211;0;0;1;17;175;0;0;1
244604030;24;13;177;0;0;3;17;84;0;0;0
244604031;24;13;115;0;0;0;17;77;0;0;0
244604032;24;13;88;0;0;2;17;42;0;0;0
244604033;24;13;218;0;0;0;17;144;0;0;0
244604034;24;13;208;0;0;0;17;203;0;0;1
244604035;24;13;123;0;0;0;17;106;0;0;0
244604036;24;13;154;0;0;0;17;166;0;0;2
244604037;24;13;122;0;0;1;17;89;0;0;4
244604038;24;13;107;0;0;1;17;121;0;0;2
244604039;24;13;111;0;0;0;17;113;0;0;3
244604040;24;13;118;0;0;4;17;138;0;0;2
244604042;24;13;113;0;0;0;17;106;0;0;0
244604043;24;13;127;0;0;0;17;98;0;0;1
244604044;24;13;107;0;0;1;17;159;0;0;0
244604045;24;13;227;0;0;0;17;209;0;0;0
244604046;24;13;161;0;0;2;17;176;0;0;0
244604047;24;13;150;0;0;2;17;113;0;0;2
244604049;24;13;187;0;0;1;17;102;0;0;2
244604050;24;13;89;0;0;2;17;51;0;0;0
244604051;24;13;141;0;0;0;17;190;0;0;0
244604053;24;13;157;0;0;0;17;137;0;0;0
244604054;24;13;109;0;0;0;17;133;0;0;0
244604055;24;13;215;0;0;1;17;225;0;0;0
244604056;24;13;154;0;0;0;17;111;0;0;0
244604057;24;13;173;0;0;0;17;153;0;0;0
244604058;24;13;235;0;0;0;17;205;0;0;0
244604059;24;13;23;0;0;2;17;17;0;0;0
244605001;24;13;152;0;0;0;17;91;0;0;0
244605002;24;13;158;0;0;2;17;101;0;0;1
244605003;24;13;165;0;0;0;17;102;0;0;0
244605004;24;13;134;0;0;0;17;82;0;0;0
244605005;24;13;172;0;0;0;17;160;0;0;0
244605006;24;13;135;0;0;0;17;129;0;0;0
244605007;24;13;176;0;0;0;17;129;0;0;0
244605008;24;13;228;0;0;4;17;178;0;0;3
244605009;24;13;192;0;0;0;17;182;0;0;0
244605010;24;13;169;0;0;0;17;147;0;0;0
244605011;24;13;202;0;0;1;17;170;0;0;2
244605012;24;13;222;0;0;2;17;185;0;0;0
244605013;24;13;140;0;0;0;17;136;0;0;0
244605014;24;13;223;0;0;0;17;140;0;0;0
244605015;24;13;165;0;0;7;17;146;0;0;2
244605016;24;13;247;0;0;1;17;180;0;0;4
244605017;24;13;258;0;0;0;17;181;0;0;0
244605018;24;13;238;0;0;0;17;170;0;0;0
244605019;24;13;216;0;0;0;17;152;0;0;0
244605020;24;13;115;0;0;0;17;67;0;0;0
244605021;24;13;160;0;0;0;17;129;0;0;0
244605022;24;13;120;0;0;0;17;70;0;0;0
244605023;24;13;152;0;0;1;17;132;0;0;0
244605024;24;13;77;0;0;0;17;30;0;0;2
244605025;24;13;169;0;0;0;17;131;0;0;0
244605026;24;13;142;0;0;0;17;103;0;0;0
244605027;24;13;236;0;0;0;17;154;0;0;1
244605028;24;13;246;0;0;0;17;121;0;0;0
244605029;24;13;200;0;0;0;17;118;0;0;0
244605030;24;13;259;0;0;1;17;162;0;0;1
244605031;24;13;177;0;0;0;17;77;0;0;0
244605032;24;13;173;0;0;5;17;63;0;0;1
244605033;24;13;143;0;0;0;17;115;0;0;0
244605034;24;13;220;0;0;0;17;146;0;0;0
244605035;24;13;98;0;0;0;17;88;0;0;0
244605036;24;13;156;0;0;0;17;132;0;0;0
244605037;24;13;116;0;0;2;17;88;0;0;0
244605038;24;13;173;0;0;0;17;192;0;0;0
244605039;24;13;138;0;0;3;17;104;0;0;1
244605040;24;13;118;0;0;7;17;109;0;0;2
244605041;24;13;190;0;0;0;17;160;0;0;0
244605042;24;13;144;0;0;0;17;99;0;0;0
244605043;24;13;145;0;0;0;17;107;0;0;0
244605044;24;13;266;0;0;2;17;113;0;0;6
244605045;24;13;169;0;0;3;17;179;0;0;2
244605046;24;13;135;0;0;3;17;119;0;0;4
244605047;24;13;144;0;0;0;17;126;0;0;0
244605048;24;13;184;0;0;6;17;98;0;0;8
244605049;24;13;166;0;0;0;17;137;0;0;0
244605050;24;13;184;0;0;6;17;148;0;0;3
244605051;24;13;158;0;0;0;17;121;0;0;0
244605052;24;13;81;0;0;2;17;74;0;0;1
244605053;24;13;114;0;0;0;17;101;0;0;0
244605054;24;13;259;0;0;1;17;141;0;0;0
244605055;24;13;127;0;0;0;17;127;0;0;0
244605056;24;13;128;0;0;0;17;127;0;0;1
244605057;24;13;167;0;0;2;17;112;0;0;1
244605058;24;13;241;0;0;0;17;158;0;0;3
244605059;24;13;228;0;0;4;17;172;0;0;3
244605060;24;13;228;0;0;7;17;162;0;0;9
244605061;24;13;261;0;0;4;17;239;0;0;3
244605062;24;13;48;0;0;0;17;36;0;0;0
244605063;24;13;60;0;0;0;17;32;0;0;2
244605064;24;13;64;0;0;0;17;44;0;0;0
244605065;24;13;114;0;0;0;17;26;0;0;0
244605066;24;13;88;0;0;0;17;13;0;0;0
244606001;24;13;194;0;0;0;17;157;0;0;1
244606002;24;13;218;0;0;3;17;158;0;0;3
244606003;24;13;233;0;0;0;17;154;0;0;0
244606004;24;13;265;0;0;0;17;196;0;0;0
244606005;24;13;212;0;0;0;17;204;0;0;0
244606006;24;13;276;0;0;0;17;174;0;0;0
244606007;24;13;174;0;0;8;17;153;0;0;5
244606008;24;13;224;0;0;4;17;155;0;0;5
244606009;24;13;198;0;0;2;17;157;0;0;0
244606010;24;13;211;0;0;0;17;163;0;0;0
244606011;24;13;229;0;0;4;17;143;0;0;2
244606012;24;13;217;0;0;5;17;143;0;0;6
244606013;24;13;190;0;0;13;17;121;0;0;2
244606014;24;13;213;0;0;1;17;135;0;0;1
244606015;24;13;211;0;0;3;17;139;0;0;4
244606016;24;13;193;0;0;3;17;164;0;0;6
244606017;24;13;250;0;0;0;17;159;0;0;0
244606018;24;13;229;0;0;0;17;161;0;0;0
244606019;24;13;256;0;0;0;17;178;0;0;0
244606020;24;13;159;0;0;2;17;145;0;0;3
244606021;24;13;226;0;0;0;17;178;0;0;0
244606022;24;13;197;0;0;4;17;162;0;0;1
244606023;24;13;214;0;0;0;17;161;0;0;0
244606024;24;13;255;0;0;0;17;155;0;0;0
244606025;24;13;215;0;0;0;17;153;0;0;0
244606026;24;13;220;0;0;0;17;167;0;0;0
244606027;24;13;191;0;0;4;17;193;0;0;1
244606028;24;13;218;0;0;1;17;179;0;0;4
244606029;24;13;164;0;0;0;17;201;0;0;0
244606030;24;13;207;0;0;0;17;170;0;0;0
244606031;24;13;226;0;0;0;17;193;0;0;0
244606032;24;13;265;0;0;0;17;162;0;0;0
244606033;24;13;220;0;0;1;17;139;0;0;2
244606034;24;13;187;0;0;0;17;178;0;0;0
244606035;24;13;220;0;0;3;17;201;0;0;3
244606036;24;13;199;0;0;4;17;189;0;0;1
244606037;24;13;183;0;0;6;17;159;0;0;2
244606038;24;13;191;0;0;2;17;127;0;0;9
244606039;24;13;219;0;0;0;17;154;0;0;0
244606040;24;13;264;0;0;4;17;176;0;0;2
244606041;24;13;218;0;0;3;17;163;0;0;5
244606042;24;13;229;0;0;5;17;184;0;0;1
244606043;24;13;224;0;0;0;17;181;0;0;0
244606044;24;13;223;0;0;0;17;137;0;0;0
244606045;24;13;213;0;0;1;17;136;0;0;3
244606046;24;13;237;0;0;2;17;179;0;0;1
244606047;24;13;212;0;0;0;17;172;0;0;0
244606048;24;13;223;0;0;4;17;152;0;0;3
244606049;24;13;229;0;0;5;17;155;0;0;2
244606050;24;13;231;0;0;1;17;150;0;0;3
244606051;24;13;73;0;0;2;17;68;0;0;1
244606052;24;13;191;0;0;1;17;153;0;0;1
244606053;24;13;209;0;0;2;17;168;0;0;1
244606054;24;13;196;0;0;0;17;183;0;0;0
244606055;24;13;209;0;0;3;17;151;0;0;0
244606056;24;13;192;0;0;0;17;197;0;0;4
244606057;24;13;157;0;0;0;17;171;0;0;0
244606058;24;13;268;0;0;4;17;168;0;0;1
244606059;24;13;197;0;0;2;17;192;0;0;3
244606060;24;13;218;0;0;4;17;221;0;0;3
244606061;24;13;212;0;0;4;17;177;0;0;1
244606062;24;13;212;0;0;0;17;147;0;0;0
244606063;24;13;195;0;0;0;17;172;0;0;0
244606064;24;13;233;0;0;4;17;154;0;0;1
244606065;24;13;172;0;0;0;17;188;0;0;0
244606066;24;13;192;0;0;1;17;133;0;0;0
244606067;24;13;214;0;0;0;17;157;0;0;0
244606068;24;13;254;0;0;0;17;189;0;0;0
244606069;24;13;250;0;0;0;17;200;0;0;0
244606070;24;13;212;0;0;0;17;117;0;0;0
244606071;24;13;201;0;0;0;17;153;0;0;0
244606072;24;13;195;0;0;0;17;150;0;0;0
244606073;24;13;192;0;0;0;17;180;0;0;0
244606074;24;13;246;0;0;2;17;173;0;0;1
244606075;24;13;208;0;0;3;17;142;0;0;2
244606076;24;13;175;0;0;6;17;182;0;0;3
244606077;24;13;210;0;0;2;17;185;0;0;0
244606078;24;13;204;0;0;2;17;165;0;0;3
244606079;24;13;200;0;0;0;17;143;0;0;0
244606080;24;13;197;0;0;2;17;161;0;0;1
244606081;24;13;198;0;0;1;17;185;0;0;1
244606082;24;13;189;0;0;0;17;139;0;0;0
244606083;24;13;207;0;0;1;17;116;0;0;0
244607001;24;13;122;0;0;2;17;109;0;0;4
244607002;24;13;136;0;0;3;17;70;0;0;1
244607003;24;13;127;0;0;1;17;79;0;0;0
244607004;24;13;187;0;0;4;17;152;0;0;0
244607005;24;13;234;0;0;5;17;210;0;0;0
244607006;24;13;140;0;0;3;17;169;0;0;4
244607007;24;13;243;0;0;4;17;191;0;0;0
244607008;24;13;243;0;0;1;17;131;0;0;0
244607009;24;13;205;0;0;0;17;139;0;0;0
244607010;24;13;180;0;0;2;17;153;0;0;3
244607011;24;13;185;0;0;3;17;98;0;0;2
244607012;24;13;191;0;0;0;17;97;0;0;0
244607013;24;13;145;0;0;0;17;82;0;0;0
244607014;24;13;224;0;0;0;17;162;0;0;0
244607015;24;13;209;0;0;0;17;105;0;0;0
244607016;24;13;228;0;0;0;17;188;0;0;0
244607017;24;13;188;0;0;0;17;177;0;0;0
244607018;24;13;164;0;0;2;17;132;0;0;1
244607019;24;13;207;0;0;2;17;164;0;0;1
244607020;24;13;215;0;0;0;17;124;0;0;1
244607021;24;13;252;0;0;0;17;161;0;0;0
244607022;24;13;129;0;0;0;17;75;0;0;0
244607023;24;13;264;0;0;0;17;80;0;0;2
244607024;24;13;171;0;0;0;17;204;0;0;0
244607025;24;13;226;0;0;5;17;210;0;0;0
244607026;24;13;189;0;0;0;17;118;0;0;0
244607027;24;13;126;0;0;0;17;80;0;0;0
244607028;24;13;268;0;0;0;17;174;0;0;0
244607029;24;13;178;0;0;2;17;138;0;0;3
244607030;24;13;179;0;0;0;17;119;0;0;0
244607031;24;13;168;0;0;0;17;102;0;0;0
244607032;24;13;229;0;0;5;17;140;0;0;0
244607033;24;13;192;0;0;0;17;113;0;0;0
244607034;24;13;205;0;0;0;17;106;0;0;0
244607035;24;13;170;0;0;4;17;125;0;0;0
244607036;24;13;229;0;0;2;17;193;0;0;2
244607037;24;13;244;0;0;0;17;160;0;0;0
244607038;24;13;118;0;0;6;17;128;0;0;1
244607039;24;13;185;0;0;1;17;180;0;0;3
244607040;24;13;252;0;0;3;17;154;0;0;1
244607041;24;13;173;0;0;0;17;113;0;0;0
244607042;24;13;233;0;0;0;17;208;0;0;0
244607043;24;13;215;0;0;3;17;203;0;0;3
244607044;24;13;154;0;0;1;17;186;0;0;2
244607045;24;13;189;0;0;2;17;175;0;0;2
244607046;24;13;259;0;0;0;17;160;0;0;0
244607047;24;13;301;0;0;4;17;166;0;0;4
244607048;24;13;221;0;0;0;17;146;0;0;0
244607049;24;13;242;0;0;2;17;148;0;0;0
244607050;24;13;225;0;0;3;17;158;0;0;0
244607051;24;13;162;0;0;0;17;114;0;0;0
244607052;24;13;243;0;0;0;17;145;0;0;0
244607053;24;13;148;0;0;0;17;84;0;0;0
244607054;24;13;132;0;0;0;17;101;0;0;0
244607055;24;13;199;0;0;0;17;188;0;0;0
244607056;24;13;148;0;0;0;17;114;0;0;0
244607057;24;13;180;0;0;0;17;136;0;0;0
244607058;24;13;129;0;0;1;17;129;0;0;3
244607059;24;13;245;0;0;0;17;191;0;0;0
244607060;24;13;247;0;0;2;17;186;0;0;4
244607061;24;13;85;0;0;0;17;68;0;0;0
244607062;24;13;208;0;0;2;17;147;0;0;3
244607063;24;13;223;0;0;2;17;97;0;0;2
244607064;24;13;163;0;0;0;17;89;0;0;0
244607065;24;13;169;0;0;0;17;105;0;0;0
244607066;24;13;166;0;0;0;17;119;0;0;0
244607067;24;13;125;0;0;0;17;121;0;0;0
244607068;24;13;170;0;0;0;17;139;0;0;0
244607069;24;13;213;0;0;0;17;120;0;0;0
244607070;24;13;104;0;0;5;17;53;0;0;2
244607071;24;13;187;0;0;0;17;58;0;0;0
244607072;24;13;152;0;0;0;17;32;0;0;0
244607073;24;13;166;0;0;0;17;72;0;0;0
244607074;24;13;117;0;0;0;17;70;0;0;0
244607075;24;13;167;0;0;0;17;76;0;0;0
244607076;24;13;138;0;0;2;17;62;0;0;4
244607077;24;13;183;0;0;0;17;72;0;0;0
244607078;24;13;89;0;0;0;17;79;0;0;0
244607079;24;13;144;0;0;0;17;95;0;0;0
244607080;24;13;279;0;0;0;17;200;0;0;0
244607081;24;13;199;0;0;4;17;153;0;0;0
244607082;24;13;182;0;0;0;17;116;0;0;0
244607083;24;13;179;0;0;3;17;129;0;0;1
244607084;24;13;184;0;0;2;17;163;0;0;1
244607085;24;13;218;0;0;0;17;102;0;0;0
244614001;24;13;233;0;0;3;17;161;0;0;1
244614002;24;13;210;0;0;3;17;144;0;0;2
244614003;24;13;238;0;0;3;17;120;0;0;1
244614004;24;13;203;0;0;0;17;143;0;0;0
244614005;24;13;260;0;0;3;17;133;0;0;0
244614006;24;13;224;0;0;0;17;157;0;0;0
244614007;24;13;203;0;0;0;17;145;0;0;0
244614008;24;13;279;0;0;0;17;123;0;0;3
244614009;24;13;253;0;0;6;17;120;0;0;6
244614010;24;13;222;0;0;0;17;166;0;0;0
244614011;24;13;191;0;0;1;17;122;0;0;1
244614012;24;13;195;0;0;3;17;157;0;0;0
244614013;24;13;222;0;0;0;17;126;0;0;0
244614014;24;13;233;0;0;0;17;149;0;0;0
244614015;24;13;201;0;0;0;17;146;0;0;0
244614016;24;13;226;0;0;5;17;184;0;0;0
244614017;24;13;199;0;0;1;17;156;0;0;3
244614018;24;13;186;0;0;0;17;127;0;0;0
244614019;24;13;175;0;0;4;17;135;0;0;1
244614021;24;13;196;0;0;3;17;135;0;0;4
244614022;24;13;203;0;0;2;17;127;0;0;1
244614023;24;13;182;0;0;0;17;143;0;0;6
244614024;24;13;176;0;0;0;17;123;0;0;0
244614025;24;13;189;0;0;2;17;123;0;0;1
244614026;24;13;210;0;0;4;17;162;0;0;4
244614027;24;13;236;0;0;0;17;137;0;0;0
244614028;24;13;185;0;0;1;17;130;0;0;1
244614029;24;13;210;0;0;0;17;97;0;0;0
244614030;24;13;146;0;0;6;17;101;0;0;4
244614031;24;13;188;0;0;2;17;168;0;0;0
244614032;24;13;212;0;0;0;17;136;0;0;0
244614033;24;13;204;0;0;5;17;136;0;0;1
244614034;24;13;228;0;0;0;17;144;0;0;0
244614035;24;13;191;0;0;3;17;120;0;0;2
244614036;24;13;204;0;0;1;17;159;0;0;2
244614037;24;13;213;0;0;4;17;168;0;0;3
244614038;24;13;203;0;0;0;17;148;0;0;0
244614039;24;13;197;0;0;0;17;134;0;0;0
244614040;24;13;251;0;0;0;17;141;0;0;0
244614041;24;13;246;0;0;0;17;146;0;0;0
244614042;24;13;268;0;0;0;17;139;0;0;0
244614043;24;13;217;0;0;0;17;197;0;0;0
244614044;24;13;248;0;0;1;17;178;0;0;0
244614045;24;13;282;0;0;3;17;158;0;0;1
244614046;24;13;195;0;0;0;17;157;0;0;0
244614047;24;13;178;0;0;5;17;167;0;0;2
244614048;24;13;212;0;0;0;17;139;0;0;0
244614049;24;13;182;0;0;2;17;129;0;0;1
244614050;24;13;161;0;0;2;17;142;0;0;2
244614051;24;13;237;0;0;4;17;111;0;0;2
244614052;24;13;181;0;0;2;17;169;0;0;1
244614053;24;13;243;0;0;0;17;146;0;0;0
244614054;24;13;238;0;0;3;17;187;0;0;1
244614055;24;13;223;0;0;1;17;171;0;0;1
244614056;24;13;383;0;0;0;17;113;0;0;0
244614057;24;13;224;0;0;0;17;181;0;0;0
244614058;24;13;325;0;0;4;17;115;0;0;0
244614059;24;13;171;0;0;2;17;164;0;0;7
244614060;24;13;251;0;0;0;17;161;0;0;0
244614061;24;13;242;0;0;0;17;158;0;0;0
244614062;24;13;289;0;0;0;17;150;0;0;0
244614063;24;13;211;0;0;2;17;170;0;0;2
244614064;24;13;212;0;0;3;17;144;0;0;3
244614065;24;13;214;0;0;1;17;156;0;0;3
244614066;24;13;196;0;0;0;17;143;0;0;0
244614067;24;13;185;0;0;4;17;154;0;0;0
244614068;24;13;253;0;0;0;17;106;0;0;0
244614069;24;13;231;0;0;0;17;158;0;0;0
244614070;24;13;180;0;0;0;17;127;0;0;0
244614071;24;13;267;0;0;4;17;82;0;0;0
244614072;24;13;231;0;0;6;17;77;0;0;1
244614073;24;13;399;0;0;1;17;97;0;0;2
244614074;24;13;175;0;0;0;17;158;0;0;0
244614075;24;13;194;0;0;3;17;145;0;0;2
244614076;24;13;195;0;0;0;17;133;0;0;0
244614077;24;13;257;0;0;3;17;211;0;0;2
244614078;24;13;25;0;0;0;17;27;0;0;0
244622001;24;13;220;0;0;0;17;177;0;0;0
244622002;24;13;228;0;0;1;17;202;0;0;3
244622003;24;13;113;0;0;0;17;155;0;0;1
244622004;24;13;240;0;0;0;17;251;0;0;0
244622005;24;13;153;0;0;2;17;152;0;0;0
244622006;24;13;203;0;0;5;17;162;0;0;3
244622007;24;13;203;0;0;1;17;186;0;0;0
244622008;24;13;121;0;0;1;17;43;0;0;0
244622009;24;13;165;0;0;6;17;50;0;0;0
244622010;24;13;125;0;0;0;17;42;0;0;0
244622011;24;13;175;0;0;3;17;72;0;0;4
244622012;24;13;186;0;0;3;17;79;0;0;0
244622013;24;13;197;0;0;0;17;79;0;0;0
244622014;24;13;163;0;0;0;17;80;0;0;3
244622015;24;13;202;0;0;0;17;101;0;0;0
244622016;24;13;152;0;0;2;17;77;0;0;2
244622017;24;13;143;0;0;0;17;103;0;0;0
244622018;24;13;289;0;0;4;17;231;0;0;3
244622019;24;13;204;0;0;5;17;111;0;0;0
244622020;24;13;161;0;0;0;17;82;0;0;0
244622021;24;13;149;0;0;1;17;58;0;0;0
244622022;24;13;151;0;0;0;17;86;0;0;0
244622023;24;13;201;0;0;3;17;170;0;0;2
244622024;24;13;99;0;0;0;17;117;0;0;0
244622025;24;13;147;0;0;0;17;109;0;0;0
244622026;24;13;128;0;0;0;17;99;0;0;0
244622027;24;13;149;0;0;0;17;113;0;0;0
244622028;24;13;155;0;0;0;17;132;0;0;0
254611001;25;13;176;0;0;0;17;118;0;0;0
254611002;25;13;181;0;0;0;17;144;0;0;0
254611003;25;13;160;0;0;3;17;123;0;0;9
254611004;25;13;159;0;0;0;17;77;0;0;0
254611005;25;13;320;0;0;0;17;117;0;0;0
254611006;25;13;116;0;0;6;17;84;0;0;5
254611007;25;13;246;0;0;4;17;204;0;0;3
254611008;25;13;151;0;0;0;17;114;0;0;0
254611009;25;13;195;0;0;11;17;138;0;0;13
254611010;25;13;250;0;0;3;17;162;0;0;3
254611011;25;13;219;0;0;2;17;106;0;0;1
254611012;25;13;176;0;0;9;17;99;0;0;10
254611013;25;13;254;0;0;0;17;158;0;0;1
254611014;25;13;244;0;0;0;17;166;0;0;0
254611015;25;13;185;0;0;0;17;164;0;0;0
254611016;25;13;194;0;0;0;17;140;0;0;0
254611017;25;13;235;0;0;14;17;123;0;0;9
254611018;25;13;324;0;0;5;17;123;0;0;1
254611019;25;13;271;0;0;2;17;111;0;0;0
254611020;25;13;247;0;0;4;17;130;0;0;0
254611021;25;13;244;0;0;2;17;132;0;0;2
254611022;25;13;201;0;0;0;17;141;0;0;0
254611023;25;13;271;0;0;1;17;120;0;0;3
254611024;25;13;299;0;0;0;17;129;0;0;0
254611025;25;13;213;0;0;0;17;130;0;0;0
254611026;25;13;153;0;0;4;17;94;0;0;0
254611027;25;13;148;0;0;5;17;123;0;0;4
254611028;25;13;261;0;0;0;17;132;0;0;0
254611029;25;13;140;0;0;2;17;112;0;0;1
254611030;25;13;186;0;0;0;17;116;0;0;0
254611031;25;13;189;0;0;6;17;167;0;0;0
254611032;25;13;228;0;0;0;17;129;0;0;0
254611033;25;13;175;0;0;1;17;112;0;0;1
254611034;25;13;285;0;0;0;17;115;0;0;0
254611035;25;13;238;0;0;0;17;154;0;0;0
254611036;25;13;215;0;0;0;17;134;0;0;0
254611037;25;13;253;0;0;0;17;99;0;0;0
254611038;25;13;202;0;0;4;17;104;0;0;3
254611039;25;13;240;0;0;4;17;145;0;0;0
254611040;25;13;210;0;0;2;17;154;0;0;1
254611041;25;13;175;0;0;0;17;75;0;0;0
254611042;25;13;255;0;0;2;17;138;0;0;3
254611043;25;13;186;0;0;0;17;102;0;0;0
254611044;25;13;183;0;0;0;17;87;0;0;0
254611045;25;13;209;0;0;0;17;147;0;0;2
254611046;25;13;164;0;0;1;17;128;0;0;2
254611047;25;13;205;0;0;2;17;105;0;0;3
254611048;25;13;187;0;0;1;17;128;0;0;1
254611049;25;13;149;0;0;0;17;96;0;0;3
254611050;25;13;152;0;0;0;17;94;0;0;0
254611051;25;13;188;0;0;3;17;142;0;0;2
254611052;25;13;151;0;0;0;17;130;0;0;0
254611053;25;13;149;0;0;0;17;92;0;0;0
254611054;25;13;216;0;0;0;17;138;0;0;0
254611055;25;13;190;0;0;0;17;136;0;0;0
254611056;25;13;110;0;0;16;17;46;0;0;4
254611057;25;13;145;0;0;0;17;153;0;0;0
254611058;25;13;63;0;0;4;17;29;0;0;2
254611059;25;13;124;0;0;0;17;67;0;0;0
254611060;25;13;145;0;0;10;17;88;0;0;5
254611061;25;13;179;0;0;0;17;84;0;0;0
254611062;25;13;150;0;0;13;17;81;0;0;18
254611063;25;13;117;0;0;3;17;68;0;0;0
254611064;25;13;125;0;0;0;17;84;0;0;0
254611065;25;13;125;0;0;0;17;71;0;0;0
254611066;25;13;128;0;0;0;17;84;0;0;0
254611067;25;13;158;0;0;6;17;51;0;0;1
254611068;25;13;26;0;0;0;17;24;0;0;0
254611069;25;13;170;0;0;2;17;135;0;0;0
254611070;25;13;139;0;0;0;17;118;0;0;0
254611071;25;13;126;0;0;0;17;65;0;0;0
254611073;25;13;50;0;0;1;17;28;0;0;0
254611074;25;13;95;0;0;0;17;50;0;0;0
254611075;25;13;56;0;0;3;17;55;0;0;2
254612001;25;13;214;0;0;0;17;269;0;0;0
254612002;25;13;252;0;0;0;17;191;0;0;0
254612003;25;13;265;0;0;0;17;167;0;0;0
254612004;25;13;220;0;0;0;17;158;0;0;0
254612005;25;13;235;0;0;3;17;149;0;0;5
254612006;25;13;186;0;0;3;17;147;0;0;3
254612007;25;13;255;0;0;0;17;156;0;0;0
254612008;25;13;203;0;0;1;17;119;0;0;1
254612009;25;13;235;0;0;0;17;132;0;0;0
254612010;25;13;193;0;0;0;17;138;0;0;0
254612011;25;13;187;0;0;0;17;116;0;0;0
254612012;25;13;162;0;0;2;17;89;0;0;2
254612013;25;13;168;0;0;0;17;100;0;0;0
254612014;25;13;236;0;0;0;17;108;0;0;0
254612015;25;13;222;0;0;0;17;127;0;0;0
254612016;25;13;235;0;0;2;17;156;0;0;2
254612017;25;13;255;0;0;0;17;205;0;0;0
254612018;25;13;214;0;0;0;17;134;0;0;0
254612019;25;13;169;0;0;7;17;90;0;0;0
254612020;25;13;216;0;0;3;17;149;0;0;0
254612021;25;13;246;0;0;0;17;138;0;0;0
254612022;25;13;189;0;0;9;17;190;0;0;6
254612023;25;13;253;0;0;4;17;227;0;0;2
254612024;25;13;207;0;0;4;17;138;0;0;4
254612025;25;13;230;0;0;1;17;167;0;0;2
254612026;25;13;238;0;0;0;17;136;0;0;0
254612027;25;13;259;0;0;0;17;184;0;0;0
254612028;25;13;239;0;0;0;17;163;0;0;0
254612029;25;13;214;0;0;0;17;132;0;0;0
254612030;25;13;225;0;0;0;17;168;0;0;0
254612031;25;13;234;0;0;1;17;161;0;0;5
254612032;25;13;236;0;0;3;17;152;0;0;2
254612033;25;13;235;0;0;1;17;146;0;0;1
254612034;25;13;216;0;0;0;17;98;0;0;0
254612035;25;13;156;0;0;0;17;138;0;0;0
254612036;25;13;190;0;0;4;17;140;0;0;2
254612037;25;13;161;0;0;0;17;120;0;0;0
254612038;25;13;201;0;0;7;17;160;0;0;2
254612039;25;13;265;0;0;5;17;133;0;0;0
254612040;25;13;163;0;0;2;17;76;0;0;1
254612041;25;13;79;0;0;0;17;37;0;0;0
254613001;25;13;153;0;0;1;17;130;0;0;3
254613002;25;13;159;0;0;0;17;143;0;0;3
254613003;25;13;256;0;0;0;17;149;0;0;0
254613004;25;13;236;0;0;0;17;206;0;0;0
254613005;25;13;260;0;0;2;17;199;0;0;3
254613006;25;13;176;0;0;0;17;72;0;0;0
254613007;25;13;224;0;0;5;17;167;0;0;2
254613008;25;13;171;0;0;1;17;151;0;0;2
254613009;25;13;277;0;0;2;17;176;0;0;3
254613010;25;13;225;0;0;0;17;178;0;0;0
254613011;25;13;263;0;0;0;17;204;0;0;0
254613012;25;13;273;0;0;0;17;188;0;0;0
254613013;25;13;239;0;0;3;17;201;0;0;1
254613014;25;13;213;0;0;3;17;181;0;0;5
254613015;25;13;273;0;0;3;17;183;0;0;2
254613016;25;13;254;0;0;0;17;193;0;0;0
254613017;25;13;226;0;0;0;17;162;0;0;0
254613018;25;13;251;0;0;6;17;218;0;0;1
254613019;25;13;239;0;0;0;17;167;0;0;0
254613020;25;13;254;0;0;0;17;170;0;0;0
254613021;25;13;238;0;0;0;17;155;0;0;0
254613022;25;13;241;0;0;3;17;166;0;0;1
254613023;25;13;243;0;0;1;17;215;0;0;0
254613024;25;13;214;0;0;4;17;176;0;0;1
254613025;25;13;248;0;0;0;17;192;0;0;0
254613026;25;13;241;0;0;2;17;177;0;0;0
254613027;25;13;248;0;0;0;17;186;0;0;0
254613028;25;13;234;0;0;4;17;159;0;0;4
254613029;25;13;224;0;0;2;17;149;0;0;1
254613030;25;13;212;0;0;5;17;169;0;0;3
254613031;25;13;204;0;0;11;17;146;0;0;12
254613032;25;13;257;0;0;0;17;152;0;0;0
254613033;25;13;215;0;0;0;17;188;0;0;0
254613034;25;13;209;0;0;3;17;176;0;0;3
254613035;25;13;235;0;0;5;17;149;0;0;0
254613036;25;13;285;0;0;9;17;157;0;0;1
254613037;25;13;254;0;0;0;17;200;0;0;0
254613038;25;13;268;0;0;0;17;155;0;0;0
254613039;25;13;222;0;0;0;17;183;0;0;0
254613040;25;13;245;0;0;0;17;164;0;0;0
254613041;25;13;257;0;0;6;17;163;0;0;2
254613042;25;13;212;0;0;0;17;192;0;0;0
254613043;25;13;254;0;0;0;17;159;0;0;0
254613044;25;13;217;0;0;0;17;142;0;0;0
254613045;25;13;209;0;0;0;17;168;0;0;0
254613046;25;13;196;0;0;0;17;149;0;0;0
254613047;25;13;232;0;0;0;17;170;0;0;0
254613048;25;13;263;0;0;0;17;156;0;0;0
254613049;25;13;235;0;0;0;17;184;0;0;0
254613050;25;13;208;0;0;5;17;154;0;0;4
254613051;25;13;266;0;0;0;17;153;0;0;0
254613052;25;13;165;0;0;0;17;171;0;0;0
254613053;25;13;246;0;0;3;17;156;0;0;3
254613054;25;13;288;0;0;0;17;153;0;0;0
254613055;25;13;203;0;0;4;17;150;0;0;2
254613056;25;13;181;0;0;4;17;137;0;0;1
254613057;25;13;209;0;0;0;17;143;0;0;0
254613058;25;13;239;0;0;0;17;131;0;0;0
254613059;25;13;209;0;0;0;17;145;0;0;0
254613060;25;13;203;0;0;3;17;169;0;0;6
254613061;25;13;179;0;0;3;17;166;0;0;3
254613062;25;13;198;0;0;3;17;151;0;0;3
254613063;25;13;253;0;0;6;17;168;0;0;2
254613064;25;13;238;0;0;0;17;142;0;0;0
254613065;25;13;195;0;0;0;17;173;0;0;0
254613066;25;13;193;0;0;3;17;131;0;0;4
254613067;25;13;190;0;0;0;17;151;0;0;0
254613068;25;13;230;0;0;0;17;165;0;0;4
254613069;25;13;250;0;0;0;17;131;0;0;0
254613070;25;13;182;0;0;4;17;125;0;0;3
254613071;25;13;183;0;0;0;17;182;0;0;0
254613072;25;13;25;0;0;1;17;16;0;0;1
254618001;25;13;237;0;0;4;17;200;0;0;1
254618002;25;13;263;0;0;2;17;201;0;0;1
254618003;25;13;272;0;0;0;17;183;0;0;1
254618004;25;13;228;0;0;3;17;197;0;0;2
254618005;25;13;247;0;0;3;17;209;0;0;1
254618006;25;13;278;0;0;0;17;167;0;0;0
254618007;25;13;171;0;0;2;17;148;0;0;2
254618008;25;13;180;0;0;2;17;129;0;0;2
254618009;25;13;264;0;0;0;17;162;0;0;0
254618010;25;13;330;0;0;0;17;110;0;0;0
254618011;25;13;127;0;0;0;17;126;0;0;0
254618012;25;13;358;0;0;0;17;151;0;0;0
254618013;25;13;283;0;0;2;17;110;0;0;1
254618014;25;13;297;0;0;1;17;124;0;0;1
254618015;25;13;240;0;0;5;17;190;0;0;2
254618016;25;13;278;0;0;8;17;159;0;0;2
254618017;25;13;235;0;0;0;17;162;0;0;0
254618018;25;13;158;0;0;0;17;106;0;0;0
254618019;25;13;237;0;0;0;17;219;0;0;0
254618020;25;13;190;0;0;0;17;145;0;0;0
254618021;25;13;177;0;0;2;17;122;0;0;0
254618022;25;13;263;0;0;0;17;133;0;0;0
254618023;25;13;177;0;0;0;17;155;0;0;0
254618024;25;13;272;0;0;0;17;158;0;0;0
254618025;25;13;217;0;0;0;17;193;0;0;0
254618026;25;13;235;0;0;0;17;205;0;0;0
254618027;25;13;293;0;0;1;17;161;0;0;1
254618028;25;13;319;0;0;0;17;146;0;0;0
254618029;25;13;260;0;0;0;17;145;0;0;0
254618030;25;13;253;0;0;3;17;191;0;0;3
254618031;25;13;255;0;0;8;17;232;0;0;0
254618032;25;13;213;0;0;0;17;191;0;0;0
254618033;25;13;251;0;0;9;17;145;0;0;2
254618034;25;13;256;0;0;2;17;222;0;0;2
254618035;25;13;146;0;0;0;17;142;0;0;0
254618036;25;13;228;0;0;6;17;151;0;0;5
254618037;25;13;274;0;0;0;17;235;0;0;0
254618038;25;13;228;0;0;3;17;211;0;0;2
254618039;25;13;234;0;0;0;17;149;0;0;0
254618040;25;13;168;0;0;0;17;97;0;0;0
254618041;25;13;181;0;0;0;17;155;0;0;0
254618042;25;13;161;0;0;0;17;140;0;0;0
254618043;25;13;170;0;0;0;17;164;0;0;0
254618044;25;13;203;0;0;0;17;133;0;0;0
254618045;25;13;35;0;0;2;17;24;0;0;1
254618046;25;13;182;0;0;0;17;110;0;0;0
254618047;25;13;175;0;0;0;17;122;0;0;0
254618048;25;13;159;0;0;0;17;126;0;0;0
254618049;25;13;242;0;0;0;17;163;0;0;0
254618050;25;13;205;0;0;0;17;110;0;0;0
254618051;25;13;235;0;0;4;17;155;0;0;3
254618052;25;13;223;0;0;1;17;172;0;0;0
254618053;25;13;128;0;0;0;17;96;0;0;0
254618054;25;13;269;0;0;0;17;163;0;0;0
254618055;25;13;161;0;0;1;17;142;0;0;0
254618056;25;13;130;0;0;3;17;117;0;0;3
254618057;25;13;224;0;0;2;17;90;0;0;0
254618058;25;13;151;0;0;0;17;135;0;0;0
254618059;25;13;149;0;0;0;17;107;0;0;0
254618060;25;13;138;0;0;3;17;133;0;0;0
254618061;25;13;193;0;0;2;17;184;0;0;0
254618062;25;13;20;0;0;1;17;8;0;0;0
254618063;25;13;23;0;0;0;17;6;0;0;1
254618064;25;13;19;0;0;0;17;15;0;0;0
254619001;25;13;314;0;0;8;17;105;0;0;1
254619002;25;13;236;0;0;6;17;141;0;0;3
254619003;25;13;147;0;0;3;17;157;0;0;1
254619004;25;13;160;0;0;8;17;127;0;0;4
254619005;25;13;234;0;0;0;17;124;0;0;1
254619006;25;13;139;0;0;14;17;107;0;0;2
254619007;25;13;195;0;0;0;17;140;0;0;0
254619008;25;13;158;0;0;2;17;121;0;0;1
254619009;25;13;180;0;0;0;17;158;0;0;0
254619010;25;13;163;0;0;0;17;113;0;0;0
254619011;25;13;200;0;0;2;17;128;0;0;1
254619012;25;13;61;0;0;1;17;92;0;0;1
254619013;25;13;124;0;0;3;17;97;0;0;2
254619014;25;13;152;0;0;3;17;149;0;0;5
254619015;25;13;262;0;0;4;17;128;0;0;0
254619016;25;13;140;0;0;1;17;82;0;0;0
254619017;25;13;227;0;0;2;17;106;0;0;0
254619018;25;13;217;0;0;0;17;146;0;0;0
254619019;25;13;140;0;0;4;17;134;0;0;4
254619020;25;13;156;0;0;0;17;134;0;0;0
254619021;25;13;173;0;0;4;17;107;0;0;2
254619022;25;13;212;0;0;0;17;146;0;0;0
254619023;25;13;201;0;0;0;17;154;0;0;0
254619024;25;13;244;0;0;0;17;140;0;0;0
254619025;25;13;332;0;0;0;17;152;0;0;0
254619026;25;13;252;0;0;3;17;124;0;0;5
254619027;25;13;219;0;0;2;17;135;0;0;1
254619028;25;13;270;0;0;4;17;114;0;0;4
254619029;25;13;207;0;0;3;17;157;0;0;3
254619030;25;13;246;0;0;0;17;187;0;0;0
254619031;25;13;215;0;0;4;17;119;0;0;1
254619032;25;13;213;0;0;3;17;97;0;0;1
254619033;25;13;235;0;0;0;17;139;0;0;0
254619034;25;13;200;0;0;2;17;147;0;0;3
254619035;25;13;258;0;0;3;17;185;0;0;1
254619036;25;13;177;0;0;0;17;157;0;0;0
254619037;25;13;189;0;0;0;17;106;0;0;1
254619038;25;13;286;0;0;0;17;171;0;0;0
254619039;25;13;297;0;0;0;17;155;0;0;0
254619040;25;13;208;0;0;3;17;165;0;0;2
254619041;25;13;206;0;0;0;17;146;0;0;0
254619042;25;13;173;0;0;2;17;120;0;0;7
254619043;25;13;185;0;0;6;17;112;0;0;0
254619044;25;13;167;0;0;0;17;150;0;0;0
254619045;25;13;199;0;0;2;17;151;0;0;3
254619046;25;13;222;0;0;2;17;118;0;0;5
254619047;25;13;200;0;0;0;17;117;0;0;0
254619048;25;13;150;0;0;0;17;142;0;0;0
254619049;25;13;231;0;0;2;17;167;0;0;4
254619050;25;13;223;0;0;0;17;151;0;0;2
254619051;25;13;180;0;0;2;17;125;0;0;2
254619052;25;13;245;0;0;5;17;142;0;0;1
254619053;25;13;229;0;0;0;17;155;0;0;0
254619054;25;13;180;0;0;5;17;107;0;0;3
254619055;25;13;247;0;0;0;17;162;0;0;0
254619056;25;13;265;0;0;3;17;153;0;0;3
254619057;25;13;228;0;0;0;17;143;0;0;0
254619058;25;13;210;0;0;1;17;146;0;0;5
254619059;25;13;247;0;0;5;17;127;0;0;4
254619060;25;13;213;0;0;5;17;152;0;0;0
254619061;25;13;214;0;0;0;17;136;0;0;0
254619062;25;13;225;0;0;0;17;101;0;0;0
254619063;25;13;169;0;0;3;17;142;0;0;2
254619064;25;13;184;0;0;3;17;142;0;0;8
254619065;25;13;224;0;0;0;17;144;0;0;0
254619066;25;13;161;0;0;2;17;107;0;0;2
254619067;25;13;299;0;0;4;17;93;0;0;0
254619068;25;13;262;0;0;5;17;177;0;0;1
254619069;25;13;186;0;0;3;17;257;0;0;4
254619070;25;13;212;0;0;0;17;246;0;0;3
254619071;25;13;227;0;0;0;17;143;0;0;0
254619072;25;13;277;0;0;0;17;117;0;0;0
254619073;25;13;292;0;0;0;17;164;0;0;0
254619074;25;13;236;0;0;4;17;216;0;0;4
254619075;25;13;264;0;0;0;17;184;0;0;0
254619076;25;13;272;0;0;1;17;160;0;0;1
254619077;25;13;208;0;0;0;17;161;0;0;0
254619078;25;13;184;0;0;5;17;163;0;0;5
254619079;25;13;152;0;0;3;17;115;0;0;1
254619080;25;13;208;0;0;3;17;194;0;0;3
254619081;25;13;200;0;0;0;17;125;0;0;0
254619082;25;13;230;0;0;2;17;164;0;0;0
254619083;25;13;243;0;0;0;17;187;0;0;0
254619084;25;13;194;0;0;0;17;162;0;0;0
254619085;25;13;188;0;0;0;17;123;0;0;0
254619086;25;13;209;0;0;0;17;131;0;0;0
254619087;25;13;185;0;0;0;17;140;0;0;2
254619088;25;13;177;0;0;4;17;149;0;0;2
254619089;25;13;235;0;0;5;17;202;0;0;3
254619090;25;13;316;0;0;2;17;217;0;0;1
254619091;25;13;230;0;0;3;17;122;0;0;2
254619092;25;13;166;0;0;3;17;126;0;0;7
254619093;25;13;255;0;0;0;17;101;0;0;0
254619094;25;13;196;0;0;1;17;126;0;0;1
254619095;25;13;159;0;0;0;17;153;0;0;1
254619096;25;13;265;0;0;0;17;194;0;0;0
254619097;25;13;287;0;0;4;17;144;0;0;1
254619098;25;13;293;0;0;4;17;154;0;0;2
254619099;25;13;250;0;0;1;17;211;0;0;0
254619100;25;13;236;0;0;2;17;193;0;0;2
254619101;25;13;237;0;0;6;17;188;0;0;10
254619102;25;13;256;0;0;0;17;170;0;0;0
254619103;25;13;228;0;0;4;17;194;0;0;1
254619104;25;13;250;0;0;1;17;159;0;0;2
254619105;25;13;249;0;0;0;17;222;0;0;0
254619106;25;13;258;0;0;0;17;145;0;0;0
254619107;25;13;246;0;0;3;17;208;0;0;2
254619108;25;13;178;0;0;1;17;176;0;0;1
254619109;25;13;229;0;0;1;17;210;0;0;1
254619110;25;13;250;0;0;2;17;198;0;0;3
254619111;25;13;216;0;0;5;17;141;0;0;1
254619112;25;13;208;0;0;0;17;130;0;0;0
254619113;25;13;193;0;0;0;17;142;0;0;0
254619114;25;13;222;0;0;1;17;153;0;0;3
254619115;25;13;212;0;0;2;17;179;0;0;1
254619116;25;13;222;0;0;5;17;110;0;0;3
254619117;25;13;197;0;0;0;17;183;0;0;0
254619118;25;13;193;0;0;2;17;103;0;0;3
254619119;25;13;186;0;0;4;17;174;0;0;0
254619120;25;13;164;0;0;3;17;170;0;0;0
254619121;25;13;252;0;0;1;17;176;0;0;2
254619122;25;13;284;0;0;3;17;208;0;0;3
254619123;25;13;230;0;0;1;17;132;0;0;1
254619124;25;13;212;0;0;0;17;135;0;0;0
254619125;25;13;202;0;0;6;17;122;0;0;4
254619126;25;13;186;0;0;1;17;127;0;0;2
254619127;25;13;182;0;0;0;17;171;0;0;0
254619128;25;13;180;0;0;1;17;128;0;0;3
254619129;25;13;227;0;0;0;17;203;0;0;0
254619130;25;13;233;0;0;0;17;157;0;0;0
254619131;25;13;49;0;0;0;17;26;0;0;0
254620001;25;13;256;0;0;8;17;203;0;0;4
254620002;25;13;262;0;0;2;17;169;0;0;1
254620003;25;13;246;0;0;5;17;196;0;0;1
254620004;25;13;270;0;0;0;17;245;0;0;0
254620005;25;13;215;0;0;5;17;180;0;0;4
254620006;25;13;209;0;0;2;17;209;0;0;1
254620007;25;13;141;0;0;5;17;188;0;0;0
254620008;25;13;217;0;0;0;17;155;0;0;0
254620009;25;13;181;0;0;0;17;120;0;0;1
254620010;25;13;184;0;0;3;17;150;0;0;6
254620011;25;13;177;0;0;1;17;139;0;0;3
254620012;25;13;185;0;0;0;17;150;0;0;0
254620013;25;13;206;0;0;0;17;141;0;0;0
254620014;25;13;232;0;0;5;17;157;0;0;1
254620015;25;13;183;0;0;0;17;116;0;0;0
254620016;25;13;208;0;0;4;17;153;0;0;0
254620017;25;13;160;0;0;0;17;133;0;0;0
254620018;25;13;214;0;0;0;17;136;0;0;0
254620019;25;13;201;0;0;0;17;131;0;0;0
254620020;25;13;128;0;0;2;17;109;0;0;2
254620021;25;13;150;0;0;0;17;164;0;0;0
254620022;25;13;180;0;0;0;17;127;0;0;3
254620023;25;13;187;0;0;0;17;152;0;0;0
254620024;25;13;220;0;0;0;17;167;0;0;0
254620025;25;13;251;0;0;0;17;160;0;0;0
254620026;25;13;181;0;0;2;17;104;0;0;2
254620027;25;13;226;0;0;1;17;151;0;0;2
254620028;25;13;234;0;0;0;17;142;0;0;0
254620029;25;13;214;0;0;1;17;146;0;0;1
254620030;25;13;203;0;0;1;17;169;0;0;3
254620031;25;13;285;0;0;0;17;133;0;0;0
254620032;25;13;130;0;0;2;17;57;0;0;0
254620033;25;13;194;0;0;0;17;165;0;0;0
254620034;25;13;215;0;0;0;17;127;0;0;0
254620035;25;13;308;0;0;0;17;143;0;0;0
254620036;25;13;241;0;0;1;17;166;0;0;3
254620037;25;13;212;0;0;2;17;171;0;0;2
254620038;25;13;419;0;0;1;17;115;0;0;1
254620039;25;13;203;0;0;1;17;151;0;0;1
254620040;25;13;139;0;0;1;17;158;0;0;3
254620041;25;13;163;0;0;0;17;173;0;0;0
254620042;25;13;272;0;0;5;17;171;0;0;4
254620043;25;13;249;0;0;4;17;143;0;0;4
254620044;25;13;167;0;0;0;17;132;0;0;0
254620045;25;13;112;0;0;0;17;63;0;0;0
254620046;25;13;204;0;0;4;17;152;0;0;5
254620047;25;13;188;0;0;3;17;196;0;0;6
254620048;25;13;118;0;0;0;17;65;0;0;0
254620049;25;13;189;0;0;7;17;192;0;0;2
254620050;25;13;229;0;0;1;17;216;0;0;1
254620051;25;13;211;0;0;0;17;200;0;0;0
254620052;25;13;257;0;0;3;17;225;0;0;1
254620053;25;13;195;0;0;1;17;188;0;0;2
254620054;25;13;75;0;0;0;17;39;0;0;2
254621001;25;13;174;0;0;0;17;97;0;0;1
254621002;25;13;198;0;0;0;17;79;0;0;1
254621004;25;13;160;0;0;1;17;137;0;0;1
254621005;25;13;196;0;0;3;17;170;0;0;1
254621006;25;13;194;0;0;0;17;141;0;0;4
254621007;25;13;183;0;0;0;17;133;0;0;0
254621008;25;13;234;0;0;0;17;195;0;0;0
254621009;25;13;293;0;0;0;17;204;0;0;0
254621010;25;13;224;0;0;0;17;182;0;0;0
254621011;25;13;194;0;0;0;17;142;0;0;0
254621012;25;13;226;0;0;0;17;162;0;0;0
254621013;25;13;265;0;0;4;17;185;0;0;2
254621014;25;13;189;0;0;0;17;115;0;0;0
254621015;25;13;246;0;0;4;17;175;0;0;1
254621016;25;13;229;0;0;1;17;153;0;0;4
254621017;25;13;212;0;0;0;17;138;0;0;0
254621018;25;13;218;0;0;3;17;146;0;0;3
254621019;25;13;231;0;0;4;17;122;0;0;1
254621020;25;13;185;0;0;3;17;88;0;0;1
254621021;25;13;161;0;0;4;17;122;0;0;7
254621022;25;13;126;0;0;0;17;127;0;0;4
254621023;25;13;166;0;0;2;17;129;0;0;3
254621024;25;13;288;0;0;3;17;142;0;0;5
254621025;25;13;218;0;0;0;17;176;0;0;0
254621026;25;13;231;0;0;3;17;115;0;0;0
254621027;25;13;173;0;0;0;17;104;0;0;0
254621028;25;13;184;0;0;5;17;73;0;0;1
254621029;25;13;165;0;0;6;17;146;0;0;5
254621030;25;13;204;0;0;1;17;144;0;0;0
254621031;25;13;220;0;0;0;17;125;0;0;0
254621032;25;13;131;0;0;0;17;112;0;0;0
254621033;25;13;190;0;0;0;17;134;0;0;0
254621034;25;13;125;0;0;0;17;104;0;0;0
254621035;25;13;116;0;0;0;17;104;0;0;0
254621036;25;13;195;0;0;1;17;139;0;0;1
254621037;25;13;179;0;0;1;17;148;0;0;4
254624001;25;13;218;0;0;4;17;192;0;0;1
254624002;25;13;167;0;0;7;17;187;0;0;4
254624003;25;13;204;0;0;0;17;265;0;0;0
254624004;25;13;232;0;0;0;17;226;0;0;0
254624005;25;13;220;0;0;0;17;230;0;0;0
254624006;25;13;265;0;0;0;17;249;0;0;0
254624007;25;13;183;0;0;2;17;212;0;0;0
254624008;25;13;239;0;0;3;17;306;0;0;3
254624009;25;13;154;0;0;0;17;151;0;0;2
254624010;25;13;109;0;0;0;17;130;0;0;0
254624011;25;13;216;0;0;0;17;205;0;0;0
254624012;25;13;25;0;0;0;17;18;0;0;0
254624013;25;13;157;0;0;2;17;214;0;0;3
254624014;25;13;99;0;0;0;17;120;0;0;0
254624015;25;13;91;0;0;1;17;57;0;0;1
254624016;25;13;151;0;0;0;17;89;0;0;2
254624017;25;13;49;0;0;0;17;10;0;0;0
254624018;25;13;27;0;0;0;17;20;0;0;0
254624019;25;13;46;0;0;0;17;14;0;0;1
254624020;25;13;24;0;0;0;17;21;0;0;1
260600001;26;13;217;0;0;1;17;161;0;0;1
260600002;26;13;194;0;0;1;17;134;0;0;3
260600003;26;13;249;0;0;5;17;166;0;0;2
260600004;26;13;297;0;0;1;17;189;0;0;2
260600005;26;13;195;0;0;0;17;115;0;0;0
260600006;26;13;133;0;0;0;17;148;0;0;0
260600007;26;13;145;0;0;0;17;112;0;0;0
260600008;26;13;132;0;0;1;17;160;0;0;0
260600009;26;13;79;0;0;0;17;58;0;0;0
260600010;26;13;68;0;0;2;17;42;0;0;1
260600011;26;13;8;0;0;0;17;9;0;0;0
260600012;26;13;33;0;0;1;17;15;0;0;0
260600013;26;13;248;0;0;1;17;160;0;0;0
260700001;26;13;231;0;0;0;17;107;0;0;0
260700002;26;13;284;0;0;0;17;137;0;0;0
260700003;26;13;318;0;0;1;17;209;0;0;1
260700004;26;13;363;0;0;0;17;136;0;0;0
260700005;26;13;242;0;0;0;17;110;0;0;0
260700006;26;13;309;0;0;1;17;180;0;0;0
260700007;26;13;307;0;0;0;17;187;0;0;0
260700008;26;13;306;0;0;0;17;161;0;0;0
260700009;26;13;227;0;0;4;17;167;0;0;0
260700010;26;13;259;0;0;2;17;177;0;0;0
260700011;26;13;303;0;0;3;17;208;0;0;1
260700012;26;13;249;0;0;3;17;112;0;0;2
260700013;26;13;335;294;41;0;17;159;135;24;0
260700014;26;13;202;200;2;0;17;102;102;0;1
260700015;26;13;240;240;0;0;17;43;43;0;0
260700016;26;13;230;190;40;0;17;74;67;7;0
260700017;26;13;249;0;0;3;17;145;0;0;0
260700018;26;13;329;0;0;2;17;181;0;0;1
260700019;26;13;185;159;26;0;17;95;78;17;0
260700020;26;13;286;0;0;0;17;149;0;0;0
260700021;26;13;317;0;0;0;17;127;0;0;0
260700022;26;13;304;195;109;0;17;156;95;61;0
260700023;26;13;316;0;0;2;17;144;0;0;1
260700024;26;13;55;0;0;1;17;29;0;0;1
260700025;26;13;320;0;0;0;17;125;0;0;0
260700026;26;13;348;0;0;1;17;125;0;0;3
260700027;26;13;231;0;0;0;17;64;0;0;0
260700028;26;13;335;0;0;0;17;92;0;0;0
260700029;26;13;261;0;0;0;17;122;0;0;0
260700030;26;13;272;0;0;1;17;122;0;0;1
260700031;26;13;222;0;0;0;17;87;0;0;1
260700032;26;13;156;0;0;1;17;75;0;0;0
260700033;26;13;45;0;0;0;17;33;0;0;0
260700034;26;13;40;0;0;0;17;32;0;0;0
260700035;26;13;16;0;0;0;17;7;0;0;0
260700036;26;13;276;0;0;2;17;131;0;0;1
260700037;26;13;236;0;0;0;17;105;0;0;0
260700038;26;13;75;0;0;1;17;78;0;0;2
260700039;26;13;46;0;0;0;17;31;0;0;0
260700040;26;13;53;0;0;1;17;35;0;0;0
260700041;26;13;216;0;0;3;17;140;0;0;1
260700042;26;13;289;0;0;1;17;130;0;0;2
260700043;26;13;266;0;0;2;17;133;0;0;2
260700044;26;13;189;0;0;2;17;76;0;0;1
260700045;26;13;14;0;0;0;17;9;0;0;0
260900001;26;13;247;0;0;2;17;191;0;0;7
260900002;26;13;207;0;0;2;17;210;0;0;1
260900003;26;13;311;0;0;2;17;215;0;0;0
260900004;26;13;188;0;0;2;17;199;0;0;2
260900005;26;13;299;0;0;0;17;258;0;0;0
260900006;26;13;73;0;0;0;17;46;0;0;0
260900007;26;13;21;0;0;1;17;21;0;0;1
260900008;26;13;32;0;0;0;17;21;0;0;0
260900009;26;13;63;0;0;0;17;41;0;0;0
260900010;26;13;13;0;0;0;17;32;0;0;0
260900011;26;13;22;0;0;0;17;53;0;0;2
260900012;26;13;10;0;0;0;17;22;0;0;0
260900013;26;13;11;0;0;0;17;18;0;0;0
261000001;26;13;244;0;0;2;17;147;0;0;1
261000002;26;13;212;0;0;0;17;85;0;0;0
261000003;26;13;155;0;0;1;17;81;0;0;1
261000004;26;13;84;0;0;0;17;46;0;0;0
261000005;26;13;94;0;0;0;17;78;0;0;0
261000006;26;13;309;0;0;3;17;132;0;0;1
261000007;26;13;63;0;0;0;17;47;0;0;0
261000008;26;13;46;0;0;1;17;53;0;0;1
261000009;26;13;70;0;0;2;17;40;0;0;0
261000010;26;13;88;0;0;0;17;31;0;0;0
261000011;26;13;104;0;0;0;17;81;0;0;0
261000012;26;13;76;0;0;0;17;45;0;0;0
261000013;26;13;165;0;0;3;17;84;0;0;2
261000014;26;13;88;0;0;0;17;57;0;0;0
261000015;26;13;87;0;0;0;17;21;0;0;0
261600001;26;13;257;0;0;0;17;113;0;0;0
261600002;26;13;248;0;0;2;17;122;0;0;0
261600003;26;13;207;0;0;3;17;104;0;0;0
261600004;26;13;282;0;0;2;17;119;0;0;1
261600005;26;13;144;0;0;2;17;76;0;0;0
261600006;26;13;17;0;0;0;17;22;0;0;0
261600007;26;13;21;0;0;0;17;21;0;0;1
261600008;26;13;44;0;0;0;17;42;0;0;0
261600009;26;13;7;0;0;0;17;20;0;0;0
261600010;26;13;11;0;0;0;17;27;0;0;0
261600011;26;13;23;0;0;1;17;21;0;0;0
261600012;26;13;14;0;0;0;17;21;0;0;0
261600013;26;13;27;0;0;1;17;23;0;0;2
261600014;26;13;48;0;0;1;17;22;0;0;0
261600015;26;13;22;0;0;0;17;12;0;0;0
261600016;26;13;16;0;0;0;17;5;0;0;0
261600017;26;13;186;0;0;5;17;73;0;0;3
261600018;26;13;24;0;0;0;17;11;0;0;1
261600019;26;13;20;0;0;1;17;35;0;0;0
261600020;26;13;17;0;0;0;17;15;0;0;0
261600021;26;13;22;0;0;0;17;19;0;0;0
261600022;26;13;10;0;0;0;17;15;0;0;0
261600023;26;13;41;0;0;1;17;23;0;0;0
261600024;26;13;16;0;0;0;17;17;0;0;0
261700001;26;13;303;0;0;0;17;134;0;0;0
261700002;26;13;189;0;0;2;17;124;0;0;1
261700003;26;13;241;0;0;0;17;122;0;0;0
261700004;26;13;356;0;0;2;17;138;0;0;2
261700005;26;13;286;0;0;3;17;154;0;0;2
261700006;26;13;348;0;0;0;17;154;0;0;0
261700007;26;13;241;0;0;2;17;113;0;0;2
261700008;26;13;24;0;0;0;17;11;0;0;0
261700009;26;13;354;0;0;0;17;155;0;0;0
261700010;26;13;288;0;0;3;17;131;0;0;4
261700011;26;13;223;0;0;2;17;119;0;0;3
261700012;26;13;192;0;0;0;17;113;0;0;0
261700013;26;13;346;0;0;3;17;193;0;0;1
261700014;26;13;273;0;0;3;17;153;0;0;1
261700015;26;13;171;0;0;1;17;63;0;0;2
261700016;26;13;120;0;0;3;17;69;0;0;0
261700017;26;13;150;0;0;0;17;113;0;0;0
261700018;26;13;170;0;0;2;17;120;0;0;0
261700019;26;13;275;0;0;1;17;174;0;0;1
261700020;26;13;168;0;0;2;17;47;0;0;1
261700021;26;13;220;0;0;1;17;94;0;0;1
261700022;26;13;123;0;0;0;17;93;0;0;0
261700023;26;13;17;0;0;0;17;20;0;0;0
261700024;26;13;99;0;0;0;17;48;0;0;0
261700025;26;13;209;0;0;0;17;138;0;0;0
261700026;26;13;340;0;0;15;17;68;0;0;1
261700027;26;13;247;0;0;0;17;83;0;0;0
261700028;26;13;221;0;0;3;17;92;0;0;3
261700029;26;13;39;0;0;0;17;51;0;0;0
261700030;26;13;40;0;0;1;17;10;0;0;0
261700031;26;13;13;0;0;0;17;21;0;0;0
261700032;26;13;98;0;0;0;17;105;0;0;0
261700033;26;13;91;0;0;1;17;37;0;0;0
261800001;26;13;309;0;0;2;17;79;0;0;2
261800002;26;13;253;0;0;2;17;117;0;0;1
261800003;26;13;331;0;0;3;17;102;0;0;0
261800004;26;13;369;0;0;4;17;97;0;0;0
261800005;26;13;320;0;0;0;17;125;0;0;0
261800006;26;13;441;0;0;5;17;126;0;0;1
261800007;26;13;374;0;0;1;17;115;0;0;1
261800008;26;13;328;0;0;4;17;119;0;0;1
261800009;26;13;428;0;0;2;17;110;0;0;1
261800010;26;13;301;0;0;1;17;101;0;0;0
261800011;26;13;427;0;0;10;17;95;0;0;2
261800013;26;13;86;0;0;0;17;28;0;0;0
261800014;26;13;42;0;0;0;17;14;0;0;0
261800015;26;13;52;0;0;0;17;11;0;0;0
261800016;26;13;42;0;0;0;17;15;0;0;0
261800017;26;13;10;0;0;0;17;3;0;0;0
261800018;26;13;86;0;0;0;17;13;0;0;1
261800019;26;13;153;0;0;4;17;45;0;0;0
261800020;26;13;79;0;0;1;17;15;0;0;0
261800021;26;13;108;0;0;0;17;37;0;0;0
262000001;26;13;295;0;0;5;17;235;0;0;5
262000002;26;13;278;239;39;0;17;204;155;49;0
262000003;26;13;212;0;0;5;17;187;0;0;2
262000004;26;13;284;0;0;0;17;262;0;0;1
262000005;26;13;292;0;0;0;17;221;0;0;0
262000006;26;13;282;178;104;3;17;245;145;100;4
262000007;26;13;265;152;113;1;17;206;120;86;2
262000008;26;13;217;167;50;0;17;158;124;34;0
262000009;26;13;288;0;0;7;17;222;0;0;4
262000010;26;13;101;0;0;5;17;67;0;0;4
262000011;26;13;141;0;0;5;17;383;0;0;3
262000012;26;13;161;0;0;0;17;311;0;0;0
262000013;26;13;68;0;0;0;17;59;0;0;1
262000014;26;13;141;0;0;4;17;132;0;0;1
262000015;26;13;86;0;0;0;17;112;0;0;0
262000016;26;13;56;0;0;1;17;54;0;0;1
262000017;26;13;10;0;0;0;17;17;0;0;0
262000018;26;13;23;0;0;0;17;25;0;0;0
262000019;26;13;99;0;0;2;17;149;0;0;2
262000020;26;13;75;0;0;1;17;54;0;0;0
262000021;26;13;24;0;0;0;17;13;0;0;0
262000022;26;13;21;0;0;1;17;11;0;0;1
262000023;26;13;9;0;0;0;17;28;0;0;0
262000024;26;13;148;0;0;4;17;112;0;0;5
262000025;26;13;129;0;0;0;17;49;0;0;0
262000026;26;13;289;0;0;0;17;128;0;0;0
262000027;26;13;16;0;0;0;17;18;0;0;0
262000028;26;13;32;0;0;0;17;32;0;0;0
262000029;26;13;22;0;0;0;17;37;0;0;1
262000030;26;13;145;0;0;0;17;295;0;0;0
262400001;26;13;329;0;0;3;17;168;0;0;0
262400002;26;13;373;0;0;0;17;145;0;0;0
262400003;26;13;230;0;0;1;17;87;0;0;0
262500001;26;13;249;0;0;4;17;131;0;0;3
262500002;26;13;199;0;0;1;17;127;0;0;1
262500003;26;13;256;0;0;3;17;100;0;0;1
262500004;26;13;306;0;0;3;17;152;0;0;4
262500005;26;13;185;0;0;1;17;99;0;0;1
262500006;26;13;235;0;0;0;17;137;0;0;0
262500007;26;13;252;0;0;0;17;139;0;0;0
262500008;26;13;185;0;0;0;17;112;0;0;0
262500009;26;13;228;0;0;0;17;126;0;0;0
262500010;26;13;249;0;0;0;17;102;0;0;0
262500011;26;13;304;0;0;2;17;125;0;0;1
262500012;26;13;212;0;0;0;17;74;0;0;0
262500013;26;13;256;0;0;0;17;60;0;0;0
262500014;26;13;285;0;0;26;17;73;0;0;0
262500015;26;13;195;0;0;3;17;92;0;0;0
262500016;26;13;240;0;0;2;17;83;0;0;1
262500017;26;13;96;0;0;0;17;20;0;0;0
262500018;26;13;96;0;0;0;17;61;0;0;0
262500019;26;13;20;0;0;0;17;17;0;0;0
262500020;26;13;19;0;0;0;17;11;0;0;0
262500021;26;13;49;0;0;0;17;24;0;0;0
262600001;26;13;200;0;0;1;17;174;0;0;5
262600002;26;13;244;0;0;3;17;177;0;0;3
262600003;26;13;276;0;0;0;17;189;0;0;0
262600004;26;13;266;0;0;0;17;237;0;0;3
262600005;26;13;227;0;0;0;17;166;0;0;2
262600006;26;13;261;0;0;0;17;159;0;0;0
262600007;26;13;295;0;0;1;17;178;0;0;0
262600008;26;13;244;0;0;0;17;211;0;0;0
262600009;26;13;245;0;0;0;17;203;0;0;0
262600010;26;13;252;0;0;4;17;216;0;0;1
262600011;26;13;297;0;0;3;17;220;0;0;1
262600012;26;13;252;0;0;1;17;214;0;0;1
262600013;26;13;266;0;0;3;17;206;0;0;4
262600014;26;13;144;0;0;1;17;141;0;0;1
262600015;26;13;44;0;0;2;17;36;0;0;0
262600016;26;13;82;0;0;0;17;103;0;0;2
262600017;26;13;59;0;0;0;17;48;0;0;0
262600018;26;13;262;0;0;2;17;196;0;0;5
262600019;26;13;214;0;0;1;17;239;0;0;2
262600020;26;13;103;0;0;0;17;71;0;0;1
262600021;26;13;98;0;0;0;17;54;0;0;0
262600022;26;13;42;0;0;0;17;38;0;0;0
262600023;26;13;31;0;0;0;17;37;0;0;0
263400001;26;13;336;0;0;0;17;117;0;0;2
263400002;26;13;256;0;0;0;17;82;0;0;0
263400003;26;13;248;0;0;2;17;115;0;0;0
263400004;26;13;252;0;0;0;17;149;0;0;0
263400005;26;13;239;0;0;2;17;104;0;0;0
263400006;26;13;229;0;0;0;17;60;0;0;0
263400007;26;13;92;0;0;0;17;46;0;0;0
263400008;26;13;23;0;0;0;17;14;0;0;0
263400009;26;13;65;0;0;0;17;24;0;0;0
263400010;26;13;46;0;0;0;17;27;0;0;0
263400011;26;13;275;0;0;1;17;124;0;0;1
263400012;26;13;68;0;0;3;17;16;0;0;1
263400013;26;13;166;0;0;0;17;74;0;0;0
263400014;26;13;157;0;0;0;17;50;0;0;0
263400015;26;13;112;0;0;0;17;31;0;0;0
263400016;26;13;17;0;0;0;17;6;0;0;0
263900001;26;13;214;0;0;0;17;81;0;0;1
263900002;26;13;152;98;54;3;17;76;37;39;1
263900003;26;13;258;99;159;0;17;151;64;87;0
263900004;26;13;227;0;0;0;17;116;0;0;0
263900005;26;13;215;0;0;2;17;118;0;0;0
263900006;26;13;221;0;0;0;17;102;0;0;0
263900007;26;13;216;174;42;3;17;174;126;48;1
263900008;26;13;345;0;0;0;17;144;0;0;0
263900009;26;13;155;89;66;0;17;138;84;54;0
263900010;26;13;198;169;29;0;17;130;100;30;0
263900011;26;13;151;0;0;0;17;116;0;0;0
263900012;26;13;162;0;0;0;17;150;0;0;0
263900013;26;13;253;0;0;0;17;129;0;0;0
263900014;26;13;216;0;0;4;17;142;0;0;3
263900015;26;13;211;0;0;1;17;153;0;0;1
263900016;26;13;206;0;0;2;17;161;0;0;3
263900017;26;13;170;0;0;0;17;125;0;0;1
263900018;26;13;183;0;0;1;17;152;0;0;1
263900019;26;13;199;0;0;0;17;161;0;0;0
263900020;26;13;156;0;0;2;17;149;0;0;1
263900021;26;13;144;0;0;0;17;113;0;0;0
263900022;26;13;20;0;0;0;17;16;0;0;1
263900023;26;13;158;0;0;1;17;88;0;0;1
263900024;26;13;248;0;0;1;17;161;0;0;1
263900025;26;13;175;0;0;3;17;109;0;0;0
263900026;26;13;297;0;0;2;17;182;0;0;3
263900027;26;13;233;0;0;0;17;169;0;0;0
263900028;26;13;233;0;0;0;17;136;0;0;0
263900029;26;13;209;0;0;1;17;171;0;0;0
263900030;26;13;313;0;0;0;17;162;0;0;0
263900031;26;13;267;0;0;0;17;171;0;0;0
263900032;26;13;413;0;0;3;17;61;0;0;0
263900033;26;13;530;0;0;0;17;6;0;0;0
263900034;26;13;310;0;0;0;17;13;0;0;0
263900035;26;13;275;0;0;0;17;41;0;0;0
263900036;26;13;381;0;0;30;17;96;0;0;23
263900037;26;13;61;0;0;0;17;28;0;0;0
263900038;26;13;30;0;0;0;17;27;0;0;0
263900039;26;13;82;0;0;2;17;64;0;0;0
263900040;26;13;80;0;0;0;17;41;0;0;1
263900041;26;13;62;0;0;1;17;34;0;0;2
263900042;26;13;276;0;0;0;17;192;0;0;0
263900043;26;13;44;0;0;0;17;15;0;0;0
263900044;26;13;118;0;0;3;17;51;0;0;0
263900045;26;13;183;0;0;3;17;61;0;0;0
263900046;26;13;78;0;0;0;17;47;0;0;0
263900047;26;13;64;0;0;0;17;70;0;0;0
263900048;26;13;112;0;0;0;17;85;0;0;2
263900049;26;13;77;0;0;3;17;38;0;0;1
263900050;26;13;92;0;0;1;17;45;0;0;0
263900051;26;13;85;0;0;0;17;48;0;0;1
263900052;26;13;124;0;0;1;17;47;0;0;0
263900053;26;13;146;0;0;2;17;108;0;0;0
263900054;26;13;217;0;0;8;17;90;0;0;2
263900055;26;13;242;0;0;0;17;132;0;0;0
263900056;26;13;192;0;0;0;17;95;0;0;0
263900057;26;13;134;0;0;0;17;40;0;0;0
263900058;26;13;145;0;0;0;17;80;0;0;0
263900059;26;13;177;0;0;0;17;123;0;0;0
263900060;26;13;191;0;0;0;17;130;0;0;0
263900061;26;13;109;0;0;1;17;131;0;0;1
263900062;26;13;223;0;0;0;17;83;0;0;3
263900063;26;13;214;0;0;3;17;109;0;0;1
263900064;26;13;33;0;0;0;17;14;0;0;0
263900065;26;13;18;0;0;0;17;7;0;0;0
264300001;26;13;304;0;0;2;17;214;0;0;1
264300002;26;13;316;0;0;0;17;202;0;0;0
264300003;26;13;234;0;0;2;17;106;0;0;3
264300004;26;13;276;0;0;2;17;156;0;0;1
264300005;26;13;229;0;0;2;17;167;0;0;0
264300006;26;13;279;0;0;7;17;135;0;0;0
264300007;26;13;318;0;0;0;17;194;0;0;0
264300008;26;13;334;0;0;3;17;150;0;0;1
264300009;26;13;30;0;0;0;17;7;0;0;0
264300010;26;13;44;0;0;0;17;21;0;0;0
264300011;26;13;34;0;0;1;17;6;0;0;0
264300012;26;13;52;0;0;0;17;46;0;0;0
264300013;26;13;174;0;0;1;17;131;0;0;2
264300014;26;13;127;0;0;0;17;124;0;0;1
264300015;26;13;76;0;0;0;17;17;0;0;0
264300016;26;13;319;0;0;1;17;145;0;0;0
264300017;26;13;187;0;0;0;17;74;0;0;0
264300018;26;13;211;0;0;0;17;129;0;0;0
264300019;26;13;12;0;0;1;17;9;0;0;0
264300020;26;13;16;0;0;0;17;8;0;0;0
264300021;26;13;73;0;0;1;17;27;0;0;2
264300022;26;13;43;0;0;0;17;4;0;0;0
264300023;26;13;62;0;0;0;17;32;0;0;0
264300024;26;13;11;0;0;0;17;5;0;0;0
264300025;26;13;50;0;0;0;17;29;0;0;0
264300026;26;13;86;0;0;0;17;40;0;0;0
264300027;26;13;331;0;0;0;17;184;0;0;0
264300028;26;13;285;0;0;0;17;133;0;0;0
264300029;26;13;16;0;0;0;17;5;0;0;0
264300030;26;13;33;0;0;0;17;36;0;0;0
264300031;26;13;33;0;0;0;17;16;0;0;0
264300032;26;13;82;0;0;1;17;52;0;0;1
264300033;26;13;178;0;0;3;17;25;0;0;2
264300034;26;13;35;0;0;0;17;7;0;0;0
264300035;26;13;50;0;0;0;17;11;0;0;0
264300036;26;13;95;0;0;0;17;34;0;0;0
264300037;26;13;223;0;0;5;17;177;0;0;5
264300038;26;13;5;0;0;0;17;4;0;0;0
264300039;26;13;281;0;0;2;17;168;0;0;4
264300040;26;13;233;0;0;0;17;146;0;0;0
264300041;26;13;262;0;0;4;17;103;0;0;3
264300042;26;13;218;0;0;0;17;128;0;0;1
264300043;26;13;39;0;0;0;17;20;0;0;1
264500001;26;13;19;0;0;0;17;16;0;0;0
264500002;26;13;51;0;0;0;17;28;0;0;0
264500003;26;13;283;0;0;3;17;183;0;0;0
264500004;26;13;325;0;0;0;17;167;0;0;0
264500005;26;13;241;0;0;2;17;120;0;0;2
264500006;26;13;207;0;0;3;17;134;0;0;1
264500007;26;13;194;0;0;0;17;145;0;0;0
264500008;26;13;286;0;0;1;17;170;0;0;0
264500009;26;13;208;0;0;0;17;120;0;0;0
264500010;26;13;284;0;0;2;17;140;0;0;4
264500011;26;13;208;0;0;0;17;130;0;0;0
264500012;26;13;165;0;0;4;17;110;0;0;10
264500013;26;13;182;0;0;2;17;117;0;0;0
264500014;26;13;11;0;0;0;17;9;0;0;0
264500015;26;13;21;0;0;0;17;33;0;0;1
264500016;26;13;33;0;0;0;17;31;0;0;0
264500017;26;13;15;0;0;1;17;17;0;0;0
264700001;26;13;258;0;0;3;17;113;0;0;1
264700002;26;13;177;0;0;0;17;63;0;0;0
264700003;26;13;273;0;0;1;17;150;0;0;2
264700004;26;13;227;0;0;0;17;100;0;0;0
264700005;26;13;225;0;0;1;17;83;0;0;0
264700006;26;13;239;0;0;0;17;120;0;0;0
264700007;26;13;183;0;0;4;17;108;0;0;2
264700008;26;13;89;0;0;0;17;60;0;0;0
264700009;26;13;75;0;0;0;17;43;0;0;0
264700010;26;13;99;0;0;1;17;27;0;0;0
265400001;26;13;245;0;0;7;17;111;0;0;3
265400002;26;13;201;0;0;6;17;112;0;0;1
265500001;26;13;166;0;0;2;17;91;0;0;0
265500002;26;13;138;0;0;0;17;121;0;0;0
265500003;26;13;129;0;0;2;17;76;0;0;0
265500004;26;13;234;0;0;1;17;114;0;0;3
265500005;26;13;203;0;0;4;17;110;0;0;3
265500006;26;13;193;0;0;0;17;103;0;0;0
265500007;26;13;214;0;0;4;17;151;0;0;1
265500008;26;13;172;0;0;2;17;135;0;0;1
265500009;26;13;199;0;0;2;17;100;0;0;0
265500010;26;13;246;0;0;1;17;127;0;0;1
265500011;26;13;190;0;0;0;17;110;0;0;3
265500012;26;13;269;0;0;0;17;123;0;0;0
265500013;26;13;11;0;0;0;17;6;0;0;0
265500014;26;13;21;0;0;1;17;14;0;0;0
265600001;26;13;260;0;0;1;17;84;0;0;0
265600002;26;13;217;0;0;0;17;66;0;0;0
265600003;26;13;86;0;0;3;17;52;0;0;0
265600004;26;13;91;0;0;1;17;59;0;0;0
265600005;26;13;25;0;0;2;17;10;0;0;0
265600006;26;13;40;0;0;1;17;22;0;0;0
265700001;26;13;239;0;0;3;17;79;0;0;1
265700002;26;13;185;0;0;1;17;73;0;0;0
265800001;26;13;273;0;0;0;17;198;0;0;0
265800002;26;13;186;0;0;1;17;99;0;0;0
265900001;26;13;199;0;0;2;17;245;0;0;1
265900002;26;13;185;0;0;2;17;256;0;0;2
265900003;26;13;179;0;0;0;17;249;0;0;1
265900004;26;13;158;0;0;2;17;236;0;0;0
265900005;26;13;157;0;0;2;17;261;0;0;2
265900006;26;13;151;0;0;0;17;350;0;0;0
265900007;26;13;10;0;0;0;17;40;0;0;0
270400001;27;13;242;0;0;2;17;92;0;0;0
270400002;27;13;44;0;0;1;17;20;0;0;0
270400003;27;13;88;0;0;0;17;43;0;0;0
270400004;27;13;158;0;0;3;17;82;0;0;1
270400005;27;13;224;0;0;4;17;49;0;0;0
270400006;27;13;182;0;0;0;17;69;0;0;1
270400007;27;13;248;0;0;0;17;108;0;0;0
270400008;27;13;213;0;0;0;17;100;0;0;0
270400009;27;13;80;0;0;1;17;66;0;0;3
270400010;27;13;212;0;0;0;17;87;0;0;0
270400011;27;13;49;0;0;1;17;18;0;0;0
270400012;27;13;206;0;0;4;17;74;0;0;2
270400013;27;13;31;0;0;0;17;4;0;0;0
270400014;27;13;106;0;0;3;17;41;0;0;0
270400015;27;13;77;0;0;0;17;42;0;0;0
270400016;27;13;31;0;0;1;17;20;0;0;0
270400017;27;13;36;0;0;0;17;12;0;0;0
270400018;27;13;102;0;0;0;17;23;0;0;0
270400019;27;13;22;0;0;0;17;14;0;0;0
270400020;27;13;43;0;0;1;17;10;0;0;0
270400021;27;13;55;0;0;0;17;26;0;0;0
270400022;27;13;17;0;0;0;17;26;0;0;2
270400023;27;13;81;0;0;0;17;11;0;0;0
270400024;27;13;16;0;0;0;17;6;0;0;0
270400025;27;13;184;0;0;0;17;73;0;0;0
270700001;27;13;280;0;0;0;17;98;0;0;0
270700002;27;13;345;0;0;3;17;110;0;0;0
270700003;27;13;330;0;0;0;17;107;0;0;0
270700004;27;13;276;0;0;0;17;105;0;0;0
270700005;27;13;376;0;0;0;17;74;0;0;0
270700006;27;13;437;0;0;1;17;113;0;0;2
270700007;27;13;353;0;0;1;17;155;0;0;1
270700008;27;13;113;0;0;0;17;18;0;0;0
270700009;27;13;188;0;0;2;17;59;0;0;1
270700010;27;13;197;0;0;0;17;47;0;0;0
270700011;27;13;101;0;0;0;17;37;0;0;0
270700012;27;13;45;0;0;0;17;11;0;0;0
270700013;27;13;25;0;0;1;17;14;0;0;0
270700014;27;13;101;0;0;0;17;28;0;0;0
270700015;27;13;312;0;0;0;17;113;0;0;0
270700016;27;13;245;0;0;0;17;92;0;0;0
270700017;27;13;169;0;0;1;17;53;0;0;0
270700018;27;13;68;0;0;0;17;36;0;0;0
270700019;27;13;332;0;0;1;17;57;0;0;1
270700020;27;13;132;0;0;1;17;71;0;0;0
270700021;27;13;146;0;0;5;17;83;0;0;1
270700022;27;13;109;0;0;0;17;71;0;0;0
270700023;27;13;20;0;0;0;17;6;0;0;0
271200001;27;13;272;0;0;2;17;156;0;0;4
271200002;27;13;290;0;0;0;17;126;0;0;0
271200003;27;13;227;0;0;0;17;130;0;0;0
271200004;27;13;177;0;0;0;17;116;0;0;0
271200005;27;13;248;0;0;0;17;184;0;0;0
271200006;27;13;311;0;0;4;17;135;0;0;2
271200007;27;13;317;0;0;1;17;103;0;0;1
271200008;27;13;250;0;0;0;17;131;0;0;0
271200009;27;13;290;0;0;5;17;186;0;0;0
271200010;27;13;250;0;0;3;17;153;0;0;2
271200011;27;13;250;0;0;5;17;180;0;0;2
271200012;27;13;209;0;0;3;17;129;0;0;0
271200013;27;13;234;0;0;2;17;131;0;0;1
271200014;27;13;306;0;0;0;17;198;0;0;0
271200015;27;13;244;0;0;1;17;143;0;0;1
271200016;27;13;207;0;0;0;17;144;0;0;0
271200017;27;13;191;0;0;0;17;172;0;0;0
271200018;27;13;202;0;0;1;17;141;0;0;1
271200019;27;13;258;0;0;8;17;176;0;0;8
271200020;27;13;228;0;0;0;17;162;0;0;0
271200021;27;13;209;0;0;2;17;138;0;0;5
271200022;27;13;232;0;0;4;17;173;0;0;1
271200023;27;13;252;0;0;2;17;161;0;0;2
271200024;27;13;358;0;0;1;17;190;0;0;0
271200025;27;13;254;0;0;3;17;156;0;0;2
271200026;27;13;204;0;0;0;17;132;0;0;1
271200027;27;13;281;0;0;2;17;187;0;0;3
271200028;27;13;234;0;0;0;17;151;0;0;0
271200029;27;13;246;0;0;1;17;173;0;0;0
271200030;27;13;153;0;0;0;17;83;0;0;0
271200031;27;13;241;0;0;0;17;221;0;0;2
271200032;27;13;327;0;0;6;17;171;0;0;0
271200033;27;13;224;158;66;2;17;161;115;46;2
271200034;27;13;215;148;67;0;17;170;116;54;0
271200035;27;13;196;153;43;2;17;169;130;39;0
271200036;27;13;244;199;45;7;17;134;106;28;3
271200037;27;13;176;0;0;5;17;87;0;0;4
271200038;27;13;240;0;0;1;17;113;0;0;8
271200039;27;13;169;0;0;0;17;130;0;0;0
271200040;27;13;225;0;0;4;17;135;0;0;4
271200041;27;13;259;0;0;0;17;165;0;0;0
271200042;27;13;284;0;0;2;17;196;0;0;3
271200043;27;13;354;0;0;2;17;181;0;0;4
271200044;27;13;272;0;0;0;17;207;0;0;0
271200045;27;13;289;0;0;0;17;174;0;0;0
271200046;27;13;270;0;0;2;17;172;0;0;5
271200047;27;13;279;0;0;4;17;204;0;0;0
271200048;27;13;195;0;0;2;17;130;0;0;2
271200049;27;13;254;0;0;5;17;120;0;0;0
271200050;27;13;181;0;0;0;17;128;0;0;0
271200051;27;13;223;0;0;3;17;164;0;0;0
271200052;27;13;272;0;0;0;17;173;0;0;0
271200053;27;13;268;0;0;7;17;179;0;0;2
271200054;27;13;236;0;0;4;17;162;0;0;2
271200055;27;13;237;0;0;2;17;159;0;0;2
271200056;27;13;203;0;0;0;17;124;0;0;0
271200057;27;13;190;0;0;2;17;121;0;0;4
271200058;27;13;170;0;0;0;17;121;0;0;0
271200059;27;13;210;0;0;3;17;135;0;0;2
271200060;27;13;190;0;0;4;17;139;0;0;1
271200061;27;13;239;0;0;1;17;163;0;0;0
271200062;27;13;178;0;0;1;17;86;0;0;1
271200063;27;13;109;0;0;0;17;39;0;0;0
271200064;27;13;252;0;0;1;17;111;0;0;0
271200065;27;13;274;0;0;4;17;93;0;0;0
271200066;27;13;270;0;0;2;17;69;0;0;1
271200067;27;13;227;0;0;0;17;54;0;0;0
271200068;27;13;235;0;0;0;17;85;0;0;0
271200069;27;13;306;0;0;5;17;130;0;0;0
271200070;27;13;444;0;0;0;17;178;0;0;0
271200071;27;13;298;0;0;10;17;131;0;0;6
271200072;27;13;295;0;0;5;17;195;0;0;3
271200073;27;13;315;0;0;0;17;231;0;0;0
271200074;27;13;166;0;0;2;17;79;0;0;2
271200075;27;13;77;0;0;2;17;49;0;0;0
271200076;27;13;277;0;0;4;17;171;0;0;3
271200077;27;13;258;0;0;3;17;171;0;0;2
271200078;27;13;258;0;0;0;17;156;0;0;0
271200079;27;13;284;0;0;0;17;169;0;0;0
271200080;27;13;281;0;0;5;17;126;0;0;2
271200081;27;13;398;0;0;4;17;213;0;0;1
271200082;27;13;277;0;0;2;17;127;0;0;5
271200083;27;13;305;0;0;0;17;92;0;0;0
271200084;27;13;78;0;0;1;17;40;0;0;0
271200085;27;13;386;0;0;0;17;132;0;0;0
271200086;27;13;206;0;0;4;17;93;0;0;1
271200088;27;13;40;0;0;0;17;14;0;0;0
272200001;27;13;228;0;0;2;17;115;0;0;2
272200002;27;13;269;0;0;0;17;135;0;0;0
272200003;27;13;197;0;0;0;17;146;0;0;0
272200004;27;13;102;0;0;1;17;265;0;0;2
272200005;27;13;85;0;0;0;17;73;0;0;0
272200006;27;13;117;0;0;7;17;110;0;0;10
272200007;27;13;116;0;0;5;17;46;0;0;2
272200008;27;13;111;0;0;2;17;83;0;0;1
272200009;27;13;152;0;0;1;17;113;0;0;2
272200010;27;13;233;0;0;0;17;288;0;0;0
272200011;27;13;16;0;0;1;17;8;0;0;0
272200012;27;13;226;0;0;0;17;105;0;0;0
272200013;27;13;395;0;0;6;17;122;0;0;1
272200014;27;13;145;0;0;0;17;125;0;0;0
272200015;27;13;126;0;0;0;17;94;0;0;0
272300001;27;13;102;0;0;0;17;58;0;0;0
272300002;27;13;15;0;0;0;17;12;0;0;0
272300003;27;13;97;0;0;0;17;72;0;0;2
272300004;27;13;79;0;0;1;17;52;0;0;1
272300005;27;13;71;0;0;2;17;11;0;0;0
272300006;27;13;25;0;0;0;17;36;0;0;0
272300007;27;13;79;0;0;1;17;23;0;0;0
272300008;27;13;36;0;0;0;17;23;0;0;0
272300009;27;13;89;0;0;0;17;36;0;0;0
272300010;27;13;100;0;0;0;17;49;0;0;0
272300011;27;13;18;0;0;0;17;16;0;0;0
272300012;27;13;113;0;0;0;17;56;0;0;0
272300013;27;13;149;0;0;0;17;46;0;0;0
272400001;27;13;306;0;0;2;17;113;0;0;0
272400002;27;13;298;0;0;3;17;181;0;0;1
272400003;27;13;279;0;0;13;17;86;0;0;2
272400004;27;13;67;0;0;0;17;41;0;0;0
272400005;27;13;17;0;0;0;17;10;0;0;0
272400006;27;13;117;0;0;1;17;89;0;0;0
272400007;27;13;40;0;0;0;17;12;0;0;0
272400008;27;13;254;0;0;3;17;149;0;0;0
272400009;27;13;207;0;0;0;17;127;0;0;0
272400010;27;13;163;0;0;1;17;120;0;0;0
272400011;27;13;173;0;0;2;17;56;0;0;1
272400012;27;13;226;0;0;1;17;130;0;0;2
272400013;27;13;219;0;0;0;17;114;0;0;0
272400014;27;13;190;0;0;3;17;60;0;0;1
272400015;27;13;291;0;0;1;17;75;0;0;1
272400016;27;13;234;0;0;2;17;74;0;0;2
272400017;27;13;153;0;0;0;17;64;0;0;0
272400018;27;13;101;0;0;0;17;157;0;0;0
272400019;27;13;236;0;0;3;17;149;0;0;3
272400020;27;13;223;0;0;5;17;71;0;0;0
272400021;27;13;217;0;0;3;17;54;0;0;0
272400022;27;13;216;0;0;0;17;34;0;0;0
272700001;27;13;233;0;0;2;17;112;0;0;0
272700002;27;13;274;0;0;0;17;117;0;0;0
272700003;27;13;315;0;0;2;17;166;0;0;1
272700004;27;13;334;0;0;0;17;112;0;0;0
272700005;27;13;261;0;0;1;17;92;0;0;0
272700006;27;13;299;0;0;0;17;117;0;0;0
272700007;27;13;353;0;0;0;17;126;0;0;0
272700008;27;13;354;0;0;0;17;139;0;0;0
272700009;27;13;385;0;0;0;17;116;0;0;0
272700010;27;13;332;0;0;0;17;134;0;0;0
272700011;27;13;410;0;0;4;17;132;0;0;1
272700012;27;13;268;0;0;0;17;97;0;0;0
272700013;27;13;380;0;0;2;17;137;0;0;2
272700014;27;13;253;0;0;0;17;107;0;0;0
272700015;27;13;198;0;0;0;17;81;0;0;0
272700016;27;13;197;0;0;3;17;98;0;0;0
272700017;27;13;34;0;0;0;17;24;0;0;0
272700018;27;13;136;0;0;2;17;62;0;0;1
272700019;27;13;94;0;0;0;17;60;0;0;0
272700020;27;13;48;0;0;0;17;60;0;0;0
272700021;27;13;58;0;0;0;17;40;0;0;1
272700022;27;13;204;0;0;0;17;62;0;0;0
272700023;27;13;172;0;0;0;17;41;0;0;0
272700024;27;13;108;0;0;1;17;51;0;0;0
272700025;27;13;13;0;0;0;17;12;0;0;1
272700026;27;13;37;0;0;0;17;17;0;0;0
272700027;27;13;22;0;0;0;17;26;0;0;0
272700028;27;13;37;0;0;0;17;10;0;0;0
272700029;27;13;225;0;0;0;17;83;0;0;0
272700030;27;13;45;0;0;2;17;22;0;0;0
272700031;27;13;30;0;0;0;17;30;0;0;0
272700032;27;13;28;0;0;0;17;18;0;0;0
272700033;27;13;129;0;0;0;17;65;0;0;0
272700034;27;13;40;0;0;0;17;44;0;0;0
272700035;27;13;133;0;0;0;17;81;0;0;0
272700036;27;13;116;0;0;0;17;52;0;0;0
272700037;27;13;94;0;0;0;17;53;0;0;0
272700038;27;13;27;0;0;0;17;8;0;0;0
272700039;27;13;27;0;0;0;17;7;0;0;0
273100001;27;13;191;0;0;3;17;108;0;0;3
273100002;27;13;263;0;0;0;17;140;0;0;0
273100003;27;13;241;0;0;1;17;130;0;0;1
273100004;27;13;262;0;0;2;17;144;0;0;1
273100005;27;13;203;0;0;0;17;82;0;0;3
273100006;27;13;203;0;0;0;17;165;0;0;0
273100007;27;13;243;0;0;1;17;172;0;0;1
273100008;27;13;298;0;0;5;17;166;0;0;3
273100009;27;13;220;0;0;8;17;132;0;0;0
273100010;27;13;230;0;0;2;17;145;0;0;0
273100011;27;13;260;0;0;6;17;196;0;0;0
273100012;27;13;313;0;0;3;17;198;0;0;6
273100013;27;13;296;0;0;6;17;178;0;0;1
273100014;27;13;238;0;0;1;17;163;0;0;1
273100015;27;13;243;0;0;2;17;188;0;0;2
273100016;27;13;290;0;0;0;17;199;0;0;0
273100017;27;13;249;0;0;0;17;135;0;0;1
273100018;27;13;260;203;57;3;17;181;143;38;1
273100019;27;13;288;200;88;0;17;203;131;72;0
273100020;27;13;216;149;67;0;17;182;136;46;0
273100021;27;13;236;191;45;0;17;165;116;49;0
273100022;27;13;271;0;0;1;17;235;0;0;1
273100023;27;13;245;159;86;0;17;168;106;62;0
273100024;27;13;235;181;54;0;17;112;68;44;0
273100025;27;13;184;95;89;0;17;103;50;53;0
273100026;27;13;266;0;0;1;17;161;0;0;1
273100027;27;13;271;0;0;5;17;177;0;0;1
273100028;27;13;280;0;0;0;17;205;0;0;0
273100029;27;13;278;0;0;0;17;237;0;0;4
273100030;27;13;264;0;0;0;17;166;0;0;0
273100031;27;13;223;0;0;0;17;172;0;0;3
273100032;27;13;268;0;0;1;17;199;0;0;0
273100033;27;13;270;0;0;0;17;149;0;0;0
273100034;27;13;270;0;0;1;17;198;0;0;0
273100035;27;13;274;0;0;0;17;151;0;0;0
273100036;27;13;214;0;0;0;17;107;0;0;0
273100037;27;13;204;0;0;6;17;113;0;0;2
273100038;27;13;287;0;0;0;17;179;0;0;0
273100039;27;13;323;0;0;2;17;152;0;0;2
273100040;27;13;313;0;0;0;17;164;0;0;0
273100041;27;13;259;0;0;0;17;211;0;0;0
273100042;27;13;228;0;0;0;17;194;0;0;0
273100043;27;13;253;0;0;2;17;198;0;0;0
273100044;27;13;285;0;0;0;17;173;0;0;0
273100045;27;13;343;0;0;0;17;199;0;0;0
273100046;27;13;283;0;0;3;17;195;0;0;1
273100047;27;13;321;0;0;2;17;216;0;0;0
273100048;27;13;161;0;0;0;17;124;0;0;0
273100049;27;13;186;0;0;0;17;132;0;0;0
273100050;27;13;238;0;0;0;17;175;0;0;0
273100051;27;13;249;0;0;4;17;182;0;0;1
273100052;27;13;286;0;0;3;17;198;0;0;0
273100053;27;13;276;0;0;1;17;182;0;0;3
273100054;27;13;270;178;92;2;17;201;127;74;1
273100055;27;13;281;225;56;0;17;175;130;45;0
273100056;27;13;261;0;0;1;17;256;0;0;3
273100057;27;13;232;186;46;0;17;200;150;50;2
273100058;27;13;271;207;64;5;17;189;139;50;0
273100059;27;13;171;126;45;1;17;127;95;32;1
273100060;27;13;296;213;83;0;17;171;109;62;0
273100061;27;13;268;160;108;0;17;142;93;49;0
273100062;27;13;213;0;0;2;17;124;0;0;1
273100063;27;13;62;0;0;3;17;40;0;0;0
273100064;27;13;361;0;0;0;17;129;0;0;0
273100065;27;13;362;0;0;6;17;163;0;0;1
273100066;27;13;268;0;0;4;17;228;0;0;3
273100067;27;13;338;0;0;0;17;242;0;0;0
273100068;27;13;236;0;0;0;17;179;0;0;0
273100069;27;13;288;0;0;0;17;163;0;0;0
273100070;27;13;303;0;0;2;17;189;0;0;2
273100071;27;13;278;0;0;2;17;158;0;0;2
273100072;27;13;277;0;0;2;17;195;0;0;2
273100073;27;13;275;0;0;4;17;174;0;0;1
273100074;27;13;250;0;0;2;17;171;0;0;1
273100075;27;13;292;0;0;3;17;157;0;0;1
273100076;27;13;363;0;0;2;17;260;0;0;2
273100077;27;13;238;0;0;2;17;200;0;0;0
273100078;27;13;339;0;0;2;17;273;0;0;1
273100079;27;13;291;0;0;2;17;208;0;0;0
273100080;27;13;187;0;0;2;17;190;0;0;1
273100081;27;13;179;0;0;0;17;132;0;0;0
273100082;27;13;239;0;0;0;17;188;0;0;0
273100083;27;13;256;0;0;0;17;199;0;0;2
273100084;27;13;279;0;0;1;17;250;0;0;2
273100085;27;13;201;0;0;0;17;116;0;0;0
273100086;27;13;315;0;0;0;17;245;0;0;0
273100087;27;13;275;0;0;3;17;199;0;0;1
273100088;27;13;213;0;0;4;17;135;0;0;1
273100089;27;13;289;0;0;55;17;58;0;0;14
273100090;27;13;280;0;0;0;17;132;0;0;0
273100091;27;13;253;0;0;0;17;171;0;0;0
273100092;27;13;293;0;0;1;17;157;0;0;1
273100093;27;13;218;0;0;2;17;161;0;0;2
273100094;27;13;289;0;0;4;17;232;0;0;3
273100095;27;13;267;0;0;5;17;220;0;0;0
273100096;27;13;229;0;0;3;17;156;0;0;3
273100097;27;13;313;0;0;6;17;256;0;0;3
273100098;27;13;210;0;0;0;17;142;0;0;0
273100099;27;13;270;0;0;0;17;180;0;0;1
273100100;27;13;266;0;0;1;17;169;0;0;4
273100101;27;13;203;0;0;2;17;142;0;0;1
273100102;27;13;259;0;0;0;17;213;0;0;0
273100103;27;13;184;0;0;0;17;155;0;0;0
273100104;27;13;147;0;0;0;17;136;0;0;0
273100105;27;13;302;0;0;4;17;239;0;0;1
273100106;27;13;175;0;0;2;17;121;0;0;1
273100107;27;13;240;0;0;3;17;143;0;0;1
273100108;27;13;218;0;0;0;17;145;0;0;2
273100109;27;13;313;0;0;0;17;168;0;0;0
273100110;27;13;202;0;0;2;17;128;0;0;1
273100111;27;13;321;0;0;5;17;127;0;0;0
273100112;27;13;190;0;0;4;17;152;0;0;0
273100113;27;13;358;0;0;1;17;158;0;0;0
273100114;27;13;268;0;0;5;17;124;0;0;0
273100115;27;13;312;0;0;0;17;99;0;0;0
273100116;27;13;288;0;0;2;17;193;0;0;0
273100117;27;13;255;0;0;2;17;216;0;0;3
273100118;27;13;421;0;0;0;17;285;0;0;0
273100119;27;13;294;0;0;4;17;144;0;0;3
273100120;27;13;335;0;0;0;17;201;0;0;0
273100121;27;13;273;0;0;1;17;146;0;0;2
273100122;27;13;272;0;0;0;17;181;0;0;0
273100123;27;13;238;0;0;0;17;140;0;0;0
273100124;27;13;194;0;0;0;17;139;0;0;0
273100125;27;13;300;0;0;6;17;163;0;0;0
273100126;27;13;209;0;0;0;17;160;0;0;0
273100127;27;13;280;0;0;0;17;203;0;0;0
273100128;27;13;222;0;0;0;17;139;0;0;0
273100129;27;13;239;0;0;1;17;139;0;0;1
273100130;27;13;261;0;0;1;17;195;0;0;4
273100131;27;13;265;0;0;0;17;148;0;0;0
273100132;27;13;208;0;0;7;17;138;0;0;4
273100133;27;13;271;0;0;0;17;104;0;0;0
273100134;27;13;181;0;0;7;17;297;0;0;6
273100135;27;13;132;0;0;0;17;341;0;0;0
273100136;27;13;281;0;0;5;17;76;0;0;2
273100137;27;13;294;0;0;0;17;62;0;0;0
273100138;27;13;217;0;0;3;17;141;0;0;4
273100139;27;13;357;0;0;0;17;176;0;0;0
273100140;27;13;401;0;0;1;17;201;0;0;3
273100141;27;13;263;0;0;0;17;169;0;0;0
273100142;27;13;239;0;0;0;17;181;0;0;0
273100143;27;13;283;0;0;1;17;177;0;0;0
273100144;27;13;271;0;0;0;17;181;0;0;0
273100145;27;13;117;0;0;0;17;46;0;0;0
273100146;27;13;274;0;0;0;17;180;0;0;0
273100147;27;13;327;0;0;0;17;209;0;0;0
273100148;27;13;349;0;0;0;17;222;0;0;0
273100149;27;13;258;0;0;4;17;156;0;0;1
273100150;27;13;167;0;0;6;17;130;0;0;3
273100151;27;13;20;0;0;0;17;33;0;0;0
273100152;27;13;58;0;0;0;17;46;0;0;0
273100153;27;13;253;0;0;7;17;119;0;0;2
273100154;27;13;27;0;0;0;17;34;0;0;0
273100155;27;13;64;0;0;1;17;59;0;0;1
273100156;27;13;203;0;0;7;17;98;0;0;0
273100157;27;13;237;0;0;3;17;66;0;0;0
273100158;27;13;137;0;0;0;17;74;0;0;0
273100159;27;13;181;0;0;0;17;117;0;0;0
273100160;27;13;141;0;0;4;17;105;0;0;1
273100161;27;13;252;0;0;5;17;126;0;0;2
273100162;27;13;65;0;0;1;17;56;0;0;1
273100163;27;13;13;0;0;0;17;26;0;0;0
273100164;27;13;163;0;0;0;17;82;0;0;0
273100165;27;13;63;0;0;0;17;40;0;0;0
273100166;27;13;44;0;0;0;17;19;0;0;0
273100167;27;13;80;0;0;0;17;83;0;0;0
273100168;27;13;31;0;0;0;17;28;0;0;0
273100169;27;13;45;0;0;0;17;42;0;0;0
273100170;27;13;39;0;0;0;17;35;0;0;0
273100171;27;13;52;0;0;0;17;39;0;0;1
273100172;27;13;42;0;0;0;17;48;0;0;0
273100173;27;13;40;0;0;0;17;26;0;0;0
273100174;27;13;32;0;0;0;17;62;0;0;0
273100175;27;13;152;0;0;0;17;123;0;0;0
273100176;27;13;20;0;0;0;17;13;0;0;0
273100177;27;13;137;0;0;0;17;72;0;0;2
273100178;27;13;220;0;0;0;17;148;0;0;2
273100179;27;13;187;0;0;0;17;109;0;0;0
273100180;27;13;149;0;0;1;17;53;0;0;0
273100181;27;13;112;0;0;0;17;95;0;0;0
273100182;27;13;78;0;0;1;17;54;0;0;1
273100183;27;13;278;0;0;5;17;84;0;0;0
273100184;27;13;95;0;0;0;17;66;0;0;0
273100185;27;13;51;0;0;1;17;39;0;0;2
273100186;27;13;30;0;0;0;17;31;0;0;0
273100187;27;13;45;0;0;0;17;19;0;0;0
273100188;27;13;94;0;0;0;17;56;0;0;1
273100189;27;13;13;0;0;0;17;24;0;0;1
273100190;27;13;75;0;0;1;17;55;0;0;1
273100191;27;13;69;0;0;1;17;46;0;0;3
273100192;27;13;87;0;0;0;17;36;0;0;0
273100193;27;13;59;0;0;0;17;85;0;0;0
273100194;27;13;34;0;0;0;17;45;0;0;1
273100195;27;13;204;0;0;0;17;116;0;0;0
273100196;27;13;159;0;0;0;17;113;0;0;0
273100197;27;13;183;0;0;0;17;99;0;0;0
273100198;27;13;78;0;0;0;17;68;0;0;0
273100199;27;13;33;0;0;1;17;33;0;0;0
273100200;27;13;172;0;0;0;17;116;0;0;0
273100201;27;13;180;0;0;0;17;85;0;0;0
273100202;27;13;115;0;0;2;17;102;0;0;0
273100203;27;13;85;0;0;0;17;52;0;0;0
273100204;27;13;58;0;0;0;17;30;0;0;0
273100205;27;13;70;0;0;2;17;23;0;0;1
273100206;27;13;58;0;0;0;17;7;0;0;0
273100207;27;13;27;0;0;0;17;6;0;0;0
273100208;27;13;18;0;0;0;17;11;0;0;0
273600001;27;13;249;0;0;2;17;140;0;0;2
273600002;27;13;223;0;0;0;17;116;0;0;5
273600003;27;13;279;0;0;2;17;119;0;0;1
273600004;27;13;257;0;0;0;17;111;0;0;0
273600005;27;13;254;0;0;0;17;100;0;0;0
273600006;27;13;77;0;0;0;17;36;0;0;0
273600007;27;13;75;0;0;0;17;45;0;0;0
273600008;27;13;239;0;0;0;17;57;0;0;0
273600009;27;13;292;0;0;1;17;93;0;0;1
273600010;27;13;263;168;95;0;17;126;78;48;0
273600011;27;13;218;123;95;1;17;88;54;34;1
273600012;27;13;259;0;0;0;17;95;0;0;0
273600013;27;13;222;0;0;0;17;124;0;0;0
273600014;27;13;193;0;0;0;17;107;0;0;0
273600015;27;13;287;0;0;2;17;119;0;0;1
273600016;27;13;239;0;0;0;17;108;0;0;0
273600017;27;13;221;0;0;0;17;108;0;0;2
273600018;27;13;304;0;0;5;17;105;0;0;3
273600019;27;13;11;0;0;1;17;1;0;0;0
273600020;27;13;195;0;0;3;17;100;0;0;3
273600021;27;13;208;0;0;3;17;100;0;0;2
273600022;27;13;82;0;0;4;17;24;0;0;1
273600023;27;13;22;0;0;1;17;18;0;0;1
273600024;27;13;61;0;0;0;17;15;0;0;0
273600025;27;13;311;0;0;3;17;46;0;0;0
273600026;27;13;257;0;0;1;17;47;0;0;0
273600027;27;13;42;0;0;0;17;34;0;0;0
273600029;27;13;37;0;0;0;17;13;0;0;0
273600030;27;13;122;0;0;0;17;42;0;0;0
273600031;27;13;43;0;0;0;17;46;0;0;0
273600032;27;13;102;0;0;0;17;35;0;0;0
273600033;27;13;76;0;0;0;17;19;0;0;0
273600034;27;13;67;0;0;1;17;25;0;0;0
273600035;27;13;195;0;0;0;17;30;0;0;0
273600036;27;13;117;0;0;0;17;40;0;0;0
273600037;27;13;60;0;0;0;17;33;0;0;0
273600038;27;13;40;0;0;0;17;13;0;0;0
273600039;27;13;11;0;0;0;17;14;0;0;0
273600040;27;13;16;0;0;0;17;10;0;0;0
273700001;27;13;305;0;0;4;17;132;0;0;2
273700002;27;13;285;0;0;4;17;100;0;0;1
273700003;27;13;280;0;0;3;17;194;0;0;1
273700004;27;13;146;0;0;1;17;92;0;0;0
273700005;27;13;131;0;0;8;17;97;0;0;3
273700006;27;13;124;0;0;1;17;57;0;0;1
273700007;27;13;14;0;0;0;17;5;0;0;0
273700008;27;13;14;0;0;0;17;8;0;0;0
273700009;27;13;9;0;0;0;17;4;0;0;0
273800001;27;13;290;0;0;2;17;144;0;0;2
273800002;27;13;250;0;0;0;17;137;0;0;0
273800003;27;13;284;0;0;30;17;29;0;0;4
273800004;27;13;131;0;0;0;17;45;0;0;0
273800005;27;13;246;0;0;0;17;50;0;0;0
273800006;27;13;162;0;0;0;17;33;0;0;0
273800007;27;13;12;0;0;2;17;3;0;0;0
280200001;28;13;233;0;0;0;17;79;0;0;0
280200002;28;13;195;0;0;9;17;63;0;0;5
280200003;28;13;19;0;0;0;17;6;0;0;0
280200004;28;13;19;0;0;0;17;6;0;0;0
280200005;28;13;19;0;0;0;17;5;0;0;0
280200006;28;13;47;0;0;0;17;7;0;0;0
280200007;28;13;29;0;0;0;17;9;0;0;0
280200008;28;13;18;0;0;0;17;5;0;0;0
280200009;28;13;14;0;0;1;17;7;0;0;0
280200010;28;13;25;0;0;0;17;6;0;0;0
280200011;28;13;116;0;0;0;17;11;0;0;0
280200012;28;13;136;0;0;0;17;57;0;0;0
280200013;28;13;31;0;0;0;17;16;0;0;0
280200014;28;13;36;0;0;0;17;12;0;0;0
280200015;28;13;62;0;0;0;17;15;0;0;0
280200016;28;13;26;0;0;0;17;7;0;0;0
280200017;28;13;16;0;0;0;17;26;0;0;0
280200018;28;13;138;0;0;0;17;20;0;0;0
280200019;28;13;24;0;0;0;17;8;0;0;0
280200020;28;13;14;0;0;0;17;8;0;0;1
280200021;28;13;56;0;0;1;17;15;0;0;0
280200022;28;13;112;0;0;1;17;14;0;0;0
280200023;28;13;33;0;0;0;17;7;0;0;0
280200024;28;13;29;0;0;0;17;14;0;0;0
280200025;28;13;124;0;0;0;17;26;0;0;0
280200026;28;13;19;0;0;0;17;5;0;0;0
280200027;28;13;20;0;0;0;17;3;0;0;0
280200028;28;13;94;0;0;1;17;20;0;0;0
280200029;28;13;10;0;0;0;17;5;0;0;0
280200030;28;13;41;0;0;0;17;21;0;0;0
280200031;28;13;139;0;0;0;17;59;0;0;0
280200032;28;13;16;0;0;0;17;3;0;0;0
280200033;28;13;98;0;0;0;17;22;0;0;0
280200034;28;13;290;0;0;3;17;48;0;0;1
280200035;28;13;23;0;0;0;17;10;0;0;0
280200036;28;13;21;0;0;0;17;34;0;0;0
280200037;28;13;40;0;0;1;17;15;0;0;2
280200038;28;13;28;0;0;0;17;4;0;0;0
280200039;28;13;20;0;0;0;17;12;0;0;0
282200001;28;13;251;191;60;0;17;99;52;47;0
282200002;28;13;224;120;104;0;17;86;40;46;0
282200003;28;13;287;0;0;0;17;108;0;0;0
282200004;28;13;202;0;0;2;17;61;0;0;2
282200005;28;13;224;0;0;1;17;65;0;0;0
282200006;28;13;175;0;0;0;17;83;0;0;0
282200007;28;13;168;0;0;2;17;47;0;0;1
282200008;28;13;109;0;0;1;17;19;0;0;0
282200009;28;13;268;0;0;12;17;30;0;0;3
282200010;28;13;164;0;0;2;17;78;0;0;0
282200011;28;13;207;0;0;1;17;45;0;0;1
282200012;28;13;180;0;0;2;17;42;0;0;0
282200013;28;13;97;0;0;0;17;19;0;0;0
282200014;28;13;128;0;0;4;17;52;0;0;0
282200015;28;13;149;0;0;0;17;45;0;0;0
282200016;28;13;205;0;0;0;17;35;0;0;0
282200017;28;13;67;0;0;0;17;19;0;0;0
282200018;28;13;135;0;0;0;17;28;0;0;0
282200019;28;13;272;0;0;0;17;60;0;0;0
282200020;28;13;131;0;0;0;17;49;0;0;0
282200021;28;13;147;0;0;0;17;36;0;0;0
282200022;28;13;97;0;0;2;17;45;0;0;0
282200023;28;13;74;0;0;0;17;50;0;0;0
282200024;28;13;68;0;0;0;17;8;0;0;0
282200025;28;13;102;0;0;0;17;21;0;0;0
282200026;28;13;226;0;0;2;17;20;0;0;0
282200027;28;13;64;0;0;0;17;18;0;0;0
282200028;28;13;275;0;0;0;17;40;0;0;0
282200029;28;13;262;0;0;0;17;55;0;0;0
282200030;28;13;75;0;0;2;17;24;0;0;1
282200031;28;13;149;0;0;0;17;71;0;0;0
282200032;28;13;212;0;0;2;17;34;0;0;0
282200033;28;13;216;0;0;0;17;44;0;0;0
282200034;28;13;82;0;0;0;17;40;0;0;0
282200035;28;13;247;0;0;0;17;32;0;0;0
282200036;28;13;73;0;0;0;17;67;0;0;0
282200037;28;13;147;0;0;0;17;42;0;0;0
282200038;28;13;245;0;0;0;17;48;0;0;0
282200039;28;13;136;0;0;1;17;25;0;0;0
282200040;28;13;51;0;0;1;17;38;0;0;1
282200041;28;13;73;0;0;0;17;20;0;0;0
282200042;28;13;184;0;0;14;17;119;0;0;1
282200043;28;13;80;0;0;2;17;48;0;0;2
282200044;28;13;241;0;0;0;17;43;0;0;0
282200045;28;13;93;0;0;0;17;60;0;0;0
282200046;28;13;88;0;0;2;17;47;0;0;0
282200047;28;13;126;0;0;0;17;31;0;0;0
282200048;28;13;22;0;0;0;17;13;0;0;0
282200049;28;13;59;0;0;0;17;36;0;0;0
282200050;28;13;26;0;0;0;17;10;0;0;0
282200051;28;13;220;0;0;0;17;64;0;0;0
282200052;28;13;143;0;0;0;17;24;0;0;0
282200053;28;13;37;0;0;0;17;18;0;0;0
282300001;28;13;264;0;0;3;17;91;0;0;2
282300002;28;13;248;0;0;0;17;62;0;0;0
282300003;28;13;306;0;0;1;17;67;0;0;0
282300004;28;13;203;0;0;0;17;47;0;0;2
282300005;28;13;442;0;0;0;17;35;0;0;0
282300006;28;13;225;0;0;6;17;14;0;0;3
282300007;28;13;200;0;0;0;17;54;0;0;0
282300008;28;13;173;0;0;0;17;23;0;0;0
282300009;28;13;147;0;0;0;17;52;0;0;0
282300010;28;13;218;0;0;1;17;23;0;0;0
282300011;28;13;198;0;0;0;17;35;0;0;0
282400001;28;13;294;0;0;4;17;101;0;0;1
282400002;28;13;237;0;0;0;17;90;0;0;0
282400003;28;13;235;172;63;2;17;127;70;57;2
282400004;28;13;310;0;0;3;17;107;0;0;0
282400005;28;13;275;197;78;1;17;107;65;42;0
282400006;28;13;316;0;0;1;17;150;0;0;0
282400007;28;13;200;0;0;3;17;48;0;0;1
282400008;28;13;123;0;0;2;17;31;0;0;0
282400009;28;13;315;0;0;3;17;131;0;0;1
282400010;28;13;263;0;0;0;17;115;0;0;0
282400011;28;13;246;0;0;0;17;94;0;0;0
282400012;28;13;284;0;0;3;17;137;0;0;0
282400013;28;13;297;0;0;1;17;130;0;0;3
282400014;28;13;234;0;0;0;17;106;0;0;0
282400015;28;13;276;0;0;0;17;132;0;0;0
282400016;28;13;297;0;0;1;17;119;0;0;0
282400017;28;13;243;0;0;2;17;106;0;0;0
282400018;28;13;292;0;0;1;17;121;0;0;1
282400019;28;13;122;0;0;0;17;24;0;0;0
282400020;28;13;93;0;0;0;17;17;0;0;0
282400021;28;13;92;0;0;0;17;19;0;0;0
282400022;28;13;38;0;0;0;17;11;0;0;0
282400023;28;13;60;0;0;0;17;18;0;0;0
282400024;28;13;21;0;0;0;17;8;0;0;0
282400025;28;13;148;0;0;6;17;86;0;0;0
282400026;28;13;188;0;0;1;17;39;0;0;0
282400027;28;13;153;0;0;0;17;29;0;0;0
282400028;28;13;37;0;0;0;17;25;0;0;0
282400029;28;13;95;0;0;3;17;21;0;0;1
282400030;28;13;120;0;0;0;17;53;0;0;0
282400031;28;13;69;0;0;0;17;28;0;0;0
282400032;28;13;31;0;0;0;17;6;0;0;0
282400033;28;13;198;0;0;0;17;112;0;0;0
282400034;28;13;99;0;0;0;17;19;0;0;0
282400035;28;13;66;0;0;0;17;12;0;0;0
282400036;28;13;84;0;0;0;17;46;0;0;0
282400037;28;13;70;0;0;1;17;31;0;0;0
282400038;28;13;164;0;0;2;17;55;0;0;1
282400039;28;13;112;0;0;0;17;34;0;0;0
282400040;28;13;28;0;0;0;17;7;0;0;0
282400041;28;13;204;0;0;0;17;45;0;0;0
282400042;28;13;41;0;0;0;17;9;0;0;0
282400043;28;13;207;0;0;1;17;84;0;0;0
282400044;28;13;56;0;0;0;17;14;0;0;0
282400045;28;13;137;0;0;3;17;45;0;0;4
282400046;28;13;41;0;0;0;17;5;0;0;0
282400047;28;13;78;0;0;1;17;18;0;0;0
282400048;28;13;305;0;0;10;17;110;0;0;4
282400049;28;13;181;0;0;1;17;91;0;0;3
282400050;28;13;268;0;0;0;17;44;0;0;0
282400051;28;13;82;0;0;0;17;24;0;0;0
282400052;28;13;75;0;0;1;17;29;0;0;0
283500001;28;13;309;0;0;0;17;158;0;0;0
283500002;28;13;194;0;0;0;17;89;0;0;0
283500003;28;13;201;0;0;0;17;122;0;0;0
283500004;28;13;295;0;0;3;17;132;0;0;0
283500005;28;13;234;0;0;0;17;127;0;0;0
283500006;28;13;246;208;38;2;17;112;78;34;0
283500007;28;13;172;126;46;0;17;126;76;50;0
283500008;28;13;233;163;70;0;17;129;80;49;0
283500009;28;13;241;171;70;1;17;90;61;29;0
283500010;28;13;202;0;0;2;17;127;0;0;0
283500011;28;13;245;0;0;1;17;125;0;0;0
283500012;28;13;188;0;0;0;17;91;0;0;0
283500013;28;13;271;0;0;0;17;161;0;0;0
283500014;28;13;298;0;0;0;17;173;0;0;0
283500015;28;13;289;0;0;0;17;169;0;0;0
283500016;28;13;237;0;0;2;17;138;0;0;1
283500017;28;13;246;0;0;0;17;139;0;0;0
283500018;28;13;257;0;0;1;17;221;0;0;0
283500019;28;13;268;0;0;2;17;121;0;0;0
283500020;28;13;190;0;0;1;17;127;0;0;1
283500021;28;13;347;320;27;0;17;200;164;36;0
283500022;28;13;310;274;36;1;17;173;147;26;1
283500023;28;13;233;208;25;0;17;132;107;25;0
283500024;28;13;143;0;0;0;17;74;0;0;0
283500025;28;13;285;0;0;1;17;115;0;0;0
283500026;28;13;266;0;0;2;17;123;0;0;3
283500027;28;13;250;0;0;0;17;154;0;0;0
283500028;28;13;204;0;0;0;17;112;0;0;0
283500029;28;13;219;0;0;0;17;103;0;0;1
283500030;28;13;189;0;0;0;17;110;0;0;0
283500031;28;13;240;0;0;0;17;154;0;0;0
283500032;28;13;231;0;0;3;17;148;0;0;0
283500033;28;13;176;0;0;1;17;136;0;0;0
283500034;28;13;286;0;0;0;17;133;0;0;1
283500035;28;13;223;0;0;0;17;153;0;0;0
283500036;28;13;266;0;0;3;17;155;0;0;2
283500037;28;13;207;0;0;0;17;137;0;0;0
283500038;28;13;254;215;39;0;17;136;110;26;0
283500039;28;13;185;141;44;2;17;92;64;28;1
283500040;28;13;209;118;91;1;17;94;46;48;1
283500041;28;13;300;259;41;0;17;123;84;39;0
283500042;28;13;114;0;0;0;17;46;0;0;0
283500043;28;13;120;0;0;0;17;31;0;0;0
283500044;28;13;220;0;0;4;17;118;0;0;1
283500045;28;13;157;0;0;0;17;90;0;0;0
283500046;28;13;154;0;0;0;17;87;0;0;0
283500047;28;13;101;0;0;0;17;49;0;0;3
283500048;28;13;117;0;0;1;17;15;0;0;0
283500049;28;13;42;0;0;0;17;29;0;0;0
283500050;28;13;236;0;0;2;17;64;0;0;0
283500051;28;13;63;0;0;1;17;26;0;0;1
283500052;28;13;102;0;0;0;17;34;0;0;0
283500053;28;13;129;0;0;0;17;45;0;0;0
283500054;28;13;137;0;0;0;17;44;0;0;0
283500055;28;13;138;0;0;0;17;32;0;0;0
283500056;28;13;96;0;0;2;17;45;0;0;1
283500057;28;13;151;0;0;0;17;42;0;0;0
283500058;28;13;133;0;0;0;17;39;0;0;0
283500059;28;13;119;0;0;0;17;48;0;0;0
283500060;28;13;107;0;0;0;17;34;0;0;0
283500061;28;13;14;0;0;0;17;3;0;0;0
283500062;28;13;70;0;0;1;17;36;0;0;0
283500063;28;13;108;0;0;0;17;83;0;0;0
283500064;28;13;165;0;0;0;17;15;0;0;0
283500065;28;13;153;0;0;0;17;27;0;0;0
283500066;28;13;113;0;0;0;17;28;0;0;0
283500067;28;13;125;0;0;0;17;65;0;0;0
283500068;28;13;162;0;0;0;17;36;0;0;0
283500069;28;13;118;0;0;0;17;9;0;0;0
283500070;28;13;37;0;0;1;17;5;0;0;0
283500071;28;13;64;0;0;0;17;28;0;0;0
283500072;28;13;151;0;0;2;17;45;0;0;0
283500073;28;13;112;0;0;0;17;42;0;0;0
283500074;28;13;161;0;0;0;17;28;0;0;0
283500075;28;13;96;0;0;0;17;22;0;0;0
283500076;28;13;206;0;0;2;17;75;0;0;1
283500077;28;13;73;0;0;0;17;22;0;0;0
283500078;28;13;56;0;0;0;17;19;0;0;0
283500079;28;13;26;0;0;0;17;16;0;0;0
283500080;28;13;144;0;0;0;17;35;0;0;0
283500081;28;13;289;0;0;0;17;32;0;0;0
283500082;28;13;29;0;0;0;17;17;0;0;0
283500083;28;13;113;0;0;1;17;30;0;0;0
283500084;28;13;115;0;0;0;17;10;0;0;0
283500085;28;13;97;0;0;0;17;13;0;0;0
283500086;28;13;82;0;0;2;17;9;0;0;0
283500087;28;13;99;0;0;0;17;33;0;0;0
283500088;28;13;54;0;0;1;17;75;0;0;1
283500089;28;13;72;0;0;0;17;19;0;0;0
283500090;28;13;120;0;0;1;17;19;0;0;1
283500091;28;13;45;0;0;0;17;10;0;0;0
283500092;28;13;55;0;0;0;17;20;0;0;0
283500093;28;13;165;0;0;0;17;25;0;0;0
283500094;28;13;80;0;0;0;17;19;0;0;0
283500095;28;13;103;0;0;1;17;21;0;0;0
283500096;28;13;112;0;0;1;17;19;0;0;0
283500097;28;13;85;0;0;0;17;14;0;0;0
283500098;28;13;233;0;0;0;17;85;0;0;0
283500099;28;13;119;0;0;1;17;31;0;0;0
283500100;28;13;165;0;0;3;17;18;0;0;1
283500101;28;13;56;0;0;0;17;11;0;0;0
283500102;28;13;37;0;0;0;17;15;0;0;0
283500103;28;13;325;0;0;1;17;44;0;0;1
283500104;28;13;10;0;0;0;17;5;0;0;0
283500105;28;13;37;0;0;0;17;18;0;0;0
290900001;29;13;140;82;58;0;17;90;62;28;0
290900002;29;13;238;182;56;4;17;110;86;24;1
290900003;29;13;219;0;0;2;17;137;0;0;0
290900004;29;13;118;0;0;1;17;68;0;0;1
290900005;29;13;145;0;0;0;17;91;0;0;0
290900006;29;13;196;0;0;0;17;89;0;0;0
290900007;29;13;151;0;0;2;17;74;0;0;2
290900008;29;13;213;0;0;2;17;46;0;0;1
290900009;29;13;257;0;0;0;17;86;0;0;0
290900010;29;13;212;0;0;0;17;104;0;0;0
290900011;29;13;190;0;0;0;17;98;0;0;0
290900012;29;13;208;0;0;2;17;113;0;0;0
290900013;29;13;232;0;0;1;17;102;0;0;1
290900014;29;13;275;0;0;0;17;120;0;0;0
290900015;29;13;159;0;0;2;17;77;0;0;0
290900016;29;13;243;0;0;0;17;108;0;0;0
290900017;29;13;215;0;0;0;17;117;0;0;0
290900018;29;13;256;0;0;0;17;139;0;0;0
290900019;29;13;240;0;0;3;17;115;0;0;0
290900020;29;13;248;0;0;3;17;109;0;0;1
290900021;29;13;239;0;0;0;17;122;0;0;0
290900022;29;13;233;0;0;0;17;122;0;0;0
290900023;29;13;146;0;0;0;17;88;0;0;0
290900024;29;13;240;0;0;2;17;108;0;0;0
290900025;29;13;260;0;0;1;17;167;0;0;0
290900026;29;13;306;0;0;0;17;164;0;0;0
290900027;29;13;193;0;0;0;17;95;0;0;0
290900028;29;13;228;0;0;0;17;116;0;0;0
290900029;29;13;188;0;0;3;17;101;0;0;3
290900030;29;13;172;0;0;0;17;132;0;0;3
290900031;29;13;252;0;0;2;17;157;0;0;1
290900032;29;13;235;0;0;3;17;132;0;0;3
290900033;29;13;199;0;0;0;17;103;0;0;0
290900034;29;13;144;0;0;3;17;81;0;0;3
290900035;29;13;106;0;0;0;17;93;0;0;0
290900036;29;13;271;0;0;0;17;190;0;0;0
290900037;29;13;300;0;0;1;17;189;0;0;2
290900038;29;13;285;0;0;0;17;129;0;0;0
290900039;29;13;211;0;0;1;17;149;0;0;0
290900040;29;13;189;0;0;3;17;98;0;0;0
290900041;29;13;172;0;0;0;17;96;0;0;0
290900042;29;13;234;0;0;4;17;126;0;0;0
290900043;29;13;270;0;0;1;17;108;0;0;2
290900044;29;13;181;0;0;0;17;118;0;0;0
290900045;29;13;238;0;0;3;17;153;0;0;5
290900046;29;13;211;0;0;0;17;128;0;0;0
290900047;29;13;223;0;0;0;17;113;0;0;0
290900048;29;13;158;0;0;0;17;80;0;0;0
290900049;29;13;199;0;0;3;17;110;0;0;1
290900050;29;13;171;0;0;0;17;100;0;0;0
290900051;29;13;137;0;0;0;17;93;0;0;0
290900052;29;13;52;0;0;0;17;8;0;0;0
290900053;29;13;122;0;0;0;17;45;0;0;0
290900054;29;13;170;0;0;1;17;93;0;0;1
290900055;29;13;130;0;0;1;17;67;0;0;1
290900056;29;13;106;0;0;4;17;24;0;0;0
290900057;29;13;167;0;0;32;17;27;0;0;10
290900058;29;13;238;0;0;9;17;32;0;0;3
290900059;29;13;26;0;0;1;17;7;0;0;0
290900060;29;13;150;0;0;2;17;69;0;0;1
290900061;29;13;20;0;0;1;17;22;0;0;0
290900062;29;13;181;0;0;0;17;146;0;0;0
290900063;29;13;175;0;0;0;17;115;0;0;0
290900064;29;13;142;0;0;1;17;52;0;0;2
290900065;29;13;23;0;0;0;17;16;0;0;0
290900066;29;13;189;0;0;0;17;133;0;0;0
290900067;29;13;247;0;0;0;17;176;0;0;0
290900068;29;13;162;0;0;0;17;86;0;0;0
290900069;29;13;141;0;0;0;17;89;0;0;0
290900070;29;13;218;0;0;0;17;132;0;0;0
290900071;29;13;120;0;0;1;17;84;0;0;1
290900072;29;13;157;0;0;0;17;96;0;0;0
290900073;29;13;87;0;0;0;17;83;0;0;0
290900074;29;13;83;0;0;0;17;80;0;0;0
290900075;29;13;28;0;0;0;17;16;0;0;0
290900076;29;13;178;0;0;1;17;56;0;0;0
290900077;29;13;170;0;0;0;17;71;0;0;0
290900078;29;13;181;0;0;0;17;82;0;0;0
290900079;29;13;66;0;0;0;17;29;0;0;0
290900080;29;13;269;0;0;0;17;57;0;0;0
290900081;29;13;173;0;0;0;17;94;0;0;0
290900082;29;13;208;0;0;8;17;123;0;0;1
290900083;29;13;100;0;0;0;17;50;0;0;0
290900084;29;13;77;0;0;2;17;32;0;0;0
290900085;29;13;73;0;0;0;17;32;0;0;0
290900086;29;13;168;0;0;5;17;77;0;0;0
290900087;29;13;276;0;0;0;17;103;0;0;0
290900088;29;13;66;0;0;0;17;66;0;0;2
290900089;29;13;51;0;0;0;17;31;0;0;0
290900090;29;13;221;0;0;0;17;92;0;0;0
290900091;29;13;79;0;0;2;17;43;0;0;3
291100001;29;13;257;0;0;0;17;134;0;0;0
291100002;29;13;213;0;0;1;17;176;0;0;2
291100003;29;13;279;0;0;3;17;308;0;0;1
291100004;29;13;287;0;0;1;17;199;0;0;3
291100005;29;13;177;0;0;0;17;129;0;0;0
291100006;29;13;132;0;0;0;17;86;0;0;0
291100007;29;13;27;0;0;0;17;25;0;0;0
291100008;29;13;47;0;0;1;17;87;0;0;0
291100009;29;13;36;0;0;0;17;26;0;0;1
291100010;29;13;33;0;0;0;17;28;0;0;0
291100011;29;13;20;0;0;0;17;15;0;0;0
291100012;29;13;36;0;0;0;17;6;0;0;0
291100013;29;13;62;0;0;0;17;75;0;0;1
291100014;29;13;20;0;0;0;17;23;0;0;0
291100015;29;13;47;0;0;0;17;51;0;0;0
291100016;29;13;35;0;0;0;17;38;0;0;0
291100017;29;13;43;0;0;0;17;46;0;0;0
291100018;29;13;65;0;0;1;17;40;0;0;0
291100019;29;13;23;0;0;0;17;19;0;0;0
291100020;29;13;84;0;0;0;17;87;0;0;0
291100021;29;13;51;0;0;1;17;15;0;0;0
291100022;29;13;59;0;0;1;17;32;0;0;1
291100023;29;13;25;0;0;0;17;44;0;0;0
291100024;29;13;7;0;0;0;17;18;0;0;0
291100025;29;13;16;0;0;0;17;13;0;0;0
291700001;29;13;247;0;0;0;17;178;0;0;0
291700002;29;13;299;0;0;0;17;203;0;0;0
291700003;29;13;252;0;0;0;17;228;0;0;0
291700004;29;13;276;0;0;0;17;219;0;0;0
291700005;29;13;212;0;0;0;17;244;0;0;0
291700006;29;13;202;0;0;0;17;243;0;0;0
291700007;29;13;232;0;0;0;17;216;0;0;0
291700008;29;13;205;0;0;4;17;186;0;0;2
291700009;29;13;109;0;0;0;17;46;0;0;0
291700010;29;13;106;0;0;0;17;128;0;0;0
291700011;29;13;90;0;0;0;17;95;0;0;0
291700012;29;13;56;0;0;0;17;59;0;0;0
291700013;29;13;43;0;0;0;17;36;0;0;0
291700014;29;13;176;0;0;0;17;188;0;0;0
291700015;29;13;58;0;0;0;17;67;0;0;0
291700016;29;13;19;0;0;0;17;14;0;0;0
291700017;29;13;80;0;0;0;17;79;0;0;0
291700018;29;13;14;0;0;0;17;48;0;0;0
291800001;29;13;198;0;0;0;17;104;0;0;0
291800002;29;13;70;0;0;1;17;57;0;0;0
291800003;29;13;20;0;0;0;17;22;0;0;0
291800004;29;13;85;0;0;1;17;22;0;0;0
291800005;29;13;47;0;0;0;17;15;0;0;2
291800006;29;13;29;0;0;0;17;16;0;0;0
291800007;29;13;29;0;0;0;17;9;0;0;0
291800008;29;13;52;0;0;1;17;13;0;0;0
291800009;29;13;15;0;0;0;17;1;0;0;0
291800010;29;13;45;0;0;0;17;16;0;0;0
291800011;29;13;38;0;0;2;17;10;0;0;0
291800012;29;13;25;0;0;0;17;24;0;0;0
291800013;29;13;40;0;0;0;17;7;0;0;0
291800014;29;13;17;0;0;0;17;2;0;0;0
291900001;29;13;185;0;0;2;17;107;0;0;0
291900002;29;13;255;0;0;0;17;105;0;0;0
291900003;29;13;176;0;0;0;17;78;0;0;0
291900004;29;13;120;0;0;2;17;49;0;0;0
291900005;29;13;91;0;0;0;17;32;0;0;0
291900006;29;13;67;0;0;1;17;28;0;0;1
291900007;29;13;46;0;0;1;17;26;0;0;0
291900008;29;13;42;0;0;0;17;9;0;0;0
291900009;29;13;113;0;0;0;17;13;0;0;0
291900010;29;13;360;0;0;0;17;13;0;0;0
291900011;29;13;270;0;0;0;17;46;0;0;0
291900012;29;13;213;0;0;0;17;26;0;0;0
291900013;29;13;178;0;0;0;17;18;0;0;0
291900014;29;13;249;0;0;2;17;25;0;0;0
291900015;29;13;387;0;0;7;17;32;0;0;0
291900016;29;13;37;0;0;0;17;6;0;0;0
292800001;29;13;424;0;0;0;17;88;0;0;0
292800002;29;13;468;0;0;3;17;109;0;0;4
292800003;29;13;242;0;0;0;17;60;0;0;0
292800004;29;13;360;0;0;0;17;108;0;0;0
292800005;29;13;412;0;0;2;17;102;0;0;1
292800006;29;13;355;0;0;2;17;105;0;0;0
292800007;29;13;391;0;0;0;17;90;0;0;0
292800008;29;13;466;0;0;4;17;115;0;0;0
292800009;29;13;485;0;0;4;17;115;0;0;1
292800010;29;13;281;0;0;3;17;65;0;0;0
292800011;29;13;216;0;0;4;17;77;0;0;4
292800012;29;13;483;0;0;0;17;130;0;0;0
292800013;29;13;526;0;0;4;17;123;0;0;1
292800014;29;13;253;0;0;0;17;78;0;0;0
292800015;29;13;272;0;0;0;17;74;0;0;1
292800016;29;13;182;0;0;6;17;79;0;0;8
292800017;29;13;166;0;0;5;17;53;0;0;2
292800018;29;13;361;0;0;2;17;150;0;0;5
292800019;29;13;257;0;0;2;17;81;0;0;3
292800020;29;13;279;0;0;4;17;256;0;0;2
292800021;29;13;29;0;0;0;17;24;0;0;0
292800022;29;13;91;0;0;0;17;57;0;0;0
292800023;29;13;57;0;0;0;17;36;0;0;0
292800024;29;13;77;0;0;0;17;30;0;0;0
292800025;29;13;73;0;0;0;17;21;0;0;0
292800026;29;13;173;0;0;0;17;153;0;0;0
292800027;29;13;62;0;0;0;17;77;0;0;0
292800028;29;13;136;0;0;8;17;80;0;0;3
292800029;29;13;187;0;0;3;17;99;0;0;1
292800030;29;13;57;0;0;4;17;4;0;0;4
292800031;29;13;19;0;0;1;17;5;0;0;0
292800032;29;13;14;0;0;0;17;7;0;0;0
292800033;29;13;36;0;0;0;17;20;0;0;0
292800034;29;13;80;0;0;0;17;42;0;0;0
292800035;29;13;60;0;0;2;17;88;0;0;1
292800036;29;13;265;0;0;0;17;110;0;0;0
292800037;29;13;16;0;0;0;17;32;0;0;0
292800038;29;13;7;0;0;0;17;5;0;0;0
292900001;29;13;261;0;0;3;17;99;0;0;0
292900002;29;13;278;0;0;1;17;173;0;0;1
292900003;29;13;100;0;0;0;17;96;0;0;0
292900004;29;13;259;0;0;3;17;118;0;0;0
292900005;29;13;279;0;0;0;17;134;0;0;0
292900006;29;13;276;0;0;0;17;112;0;0;0
292900007;29;13;227;0;0;0;17;98;0;0;0
292900008;29;13;164;0;0;3;17;96;0;0;1
292900009;29;13;138;0;0;0;17;102;0;0;0
292900010;29;13;86;0;0;0;17;39;0;0;0
292900011;29;13;53;0;0;1;17;24;0;0;0
292900012;29;13;37;0;0;0;17;142;0;0;4
292900013;29;13;96;0;0;1;17;32;0;0;3
292900014;29;13;90;0;0;0;17;52;0;0;0
292900015;29;13;31;0;0;0;17;9;0;0;0
292900016;29;13;49;0;0;0;17;50;0;0;0
293000001;29;13;161;0;0;1;17;57;0;0;2
293000002;29;13;101;0;0;0;17;1;0;0;0
293000003;29;13;38;0;0;0;17;4;0;0;0
293000004;29;13;46;0;0;0;17;10;0;0;0
293000005;29;13;37;0;0;0;17;12;0;0;0
293000006;29;13;127;0;0;0;17;24;0;0;0
293000007;29;13;39;0;0;0;17;7;0;0;0
293000008;29;13;101;0;0;0;17;13;0;0;0
293000009;29;13;166;0;0;0;17;21;0;0;0
293000010;29;13;51;0;0;0;17;13;0;0;1
293000011;29;13;77;0;0;3;17;52;0;0;0
293000012;29;13;223;0;0;0;17;44;0;0;0
293000013;29;13;126;0;0;0;17;22;0;0;0
293000014;29;13;36;0;0;0;17;7;0;0;0
293000015;29;13;72;0;0;0;17;9;0;0;0
293000016;29;13;163;0;0;0;17;33;0;0;0
293000017;29;13;78;0;0;0;17;29;0;0;0
293000018;29;13;204;0;0;0;17;11;0;0;0
293000019;29;13;122;0;0;0;17;29;0;0;0
293000020;29;13;149;0;0;0;17;17;0;0;0
293000021;29;13;23;0;0;0;17;10;0;0;0
293000022;29;13;127;0;0;0;17;11;0;0;0
293000023;29;13;61;0;0;0;17;20;0;0;0
293000024;29;13;68;0;0;0;17;19;0;0;0
293000025;29;13;103;0;0;5;17;34;0;0;2
293000026;29;13;127;0;0;1;17;31;0;0;0
293200001;29;13;235;0;0;0;17;136;0;0;0
293200002;29;13;235;0;0;1;17;135;0;0;2
293200003;29;13;316;0;0;1;17;145;0;0;0
293200004;29;13;282;0;0;2;17;94;0;0;0
293200005;29;13;286;0;0;0;17;104;0;0;1
293200006;29;13;266;0;0;0;17;133;0;0;0
293200007;29;13;302;0;0;4;17;183;0;0;2
293200009;29;13;44;0;0;0;17;43;0;0;0
293200010;29;13;33;0;0;0;17;25;0;0;0
293200011;29;13;45;0;0;1;17;26;0;0;0
293200012;29;13;32;0;0;2;17;10;0;0;0
293200013;29;13;65;0;0;1;17;85;0;0;2
293200014;29;13;99;0;0;0;17;94;0;0;0
293200015;29;13;198;0;0;0;17;89;0;0;0
293200016;29;13;153;0;0;3;17;66;0;0;2
293200017;29;13;11;0;0;0;17;5;0;0;0
293200018;29;13;207;0;0;3;17;101;0;0;0
293200019;29;13;40;0;0;2;17;28;0;0;1
293200020;29;13;169;0;0;2;17;55;0;0;1
293200021;29;13;139;0;0;2;17;81;0;0;0
293200022;29;13;131;0;0;0;17;147;0;0;0
293200023;29;13;102;0;0;2;17;128;0;0;1
293200024;29;13;172;0;0;0;17;105;0;0;0
293200025;29;13;18;0;0;0;17;7;0;0;0
293300001;29;13;321;0;0;2;17;111;0;0;0
293300002;29;13;347;0;0;0;17;136;0;0;0
293300003;29;13;350;0;0;0;17;132;0;0;0
293300004;29;13;346;0;0;1;17;123;0;0;1
293300005;29;13;264;0;0;5;17;108;0;0;3
293300006;29;13;213;0;0;2;17;49;0;0;2
293300007;29;13;117;0;0;4;17;16;0;0;0
293300008;29;13;144;0;0;14;17;20;0;0;2
293300009;29;13;364;0;0;3;17;119;0;0;3
293300010;29;13;345;202;143;0;17;179;89;90;0
293300011;29;13;289;165;124;1;17;151;97;54;0
293300012;29;13;329;0;0;2;17;133;0;0;0
293300013;29;13;323;0;0;0;17;133;0;0;0
293300014;29;13;246;0;0;1;17;122;0;0;0
293300015;29;13;320;0;0;0;17;158;0;0;0
293300016;29;13;249;0;0;2;17;92;0;0;0
293300017;29;13;297;0;0;2;17;180;0;0;0
293300018;29;13;281;0;0;8;17;104;0;0;1
293300019;29;13;291;0;0;2;17;136;0;0;0
293300020;29;13;292;0;0;2;17;168;0;0;2
293300021;29;13;280;0;0;0;17;104;0;0;0
293300022;29;13;150;0;0;0;17;67;0;0;0
293300023;29;13;141;0;0;4;17;287;0;0;1
293300024;29;13;12;0;0;0;17;8;0;0;0
293300025;29;13;105;0;0;0;17;23;0;0;0
293300026;29;13;50;0;0;0;17;19;0;0;0
293300027;29;13;120;0;0;1;17;101;0;0;3
293300028;29;13;137;0;0;4;17;48;0;0;2
293300029;29;13;112;0;0;1;17;39;0;0;2
293300030;29;13;16;0;0;0;17;8;0;0;0
293300031;29;13;111;0;0;0;17;50;0;0;0
293300032;29;13;82;0;0;0;17;45;0;0;0
293300033;29;13;37;0;0;0;17;29;0;0;0
293300034;29;13;84;0;0;1;17;44;0;0;0
293300035;29;13;53;0;0;0;17;28;0;0;0
293300036;29;13;73;0;0;3;17;50;0;0;1
293300037;29;13;28;0;0;0;17;28;0;0;0
293300038;29;13;84;0;0;0;17;40;0;0;0
293300039;29;13;63;0;0;0;17;36;0;0;0
293300040;29;13;64;0;0;1;17;17;0;0;0
293300041;29;13;383;0;0;4;17;42;0;0;0
293300042;29;13;75;0;0;0;17;27;0;0;0
293300043;29;13;47;0;0;4;17;42;0;0;0
293300044;29;13;40;0;0;1;17;22;0;0;1
293300045;29;13;116;0;0;0;17;163;0;0;2
293300046;29;13;18;0;0;1;17;12;0;0;0
293400001;29;13;244;0;0;2;17;110;0;0;0
293400002;29;13;299;0;0;1;17;108;0;0;0
293400003;29;13;277;0;0;0;17;126;0;0;1
293400004;29;13;263;0;0;0;17;137;0;0;0
293400005;29;13;290;0;0;0;17;167;0;0;0
293400006;29;13;293;0;0;2;17;149;0;0;3
293400007;29;13;341;0;0;2;17;155;0;0;2
293400008;29;13;305;0;0;3;17;146;0;0;0
293400009;29;13;301;0;0;1;17;187;0;0;2
293400010;29;13;302;0;0;2;17;149;0;0;2
293400011;29;13;254;0;0;2;17;144;0;0;0
293400012;29;13;322;0;0;0;17;154;0;0;0
293400013;29;13;189;0;0;1;17;93;0;0;0
293400014;29;13;224;0;0;0;17;138;0;0;0
293400015;29;13;180;0;0;0;17;96;0;0;0
293400016;29;13;200;0;0;1;17;131;0;0;1
293400017;29;13;180;0;0;2;17;97;0;0;1
293400018;29;13;179;0;0;0;17;73;0;0;0
293400019;29;13;171;0;0;2;17;126;0;0;0
293400020;29;13;301;0;0;4;17;198;0;0;2
293400021;29;13;119;71;48;1;17;71;38;33;0
293400022;29;13;232;168;64;0;17;96;67;29;0
293400023;29;13;127;61;66;4;17;75;29;46;0
293400024;29;13;175;82;93;0;17;109;59;50;0
293400025;29;13;246;187;59;1;17;136;102;34;0
293400026;29;13;303;209;94;1;17;114;70;44;1
293400027;29;13;260;0;0;0;17;126;0;0;0
293400028;29;13;297;0;0;0;17;131;0;0;0
293400029;29;13;207;0;0;0;17;96;0;0;0
293400030;29;13;134;0;0;2;17;72;0;0;0
293400031;29;13;218;0;0;2;17;159;0;0;0
293400032;29;13;218;0;0;0;17;125;0;0;0
293400033;29;13;138;0;0;0;17;74;0;0;0
293400034;29;13;203;0;0;0;17;92;0;0;0
293400035;29;13;182;0;0;5;17;84;0;0;0
293400036;29;13;163;0;0;2;17;96;0;0;2
293400037;29;13;165;0;0;0;17;79;0;0;0
293400038;29;13;200;0;0;1;17;117;0;0;0
293400039;29;13;129;0;0;0;17;90;0;0;0
293400040;29;13;137;0;0;1;17;64;0;0;1
293400041;29;13;141;0;0;0;17;85;0;0;0
293400042;29;13;213;0;0;1;17;88;0;0;0
293400043;29;13;181;0;0;1;17;74;0;0;3
293400044;29;13;119;0;0;0;17;43;0;0;1
293400045;29;13;184;0;0;0;17;92;0;0;0
293400046;29;13;151;0;0;3;17;68;0;0;2
293400047;29;13;209;0;0;1;17;72;0;0;2
293400048;29;13;204;164;40;2;17;97;68;29;0
293400049;29;13;177;128;49;0;17;90;58;32;0
293400050;29;13;201;104;97;0;17;123;63;60;0
293400051;29;13;363;301;62;1;17;147;111;36;0
293400052;29;13;326;271;55;0;17;168;143;25;0
293400053;29;13;238;0;0;0;17;121;0;0;0
293400054;29;13;131;0;0;23;17;145;0;0;8
293400055;29;13;246;0;0;0;17;96;0;0;0
293400056;29;13;186;0;0;0;17;131;0;0;0
293400057;29;13;230;0;0;0;17;103;0;0;0
293400058;29;13;204;0;0;0;17;91;0;0;0
293400059;29;13;180;0;0;0;17;97;0;0;0
293400060;29;13;94;0;0;1;17;76;0;0;1
293400061;29;13;215;0;0;1;17;125;0;0;3
293400062;29;13;117;0;0;3;17;120;0;0;4
293400063;29;13;162;0;0;2;17;61;0;0;0
293400064;29;13;98;0;0;3;17;77;0;0;1
293400065;29;13;106;0;0;1;17;111;0;0;1
293400066;29;13;179;0;0;0;17;79;0;0;0
293400067;29;13;170;0;0;1;17;63;0;0;1
293400068;29;13;230;0;0;1;17;52;0;0;2
293400069;29;13;273;0;0;0;17;154;0;0;0
293400070;29;13;277;0;0;0;17;157;0;0;0
293400071;29;13;246;0;0;0;17;150;0;0;0
293400072;29;13;253;0;0;3;17;137;0;0;3
293400073;29;13;203;0;0;1;17;93;0;0;0
293400074;29;13;251;0;0;0;17;133;0;0;0
293400075;29;13;238;0;0;0;17;164;0;0;0
293400076;29;13;263;0;0;0;17;128;0;0;0
293400077;29;13;177;0;0;0;17;86;0;0;0
293400078;29;13;232;0;0;0;17;116;0;0;0
293400079;29;13;275;0;0;1;17;176;0;0;3
293400080;29;13;273;0;0;0;17;128;0;0;0
293400081;29;13;258;0;0;0;17;117;0;0;0
293400082;29;13;218;0;0;0;17;102;0;0;0
293400083;29;13;239;0;0;0;17;76;0;0;0
293400084;29;13;197;0;0;1;17;105;0;0;1
293400085;29;13;142;0;0;4;17;60;0;0;2
293400086;29;13;188;0;0;0;17;33;0;0;0
293400087;29;13;184;0;0;0;17;29;0;0;0
293400088;29;13;224;0;0;2;17;75;0;0;1
293400089;29;13;160;0;0;0;17;40;0;0;0
293400090;29;13;190;0;0;0;17;50;0;0;0
293400091;29;13;168;0;0;1;17;41;0;0;0
293400092;29;13;127;0;0;2;17;74;0;0;0
293400093;29;13;173;0;0;0;17;90;0;0;0
293400094;29;13;183;0;0;1;17;98;0;0;1
293400095;29;13;148;0;0;0;17;92;0;0;0
293400096;29;13;180;0;0;0;17;104;0;0;0
293400097;29;13;157;0;0;0;17;84;0;0;0
293400098;29;13;231;0;0;1;17;111;0;0;0
293400099;29;13;207;0;0;0;17;132;0;0;0
293400100;29;13;145;0;0;0;17;118;0;0;0
293400101;29;13;338;0;0;2;17;163;0;0;1
293400102;29;13;274;0;0;3;17;158;0;0;0
293400103;29;13;242;0;0;0;17;167;0;0;0
293400104;29;13;289;0;0;2;17;133;0;0;1
293400105;29;13;233;0;0;0;17;111;0;0;0
293400106;29;13;271;0;0;0;17;151;0;0;0
293400107;29;13;307;0;0;3;17;97;0;0;1
293400108;29;13;196;0;0;4;17;70;0;0;2
293400109;29;13;150;0;0;0;17;61;0;0;0
293400110;29;13;137;0;0;1;17;62;0;0;3
293400111;29;13;97;0;0;2;17;33;0;0;3
293400112;29;13;93;0;0;3;17;66;0;0;0
293400113;29;13;147;0;0;0;17;6;0;0;0
293400114;29;13;212;0;0;3;17;91;0;0;2
293400115;29;13;222;0;0;2;17;139;0;0;0
293400116;29;13;150;0;0;0;17;128;0;0;0
293400117;29;13;241;0;0;0;17;98;0;0;0
293400118;29;13;80;0;0;0;17;74;0;0;0
293400119;29;13;280;0;0;0;17;50;0;0;0
293400120;29;13;282;0;0;0;17;77;0;0;0
293400121;29;13;100;0;0;1;17;24;0;0;0
293400122;29;13;170;0;0;4;17;56;0;0;3
293400123;29;13;65;0;0;0;17;83;0;0;0
293400124;29;13;139;0;0;0;17;45;0;0;0
293400125;29;13;63;0;0;2;17;21;0;0;0
293400126;29;13;120;0;0;0;17;119;0;0;0
293400127;29;13;78;0;0;0;17;21;0;0;0
293400128;29;13;26;0;0;0;17;22;0;0;0
293400129;29;13;224;0;0;0;17;133;0;0;1
293400130;29;13;160;0;0;1;17;54;0;0;1
293400131;29;13;186;0;0;0;17;80;0;0;0
293400132;29;13;213;0;0;0;17;93;0;0;0
293400133;29;13;200;0;0;5;17;72;0;0;1
293400134;29;13;62;0;0;0;17;85;0;0;0
293400135;29;13;75;0;0;0;17;98;0;0;0
293400136;29;13;49;0;0;0;17;33;0;0;0
293400137;29;13;50;0;0;0;17;59;0;0;1
293400138;29;13;72;0;0;0;17;127;0;0;0
293400139;29;13;187;0;0;0;17;42;0;0;0
293400140;29;13;205;0;0;0;17;42;0;0;0
293400141;29;13;205;0;0;0;17;72;0;0;0
293400142;29;13;194;0;0;0;17;55;0;0;0
293400143;29;13;171;0;0;0;17;62;0;0;0
293400144;29;13;171;0;0;0;17;26;0;0;0
293400145;29;13;103;0;0;0;17;20;0;0;0
293400146;29;13;272;0;0;0;17;65;0;0;0
293400147;29;13;233;0;0;1;17;51;0;0;0
293400148;29;13;110;0;0;0;17;159;0;0;0
293400149;29;13;172;0;0;0;17;36;0;0;0
293400150;29;13;33;0;0;0;17;17;0;0;0
293400151;29;13;19;0;0;0;17;10;0;0;0
293400152;29;13;40;0;0;0;17;11;0;0;0
293400153;29;13;21;0;0;0;17;4;0;0;0
300700001;30;13;211;0;0;0;17;140;0;0;0
300700002;30;13;79;0;0;0;17;135;0;0;0
300700003;30;13;68;0;0;0;17;59;0;0;0
300700004;30;13;189;0;0;0;17;191;0;0;6
300700005;30;13;18;0;0;2;17;193;0;0;6
300700006;30;13;21;0;0;0;17;57;0;0;0
300700007;30;13;75;0;0;0;17;75;0;0;0
300700008;30;13;85;0;0;0;17;228;0;0;0
300700009;30;13;172;0;0;3;17;88;0;0;0
300700010;30;13;105;0;0;2;17;128;0;0;3
300700011;30;13;31;0;0;0;17;40;0;0;0
300700012;30;13;88;0;0;0;17;171;0;0;3
300700013;30;13;88;0;0;0;17;163;0;0;0
300700014;30;13;120;0;0;0;17;186;0;0;0
300700015;30;13;141;0;0;0;17;202;0;0;0
301000001;30;13;108;0;0;0;17;29;0;0;0
301000002;30;13;207;0;0;2;17;47;0;0;0
301000003;30;13;248;0;0;2;17;64;0;0;1
301000004;30;13;231;0;0;2;17;133;0;0;1
301000005;30;13;343;0;0;0;17;86;0;0;0
301000006;30;13;278;0;0;2;17;68;0;0;1
301000007;30;13;149;0;0;0;17;65;0;0;0
301000008;30;13;94;0;0;0;17;14;0;0;0
301000009;30;13;81;0;0;0;17;55;0;0;0
301000010;30;13;28;0;0;0;17;7;0;0;0
301000011;30;13;88;0;0;0;17;54;0;0;0
301000012;30;13;192;0;0;0;17;63;0;0;1
301000013;30;13;146;0;0;0;17;33;0;0;0
301000014;30;13;163;0;0;0;17;16;0;0;0
301000015;30;13;155;0;0;0;17;130;0;0;0
301000016;30;13;210;0;0;1;17;62;0;0;0
301000017;30;13;115;0;0;0;17;39;0;0;0
301000018;30;13;257;0;0;7;17;110;0;0;2
301000019;30;13;182;0;0;0;17;66;0;0;0
301000020;30;13;41;0;0;0;17;12;0;0;0
301100001;30;13;77;0;0;2;17;16;0;0;1
301100002;30;13;111;0;0;1;17;24;0;0;0
301100003;30;13;79;0;0;0;17;20;0;0;0
301100004;30;13;77;0;0;4;17;84;0;0;1
301100005;30;13;293;0;0;0;17;102;0;0;0
301100006;30;13;62;0;0;2;17;22;0;0;1
301100007;30;13;42;0;0;0;17;51;0;0;0
301100008;30;13;78;0;0;0;17;26;0;0;0
301100009;30;13;178;0;0;1;17;52;0;0;1
301100010;30;13;89;0;0;4;17;29;0;0;0
301100011;30;13;103;0;0;0;17;28;0;0;0
301100012;30;13;71;0;0;5;17;18;0;0;0
301100013;30;13;160;0;0;0;17;41;0;0;0
301100014;30;13;323;0;0;4;17;59;0;0;3
301100015;30;13;81;0;0;2;17;24;0;0;0
301100016;30;13;68;0;0;0;17;15;0;0;0
301100018;30;13;118;0;0;1;17;60;0;0;0
301100019;30;13;105;0;0;2;17;25;0;0;1
301100020;30;13;143;0;0;0;17;28;0;0;0
301100021;30;13;50;0;0;0;17;103;0;0;0
301100022;30;13;30;0;0;0;17;11;0;0;0
301800001;30;13;197;0;0;1;17;74;0;0;1
301800002;30;13;299;0;0;1;17;43;0;0;1
301800003;30;13;246;0;0;6;17;97;0;0;2
301800004;30;13;172;0;0;11;17;55;0;0;2
301800005;30;13;168;0;0;9;17;45;0;0;0
301800006;30;13;547;0;0;0;17;131;0;0;2
301800007;30;13;199;0;0;0;17;63;0;0;0
301800008;30;13;214;0;0;2;17;22;0;0;0
301800009;30;13;239;0;0;1;17;77;0;0;1
301800010;30;13;224;0;0;0;17;46;0;0;0
301800011;30;13;264;0;0;0;17;52;0;0;0
301800012;30;13;23;0;0;0;17;7;0;0;0
301800013;30;13;202;0;0;3;17;17;0;0;1
301800014;30;13;226;0;0;0;17;66;0;0;0
301800015;30;13;13;0;0;0;17;5;0;0;0
301800016;30;13;210;0;0;0;17;69;0;0;0
301800017;30;13;179;0;0;0;17;46;0;0;0
301800018;30;13;205;0;0;0;17;51;0;0;0
301800019;30;13;345;0;0;0;17;56;0;0;0
301800020;30;13;224;0;0;3;17;105;0;0;2
301800021;30;13;223;0;0;0;17;121;0;0;0
301800022;30;13;228;0;0;0;17;146;0;0;0
301800023;30;13;384;0;0;1;17;79;0;0;0
301800024;30;13;55;0;0;0;17;3;0;0;0
301900001;30;13;153;0;0;0;17;69;0;0;0
301900002;30;13;160;108;52;0;17;106;57;49;0
301900003;30;13;260;205;55;1;17;102;66;36;0
301900004;30;13;274;0;0;2;17;135;0;0;1
301900005;30;13;200;0;0;1;17;40;0;0;1
301900006;30;13;258;0;0;4;17;41;0;0;0
301900007;30;13;76;0;0;0;17;28;0;0;0
301900008;30;13;133;0;0;0;17;43;0;0;0
301900009;30;13;164;0;0;0;17;77;0;0;2
301900010;30;13;174;0;0;3;17;67;0;0;0
301900011;30;13;146;0;0;6;17;49;0;0;0
301900012;30;13;45;0;0;3;17;108;0;0;1
301900013;30;13;120;0;0;0;17;64;0;0;0
301900014;30;13;162;0;0;0;17;60;0;0;0
301900015;30;13;50;0;0;1;17;27;0;0;0
301900016;30;13;35;0;0;1;17;88;0;0;0
301900017;30;13;26;0;0;1;17;18;0;0;0
302100001;30;13;19;0;0;0;17;40;0;0;0
302100002;30;13;95;0;0;0;17;402;0;0;0
302100003;30;13;92;0;0;0;17;402;0;0;0
302100004;30;13;86;0;0;0;17;100;0;0;0
302100005;30;13;17;0;0;1;17;43;0;0;0
302100006;30;13;69;0;0;0;17;180;0;0;0
302100007;30;13;172;0;0;3;17;192;0;0;2
302100008;30;13;167;0;0;2;17;172;0;0;0
302100009;30;13;85;0;0;0;17;114;0;0;0
302100010;30;13;83;0;0;0;17;118;0;0;0
302100011;30;13;71;0;0;0;17;128;0;0;0
302100012;30;13;82;0;0;0;17;129;0;0;0
302100013;30;13;130;0;0;4;17;194;0;0;1
302100014;30;13;12;0;0;0;17;37;0;0;0
302200001;30;13;163;0;0;0;17;87;0;0;0
302200002;30;13;258;0;0;2;17;58;0;0;2
302200003;30;13;199;0;0;2;17;51;0;0;0
302200004;30;13;213;0;0;2;17;44;0;0;0
302200005;30;13;199;0;0;0;17;73;0;0;0
302200006;30;13;214;0;0;1;17;107;0;0;1
302200007;30;13;211;0;0;0;17;78;0;0;0
302200008;30;13;209;0;0;4;17;86;0;0;0
302200009;30;13;176;95;81;0;17;67;33;34;0
302200010;30;13;187;160;27;0;17;67;53;14;0
302200011;30;13;276;0;0;0;17;103;0;0;0
302200012;30;13;168;0;0;1;17;64;0;0;0
302200013;30;13;181;0;0;0;17;73;0;0;0
302200014;30;13;189;0;0;4;17;60;0;0;0
302200015;30;13;241;0;0;2;17;83;0;0;1
302200016;30;13;144;0;0;0;17;59;0;0;0
302200017;30;13;210;0;0;0;17;87;0;0;0
302200018;30;13;194;0;0;0;17;90;0;0;0
302200019;30;13;40;0;0;0;17;19;0;0;0
302200020;30;13;272;0;0;0;17;42;0;0;0
302200021;30;13;14;0;0;0;17;6;0;0;0
302200022;30;13;107;0;0;2;17;79;0;0;1
302200023;30;13;109;0;0;0;17;39;0;0;0
302200024;30;13;43;0;0;0;17;7;0;0;1
302200025;30;13;85;0;0;0;17;22;0;0;0
302200026;30;13;123;0;0;0;17;21;0;0;0
302200027;30;13;56;0;0;0;17;91;0;0;0
302200028;30;13;164;0;0;1;17;63;0;0;2
302200029;30;13;162;0;0;4;17;46;0;0;2
302200030;30;13;23;0;0;0;17;10;0;0;0
302200031;30;13;97;0;0;1;17;30;0;0;0
302200032;30;13;43;0;0;0;17;39;0;0;0
302200033;30;13;41;0;0;0;17;10;0;0;0
302200034;30;13;141;0;0;0;17;43;0;0;0
302200035;30;13;33;0;0;0;17;16;0;0;0
302300001;30;13;234;0;0;5;17;130;0;0;1
302300002;30;13;206;0;0;0;17;140;0;0;0
302300003;30;13;219;0;0;1;17;162;0;0;1
302300004;30;13;218;0;0;0;17;114;0;0;0
302300005;30;13;234;0;0;0;17;96;0;0;0
302300006;30;13;207;0;0;0;17;37;0;0;0
302300007;30;13;118;0;0;0;17;92;0;0;0
302300008;30;13;279;0;0;0;17;113;0;0;0
302300009;30;13;126;0;0;0;17;70;0;0;0
302300010;30;13;232;0;0;5;17;144;0;0;1
302300011;30;13;245;0;0;2;17;126;0;0;0
302300012;30;13;237;0;0;12;17;66;0;0;3
302300013;30;13;98;0;0;2;17;30;0;0;0
302300014;30;13;170;0;0;2;17;86;0;0;0
302300015;30;13;133;0;0;0;17;132;0;0;0
302300016;30;13;64;0;0;0;17;65;0;0;2
302300017;30;13;72;0;0;0;17;20;0;0;0
302300018;30;13;98;0;0;0;17;48;0;0;0
302300019;30;13;35;0;0;0;17;23;0;0;0
302300020;30;13;163;0;0;2;17;106;0;0;1
302300021;30;13;79;0;0;1;17;71;0;0;1
302300022;30;13;23;0;0;1;17;10;0;0;0
302300023;30;13;26;0;0;0;17;12;0;0;1
302500001;30;13;209;0;0;1;17;158;0;0;2
302500002;30;13;206;0;0;4;17;106;0;0;2
302500003;30;13;220;0;0;7;17;201;0;0;4
302500004;30;13;197;0;0;2;17;207;0;0;0
302500005;30;13;20;0;0;0;17;17;0;0;0
302500006;30;13;51;0;0;0;17;41;0;0;0
302500007;30;13;122;0;0;0;17;113;0;0;0
302500008;30;13;31;0;0;0;17;7;0;0;0
302500009;30;13;43;0;0;0;17;47;0;0;0
302500010;30;13;52;0;0;0;17;24;0;0;0
302500011;30;13;171;0;0;1;17;99;0;0;0
302500012;30;13;10;0;0;0;17;12;0;0;0
302500013;30;13;178;0;0;0;17;111;0;0;0
302500014;30;13;7;0;0;0;17;10;0;0;0
303000001;30;13;232;0;0;9;17;107;0;0;1
303000002;30;13;230;0;0;0;17;112;0;0;0
303000003;30;13;217;129;88;0;17;101;62;39;0
303000004;30;13;219;124;95;1;17;97;47;50;0
303000005;30;13;214;142;72;0;17;118;70;48;0
303000006;30;13;173;53;120;0;17;64;11;53;0
303000007;30;13;218;188;30;3;17;78;55;23;0
303000008;30;13;191;0;0;5;17;89;0;0;0
303000009;30;13;173;0;0;1;17;57;0;0;1
303000010;30;13;121;0;0;3;17;46;0;0;1
303000011;30;13;179;0;0;4;17;124;0;0;2
303000012;30;13;203;0;0;2;17;130;0;0;0
303000013;30;13;217;0;0;2;17;88;0;0;1
303000014;30;13;183;0;0;3;17;94;0;0;0
303000015;30;13;210;0;0;2;17;105;0;0;0
303000016;30;13;229;0;0;0;17;119;0;0;0
303000017;30;13;205;0;0;0;17;82;0;0;0
303000018;30;13;198;0;0;4;17;148;0;0;1
303000019;30;13;201;0;0;2;17;135;0;0;4
303000020;30;13;227;0;0;6;17;175;0;0;2
303000021;30;13;233;0;0;5;17;165;0;0;0
303000022;30;13;221;211;10;0;17;152;143;9;0
303000023;30;13;245;181;64;0;17;144;94;50;0
303000024;30;13;210;130;80;2;17;153;92;61;1
303000025;30;13;209;138;71;3;17;107;57;50;1
303000026;30;13;198;120;78;0;17;134;75;59;0
303000027;30;13;209;61;148;0;17;123;40;83;0
303000028;30;13;195;0;0;2;17;148;0;0;0
303000029;30;13;242;0;0;2;17;112;0;0;1
303000030;30;13;182;0;0;2;17;103;0;0;1
303000031;30;13;210;0;0;4;17;173;0;0;1
303000032;30;13;275;0;0;0;17;173;0;0;0
303000033;30;13;271;0;0;7;17;203;0;0;3
303000034;30;13;289;0;0;0;17;165;0;0;0
303000035;30;13;222;0;0;2;17;99;0;0;1
303000036;30;13;151;0;0;6;17;83;0;0;4
303000037;30;13;127;0;0;0;17;28;0;0;0
303000038;30;13;156;0;0;0;17;98;0;0;0
303000039;30;13;153;0;0;0;17;73;0;0;0
303000040;30;13;169;0;0;0;17;102;0;0;0
303000041;30;13;184;0;0;0;17;100;0;0;0
303000042;30;13;137;0;0;0;17;85;0;0;0
303000043;30;13;190;0;0;4;17;151;0;0;2
303000044;30;13;245;0;0;2;17;126;0;0;2
303000045;30;13;210;0;0;3;17;154;0;0;0
303000046;30;13;260;0;0;0;17;180;0;0;0
303000047;30;13;239;0;0;3;17;133;0;0;0
303000048;30;13;249;0;0;1;17;163;0;0;0
303000049;30;13;176;0;0;3;17;119;0;0;2
303000050;30;13;258;0;0;3;17;210;0;0;3
303000051;30;13;267;0;0;3;17;149;0;0;2
303000052;30;13;78;0;0;0;17;14;0;0;0
303000053;30;13;124;0;0;5;17;70;0;0;1
303000054;30;13;253;0;0;4;17;155;0;0;2
303000055;30;13;258;0;0;0;17;163;0;0;0
303000056;30;13;174;0;0;1;17;159;0;0;1
303000057;30;13;192;0;0;4;17;167;0;0;0
303000058;30;13;273;0;0;5;17;211;0;0;0
303000059;30;13;257;0;0;3;17;156;0;0;1
303000060;30;13;247;0;0;2;17;161;0;0;1
303000061;30;13;227;0;0;1;17;171;0;0;0
303000062;30;13;192;0;0;3;17;129;0;0;0
303000063;30;13;290;0;0;1;17;133;0;0;0
303000064;30;13;232;0;0;2;17;156;0;0;2
303000065;30;13;239;0;0;0;17;183;0;0;0
303000066;30;13;219;0;0;0;17;201;0;0;0
303000067;30;13;241;0;0;4;17;179;0;0;1
303000068;30;13;208;0;0;3;17;167;0;0;0
303000069;30;13;260;0;0;0;17;175;0;0;0
303000070;30;13;227;0;0;0;17;124;0;0;3
303000071;30;13;310;0;0;5;17;165;0;0;1
303000072;30;13;164;0;0;0;17;145;0;0;0
303000073;30;13;217;0;0;3;17;182;0;0;1
303000074;30;13;265;0;0;2;17;209;0;0;0
303000075;30;13;213;0;0;0;17;160;0;0;0
303000076;30;13;279;0;0;1;17;193;0;0;2
303000077;30;13;246;0;0;0;17;138;0;0;0
303000078;30;13;258;0;0;0;17;161;0;0;0
303000079;30;13;200;0;0;4;17;143;0;0;2
303000080;30;13;291;0;0;8;17;119;0;0;1
303000081;30;13;240;0;0;0;17;114;0;0;0
303000082;30;13;239;0;0;0;17;141;0;0;0
303000083;30;13;221;0;0;1;17;167;0;0;1
303000084;30;13;188;0;0;0;17;146;0;0;1
303000085;30;13;248;0;0;4;17;112;0;0;0
303000086;30;13;232;0;0;0;17;169;0;0;0
303000087;30;13;248;0;0;3;17;144;0;0;1
303000088;30;13;251;0;0;2;17;185;0;0;0
303000089;30;13;214;0;0;1;17;169;0;0;3
303000090;30;13;156;0;0;0;17;86;0;0;0
303000091;30;13;230;0;0;2;17;182;0;0;0
303000092;30;13;233;0;0;0;17;144;0;0;0
303000093;30;13;272;0;0;4;17;150;0;0;0
303000094;30;13;216;0;0;0;17;134;0;0;0
303000095;30;13;25;0;0;1;17;11;0;0;1
303000096;30;13;57;0;0;0;17;30;0;0;0
303000097;30;13;26;0;0;0;17;12;0;0;1
303000098;30;13;62;0;0;3;17;43;0;0;2
303000099;30;13;93;0;0;2;17;38;0;0;2
303000100;30;13;84;0;0;0;17;31;0;0;0
303000101;30;13;169;0;0;1;17;40;0;0;2
303000102;30;13;163;0;0;5;17;72;0;0;4
303000103;30;13;273;0;0;0;17;151;0;0;0
303000104;30;13;209;0;0;1;17;102;0;0;0
303000105;30;13;143;0;0;1;17;32;0;0;0
303000106;30;13;196;0;0;0;17;65;0;0;0
303000107;30;13;59;0;0;0;17;59;0;0;0
303000108;30;13;50;0;0;0;17;11;0;0;0
303000109;30;13;65;0;0;0;17;68;0;0;0
303000110;30;13;18;0;0;0;17;13;0;0;0
303000111;30;13;97;0;0;2;17;49;0;0;0
303000112;30;13;182;0;0;6;17;62;0;0;3
303000113;30;13;173;0;0;0;17;66;0;0;0
303000114;30;13;122;0;0;0;17;80;0;0;0
303000115;30;13;155;0;0;0;17;55;0;0;0
303000116;30;13;38;0;0;1;17;24;0;0;0
303000117;30;13;72;0;0;3;17;71;0;0;1
303000118;30;13;74;0;0;0;17;59;0;0;2
303000119;30;13;169;0;0;12;17;114;0;0;2
303000120;30;13;95;0;0;0;17;90;0;0;0
303000121;30;13;82;0;0;0;17;34;0;0;0
303000122;30;13;213;0;0;1;17;93;0;0;1
303000123;30;13;204;0;0;1;17;60;0;0;0
303000124;30;13;77;0;0;1;17;63;0;0;1
303000125;30;13;61;0;0;1;17;21;0;0;0
303000126;30;13;32;0;0;1;17;22;0;0;1
303000127;30;13;11;0;0;0;17;7;0;0;0
303000128;30;13;27;0;0;0;17;13;0;0;0
310300001;31;13;189;0;0;6;17;46;0;0;0
310300002;31;13;353;0;0;2;17;87;0;0;0
310300003;31;13;46;0;0;0;17;3;0;0;0
310300004;31;13;13;0;0;0;17;5;0;0;0
310300005;31;13;32;0;0;0;17;12;0;0;1
310300006;31;13;104;0;0;3;17;28;0;0;4
310300007;31;13;166;0;0;0;17;88;0;0;0
310300008;31;13;25;0;0;0;17;11;0;0;0
310300009;31;13;24;0;0;0;17;12;0;0;0
310300010;31;13;14;0;0;0;17;7;0;0;0
310300011;31;13;14;0;0;0;17;5;0;0;0
310300012;31;13;94;0;0;0;17;28;0;0;0
310300013;31;13;17;0;0;0;17;3;0;0;0
310300014;31;13;147;0;0;2;17;49;0;0;2
310300015;31;13;45;0;0;0;17;8;0;0;0
310300016;31;13;72;0;0;0;17;19;0;0;3
310300017;31;13;33;0;0;1;17;11;0;0;0
310300018;31;13;21;0;0;0;17;1;0;0;0
310300019;31;13;140;0;0;0;17;34;0;0;0
310300020;31;13;13;0;0;0;17;3;0;0;0
310300021;31;13;48;0;0;0;17;8;0;0;0
310700001;31;13;282;0;0;0;17;117;0;0;0
310700002;31;13;289;0;0;0;17;120;0;0;1
310700003;31;13;263;0;0;5;17;173;0;0;1
310700004;31;13;363;0;0;3;17;148;0;0;1
310700005;31;13;310;0;0;2;17;151;0;0;0
310700006;31;13;313;0;0;0;17;163;0;0;0
310700007;31;13;320;0;0;1;17;165;0;0;1
310700008;31;13;331;0;0;2;17;157;0;0;0
310700009;31;13;324;0;0;5;17;133;0;0;2
310700010;31;13;327;0;0;4;17;133;0;0;0
310700011;31;13;346;0;0;4;17;156;0;0;4
310700012;31;13;274;0;0;5;17;46;0;0;0
310700013;31;13;32;0;0;0;17;22;0;0;0
310700014;31;13;50;0;0;1;17;23;0;0;0
310700015;31;13;40;0;0;0;17;15;0;0;0
310700016;31;13;13;0;0;0;17;23;0;0;0
310700017;31;13;112;0;0;3;17;34;0;0;1
310700018;31;13;86;0;0;1;17;43;0;0;1
310700019;31;13;30;0;0;0;17;10;0;0;2
310700020;31;13;27;0;0;0;17;35;0;0;0
310700021;31;13;61;0;0;0;17;62;0;0;0
310700022;31;13;210;0;0;5;17;40;0;0;1
310700023;31;13;139;0;0;0;17;46;0;0;1
310700024;31;13;214;0;0;2;17;100;0;0;0
310700025;31;13;32;0;0;0;17;55;0;0;0
310700026;31;13;179;0;0;0;17;45;0;0;0
310700027;31;13;96;0;0;0;17;45;0;0;1
310700028;31;13;172;0;0;5;17;79;0;0;1
310700029;31;13;24;0;0;1;17;23;0;0;0
310700030;31;13;18;0;0;0;17;5;0;0;0
312200001;31;13;149;0;0;0;17;138;0;0;1
312200002;31;13;266;207;59;0;17;203;141;62;0
312200003;31;13;218;184;34;0;17;102;83;19;0
312200004;31;13;287;238;49;0;17;99;69;30;0
312200005;31;13;194;0;0;3;17;174;0;0;2
312200006;31;13;154;0;0;0;17;122;0;0;0
312200007;31;13;236;0;0;0;17;120;0;0;0
312200008;31;13;62;0;0;0;17;16;0;0;0
312200009;31;13;57;0;0;0;17;22;0;0;0
312200010;31;13;28;0;0;0;17;16;0;0;0
312200011;31;13;143;0;0;0;17;88;0;0;0
312200012;31;13;129;0;0;0;17;40;0;0;0
312200013;31;13;90;0;0;1;17;55;0;0;2
312200014;31;13;187;0;0;0;17;104;0;0;0
312200015;31;13;289;0;0;0;17;141;0;0;0
312200016;31;13;118;0;0;0;17;75;0;0;0
312200017;31;13;151;0;0;3;17;68;0;0;1
312200018;31;13;7;0;0;0;17;15;0;0;0
312200019;31;13;161;0;0;2;17;104;0;0;1
312200020;31;13;76;0;0;0;17;32;0;0;0
312200021;31;13;62;0;0;0;17;59;0;0;0
312200022;31;13;53;0;0;2;17;47;0;0;1
312200023;31;13;43;0;0;0;17;27;0;0;0
312200024;31;13;100;0;0;0;17;25;0;0;0
312200025;31;13;39;0;0;0;17;28;0;0;0
312200026;31;13;118;0;0;0;17;53;0;0;0
312200027;31;13;37;0;0;0;17;17;0;0;0
312200028;31;13;66;0;0;0;17;53;0;0;0
312200029;31;13;100;0;0;0;17;62;0;0;0
312200030;31;13;11;0;0;0;17;12;0;0;0
312500001;31;13;39;0;0;0;17;18;0;0;0
312500002;31;13;210;0;0;8;17;69;0;0;1
312500003;31;13;216;0;0;2;17;71;0;0;0
312500004;31;13;315;0;0;4;17;126;0;0;2
312500005;31;13;107;0;0;0;17;45;0;0;0
312500006;31;13;175;0;0;1;17;108;0;0;2
312500007;31;13;202;0;0;0;17;107;0;0;0
312500008;31;13;306;0;0;5;17;201;0;0;3
312500009;31;13;16;0;0;0;17;12;0;0;0
312500010;31;13;283;0;0;1;17;157;0;0;0
312500011;31;13;139;0;0;0;17;39;0;0;1
312500012;31;13;100;0;0;0;17;76;0;0;0
312500013;31;13;113;0;0;0;17;58;0;0;0
312500014;31;13;256;0;0;2;17;100;0;0;2
312500015;31;13;43;0;0;0;17;14;0;0;0
312500016;31;13;49;0;0;1;17;16;0;0;0
312500017;31;13;256;0;0;2;17;142;0;0;1
312500018;31;13;36;0;0;0;17;50;0;0;0
312500019;31;13;288;0;0;1;17;224;0;0;1
312500020;31;13;169;0;0;3;17;91;0;0;0
312500021;31;13;124;0;0;7;17;48;0;0;0
312500022;31;13;151;0;0;1;17;44;0;0;1
312500023;31;13;97;0;0;0;17;20;0;0;0
312500024;31;13;133;0;0;4;17;96;0;0;1
312500025;31;13;188;0;0;2;17;138;0;0;3
312500026;31;13;208;0;0;1;17;158;0;0;2
312500027;31;13;241;0;0;0;17;140;0;0;0
312500028;31;13;108;0;0;0;17;27;0;0;0
312500029;31;13;60;0;0;2;17;29;0;0;0
312500030;31;13;98;0;0;0;17;34;0;0;0
312500031;31;13;124;0;0;0;17;103;0;0;0
312500032;31;13;176;0;0;0;17;55;0;0;0
312500033;31;13;172;0;0;0;17;86;0;0;0
312500034;31;13;186;0;0;0;17;65;0;0;0
312500035;31;13;55;0;0;0;17;16;0;0;0
312500036;31;13;180;0;0;2;17;80;0;0;2
312500037;31;13;163;0;0;0;17;109;0;0;0
312500038;31;13;57;0;0;0;17;29;0;0;0
312500039;31;13;142;0;0;0;17;24;0;0;0
312500040;31;13;198;0;0;0;17;97;0;0;0
312500041;31;13;74;0;0;0;17;12;0;0;0
312500042;31;13;96;0;0;0;17;47;0;0;1
312500043;31;13;241;0;0;3;17;104;0;0;1
312500044;31;13;265;0;0;1;17;97;0;0;0
312500045;31;13;85;0;0;0;17;19;0;0;0
312500046;31;13;208;0;0;0;17;103;0;0;0
312500047;31;13;219;0;0;3;17;112;0;0;0
312500048;31;13;188;0;0;0;17;88;0;0;0
312500049;31;13;135;0;0;0;17;51;0;0;1
312500050;31;13;8;0;0;0;17;3;0;0;0
312500051;31;13;6;0;0;0;17;5;0;0;0
312600001;31;13;222;0;0;4;17;144;0;0;1
312600002;31;13;222;0;0;3;17;100;0;0;0
312600003;31;13;145;0;0;5;17;90;0;0;2
312600004;31;13;210;0;0;3;17;98;0;0;0
312600005;31;13;200;0;0;2;17;98;0;0;2
312600006;31;13;244;0;0;1;17;120;0;0;2
312600007;31;13;226;0;0;2;17;151;0;0;2
312600008;31;13;211;0;0;0;17;136;0;0;0
312600009;31;13;171;0;0;1;17;107;0;0;2
312600010;31;13;181;0;0;0;17;119;0;0;0
312600011;31;13;177;0;0;0;17;101;0;0;0
312600012;31;13;203;0;0;0;17;80;0;0;0
312600013;31;13;183;0;0;0;17;117;0;0;0
312600014;31;13;254;0;0;1;17;203;0;0;0
312600015;31;13;173;0;0;0;17;139;0;0;0
312600016;31;13;172;0;0;0;17;121;0;0;0
312600017;31;13;249;0;0;0;17;163;0;0;0
312600018;31;13;219;0;0;3;17;99;0;0;0
312600019;31;13;248;0;0;3;17;140;0;0;3
312600020;31;13;246;0;0;0;17;160;0;0;0
312600021;31;13;169;0;0;0;17;120;0;0;0
312600022;31;13;256;0;0;3;17;113;0;0;0
312600023;31;13;201;0;0;3;17;140;0;0;0
312600024;31;13;223;0;0;0;17;141;0;0;0
312600025;31;13;275;0;0;1;17;129;0;0;1
312600026;31;13;203;0;0;3;17;127;0;0;1
312600027;31;13;247;0;0;2;17;105;0;0;2
312600028;31;13;221;0;0;0;17;130;0;0;2
312600029;31;13;220;0;0;3;17;128;0;0;3
312600030;31;13;133;0;0;4;17;55;0;0;0
312600031;31;13;209;0;0;0;17;74;0;0;0
312600032;31;13;212;0;0;3;17;80;0;0;0
312600033;31;13;161;83;78;0;17;75;33;42;0
312600034;31;13;228;124;104;1;17;141;53;88;0
312600035;31;13;164;115;49;4;17;109;71;38;4
312600036;31;13;206;133;73;0;17;94;52;42;0
312600037;31;13;286;0;0;2;17;154;0;0;0
312600038;31;13;205;0;0;1;17;111;0;0;2
312600039;31;13;145;0;0;0;17;107;0;0;0
312600040;31;13;165;0;0;0;17;106;0;0;0
312600041;31;13;182;0;0;8;17;75;0;0;0
312600042;31;13;171;0;0;7;17;53;0;0;3
312600043;31;13;191;0;0;13;17;43;0;0;3
312600044;31;13;194;0;0;26;17;61;0;0;2
312600045;31;13;190;0;0;18;17;22;0;0;2
312600046;31;13;231;0;0;17;17;28;0;0;5
312600047;31;13;227;0;0;8;17;40;0;0;0
312600048;31;13;259;0;0;7;17;44;0;0;1
312600049;31;13;313;0;0;0;17;27;0;0;0
312600050;31;13;256;0;0;0;17;102;0;0;0
312600051;31;13;218;0;0;0;17;110;0;0;0
312600052;31;13;231;0;0;1;17;109;0;0;4
312600053;31;13;206;0;0;0;17;126;0;0;0
312600054;31;13;167;0;0;1;17;101;0;0;1
312600055;31;13;182;0;0;0;17;123;0;0;0
312600056;31;13;161;0;0;1;17;76;0;0;1
312600057;31;13;262;0;0;3;17;91;0;0;1
312600058;31;13;256;0;0;0;17;84;0;0;0
312600059;31;13;190;0;0;0;17;161;0;0;0
312600060;31;13;190;0;0;0;17;120;0;0;0
312600061;31;13;166;0;0;1;17;106;0;0;2
312600062;31;13;194;0;0;2;17;83;0;0;1
312600063;31;13;233;0;0;0;17;119;0;0;0
312600064;31;13;163;0;0;0;17;70;0;0;0
312600065;31;13;172;0;0;4;17;105;0;0;1
312600066;31;13;207;0;0;3;17;113;0;0;4
312600067;31;13;277;0;0;7;17;145;0;0;2
312600068;31;13;228;0;0;1;17;105;0;0;0
312600069;31;13;170;0;0;1;17;82;0;0;0
312600070;31;13;200;0;0;4;17;100;0;0;0
312600071;31;13;185;0;0;1;17;107;0;0;1
312600072;31;13;231;0;0;3;17;141;0;0;1
312600073;31;13;277;0;0;1;17;122;0;0;0
312600074;31;13;241;0;0;4;17;111;0;0;4
312600075;31;13;136;0;0;5;17;74;0;0;0
312600076;31;13;215;0;0;0;17;124;0;0;0
312600077;31;13;206;0;0;2;17;113;0;0;1
312600078;31;13;215;95;120;0;17;85;37;48;0
312600079;31;13;262;78;184;0;17;125;17;108;0
312600080;31;13;224;135;89;0;17;108;54;54;0
312600081;31;13;245;181;64;0;17;136;105;31;0
312600082;31;13;257;143;114;1;17;114;50;64;0
312600083;31;13;216;118;98;2;17;95;52;43;0
312600084;31;13;247;144;103;0;17;89;35;54;0
312600085;31;13;249;0;0;1;17;133;0;0;0
312600086;31;13;197;0;0;0;17;125;0;0;2
312600087;31;13;192;0;0;1;17;147;0;0;0
312600088;31;13;244;0;0;2;17;148;0;0;1
312600089;31;13;272;0;0;9;17;158;0;0;0
312600090;31;13;209;0;0;0;17;110;0;0;0
312600091;31;13;239;0;0;5;17;112;0;0;1
312600092;31;13;233;0;0;0;17;142;0;0;0
312600093;31;13;159;0;0;1;17;113;0;0;1
312600094;31;13;226;0;0;1;17;132;0;0;3
312600095;31;13;215;0;0;21;17;109;0;0;5
312600096;31;13;201;0;0;4;17;122;0;0;0
312600097;31;13;163;0;0;4;17;102;0;0;1
312600098;31;13;261;0;0;3;17;121;0;0;0
312600099;31;13;188;0;0;2;17;109;0;0;1
312600100;31;13;126;0;0;7;17;109;0;0;1
312600101;31;13;165;0;0;0;17;127;0;0;0
312600102;31;13;28;0;0;0;17;16;0;0;0
312600103;31;13;18;0;0;0;17;11;0;0;0
312600104;31;13;46;0;0;3;17;31;0;0;3
312600105;31;13;15;0;0;0;17;2;0;0;0
320100001;32;13;25;0;0;0;17;7;0;0;0
320100002;32;13;63;0;0;0;17;41;0;0;0
320100003;32;13;19;0;0;0;17;3;0;0;0
320100004;32;13;31;0;0;1;17;29;0;0;1
320100005;32;13;31;0;0;1;17;26;0;0;1
320200006;32;13;305;0;0;6;17;173;0;0;6
320200007;32;13;285;0;0;4;17;204;0;0;5
320200008;32;13;125;0;0;1;17;63;0;0;2
320200009;32;13;99;0;0;1;17;76;0;0;0
320200010;32;13;146;0;0;6;17;41;0;0;0
320200011;32;13;70;0;0;0;17;52;0;0;0
320200012;32;13;68;0;0;0;17;53;0;0;0
320200013;32;13;199;0;0;1;17;149;0;0;5
320200302;32;13;314;0;0;0;17;218;0;0;1
320300014;32;13;18;0;0;0;17;9;0;0;0
320400015;32;13;26;0;0;1;17;20;0;0;0
320500016;32;13;37;0;0;0;17;11;0;0;0
320600017;32;13;7;0;0;0;17;5;0;0;0
320700018;32;13;13;0;0;0;17;5;0;0;0
320800019;32;13;22;0;0;1;17;4;0;0;0
320900020;32;13;160;0;0;2;17;136;0;0;2
320900021;32;13;550;0;0;18;17;436;0;0;5
320900022;32;13;203;0;0;9;17;130;0;0;12
320900023;32;13;338;0;0;10;17;193;0;0;10
320900024;32;13;129;0;0;3;17;101;0;0;3
321000025;32;13;21;0;0;0;17;13;0;0;0
321100026;32;13;9;0;0;0;17;5;0;0;0
321100027;32;13;14;0;0;0;17;14;0;0;0
321200028;32;13;286;0;0;4;17;165;0;0;4
321200029;32;13;287;0;0;5;17;206;0;0;2
321200030;32;13;414;0;0;17;17;148;0;0;8
321200031;32;13;421;0;0;3;17;305;0;0;6
321200032;32;13;537;0;0;0;17;285;0;0;0
321200033;32;13;431;0;0;5;17;233;0;0;3
321200034;32;13;248;0;0;0;17;145;0;0;0
321200035;32;13;192;0;0;4;17;87;0;0;0
321200036;32;13;277;0;0;3;17;173;0;0;3
321200037;32;13;389;0;0;7;17;204;0;0;7
321200038;32;13;282;0;0;7;17;161;0;0;3
321200039;32;13;71;0;0;0;17;39;0;0;0
321200040;32;13;187;0;0;0;17;93;0;0;0
321200041;32;13;139;0;0;1;17;89;0;0;1
321200042;32;13;207;0;0;0;17;82;0;0;0
321200043;32;13;276;0;0;14;17;97;0;0;7
321200044;32;13;102;0;0;1;17;43;0;0;0
321200045;32;13;150;0;0;1;17;52;0;0;0
321200046;32;13;215;0;0;1;17;126;0;0;2
321200047;32;13;175;0;0;1;17;111;0;0;0
321200048;32;13;139;0;0;2;17;97;0;0;0
321200049;32;13;127;0;0;0;17;72;0;0;0
321200050;32;13;137;0;0;2;17;84;0;0;1
321200051;32;13;170;0;0;1;17;93;0;0;1
321200052;32;13;105;0;0;0;17;83;0;0;1
321200053;32;13;83;0;0;3;17;61;0;0;3
321200054;32;13;78;0;0;2;17;54;0;0;1
321200055;32;13;62;0;0;2;17;39;0;0;0
321200056;32;13;124;0;0;2;17;39;0;0;0
321200057;32;13;88;0;0;0;17;65;0;0;1
321200058;32;13;151;0;0;0;17;77;0;0;2
321200059;32;13;111;0;0;0;17;34;0;0;0
321200060;32;13;96;0;0;1;17;31;0;0;0
321200061;32;13;84;0;0;2;17;43;0;0;0
321200062;32;13;81;0;0;4;17;42;0;0;1
321200309;32;13;194;0;0;0;17;167;0;0;0
321200310;32;13;120;0;0;1;17;104;0;0;0
321200311;32;13;76;0;0;4;17;37;0;0;0
321200312;32;13;79;0;0;0;17;34;0;0;0
321200313;32;13;71;0;0;1;17;52;0;0;0
321200314;32;13;94;0;0;2;17;35;0;0;0
321200315;32;13;150;0;0;1;17;106;0;0;1
321200316;32;13;90;0;0;0;17;14;0;0;1
321200317;32;13;216;0;0;0;17;107;0;0;0
321200318;32;13;190;0;0;8;17;86;0;0;3
321200319;32;13;223;0;0;2;17;109;0;0;2
321200320;32;13;483;0;0;15;17;223;0;0;6
321200321;32;13;128;0;0;0;17;41;0;0;0
321200322;32;13;165;0;0;0;17;56;0;0;0
321200323;32;13;147;0;0;0;17;81;0;0;3
321200324;32;13;50;0;0;0;17;41;0;0;0
321200325;32;13;118;0;0;0;17;47;0;0;0
321200326;32;13;69;0;0;0;17;25;0;0;0
321300063;32;13;15;0;0;0;17;9;0;0;0
321400064;32;13;26;0;0;0;17;8;0;0;0
321500065;32;13;286;0;0;9;17;230;0;0;4
321500066;32;13;196;0;0;8;17;161;0;0;6
321500067;32;13;282;0;0;23;17;188;0;0;11
321500068;32;13;41;0;0;0;17;32;0;0;0
321500069;32;13;45;0;0;1;17;30;0;0;0
321500070;32;13;79;0;0;7;17;38;0;0;3
321500071;32;13;92;0;0;8;17;53;0;0;2
321500072;32;13;78;0;0;1;17;46;0;0;2
321500073;32;13;116;0;0;2;17;97;0;0;2
321500074;32;13;106;0;0;4;17;40;0;0;4
321500075;32;13;101;0;0;1;17;138;0;0;4
321500076;32;13;70;0;0;6;17;38;0;0;1
321500077;32;13;906;0;0;56;17;462;0;0;15
321600078;32;13;112;0;0;0;17;107;0;0;2
321600079;32;13;109;0;0;1;17;25;0;0;0
321600080;32;13;90;0;0;1;17;57;0;0;2
321600081;32;13;95;0;0;1;17;25;0;0;0
321600082;32;13;153;0;0;1;17;95;0;0;1
321600083;32;13;67;0;0;0;17;31;0;0;1
321700084;32;13;21;0;0;0;17;9;0;0;0
321800085;32;13;73;0;0;1;17;113;0;0;6
321900086;32;13;9;0;0;0;17;6;0;0;0
322100088;32;13;11;0;0;0;17;8;0;0;0
322200089;32;13;166;0;0;2;17;134;0;0;3
322200090;32;13;49;0;0;0;17;28;0;0;1
322300091;32;13;98;0;0;3;17;67;0;0;0
322300092;32;13;24;0;0;0;17;10;0;0;0
322300093;32;13;306;0;0;11;17;228;0;0;2
322300094;32;13;382;0;0;6;17;260;0;0;5
322300095;32;13;133;0;0;0;17;67;0;0;0
322300096;32;13;58;0;0;2;17;22;0;0;1
322300097;32;13;175;0;0;4;17;130;0;0;1
322300098;32;13;51;0;0;1;17;33;0;0;1
322300099;32;13;357;0;0;8;17;287;0;0;6
322300100;32;13;327;0;0;10;17;229;0;0;7
322300101;32;13;57;0;0;0;17;29;0;0;0
322300102;32;13;198;0;0;0;17;127;0;0;0
322300103;32;13;262;0;0;3;17;179;0;0;6
322300104;32;13;111;0;0;1;17;79;0;0;1
322300105;32;13;158;0;0;0;17;53;0;0;0
322300106;32;13;348;0;0;3;17;234;0;0;2
322300107;32;13;142;0;0;3;17;84;0;0;0
322300108;32;13;388;0;0;0;17;256;0;0;0
322300109;32;13;70;0;0;1;17;58;0;0;2
322300110;32;13;303;0;0;9;17;208;0;0;6
322300111;32;13;192;0;0;2;17;172;0;0;1
322300112;32;13;145;0;0;5;17;89;0;0;1
322300113;32;13;108;0;0;5;17;93;0;0;4
322300114;32;13;159;0;0;0;17;149;0;0;1
322300115;32;13;35;0;0;0;17;38;0;0;0
322300116;32;13;182;0;0;3;17;110;0;0;2
322300117;32;13;138;0;0;7;17;102;0;0;4
322300303;32;13;214;0;0;2;17;137;0;0;6
322300304;32;13;248;0;0;7;17;195;0;0;8
322400118;32;13;69;0;0;0;17;22;0;0;0
322400119;32;13;56;0;0;0;17;16;0;0;0
322400120;32;13;74;0;0;1;17;31;0;0;1
322400121;32;13;409;0;0;4;17;244;0;0;2
322400122;32;13;147;0;0;0;17;53;0;0;0
322400123;32;13;130;0;0;4;17;47;0;0;3
322400124;32;13;228;0;0;10;17;150;0;0;6
322400125;32;13;112;0;0;0;17;104;0;0;0
322400126;32;13;85;0;0;3;17;26;0;0;0
322500127;32;13;41;0;0;0;17;10;0;0;0
322600128;32;13;16;0;0;0;17;7;0;0;0
322700129;32;13;76;0;0;3;17;48;0;0;2
322700130;32;13;162;0;0;3;17;97;0;0;4
322700131;32;13;138;0;0;0;17;50;0;0;0
322700132;32;13;156;0;0;2;17;75;0;0;2
322700133;32;13;55;0;0;0;17;20;0;0;1
322700134;32;13;66;0;0;0;17;30;0;0;1
322700135;32;13;126;0;0;6;17;48;0;0;3
322800136;32;13;51;0;0;0;17;27;0;0;0
322900137;32;13;293;0;0;10;17;294;0;0;15
322900138;32;13;243;0;0;9;17;195;0;0;7
322900139;32;13;241;0;0;11;17;211;0;0;7
322900140;32;13;196;0;0;7;17;223;0;0;3
322900141;32;13;74;0;0;0;17;71;0;0;0
322900142;32;13;157;0;0;4;17;178;0;0;3
323000143;32;13;36;0;0;0;17;15;0;0;1
323000144;32;13;23;0;0;0;17;18;0;0;0
323100145;32;13;24;0;0;0;17;10;0;0;0
323200146;32;13;17;0;0;0;17;17;0;0;1
323300147;32;13;31;0;0;0;17;2;0;0;0
323400148;32;13;80;0;0;2;17;57;0;0;0
323500149;32;13;37;0;0;0;17;30;0;0;0
323600150;32;13;64;0;0;10;17;99;0;0;11
323600151;32;13;23;0;0;1;17;22;0;0;2
323700152;32;13;39;0;0;0;17;19;0;0;0
323800153;32;13;238;0;0;3;17;223;0;0;1
323900154;32;13;27;0;0;0;17;17;0;0;1
324000155;32;13;9;0;0;0;17;9;0;0;0
324100156;32;13;251;0;0;1;17;184;0;0;1
324200157;32;13;384;0;0;9;17;60;0;0;2
324200158;32;13;618;0;0;4;17;51;0;0;5
324300159;32;13;253;0;0;6;17;178;0;0;4
324300160;32;13;192;0;0;9;17;156;0;0;6
324300161;32;13;104;0;0;0;17;65;0;0;2
324300162;32;13;86;0;0;1;17;57;0;0;1
324300163;32;13;74;0;0;0;17;31;0;0;0
324300164;32;13;45;0;0;0;17;29;0;0;0
324300165;32;13;108;0;0;0;17;53;0;0;1
324300166;32;13;104;0;0;1;17;47;0;0;1
324400167;32;13;21;0;0;0;17;10;0;0;0
324500168;32;13;136;0;0;2;17;113;0;0;3
324500169;32;13;36;0;0;1;17;22;0;0;1
324500170;32;13;18;0;0;0;17;10;0;0;0
324500171;32;13;73;0;0;1;17;37;0;0;0
324500172;32;13;29;0;0;0;17;25;0;0;0
324500173;32;13;49;0;0;0;17;23;0;0;0
324600174;32;13;48;0;0;0;17;31;0;0;2
324700175;32;13;173;0;0;5;17;114;0;0;0
324800176;32;13;24;0;0;0;17;1;0;0;0
324900177;32;13;100;0;0;4;17;65;0;0;0
325000178;32;13;125;0;0;0;17;71;0;0;0
325100179;32;13;31;0;0;0;17;15;0;0;0
325100180;32;13;112;0;0;3;17;47;0;0;0
325100181;32;13;40;0;0;0;17;37;0;0;0
325200182;32;13;122;0;0;0;17;60;0;0;0
325300183;32;13;390;0;0;15;17;53;0;0;1
325300184;32;13;82;0;0;5;17;18;0;0;2
325300185;32;13;9;0;0;1;17;4;0;0;0
325400186;32;13;165;0;0;5;17;109;0;0;2
325400187;32;13;47;0;0;2;17;52;0;0;2
325400188;32;13;111;0;0;0;17;129;0;0;4
325400189;32;13;31;0;0;0;17;44;0;0;0
325400190;32;13;53;0;0;2;17;34;0;0;0
325400191;32;13;178;0;0;3;17;75;0;0;3
325400192;32;13;39;0;0;1;17;31;0;0;0
325400193;32;13;51;0;0;0;17;32;0;0;1
325400194;32;13;81;0;0;0;17;37;0;0;0
325400195;32;13;461;0;0;0;17;246;0;0;0
325400196;32;13;242;0;0;11;17;140;0;0;4
325400197;32;13;42;0;0;1;17;36;0;0;1
325400198;32;13;47;0;0;0;17;18;0;0;2
325400199;32;13;19;0;0;1;17;20;0;0;0
325400200;32;13;92;0;0;1;17;42;0;0;1
325400201;32;13;51;0;0;1;17;27;0;0;2
325400202;32;13;57;0;0;2;17;35;0;0;0
325400203;32;13;76;0;0;0;17;40;0;0;2
325400204;32;13;55;0;0;0;17;25;0;0;0
325400205;32;13;35;0;0;1;17;38;0;0;2
325400206;32;13;48;0;0;2;17;43;0;0;2
325400207;32;13;30;0;0;0;17;19;0;0;0
325400208;32;13;84;0;0;1;17;50;0;0;0
325400209;32;13;69;0;0;2;17;53;0;0;1
325400210;32;13;26;0;0;0;17;17;0;0;0
325400211;32;13;51;0;0;0;17;29;0;0;0
325400212;32;13;139;0;0;3;17;104;0;0;5
325400213;32;13;43;0;0;0;17;18;0;0;0
325400214;32;13;52;0;0;0;17;28;0;0;1
325400215;32;13;52;0;0;0;17;25;0;0;0
325400216;32;13;33;0;0;0;17;27;0;0;0
325400217;32;13;31;0;0;0;17;16;0;0;1
325400218;32;13;25;0;0;0;17;31;0;0;0
325400219;32;13;68;0;0;1;17;33;0;0;3
325400220;32;13;68;0;0;1;17;66;0;0;0
325500221;32;13;16;0;0;0;17;16;0;0;0
325600222;32;13;93;0;0;0;17;64;0;0;0
325700223;32;13;56;0;0;0;17;48;0;0;0
325800224;32;13;41;0;0;3;17;31;0;0;2
325800225;32;13;27;0;0;1;17;35;0;0;0
325800226;32;13;140;0;0;14;17;90;0;0;10
325800227;32;13;108;0;0;10;17;106;0;0;8
325900228;32;13;16;0;0;0;17;12;0;0;0
326000229;32;13;49;0;0;0;17;54;0;0;0
326000230;32;13;155;0;0;1;17;109;0;0;7
326000231;32;13;182;0;0;8;17;391;0;0;24
326000232;32;13;275;0;0;0;17;502;0;0;0
326000233;32;13;172;0;0;0;17;615;0;0;5
326000234;32;13;365;0;0;6;17;1078;0;0;14
326000235;32;13;389;0;0;13;17;1010;0;0;31
326000236;32;13;395;0;0;27;17;727;0;0;40
326000237;32;13;307;0;0;20;17;619;0;0;55
326000238;32;13;234;0;0;7;17;1159;0;0;53
326000239;32;13;251;0;0;13;17;1007;0;0;44
326000240;32;13;567;0;0;20;17;761;0;0;58
326000241;32;13;976;0;0;43;17;755;0;0;43
326000242;32;13;738;0;0;8;17;564;0;0;25
326000243;32;13;351;0;0;17;17;349;0;0;34
326000244;32;13;412;0;0;29;17;483;0;0;26
326000245;32;13;429;0;0;15;17;355;0;0;20
326000246;32;13;255;0;0;1;17;455;0;0;15
326000247;32;13;455;0;0;9;17;1130;0;0;46
326000248;32;13;494;0;0;0;17;908;0;0;0
326000249;32;13;577;0;0;26;17;518;0;0;33
326000250;32;13;164;0;0;0;17;1085;0;0;0
326000251;32;13;580;0;0;52;17;622;0;0;63
326000252;32;13;275;0;0;13;17;604;0;0;40
326000253;32;13;53;0;0;0;17;143;0;0;6
326000254;32;13;187;0;0;3;17;731;0;0;21
326000255;32;13;722;0;0;0;17;407;0;0;0
326000256;32;13;102;0;0;3;17;455;0;0;16
326000257;32;13;448;0;0;22;17;401;0;0;29
326000258;32;13;439;0;0;16;17;428;0;0;26
326000259;32;13;1012;0;0;55;17;370;0;0;27
326000260;32;13;187;0;0;8;17;715;0;0;30
326000261;32;13;183;0;0;4;17;724;0;0;28
326000262;32;13;1745;0;0;49;17;563;0;0;41
326000263;32;13;1113;0;0;56;17;410;0;0;21
326100264;32;13;92;0;0;3;17;70;0;0;0
326200265;32;13;38;0;0;1;17;30;0;0;2
326200266;32;13;30;0;0;3;17;25;0;0;1
326300267;32;13;6;0;0;0;17;7;0;0;0
326400268;32;13;392;0;0;12;17;225;0;0;2
326400269;32;13;264;0;0;6;17;150;0;0;4
326400270;32;13;352;0;0;11;17;245;0;0;4
326400271;32;13;319;0;0;5;17;174;0;0;4
326400272;32;13;213;0;0;2;17;121;0;0;3
326400273;32;13;81;0;0;1;17;62;0;0;1
326400274;32;13;331;0;0;4;17;175;0;0;0
326400275;32;13;176;0;0;3;17;122;0;0;4
326400305;32;13;398;0;0;11;17;257;0;0;6
326400306;32;13;323;0;0;4;17;280;0;0;2
326400307;32;13;251;0;0;3;17;155;0;0;0
326400308;32;13;270;0;0;10;17;137;0;0;2
326500276;32;13;530;0;0;9;17;377;0;0;7
326500277;32;13;158;0;0;2;17;99;0;0;1
326500278;32;13;58;0;0;0;17;33;0;0;0
326500279;32;13;41;0;0;0;17;24;0;0;1
326500280;32;13;96;0;0;0;17;48;0;0;0
326500281;32;13;93;0;0;3;17;47;0;0;0
326500282;32;13;61;0;0;1;17;30;0;0;0
326500283;32;13;140;0;0;0;17;98;0;0;3
326500284;32;13;88;0;0;0;17;63;0;0;1
326500285;32;13;160;0;0;6;17;97;0;0;1
326600286;32;13;78;0;0;1;17;68;0;0;0
326600287;32;13;32;0;0;0;17;23;0;0;0
326700288;32;13;28;0;0;0;17;15;0;0;1
326800289;32;13;9;0;0;0;17;4;0;0;0
326900290;32;13;351;0;0;13;17;240;0;0;5
326900291;32;13;92;0;0;0;17;52;0;0;1
327000292;32;13;74;0;0;2;17;63;0;0;1
327000293;32;13;140;0;0;1;17;119;0;0;1
327000294;32;13;33;0;0;0;17;42;0;0;0
327000295;32;13;38;0;0;1;17;20;0;0;0
327000296;32;13;59;0;0;0;17;55;0;0;0
327000297;32;13;223;0;0;0;17;161;0;0;0
327100298;32;13;145;0;0;3;17;105;0;0;6
327100299;32;13;56;0;0;2;17;47;0;0;0
327100300;32;13;47;0;0;0;17;39;0;0;1
327200301;32;13;33;0;0;1;17;19;0;0;0
