010100001;890;604;0;797;0;286;0;0;286;8;0;0;0;8;278;33;0;193;0;1;43;8;
010100002;700;389;0;689;0;311;0;0;311;12;0;0;0;12;299;47;0;175;1;2;61;13;
010100003;830;536;1;776;2;293;2;0;293;2;1;3;0;6;287;24;2;172;3;3;74;9;
010100004;1000;721;1;937;1;278;1;1;278;6;2;3;0;11;267;30;1;145;3;2;81;5;
010100005;750;453;0;847;0;297;0;0;297;3;2;0;0;5;292;49;2;186;1;5;42;7;
010100006;610;384;1;569;3;225;3;0;225;6;2;0;0;8;217;42;0;118;5;2;41;9;
010100007;720;500;0;637;2;220;2;0;220;3;0;1;0;4;216;23;2;149;1;2;33;6;
010100008;705;461;0;677;2;244;2;1;244;5;0;0;0;5;239;41;0;136;1;2;53;6;
010100009;1000;737;2;980;5;261;5;0;261;0;1;11;0;12;249;23;4;156;2;1;54;9;
010100010;900;611;0;831;2;289;2;0;289;0;2;10;0;12;277;42;1;179;4;4;42;5;
010100011;900;546;0;813;0;354;0;0;354;2;3;3;0;8;346;26;1;167;1;0;141;10;
010100012;1000;715;0;879;0;285;0;0;285;3;3;9;0;15;270;14;1;137;0;0;111;7;
010100013;750;474;1;710;0;275;0;0;275;0;5;0;0;5;270;12;2;146;1;0;103;6;
010100014;80;29;1;83;0;50;0;8;50;5;0;0;0;5;45;4;0;33;0;1;7;0;
010100015;100;30;0;111;0;70;0;0;70;1;1;0;0;2;68;5;0;51;1;0;10;1;
010100016;120;67;0;119;6;53;6;0;53;0;1;3;0;4;49;8;0;31;0;1;9;0;
010100017;270;137;0;277;4;133;4;0;133;1;2;4;0;7;126;11;1;92;4;2;13;3;
010100018;200;71;0;206;1;129;1;1;129;2;0;0;0;2;127;10;0;49;1;1;62;4;
010100019;470;134;1;469;0;335;0;0;335;1;4;0;0;5;330;2;0;322;3;0;3;0;
010200001;635;321;2;626;0;312;0;0;312;3;2;1;0;6;306;17;1;192;3;1;83;9;
010200002;720;447;1;717;2;272;2;0;272;0;20;1;0;21;251;9;0;192;0;0;49;1;
010200003;780;428;1;776;2;351;2;0;351;1;1;14;0;16;335;11;3;271;2;0;44;4;
010200004;670;379;1;667;0;290;0;0;290;0;3;0;0;3;287;11;0;235;5;1;31;4;
010200005;570;219;1;573;0;350;0;6;350;3;3;0;1;7;343;2;0;335;0;1;1;4;
010200006;900;341;2;914;0;557;0;7;557;0;1;0;0;1;556;3;1;548;3;0;1;0;
010200007;895;334;2;909;0;559;0;8;559;8;14;0;0;22;537;3;0;528;3;1;2;0;
010200008;905;338;1;910;0;566;0;8;566;5;0;0;0;5;561;4;1;550;3;0;2;1;
010200009;105;55;1;107;0;49;0;4;49;0;0;0;0;0;49;1;0;47;0;0;1;0;
010200010;195;64;1;199;0;130;0;6;130;0;0;0;0;0;130;1;0;128;0;0;1;0;
010200011;700;320;4;690;0;376;0;6;376;2;0;0;0;2;374;3;2;360;1;0;5;3;
010200012;76;44;1;82;0;31;0;6;31;0;0;0;0;0;31;1;0;29;0;0;1;0;
010200013;220;76;2;221;0;142;0;5;142;0;0;0;0;0;142;0;0;137;0;1;4;0;
010200014;170;58;1;170;0;111;0;5;111;0;0;0;0;0;111;0;0;109;0;1;1;0;
010200015;240;81;0;244;0;159;0;7;159;2;0;0;0;2;157;4;0;150;0;1;1;1;
010200016;180;73;1;179;0;106;0;4;106;0;0;0;0;0;106;2;0;101;1;0;2;0;
010300001;511;272;1;636;3;238;3;2;238;0;5;0;1;6;232;39;6;121;2;4;50;10;
010300002;500;235;0;619;5;265;5;7;265;4;2;0;1;7;258;38;10;155;3;4;38;10;
010300003;600;346;0;715;8;254;8;0;254;1;2;2;1;6;248;32;4;117;1;9;75;10;
010300004;750;443;0;732;0;307;0;2;307;0;2;0;0;2;305;42;5;169;3;2;65;19;
010300005;510;226;0;642;2;284;2;0;284;6;0;0;0;6;278;41;10;152;17;0;46;12;
010300006;510;293;0;638;0;217;0;3;217;4;2;0;1;7;210;9;5;133;2;0;55;6;
010300007;630;406;1;792;6;223;6;0;223;0;1;0;0;1;222;4;3;192;1;2;19;1;
010300008;620;425;1;780;1;194;1;0;194;1;0;0;0;1;193;26;4;116;2;3;34;8;
010300009;610;430;2;764;0;178;0;4;178;7;0;0;0;7;171;8;1;120;4;2;27;9;
010300010;600;413;0;758;0;187;0;4;187;0;1;0;0;1;186;8;7;116;0;0;53;2;
010300011;500;229;0;622;5;271;5;0;271;0;0;0;0;0;271;28;3;166;1;1;59;13;
010300012;614;350;1;768;4;263;4;5;263;0;1;0;0;1;262;32;1;152;1;2;64;10;
010300013;470;217;0;587;4;253;4;0;253;4;4;2;0;10;243;30;2;146;2;0;55;8;
010300014;508;225;2;636;1;281;1;0;281;1;5;4;0;10;271;60;0;134;0;4;59;14;
010300015;470;214;0;588;1;256;1;0;256;0;5;3;0;8;248;30;4;128;0;2;71;13;
010300016;400;126;0;482;2;274;2;6;274;4;2;0;0;6;268;75;5;142;0;2;38;6;
010300017;400;151;2;480;18;247;18;0;247;1;3;1;0;5;242;65;1;112;1;0;49;14;
010300018;500;238;0;625;6;262;6;5;262;6;5;1;1;13;249;39;0;143;1;5;50;11;
010300019;650;337;0;814;24;313;24;0;313;7;3;0;0;10;303;50;4;169;2;1;66;11;
010300020;500;243;0;630;7;257;7;0;257;0;4;0;0;4;253;41;2;152;1;7;36;14;
010300021;550;239;1;697;2;310;2;0;310;10;0;0;0;10;300;30;6;203;0;1;49;11;
010300022;540;286;1;676;0;253;0;5;253;2;3;0;0;5;248;35;1;146;2;1;58;5;
010300023;220;123;0;271;9;97;9;3;97;0;1;0;0;1;96;12;0;41;1;2;35;5;
010300024;400;152;1;502;1;247;1;0;247;1;0;0;0;1;246;85;1;112;5;2;35;6;
010300025;310;131;0;389;0;179;0;0;179;0;0;0;0;0;179;58;2;77;1;3;31;7;
010300026;550;273;0;682;4;277;4;0;277;2;0;2;3;7;270;62;8;131;0;4;46;19;
010300027;520;195;0;627;36;325;36;0;325;5;1;0;0;6;319;74;0;197;0;0;33;15;
010300028;350;144;1;487;40;205;40;14;205;1;0;0;0;1;204;35;1;126;0;2;27;13;
010300029;510;216;4;639;33;290;33;0;290;6;1;0;1;8;282;60;3;154;0;1;47;17;
010300030;420;197;2;544;20;221;20;2;221;1;4;0;0;5;216;30;4;142;0;1;38;1;
010300031;470;226;2;591;2;242;2;0;242;1;7;1;0;9;233;28;0;148;4;4;45;4;
010300032;300;184;0;356;1;116;1;0;116;0;1;0;0;1;115;15;2;67;0;0;28;3;
010300033;106;23;1;45;66;82;66;3;82;0;0;0;0;0;82;9;0;66;0;1;6;0;
010300034;530;221;6;656;6;303;6;0;303;2;2;2;0;6;297;54;6;160;2;2;61;12;
010300035;480;217;0;599;3;263;3;1;263;2;2;0;2;6;257;37;3;137;3;4;67;6;
010300036;450;213;0;549;3;237;3;2;237;1;2;2;1;6;231;56;2;126;0;1;38;8;
010300037;380;158;1;469;0;221;0;1;221;0;1;1;0;2;219;43;3;118;1;5;38;11;
010300038;350;146;0;416;6;204;6;0;204;2;2;4;0;8;196;41;6;104;1;2;32;10;
010300039;350;150;0;409;0;200;0;0;200;0;3;0;0;3;197;49;2;107;2;9;22;6;
010300040;470;272;1;581;3;197;3;3;197;2;0;1;0;3;194;37;2;108;0;1;43;3;
010300041;650;319;3;801;0;328;0;0;328;2;1;2;0;5;323;60;9;180;2;3;61;8;
010300042;580;284;1;733;9;295;9;0;295;2;0;3;0;5;290;50;6;143;2;2;72;15;
010300043;530;252;0;675;1;278;1;2;278;8;0;0;0;8;270;45;6;152;0;3;58;6;
010300044;550;237;0;683;6;313;6;0;313;0;4;0;0;4;309;46;2;195;5;2;51;8;
010300045;610;252;2;773;47;356;47;0;356;1;0;0;1;2;354;51;5;211;0;14;59;14;
010300046;480;234;3;605;4;243;4;0;243;1;5;0;1;7;236;39;8;123;0;4;58;4;
010300047;570;326;1;706;11;243;11;0;243;3;1;2;0;6;237;31;5;146;0;1;48;6;
010300048;500;204;3;616;2;293;2;0;293;1;1;0;0;2;291;39;4;201;1;1;39;6;
010300049;580;270;0;725;0;310;0;0;310;2;3;0;0;5;305;41;1;192;3;0;65;3;
010300050;600;282;6;760;0;312;0;4;312;0;6;0;0;6;306;42;1;166;3;5;77;12;
010300051;520;246;0;662;3;274;3;0;274;7;0;0;0;7;267;32;1;157;0;4;54;19;
010300052;530;255;1;673;0;274;0;4;274;2;2;0;0;4;270;31;4;181;3;2;42;7;
010300053;360;214;0;446;9;146;9;1;146;1;0;0;0;1;145;15;0;80;0;0;43;7;
010300054;450;225;0;558;13;225;13;0;225;2;0;0;0;2;223;39;1;105;0;1;75;2;
010300055;480;254;0;611;1;226;1;0;226;1;4;0;0;5;221;34;0;116;0;0;59;12;
010300056;414;226;7;534;0;181;0;1;181;6;1;0;0;7;174;22;0;81;1;0;63;7;
010300057;400;213;0;506;0;187;0;3;187;2;5;0;0;7;180;19;3;94;3;1;51;9;
010300058;502;257;2;614;0;243;0;0;243;1;1;0;0;2;241;30;0;117;1;2;81;10;
010300059;540;323;0;687;5;217;5;5;217;1;2;0;2;5;212;25;2;138;2;2;31;12;
010300060;410;211;0;516;0;199;0;0;199;0;1;0;0;1;198;20;6;120;1;1;40;10;
010300061;620;364;0;781;0;256;0;0;256;11;0;0;0;11;245;40;1;130;3;0;60;11;
010300062;500;307;0;621;0;193;0;0;193;0;1;0;0;1;192;12;12;125;0;2;35;6;
010300063;550;348;0;686;5;202;5;5;202;0;2;0;0;2;200;19;6;128;1;3;38;5;
010300064;600;341;1;743;0;258;0;0;258;1;4;10;0;15;243;33;5;161;0;2;36;6;
010300065;600;370;1;748;4;229;4;0;229;2;3;0;0;5;224;31;2;118;1;0;57;15;
010300066;550;300;0;697;2;250;2;0;250;1;0;0;0;1;249;30;1;149;1;3;51;14;
010300067;440;262;0;587;1;178;1;0;178;2;3;0;0;5;173;24;3;98;2;0;32;14;
010300068;440;260;2;556;2;178;2;0;178;1;2;0;0;3;175;14;2;115;1;0;34;9;
010300069;500;335;0;611;1;165;1;4;165;3;4;2;0;9;156;10;1;104;0;0;35;6;
010300070;500;332;0;637;0;168;0;0;168;1;2;4;0;7;161;14;1;103;0;2;27;14;
010300071;500;332;0;619;0;168;0;0;168;1;2;0;0;3;165;20;3;99;2;2;33;6;
010300072;430;273;0;547;0;157;0;0;157;0;5;0;0;5;152;12;2;85;0;1;45;7;
010300073;550;364;0;688;0;186;0;2;186;1;0;1;0;2;184;18;0;114;1;0;44;7;
010300074;430;295;0;556;0;135;0;0;135;1;3;0;0;4;131;6;1;89;1;0;25;9;
010300075;620;360;0;775;1;260;1;7;260;0;10;0;0;10;250;30;2;146;1;5;56;10;
010300076;600;304;2;739;0;294;0;6;294;1;4;0;1;6;288;28;3;198;15;3;36;5;
010300077;651;452;1;632;0;198;0;0;198;5;2;0;0;7;191;27;1;109;2;0;44;8;
010300078;500;299;2;644;0;199;0;0;199;1;3;0;0;4;195;31;2;103;2;0;52;5;
010300079;480;303;0;573;2;177;2;0;177;0;0;0;0;0;177;18;3;103;0;0;46;7;
010300080;400;226;3;497;4;171;4;0;171;0;1;1;1;3;168;14;5;91;2;2;48;6;
010300081;370;214;0;465;7;156;7;0;156;2;1;1;0;4;152;14;2;83;1;0;47;5;
010300082;570;338;1;690;1;231;1;5;231;0;0;0;0;0;231;25;2;156;1;1;39;7;
010300083;650;443;0;817;0;207;0;0;207;2;3;0;0;5;202;48;3;97;2;4;46;2;
010300084;460;258;0;579;0;202;0;0;202;1;0;0;0;1;201;31;0;101;0;2;53;14;
010300085;520;329;1;648;1;190;1;2;190;0;3;0;0;3;187;13;3;120;2;4;37;8;
010300086;550;351;0;691;0;199;0;0;199;4;2;0;0;6;193;14;3;119;2;3;43;9;
010300087;400;245;0;504;1;155;1;0;155;0;1;4;0;5;150;22;2;74;0;3;44;5;
010300088;470;289;1;590;0;180;0;0;180;4;3;0;0;7;173;20;0;95;0;3;47;8;
010300089;500;311;0;638;1;189;1;0;189;0;0;0;2;2;187;21;2;110;0;1;39;14;
010300090;480;317;0;597;0;163;0;6;163;2;0;0;0;2;161;16;4;87;1;2;42;9;
010300091;500;340;0;622;6;160;6;4;160;1;0;0;0;1;159;25;4;83;2;0;32;13;
010300092;420;294;0;515;4;126;4;0;126;0;1;0;0;1;125;17;0;75;0;2;26;5;
010300093;370;278;0;458;0;92;0;0;92;2;0;0;0;2;90;9;2;54;2;0;19;4;
010300094;340;214;0;440;0;126;0;11;126;0;0;0;0;0;126;10;1;77;1;0;35;2;
010300095;480;269;0;584;10;211;10;9;211;5;1;0;0;6;205;32;2;134;0;2;27;8;
010300096;430;238;0;546;2;192;2;0;192;0;2;0;0;2;190;29;3;107;0;1;43;7;
010300097;70;23;0;94;0;47;0;5;47;0;0;0;0;0;47;3;0;28;0;0;15;1;
010300098;70;42;0;66;0;28;0;6;28;1;0;0;0;1;27;2;0;24;1;0;0;0;
010300099;84;17;0;95;0;67;0;8;67;3;0;0;0;3;64;2;2;51;1;0;5;3;
010300100;68;43;1;77;9;24;9;0;24;0;0;0;0;0;24;0;0;21;1;0;2;0;
010300101;451;263;1;425;3;187;3;0;187;0;2;0;0;2;185;7;6;99;1;2;68;2;
010300102;480;293;2;485;7;185;7;0;185;0;3;0;0;3;182;22;0;150;1;1;4;4;
010300103;700;460;0;701;5;240;5;0;240;1;3;0;0;4;236;17;1;125;1;2;79;11;
010300104;40;26;0;29;2;14;2;0;14;0;0;0;0;0;14;2;0;10;1;0;1;0;
010300105;600;427;2;605;5;171;5;0;171;2;1;3;0;6;165;24;1;106;0;0;26;8;
010300107;55;23;0;49;0;32;0;4;32;0;0;0;0;0;32;1;0;25;1;0;4;1;
010300108;35;12;0;29;2;23;2;5;23;1;0;0;0;1;22;2;1;18;1;0;0;0;
010300109;150;94;0;148;1;56;1;5;56;0;0;0;0;0;56;7;2;37;0;0;7;3;
010300110;62;21;2;63;5;39;5;0;39;1;0;1;0;2;37;4;1;27;0;0;4;1;
010300111;600;397;0;704;0;203;0;4;203;4;1;1;0;6;197;9;1;131;1;2;46;7;
010300112;600;341;0;679;4;259;4;3;259;2;2;0;0;4;255;29;2;146;1;4;66;7;
010300113;100;71;0;97;0;29;0;0;29;2;0;0;0;2;27;4;1;12;0;0;10;0;
010300114;190;82;0;182;4;108;4;0;108;1;0;0;0;1;107;5;19;54;1;2;20;6;
010300115;230;114;3;231;0;113;0;0;113;0;2;0;1;3;110;2;3;83;2;0;15;5;
010300116;100;69;0;108;5;31;5;0;31;0;0;0;0;0;31;1;0;28;0;0;2;0;
010300117;250;98;0;251;0;152;0;3;152;1;2;4;0;7;145;6;3;123;0;1;8;4;
010300118;90;50;0;85;6;40;6;0;40;8;0;0;0;8;32;5;0;23;1;0;3;0;
010300119;240;99;1;237;3;140;3;5;140;0;2;0;0;2;138;9;1;103;3;1;18;3;
010300120;56;15;1;51;1;40;1;0;40;0;0;0;0;0;40;2;2;31;0;0;5;0;
010300121;130;67;0;128;1;63;1;6;63;0;0;0;0;0;63;2;26;28;0;2;3;2;
011100001;800;409;0;1023;0;391;0;0;391;2;3;0;0;5;386;27;2;193;1;1;158;4;
011100002;750;390;1;969;0;359;0;0;359;4;10;0;1;15;344;35;0;129;1;3;159;17;
011100003;500;211;0;696;0;289;0;0;289;6;3;0;0;9;280;25;3;118;0;2;124;8;
011100004;550;222;0;773;0;328;0;0;328;2;5;9;0;16;312;38;8;159;2;0;95;10;
011100005;508;211;0;721;0;297;0;1;297;2;0;0;0;2;295;35;6;130;0;3;110;11;
011100006;488;192;0;690;1;296;1;3;296;0;11;0;0;11;285;17;1;156;2;4;92;13;
011100007;430;140;0;608;1;290;1;0;290;1;3;3;0;7;283;50;4;128;2;2;85;12;
011100008;550;124;0;784;1;426;1;0;426;13;5;0;3;21;405;62;4;191;2;2;130;14;
011100009;438;151;0;629;0;287;0;1;287;2;2;0;0;4;283;39;0;161;1;2;61;19;
011100010;450;178;0;656;0;272;0;0;272;0;2;0;0;2;270;31;0;142;2;0;74;21;
011100011;500;224;0;681;0;276;0;0;276;3;2;2;0;7;269;27;1;138;0;6;89;8;
011100012;500;214;0;695;0;286;0;0;286;1;2;1;0;4;282;37;1;142;1;2;91;8;
011100013;550;301;0;743;0;249;0;0;249;4;2;5;0;11;238;26;1;119;1;1;79;11;
011100014;550;349;0;734;0;201;0;0;201;1;4;0;0;5;196;17;1;96;0;1;73;8;
011100015;614;322;0;908;0;292;0;0;292;0;0;0;0;0;292;19;2;161;0;1;105;4;
011100016;450;224;0;651;3;226;3;0;226;2;3;0;0;5;221;18;0;118;0;1;77;7;
011100017;600;389;0;818;0;211;0;0;211;0;7;0;0;7;204;20;1;108;1;0;72;2;
011100018;600;290;5;846;0;305;0;0;305;11;2;5;0;18;287;10;4;222;0;0;48;3;
011100019;600;362;2;837;0;236;0;0;236;2;1;8;0;11;225;1;0;216;1;0;7;0;
011100020;550;218;0;768;0;332;0;0;332;1;2;6;0;9;323;40;3;130;0;1;138;11;
011100021;600;253;16;829;0;331;0;0;331;0;0;16;0;16;315;38;1;155;7;1;102;11;
011100022;600;268;0;844;2;332;2;0;332;4;7;0;0;11;321;30;1;154;0;2;122;12;
011100023;64;51;0;55;0;13;0;0;13;0;0;0;0;0;13;0;0;11;0;0;1;1;
011100024;450;206;0;645;1;244;1;0;244;3;4;0;0;7;237;11;0;143;2;0;72;9;
011100025;455;249;1;606;0;205;0;0;205;0;16;0;0;16;189;15;0;74;1;1;93;5;
011100026;342;168;0;497;0;174;0;0;174;5;5;0;1;11;163;7;0;82;0;0;71;3;
011100027;350;147;1;486;0;202;0;0;202;1;5;0;0;6;196;7;0;110;0;2;70;7;
011100028;350;148;0;457;0;202;0;3;202;4;7;0;0;11;191;7;1;107;1;1;71;3;
011100029;400;190;0;540;5;210;5;2;210;3;0;0;0;3;207;18;1;117;2;1;62;6;
011100030;270;131;0;334;0;139;0;2;139;0;0;0;0;0;139;16;0;117;0;1;5;0;
011100031;550;53;3;657;6;494;6;6;494;9;0;0;0;9;485;5;1;472;2;1;3;1;
011100032;500;65;0;592;19;435;19;0;435;4;3;0;0;7;428;1;0;425;0;0;1;1;
011100033;500;61;0;612;0;439;0;0;439;1;2;0;0;3;436;2;0;419;0;0;15;0;
011100034;500;22;0;708;0;478;0;0;478;0;2;0;0;2;476;4;1;449;2;1;17;2;
011100035;490;13;2;692;2;475;2;2;475;0;0;0;0;0;475;4;0;458;0;1;11;1;
011100036;500;249;0;421;0;251;0;5;251;6;1;0;0;7;244;5;2;228;0;0;9;0;
011100037;500;222;0;472;4;278;4;0;278;4;1;10;0;15;263;0;0;258;0;0;4;1;
011100038;500;200;0;483;0;300;0;0;300;4;4;0;0;8;292;0;1;290;0;0;1;0;
011100039;542;87;2;613;0;453;0;4;453;2;2;0;0;4;449;2;0;443;3;0;1;0;
011100040;450;39;0;593;2;411;2;2;411;0;4;7;0;11;400;2;0;396;1;0;1;0;
011100041;40;12;1;43;0;27;0;0;27;4;0;0;0;4;23;1;1;13;1;0;5;2;
011100042;70;18;0;71;4;52;4;0;52;1;3;0;0;4;48;4;2;35;2;1;4;0;
011300001;600;283;3;625;0;314;0;0;314;1;5;3;0;9;305;10;0;219;0;1;72;3;
011300002;800;414;0;818;0;386;0;0;386;0;13;0;0;13;373;12;0;198;5;0;151;7;
011300003;200;114;2;200;0;84;0;0;84;0;0;0;0;0;84;10;0;40;2;1;27;4;
011300004;800;331;0;792;1;469;1;0;469;0;2;0;0;2;467;13;0;452;0;0;1;1;
011300005;800;116;11;776;0;673;0;0;673;0;1;0;0;1;672;12;0;654;0;3;2;1;
011300006;1000;376;0;906;0;624;0;0;624;0;6;0;0;6;618;6;0;608;2;1;1;0;
011300007;900;364;0;898;2;536;2;0;536;0;1;0;0;1;535;2;0;530;0;1;1;1;
011300008;700;381;1;735;1;318;1;0;318;3;0;10;0;13;305;4;1;280;1;0;19;0;
011300009;600;359;0;620;0;241;0;0;241;1;1;3;0;5;236;0;0;216;0;0;20;0;
011300010;50;15;1;55;2;34;2;0;34;0;0;1;0;1;33;5;0;19;1;0;8;0;
011300011;200;47;0;203;0;153;0;0;153;0;2;0;0;2;151;2;0;149;0;0;0;0;
011300012;150;52;0;148;1;98;1;0;98;2;2;1;0;5;93;8;0;50;0;1;27;7;
011300013;700;494;1;651;2;205;2;0;205;1;0;2;0;3;202;14;1;130;0;0;54;3;
011300014;700;476;1;628;0;223;0;0;223;4;3;2;0;9;214;18;0;138;1;1;48;8;
011300015;300;43;0;298;0;257;0;0;257;0;0;0;0;0;257;2;0;253;1;0;0;1;
011300016;500;189;0;456;1;311;1;0;311;0;0;0;0;0;311;9;1;294;1;0;6;0;
011300017;900;145;2;885;0;753;0;0;753;2;1;0;0;3;750;1;0;748;0;0;0;1;
011300018;1000;41;0;1031;0;959;0;0;959;2;6;0;0;8;951;2;0;947;2;0;0;0;
011300019;250;64;0;233;1;186;1;0;186;0;0;0;0;0;186;1;0;180;1;1;0;3;
011300020;500;201;0;658;0;299;0;0;299;1;0;0;0;1;298;2;0;296;0;0;0;0;
012800001;695;426;1;682;1;268;1;0;268;0;10;0;0;10;258;58;0;104;4;3;77;12;
012800002;652;454;0;652;0;198;0;0;198;2;2;1;0;5;193;24;0;124;2;0;38;5;
012800003;924;517;0;926;3;407;3;0;407;10;2;0;0;12;395;66;4;161;2;1;147;14;
012800004;892;559;0;892;2;333;2;0;333;1;7;10;0;18;315;66;3;130;2;2;110;2;
012800005;580;338;2;581;0;240;0;0;240;2;3;4;0;9;231;17;1;112;3;2;94;2;
012800006;623;389;0;594;1;234;1;0;234;3;0;0;0;3;231;19;2;121;4;2;79;4;
012800007;517;325;2;517;1;190;1;0;190;2;2;8;0;12;178;7;3;119;0;0;46;3;
012800008;71;16;0;79;8;55;8;0;55;1;0;0;0;1;54;12;0;33;0;1;8;0;
012800009;65;29;0;68;4;36;4;0;36;1;2;0;0;3;33;2;1;20;2;0;7;1;
013300001;820;553;0;808;7;267;7;0;267;4;0;5;0;9;258;30;2;112;4;2;103;5;
013300002;760;462;0;750;0;298;0;0;298;1;1;7;0;9;289;42;1;123;0;4;115;4;
013300003;900;534;0;869;0;366;0;0;366;3;5;12;0;20;346;36;1;137;1;2;151;18;
013300004;1040;634;1;1033;0;405;0;1;405;0;2;1;0;3;402;83;1;159;0;2;142;15;
013300005;1000;667;0;896;0;333;0;0;333;2;0;0;0;2;331;46;3;161;0;5;110;6;
013300006;950;642;0;935;6;308;6;0;308;2;1;12;0;15;293;19;1;129;1;2;132;9;
013300007;920;542;11;904;0;367;0;1;367;6;0;0;0;6;361;48;0;153;1;2;142;15;
013300008;900;577;1;855;0;322;0;0;322;4;3;0;0;7;315;38;4;132;3;2;130;6;
013300009;940;618;3;929;4;319;4;2;319;2;3;8;0;13;306;38;2;86;0;9;163;8;
013300010;1000;661;0;985;0;339;0;0;339;3;0;0;0;3;336;29;0;101;3;5;192;6;
013300011;910;632;0;899;0;278;0;0;278;0;0;0;0;0;278;16;2;80;6;3;164;7;
013300012;810;542;0;795;0;268;0;0;268;1;0;0;0;1;267;19;0;109;4;3;129;3;
013300013;910;599;0;907;0;311;0;1;311;0;1;9;0;10;301;32;0;99;2;0;150;18;
013300014;770;545;2;758;4;223;4;0;223;0;1;0;0;1;222;21;1;82;3;3;103;9;
013300015;940;712;1;926;2;227;2;0;227;0;1;9;0;10;217;17;2;83;2;0;106;7;
013300016;940;616;2;932;0;322;0;5;322;0;4;0;0;4;318;23;0;122;1;2;159;11;
013300017;860;561;0;853;4;299;4;0;299;1;1;0;0;2;297;23;0;133;3;4;127;7;
013300018;900;572;0;883;0;328;0;0;328;4;0;0;0;4;324;14;1;120;0;1;176;12;
013300019;770;454;1;769;0;315;0;0;315;1;2;0;0;3;312;51;1;139;0;2;111;8;
013300020;750;421;2;741;0;327;0;1;327;2;3;0;0;5;322;37;2;164;1;4;97;17;
013300021;805;488;0;798;0;317;0;1;317;0;3;0;0;3;314;29;1;151;0;4;118;11;
013300022;760;452;0;754;1;308;1;0;308;2;1;4;0;7;301;29;0;126;0;1;136;9;
013300023;870;592;0;854;0;278;0;4;278;0;0;7;0;7;271;37;0;84;4;1;139;6;
013300024;1000;638;1;983;0;361;0;0;361;1;3;0;0;4;357;54;0;115;3;3;176;6;
013300025;490;407;0;483;0;83;0;3;83;0;0;0;0;0;83;25;1;54;0;0;1;2;
013300026;502;441;0;500;5;61;5;0;61;0;0;0;0;0;61;5;0;54;0;0;1;1;
013300027;500;449;0;485;3;51;3;0;51;0;0;0;0;0;51;8;1;38;1;1;2;0;
013300028;600;458;1;592;0;141;0;0;141;1;0;0;0;1;140;6;0;77;4;1;48;4;
013300029;528;335;0;689;0;193;0;4;193;0;1;0;0;1;192;16;0;90;1;2;77;6;
013300030;692;549;2;685;0;141;0;0;141;2;2;0;0;4;137;9;0;58;0;1;65;4;
013300031;880;559;1;870;1;320;1;0;320;1;4;8;0;13;307;20;0;137;1;5;131;13;
013300032;655;454;2;653;7;199;7;0;199;3;0;0;0;3;196;10;0;84;0;2;94;6;
013300033;440;284;0;437;3;156;3;0;156;0;1;0;0;1;155;25;2;72;2;3;44;7;
013300034;660;340;0;659;5;320;5;0;320;0;14;0;0;14;306;46;1;88;6;5;151;9;
013300035;275;154;0;265;1;121;1;0;121;0;0;0;0;0;121;8;0;63;4;0;40;6;
013300036;225;119;1;215;5;105;5;0;105;0;0;0;0;0;105;18;1;29;1;1;51;4;
013300037;550;348;2;541;11;200;11;0;200;2;0;10;0;12;188;4;1;81;0;1;91;10;
013300038;570;363;1;205;1;206;1;0;206;0;1;0;2;3;203;4;0;96;0;5;88;10;
013300039;145;79;0;138;0;66;0;0;66;4;0;0;0;4;62;10;1;36;0;0;10;5;
013300040;200;115;2;191;0;83;0;2;83;1;0;0;0;1;82;20;0;45;3;0;11;3;
013300041;167;80;0;170;0;87;0;6;87;1;1;1;0;3;84;3;1;51;3;2;18;6;
013300042;600;352;0;591;0;248;0;5;248;0;0;7;0;7;241;10;3;154;3;1;68;2;
013300043;385;196;0;379;0;189;0;3;189;1;0;0;0;1;188;18;0;99;1;1;68;1;
013300044;354;207;1;344;1;146;1;0;146;0;0;0;0;0;146;5;0;79;2;1;57;2;
013300045;135;85;0;125;2;50;2;0;50;0;1;0;0;1;49;4;0;31;2;2;7;3;
013300046;290;152;1;277;0;137;0;2;137;0;0;8;0;8;129;6;2;73;3;0;38;7;
013300047;200;91;0;191;2;109;2;0;109;0;1;0;0;1;108;16;2;62;0;0;28;0;
013300048;820;528;1;810;3;291;3;0;291;0;3;0;0;3;288;16;6;167;1;0;88;10;
013300049;730;442;2;720;2;286;2;0;286;1;3;0;0;4;282;17;2;172;5;2;68;16;
013300050;502;280;0;496;0;222;0;1;222;0;2;2;0;4;218;45;1;69;0;1;86;16;
013300051;1000;797;1;429;1;202;1;0;202;0;7;2;0;9;193;42;0;79;4;3;63;2;
013300052;583;314;2;574;4;267;4;0;267;0;5;0;0;5;262;29;2;119;3;3;101;5;
013300053;512;303;0;504;2;209;2;0;209;1;5;0;0;6;203;6;2;101;0;1;91;2;
013300054;490;333;0;484;7;157;7;0;157;0;0;4;0;4;153;5;0;90;2;0;51;5;
013300055;172;103;0;163;0;69;0;0;69;0;0;0;0;0;69;2;1;46;0;1;16;3;
013300056;908;635;0;906;8;273;8;0;273;1;0;4;0;5;268;20;1;120;1;3;114;9;
013300057;855;665;0;851;0;190;0;0;190;1;0;0;0;1;189;10;0;110;4;1;60;4;
013300058;871;631;3;861;0;237;0;0;237;6;0;0;0;6;231;17;1;117;5;2;85;4;
013300059;605;413;1;595;2;191;2;0;191;3;0;0;0;3;188;8;1;95;1;2;79;2;
013300060;580;323;4;570;0;253;0;0;253;0;2;4;0;6;247;12;2;79;2;2;147;3;
013300061;321;216;0;315;0;105;0;1;105;1;0;6;0;7;98;13;0;50;2;2;26;5;
013300062;210;152;0;203;0;58;0;0;58;0;1;0;0;1;57;15;1;33;2;0;6;0;
013300063;103;53;0;95;0;50;0;0;50;0;4;0;0;4;46;20;0;21;0;0;5;0;
013300064;88;20;0;83;6;68;6;2;68;0;0;1;0;1;67;23;0;41;1;1;1;0;
013300065;207;121;1;199;0;85;0;0;85;4;2;5;0;11;74;16;5;44;2;0;5;2;
013300066;290;180;0;281;0;110;0;0;110;1;0;0;0;1;109;13;0;62;3;2;23;6;
013300067;97;56;0;91;1;41;1;0;41;0;4;0;0;4;37;15;0;20;0;0;2;0;
013300068;70;36;0;66;0;34;0;0;34;0;0;0;0;0;34;17;0;13;0;2;2;0;
013300069;60;35;0;60;0;25;0;0;25;0;0;0;0;0;25;9;0;13;0;0;3;0;
013300070;325;205;3;317;0;117;0;0;117;2;1;0;0;3;114;20;0;77;3;1;7;6;
013300071;47;18;0;42;0;29;0;2;29;1;0;0;0;1;28;10;0;17;0;0;1;0;
013300072;60;28;0;57;1;32;1;1;32;0;0;0;0;0;32;15;0;8;0;0;9;0;
013300073;28;8;0;24;0;20;0;0;20;0;0;0;0;0;20;6;0;11;0;0;3;0;
013300074;90;32;1;82;2;57;2;2;57;1;2;0;0;3;54;17;0;34;0;1;2;0;
013300075;91;65;0;84;0;26;0;0;26;4;0;0;0;4;22;11;0;6;1;0;3;1;
013300076;85;42;0;83;0;43;0;4;43;0;0;0;0;0;43;10;1;29;0;0;3;0;
013300077;71;11;0;69;0;60;0;0;60;0;0;0;0;0;60;26;2;15;3;0;10;4;
013300078;130;61;0;128;5;69;5;0;69;1;0;2;0;3;66;16;0;30;3;0;12;5;
013300079;45;14;0;43;3;31;3;3;31;3;1;0;0;4;27;10;1;14;0;0;2;0;
013300080;460;296;0;460;0;164;0;0;164;0;5;0;0;5;159;13;0;86;0;1;57;2;
013300081;490;340;0;485;0;150;0;0;150;2;9;0;0;11;139;9;0;72;3;2;50;3;
013300082;860;512;0;867;3;348;3;0;348;0;1;0;0;1;347;63;2;194;2;6;72;8;
013300083;855;501;0;860;9;354;9;0;354;4;3;0;0;7;347;34;2;186;6;3;101;15;
013300084;730;472;0;727;0;258;0;0;258;0;0;0;0;0;258;38;1;107;1;1;106;4;
013300085;275;187;0;277;1;88;1;0;88;0;3;0;0;3;85;2;0;72;0;0;11;0;
013300086;760;506;1;758;2;253;2;1;253;0;0;0;0;0;253;17;1;186;3;0;36;10;
013300087;455;323;0;452;0;132;0;0;132;1;2;0;0;3;129;15;1;69;1;2;37;4;
013300088;410;282;0;408;0;128;0;3;128;1;0;4;0;5;123;21;2;69;0;3;25;3;
013300089;1000;844;0;481;1;156;1;0;156;2;9;0;0;11;145;11;2;84;2;4;36;6;
013300090;420;335;0;418;3;85;3;3;85;2;1;0;0;3;82;8;0;38;0;1;34;1;
013300091;587;425;0;584;1;162;1;3;162;2;1;0;0;3;159;9;0;87;5;3;40;15;
013300092;60;38;0;53;0;22;0;1;22;0;0;1;0;1;21;1;0;10;1;0;9;0;
013700001;770;430;4;776;6;336;6;0;336;2;2;0;0;4;332;44;10;203;1;1;60;13;
013700002;650;345;0;650;0;305;0;0;305;2;3;3;0;8;297;37;7;193;3;1;41;15;
013700003;760;397;0;766;0;363;0;0;363;1;6;2;0;9;354;19;2;237;3;2;81;10;
013700004;770;427;0;768;0;343;0;0;343;2;4;5;0;11;332;56;6;190;2;6;67;5;
013700005;598;350;2;598;2;246;2;0;246;3;1;0;0;4;242;22;0;147;2;1;59;11;
013700006;590;305;0;590;0;285;0;0;285;0;5;0;0;5;280;51;1;162;0;4;52;10;
013700007;570;275;1;573;0;294;0;0;294;2;9;0;1;12;282;44;3;175;1;0;50;9;
013700008;940;508;0;942;1;432;1;0;432;7;8;10;0;25;407;40;3;233;1;1;120;9;
013700009;750;386;0;742;0;364;0;0;364;2;1;0;0;3;361;42;0;227;1;2;75;14;
013700010;700;427;0;706;1;273;1;0;273;1;4;9;0;14;259;41;1;141;0;1;69;6;
013700011;530;300;0;527;1;230;1;1;230;0;0;2;0;2;228;26;3;135;1;3;55;5;
013700012;695;352;1;691;0;342;0;0;342;3;6;0;0;9;333;35;2;190;2;4;91;9;
013700013;540;283;0;544;0;257;0;0;257;5;3;3;0;11;246;40;3;133;2;1;57;10;
013700014;650;346;0;653;5;304;5;0;304;7;5;0;0;12;292;69;7;155;2;3;48;8;
013700015;550;294;7;544;3;249;3;0;249;1;0;3;0;4;245;9;0;233;0;2;1;0;
013700016;439;225;0;448;6;214;6;6;214;0;1;1;0;2;212;9;2;193;0;1;5;2;
013700017;730;384;0;726;2;346;2;0;346;1;4;1;0;6;340;61;1;192;2;6;75;3;
013700018;720;420;0;721;2;300;2;0;300;2;3;0;0;5;295;54;1;195;1;3;36;5;
013700019;501;203;0;503;6;298;6;0;298;3;3;13;0;19;279;94;2;149;1;7;26;0;
013700020;730;448;0;734;0;282;0;1;282;1;3;0;0;4;278;31;1;188;1;1;53;3;
013700021;670;454;0;664;0;216;0;0;216;2;3;0;0;5;211;24;2;152;1;2;25;5;
013700022;900;653;0;899;4;247;4;0;247;12;1;4;0;17;230;24;0;164;0;1;40;1;
013700023;530;280;0;557;0;250;0;0;250;3;2;2;4;11;239;18;1;162;1;0;52;5;
013700024;890;475;0;888;2;415;2;0;415;3;3;0;1;7;408;35;1;217;2;0;149;4;
013700025;550;288;0;553;2;262;2;1;262;2;4;3;1;10;252;38;3;145;3;0;56;7;
013700026;790;445;0;792;0;345;0;1;345;13;2;0;1;16;329;27;0;199;4;5;88;6;
013700027;590;353;0;588;0;237;0;1;237;5;2;8;0;15;222;21;1;121;1;5;69;4;
013700028;50;25;0;53;0;25;0;2;25;1;0;0;0;1;24;2;0;17;0;0;4;1;
014000001;720;508;0;702;5;212;5;5;212;1;0;0;0;1;211;15;0;113;1;2;76;4;
014000002;800;552;1;774;0;247;0;0;247;0;3;0;0;3;244;12;1;113;3;1;103;11;
014000003;960;617;0;933;0;343;0;0;343;1;4;0;0;5;338;42;1;146;0;5;138;6;
014000004;970;659;1;933;0;310;0;0;310;0;6;4;2;12;298;34;0;168;2;3;81;10;
014000005;740;457;4;717;0;279;0;0;279;1;1;1;0;3;276;30;3;154;3;2;80;4;
014000006;940;623;2;911;0;315;0;0;315;5;0;0;0;5;310;54;3;152;1;3;86;11;
014000007;860;544;1;833;1;315;1;4;315;1;1;9;0;11;304;35;3;152;1;3;96;14;
014000008;730;480;2;248;0;248;0;0;248;1;0;0;0;1;247;24;0;116;1;3;91;12;
014000009;480;304;0;466;0;176;0;0;176;1;0;2;0;3;173;17;1;106;5;0;41;3;
014000010;500;354;1;490;0;145;0;3;145;2;0;2;0;4;141;27;1;58;0;2;50;3;
014000011;800;508;1;772;0;291;0;3;291;0;0;0;0;0;291;28;2;150;4;3;88;16;
014000012;770;475;1;751;1;294;1;5;294;7;0;0;0;7;287;64;0;105;1;3;106;8;
014000013;930;565;0;904;0;365;0;0;365;3;15;0;1;19;346;53;2;170;0;2;108;11;
014000014;940;679;0;914;0;261;0;4;261;1;0;0;0;1;260;44;0;101;1;2;99;13;
014000015;590;377;0;580;3;213;3;0;213;1;0;0;0;1;212;37;1;90;0;1;79;4;
014000016;780;424;0;759;10;356;10;4;356;0;2;0;0;2;354;35;3;142;1;1;158;14;
014000017;780;454;3;761;0;323;0;2;323;2;6;0;0;8;315;30;1;160;0;1;107;16;
014000018;850;509;2;821;6;339;6;3;339;1;3;0;0;4;335;85;4;144;2;3;89;8;
014000019;740;424;0;725;2;316;2;3;316;3;1;0;0;4;312;63;1;140;2;3;89;14;
014000020;760;461;1;738;2;298;2;0;298;0;4;0;0;4;294;35;4;140;2;5;100;8;
014000021;720;396;0;700;0;324;0;0;324;0;4;9;0;13;311;71;0;141;1;3;91;4;
014000022;440;270;0;429;3;170;3;0;170;0;2;5;0;7;163;15;2;80;0;1;61;4;
014000023;810;559;0;795;0;251;0;0;251;0;2;0;0;2;249;33;1;123;0;1;85;6;
014000024;650;456;0;627;0;194;0;0;194;3;0;0;1;4;190;24;2;103;1;1;53;6;
014000025;760;529;1;736;1;230;1;0;230;1;1;0;0;2;228;15;0;136;2;0;70;5;
014000026;550;324;2;537;5;224;5;0;224;1;1;4;0;6;218;22;0;144;1;1;44;6;
014000027;960;650;0;925;0;310;0;0;310;3;0;0;0;3;307;24;2;175;3;7;76;20;
014000028;840;597;0;819;0;243;0;5;243;22;0;0;0;22;221;13;2;163;6;1;30;6;
014000029;750;537;0;725;0;213;0;2;213;1;1;0;0;2;211;5;1;157;0;2;43;3;
014000030;961;698;0;954;0;263;0;0;263;0;22;0;0;22;241;12;1;180;2;2;39;5;
014000031;780;553;1;760;0;226;0;5;226;0;0;13;0;13;213;6;0;172;2;0;28;5;
014000032;30;16;0;23;0;14;0;0;14;0;2;0;0;2;12;1;1;5;0;1;4;0;
014000033;320;167;2;318;5;151;5;0;151;10;1;0;0;11;140;16;0;55;1;8;57;3;
014000034;340;206;0;340;8;134;8;0;134;2;0;11;0;13;121;4;2;47;1;2;63;2;
014000035;26;2;1;25;0;23;0;4;23;0;2;0;0;2;21;2;0;16;0;0;2;1;
014000036;320;199;0;309;5;121;5;0;121;1;0;5;0;6;115;3;1;90;2;0;18;1;
014000037;530;329;0;512;1;201;1;0;201;0;0;3;0;3;198;28;1;84;1;3;77;4;
014000038;340;206;0;334;0;134;0;0;134;0;0;2;0;2;132;5;0;85;0;0;39;3;
014000039;280;195;0;276;5;85;5;0;85;0;4;0;0;4;81;7;0;44;0;1;28;1;
014000041;63;33;1;63;4;29;4;0;29;0;0;1;0;1;28;2;1;19;0;0;3;3;
014000042;470;304;0;455;13;166;13;0;166;0;1;5;0;6;160;12;0;80;0;1;63;4;
014000043;440;285;0;425;1;155;1;0;155;0;3;7;0;10;145;14;0;75;1;0;52;3;
014000044;550;364;2;551;0;184;0;3;184;0;2;2;0;4;180;10;0;118;4;1;43;4;
014000045;670;353;1;650;4;316;4;0;316;7;0;0;0;7;309;46;0;136;1;7;110;9;
014000046;520;362;0;498;5;158;5;0;158;0;0;0;0;0;158;11;1;88;1;1;53;3;
014000047;550;355;0;535;4;195;4;0;195;0;1;0;0;1;194;12;1;122;1;0;54;4;
014000048;560;404;0;543;2;156;2;0;156;4;2;0;0;6;150;9;0;65;0;2;74;0;
014000049;460;345;0;447;0;115;0;0;115;3;0;0;0;3;112;0;0;55;1;0;54;2;
014000050;630;510;1;607;0;119;0;0;119;0;1;0;0;1;118;6;1;69;4;0;36;2;
014000051;570;396;0;554;5;174;5;1;174;0;2;0;0;2;172;10;4;93;1;0;59;5;
014000052;190;118;0;186;2;72;2;0;72;6;0;0;0;6;66;5;1;40;3;0;17;0;
014000053;35;15;0;34;0;20;0;4;20;0;0;2;0;2;18;1;0;12;2;0;2;1;
014000054;120;58;0;118;2;62;2;0;62;0;1;0;0;1;61;3;0;45;1;0;6;6;
014000055;110;66;0;106;2;44;2;0;44;2;0;0;0;2;42;3;0;25;1;0;12;1;
014000056;83;40;0;80;3;43;3;0;43;0;1;0;0;1;42;1;0;33;0;0;5;3;
014000057;83;48;0;80;0;35;0;0;35;0;0;0;0;0;35;1;0;26;0;0;7;1;
014000058;102;40;0;96;3;62;3;0;62;1;0;0;0;1;61;7;0;48;2;1;3;0;
014000059;260;150;1;255;2;109;2;0;109;3;0;2;2;7;102;3;0;95;0;0;3;1;
014000060;660;390;0;653;5;270;5;0;270;0;3;0;0;3;267;10;1;183;5;3;61;4;
014000061;230;130;0;224;0;100;0;0;100;0;1;1;0;2;98;15;0;62;0;1;16;4;
014000062;47;15;0;45;0;32;0;0;32;0;0;0;0;0;32;0;0;22;1;1;8;0;
014000063;33;17;0;33;0;16;0;0;16;0;4;0;0;4;12;0;0;10;1;0;1;0;
014000065;50;35;0;54;6;15;6;4;15;0;0;0;0;0;15;2;0;8;0;0;5;0;
014000066;37;14;0;40;5;23;5;5;23;0;0;0;0;0;23;3;0;14;1;0;5;0;
014000067;47;26;0;51;0;21;0;0;21;0;0;0;0;0;21;3;0;15;1;0;2;0;
014000068;390;269;0;388;1;121;1;0;121;0;2;0;0;2;119;5;4;63;0;2;45;0;
014000069;400;266;0;397;1;134;1;0;134;0;1;0;0;1;133;4;0;57;1;0;69;2;
014000070;570;334;0;571;4;236;4;0;236;2;6;0;1;9;227;16;0;91;5;3;110;2;
014000072;175;119;0;170;1;56;1;0;56;0;1;0;0;1;55;4;0;32;0;1;16;2;
014000073;340;211;1;338;3;128;3;0;128;1;2;0;0;3;125;5;1;52;0;2;62;3;
014000074;320;208;0;318;0;112;0;3;112;0;2;0;0;2;110;7;1;62;0;1;33;6;
014000075;80;36;0;82;0;44;0;0;44;0;0;2;0;2;42;3;0;34;2;0;3;0;
014000076;260;166;0;261;5;94;5;0;94;0;0;0;0;0;94;3;0;50;0;0;35;6;
014000078;102;68;1;102;3;33;3;3;33;0;0;0;0;0;33;3;1;22;0;0;7;0;
014000079;260;154;2;258;2;104;2;2;104;2;1;0;0;3;101;8;2;77;0;0;13;1;
014000081;80;50;0;82;5;30;5;5;30;0;0;2;0;2;28;3;0;18;1;1;5;0;
014000082;155;89;0;153;1;66;1;0;66;0;1;0;0;1;65;2;1;49;1;0;10;2;
014000083;30;16;0;29;1;14;1;0;14;0;2;0;0;2;12;0;0;6;0;0;5;1;
014000084;87;72;0;84;0;15;0;0;15;0;0;0;0;0;15;0;0;9;0;1;5;0;
014200001;310;101;0;314;0;209;0;1;209;0;0;0;0;0;209;5;0;199;2;0;1;2;
014200002;400;193;1;438;0;206;0;0;206;0;1;7;0;8;198;4;0;187;2;1;3;1;
014200003;450;211;0;471;0;239;0;0;239;0;0;0;0;0;239;1;0;234;2;0;2;0;
014200004;500;68;0;556;0;432;0;0;432;0;0;0;0;0;432;2;0;429;0;0;0;1;
014200005;600;150;1;620;0;449;0;0;449;0;3;0;0;3;446;1;1;442;0;1;1;0;
014200006;500;124;0;588;0;376;0;0;376;0;4;0;0;4;372;2;1;363;2;2;1;1;
014200007;800;413;0;784;0;387;0;0;387;0;2;1;0;3;384;51;2;324;2;0;2;3;
014200008;300;189;0;319;0;111;0;0;111;1;0;0;0;1;110;4;0;94;1;0;9;2;
014200009;250;112;0;265;0;138;0;0;138;0;2;0;0;2;136;3;1;130;2;0;0;0;
014200010;700;397;1;733;0;302;0;1;302;1;0;0;0;1;301;7;1;284;4;0;1;4;
014200011;700;395;1;694;0;304;0;0;304;0;0;0;0;0;304;10;0;287;1;0;5;1;
014200012;800;414;0;822;0;386;0;0;386;0;1;0;0;1;385;46;1;324;0;0;13;1;
014200013;300;56;2;311;0;242;0;0;242;0;0;1;0;1;241;9;0;232;0;0;0;0;
014200014;400;163;1;450;0;236;0;0;236;0;3;0;0;3;233;6;0;223;0;2;1;1;
014200015;700;368;0;735;0;332;0;0;332;1;2;0;0;3;329;8;1;302;0;0;12;6;
014200016;700;392;3;686;0;305;0;0;305;0;2;0;0;2;303;5;0;283;1;1;4;9;
014200017;900;454;0;927;4;446;4;0;446;0;3;6;0;9;437;8;0;387;3;2;32;5;
014200018;750;365;1;788;3;384;3;0;384;2;1;0;0;3;381;8;2;325;0;0;42;4;
014200019;650;331;1;694;0;318;0;0;318;0;1;0;0;1;317;9;0;302;0;1;4;1;
014200020;700;409;2;712;0;289;0;0;289;0;4;0;0;4;285;11;1;270;1;0;2;0;
014200021;600;228;2;607;0;370;0;0;370;0;0;0;0;0;370;1;1;362;4;0;1;1;
014200022;300;124;0;340;0;176;0;0;176;0;1;0;0;1;175;4;0;170;1;0;0;0;
014400001;600;366;0;605;1;234;1;0;234;1;5;0;0;6;228;8;0;120;2;0;90;8;
014400002;668;359;2;758;0;307;0;2;307;3;3;0;0;6;301;37;4;174;4;3;76;3;
014400003;530;315;0;536;0;215;0;2;215;0;5;4;0;9;206;22;2;120;1;2;51;8;
014400004;660;382;1;673;2;277;2;0;277;10;0;0;0;10;267;5;1;244;1;1;13;2;
014400005;720;370;1;727;1;349;1;0;349;3;2;10;0;15;334;25;3;182;2;3;110;9;
014400006;610;336;6;621;0;268;0;1;268;3;3;0;0;6;262;17;2;171;3;1;59;9;
014400007;640;441;0;647;4;199;4;0;199;1;3;0;0;4;195;17;1;90;8;1;72;6;
014400008;620;351;0;623;0;269;0;0;269;2;8;1;0;11;258;21;1;141;3;5;83;4;
014400009;550;339;1;561;1;210;1;0;210;2;1;6;1;10;200;18;1;109;0;1;68;3;
014400010;330;170;0;340;0;160;0;0;160;1;6;0;0;7;153;16;1;88;1;1;38;8;
014400011;410;230;0;421;2;180;2;0;180;5;0;0;0;5;175;7;2;106;4;2;50;4;
014400012;40;25;0;25;0;15;0;8;15;0;0;0;0;0;15;1;1;10;0;0;3;0;
014400013;600;268;1;641;3;331;3;0;331;23;0;0;0;23;308;48;1;252;1;1;5;0;
014400014;290;145;2;309;0;143;0;0;143;0;0;3;0;3;140;21;0;114;1;2;1;1;
014400015;170;100;0;181;4;70;4;4;70;2;1;0;0;3;67;1;0;49;3;0;14;0;
014400016;270;135;1;270;2;134;2;0;134;0;4;0;0;4;130;16;2;89;0;0;21;2;
014400017;100;55;0;94;4;45;4;0;45;0;0;0;0;0;45;3;0;35;1;0;5;1;
014400018;700;484;0;715;1;216;1;0;216;0;3;0;0;3;213;31;1;101;2;2;66;10;
014400019;589;411;2;593;4;176;4;2;176;0;3;3;3;9;167;13;0;103;1;1;44;5;
014400020;447;307;2;459;1;138;1;2;138;1;0;0;0;1;137;9;1;54;1;0;67;5;
014400021;88;51;0;41;4;37;4;0;37;0;0;0;0;0;37;4;0;29;0;0;2;2;
014400022;620;446;2;636;0;172;0;0;172;1;1;2;1;5;167;8;1;86;1;3;67;1;
014400023;580;345;0;599;0;235;0;3;235;2;1;0;0;3;232;16;1;164;1;0;43;7;
014400024;130;88;0;124;0;42;0;0;42;2;0;0;0;2;40;2;0;19;1;0;17;1;
014400025;126;96;0;51;0;30;0;0;30;0;1;0;0;1;29;3;0;23;1;0;1;1;
014400026;490;293;1;494;1;196;1;0;196;0;2;0;0;2;194;21;0;128;3;2;22;18;
014400027;390;256;0;396;0;134;0;0;134;1;3;0;0;4;130;17;0;91;3;0;16;3;
014900001;330;231;2;340;0;97;0;0;97;2;1;2;6;11;86;9;0;52;0;1;20;4;
014900002;410;220;0;473;0;190;0;1;190;0;4;10;0;14;176;7;2;121;2;4;31;9;
014900003;900;552;7;947;0;341;0;0;341;4;3;4;5;16;325;21;2;200;3;3;91;5;
014900004;670;428;3;723;0;239;0;0;239;19;3;3;0;25;214;17;1;144;1;0;51;0;
014900005;350;229;2;360;0;119;0;0;119;1;2;0;0;3;116;24;1;44;0;0;41;6;
014900006;400;283;1;425;0;116;0;0;116;0;1;0;0;1;115;10;1;45;5;2;49;3;
014900007;130;51;1;142;0;78;0;0;78;1;0;0;0;1;77;9;1;34;3;0;25;5;
014900008;50;22;0;62;0;28;0;0;28;0;1;0;0;1;27;2;0;21;0;0;4;0;
014900009;340;230;1;363;0;109;0;2;109;1;1;0;0;2;107;2;0;88;2;1;13;1;
014900010;100;49;2;117;0;49;0;1;49;0;6;0;0;6;43;3;0;28;4;1;5;2;
014900011;40;7;0;55;0;33;0;5;33;0;1;0;0;1;32;0;0;26;1;0;4;1;
014900012;40;10;0;55;1;30;1;0;30;1;0;3;0;4;26;1;0;20;1;1;3;0;
014900013;230;158;0;257;0;72;0;0;72;1;0;0;0;1;71;1;0;57;1;1;9;2;
014900014;170;92;0;232;0;78;0;3;78;1;1;1;0;3;75;9;0;61;0;0;3;2;
014900015;260;128;1;289;2;131;2;0;131;0;0;0;0;0;131;8;0;99;4;1;16;3;
014900016;35;1;1;36;0;33;0;0;33;0;0;0;0;0;33;0;0;30;0;0;1;2;
014900017;50;13;1;56;0;36;0;0;36;0;0;1;0;1;35;2;0;26;1;0;6;0;
014900018;80;17;0;84;0;63;0;0;63;2;0;0;0;2;61;2;3;41;1;0;14;0;
014900019;79;49;0;66;0;30;0;4;30;1;0;0;0;1;29;3;2;20;2;0;2;0;
014900020;100;25;1;130;0;74;0;4;74;0;0;0;0;0;74;2;2;56;5;0;8;1;
014900021;110;55;0;116;0;55;0;0;55;0;0;0;0;0;55;8;0;36;0;4;7;0;
015200001;750;398;0;744;0;352;0;0;352;3;0;0;0;3;349;16;0;184;0;2;139;8;
015200002;830;397;0;826;0;433;0;0;433;2;2;0;0;4;429;27;1;262;1;3;129;6;
015200003;790;401;0;781;0;389;0;0;389;4;4;0;0;8;381;34;0;186;7;3;148;3;
015200004;515;230;2;519;0;283;0;0;283;1;2;2;0;5;278;1;0;275;1;0;1;0;
015200005;170;84;0;168;0;86;0;0;86;0;1;1;0;2;84;2;0;67;0;1;12;2;
015200006;365;155;0;372;0;210;0;0;210;0;0;0;0;0;210;6;1;200;3;0;0;0;
015200007;540;193;3;567;0;344;0;0;344;0;2;0;0;2;342;1;0;337;2;0;0;2;
015200008;390;224;0;390;1;166;1;1;166;1;2;1;0;4;162;15;0;109;0;0;33;5;
015200009;100;44;2;97;0;54;0;1;54;2;2;0;0;4;50;4;0;37;1;0;3;5;
015200010;100;55;0;99;1;45;1;1;45;1;0;0;0;1;44;6;1;34;0;0;3;0;
015200011;640;368;1;632;0;271;0;2;271;0;1;9;0;10;261;34;1;154;0;1;61;10;
015200012;530;334;2;530;2;194;2;0;194;1;10;0;0;11;183;21;2;99;1;1;57;2;
015200013;755;235;0;760;0;520;0;0;520;4;0;0;0;4;516;1;0;511;0;0;2;2;
015200014;670;184;0;660;2;486;2;0;486;3;3;0;0;6;480;0;0;476;1;0;2;1;
015200015;655;165;0;654;1;490;1;0;490;0;0;0;0;0;490;1;0;486;0;1;2;0;
015200016;135;45;0;129;0;90;0;0;90;0;10;0;0;10;80;4;0;63;1;3;9;0;
015200017;67;16;0;66;3;51;3;0;51;2;0;0;0;2;49;3;2;35;2;0;6;1;
015200018;260;136;0;256;1;124;1;0;124;2;1;0;0;3;121;6;1;80;3;2;24;5;
015200019;425;284;1;421;1;140;1;1;140;7;1;1;0;9;131;17;1;47;0;2;51;13;
015300001;667;366;1;668;1;300;1;1;300;3;3;6;0;12;288;8;1;246;2;1;28;2;
015300002;559;247;1;565;0;311;0;0;311;1;1;7;0;9;302;2;0;286;1;0;13;0;
015300003;695;309;0;695;2;386;2;0;386;2;7;1;0;10;376;9;0;264;2;1;97;3;
015300004;900;387;0;901;0;513;0;0;513;1;1;12;0;14;499;6;0;439;1;0;53;0;
015300005;695;330;0;698;0;365;0;0;365;3;1;0;0;4;361;7;0;314;0;0;37;3;
015300006;726;275;0;741;15;451;15;0;451;4;2;1;0;7;444;4;0;423;1;1;14;1;
015300007;697;304;4;703;3;389;3;4;389;1;2;14;0;17;372;3;1;362;1;0;4;1;
015300008;573;236;0;581;0;337;0;0;337;4;4;2;0;10;327;7;0;312;2;0;4;2;
015300009;477;200;0;477;8;277;8;0;277;11;1;0;0;12;265;4;0;257;3;0;1;0;
015300010;439;175;0;440;4;264;4;0;264;1;1;0;0;2;262;1;0;258;2;0;1;0;
015300011;797;394;0;797;4;403;4;0;403;9;0;0;0;9;394;4;0;387;1;0;2;0;
015300012;425;141;1;435;0;283;0;0;283;0;0;2;0;2;281;2;0;274;1;0;3;1;
015300013;340;135;1;350;1;204;1;8;204;0;0;0;0;0;204;2;1;198;0;0;3;0;
015300014;917;386;3;919;0;528;0;0;528;0;5;7;0;12;516;5;1;504;1;0;2;3;
020100001;600;254;0;781;3;346;3;2;346;3;3;13;0;19;327;17;1;256;3;0;48;2;
020100002;600;265;1;727;0;334;0;4;334;4;1;0;0;5;329;4;3;294;3;0;22;3;
020100003;500;207;3;609;0;290;0;0;290;3;1;2;0;6;284;12;0;219;1;0;42;10;
020100004;300;112;0;411;0;188;0;0;188;0;1;1;0;2;186;15;0;119;1;0;43;8;
020100005;296;87;0;498;0;209;0;0;209;1;3;0;0;4;205;8;0;138;1;2;52;4;
020100006;400;146;0;579;0;254;0;0;254;0;0;4;0;4;250;17;0;170;1;2;53;7;
020100007;298;81;0;474;0;217;0;3;217;0;0;0;0;0;217;10;0;163;2;1;34;7;
020100008;496;237;1;522;0;258;0;0;258;2;0;0;0;2;256;11;0;188;5;1;44;7;
020100009;600;167;0;802;1;433;1;0;433;3;3;2;0;8;425;39;1;288;1;1;86;9;
020100010;400;162;1;570;0;237;0;0;237;1;2;1;0;4;233;16;0;172;4;1;37;3;
020100011;300;98;0;437;0;202;0;5;202;1;3;0;0;4;198;14;0;137;4;3;33;7;
020100012;700;381;0;715;0;319;0;0;319;0;1;1;0;2;317;29;3;229;4;0;45;7;
020100013;493;193;1;609;3;299;3;0;299;1;4;0;0;5;294;26;1;181;3;0;73;10;
020100014;400;198;2;541;0;200;0;0;200;3;0;0;0;3;197;8;1;132;2;0;49;5;
020100015;300;107;1;453;0;192;0;0;192;4;1;0;0;5;187;13;0;137;1;1;31;4;
020100016;500;191;0;669;1;309;1;7;309;1;2;2;0;5;304;10;1;232;4;1;54;2;
020100017;600;272;2;788;4;326;4;1;326;1;5;1;0;7;319;11;1;256;3;2;43;3;
020100018;597;246;0;797;0;351;0;0;351;3;2;4;0;9;342;30;1;238;6;3;58;6;
020100019;300;156;0;365;0;144;0;3;144;0;1;0;0;1;143;10;0;97;1;1;31;3;
020100020;600;318;0;716;0;282;0;0;282;3;1;16;0;20;262;6;2;226;2;2;22;2;
020100021;500;290;0;639;0;210;0;0;210;1;0;0;0;1;209;3;1;179;0;0;25;1;
020100022;200;69;11;298;0;120;0;0;120;1;0;0;0;1;119;4;1;97;0;0;17;0;
020100023;500;179;0;676;0;321;0;0;321;4;0;0;0;4;317;14;0;245;6;3;44;5;
020100024;600;230;0;831;1;370;1;0;370;1;1;0;0;2;368;38;1;248;0;1;79;1;
020100025;500;281;4;675;8;215;8;0;215;4;3;0;1;8;207;3;1;185;1;3;13;1;
020100026;395;263;0;571;4;132;4;0;132;0;0;6;0;6;126;0;1;123;0;0;2;0;
020100027;400;182;0;534;2;218;2;0;218;1;1;3;1;6;212;6;0;177;0;2;23;4;
020100028;601;327;0;762;0;274;0;0;274;1;0;7;0;8;266;6;0;178;1;1;72;8;
020100029;500;314;0;677;7;186;7;5;186;0;3;8;0;11;175;4;0;170;0;0;0;1;
020100031;200;97;0;154;1;103;1;0;103;1;0;3;0;4;99;6;0;68;0;2;14;9;
020100032;200;47;2;226;0;151;0;0;151;1;1;0;0;2;149;1;0;147;0;0;0;1;
020100033;298;76;2;402;0;220;0;0;220;1;0;5;1;7;213;1;0;207;1;0;3;1;
020100034;400;187;0;470;0;213;0;0;213;5;5;25;0;35;178;10;2;135;4;3;21;3;
020100035;300;152;1;301;6;147;6;0;147;0;0;3;0;3;144;9;1;111;0;0;20;3;
020100036;897;300;1;1019;0;596;0;7;596;5;1;0;0;6;590;1;0;586;1;0;2;0;
020100037;198;107;1;147;10;90;10;0;90;0;1;3;0;4;86;5;0;75;0;0;6;0;
020100038;600;194;0;688;0;406;0;7;406;8;3;0;0;11;395;6;2;381;2;0;2;2;
020100039;300;159;0;324;0;141;0;0;141;0;1;4;0;5;136;1;1;133;0;0;1;0;
020100040;400;106;0;492;6;294;6;6;294;10;7;10;1;28;266;10;0;164;3;3;81;5;
020100041;700;416;4;538;7;280;7;0;280;3;1;9;1;14;266;2;0;261;1;0;2;0;
020100042;300;51;3;345;0;246;0;7;246;1;0;0;0;1;245;0;1;239;0;4;1;0;
020100043;400;99;1;459;9;300;9;7;300;2;0;12;0;14;286;0;0;278;4;0;3;1;
020100044;500;143;16;336;5;341;5;5;341;8;4;0;0;12;329;3;0;308;2;0;12;4;
020100045;200;94;0;151;5;106;5;0;106;6;1;0;0;7;99;0;2;91;1;0;5;0;
020100046;800;300;3;872;0;497;0;5;497;1;5;5;0;11;486;6;2;414;0;1;63;0;
020100047;50;22;0;29;6;28;6;0;28;0;0;0;0;0;28;0;0;22;0;2;3;1;
020100048;700;374;0;593;0;326;0;5;326;0;4;0;0;4;322;1;0;314;4;1;2;0;
020400001;520;228;0;287;5;292;5;33;292;2;2;1;0;5;287;42;1;124;0;2;109;9;
020400002;460;200;0;590;1;260;1;0;260;1;2;0;0;3;257;50;0;108;1;5;80;13;
020400003;440;181;1;552;4;258;4;1;258;4;1;0;0;5;253;50;3;122;0;2;70;6;
020400004;402;135;0;522;4;267;4;0;267;0;0;4;0;4;263;62;1;100;1;0;91;8;
020400005;480;212;4;607;3;264;3;0;264;2;0;6;3;11;253;32;0;112;0;2;89;18;
020400006;550;219;0;691;1;331;1;5;331;0;9;0;0;9;322;79;0;134;1;2;87;19;
020400007;500;216;0;636;1;284;1;11;284;0;5;4;0;9;275;59;0;101;3;2;94;16;
020400008;370;180;0;476;2;190;2;0;190;1;0;2;1;4;186;39;1;70;0;3;59;14;
020400009;450;190;2;575;0;258;0;0;258;2;1;2;0;5;253;51;1;113;3;3;71;11;
020400010;590;181;0;746;1;409;1;5;409;2;2;2;0;6;403;87;3;199;2;7;93;12;
020400011;480;180;2;612;1;298;1;3;298;0;2;0;0;2;296;80;3;97;7;1;86;22;
020400012;400;163;4;233;0;233;0;0;233;1;0;7;3;11;222;57;0;55;2;2;91;15;
020400013;510;199;0;640;1;311;1;3;311;1;3;4;0;8;303;65;0;111;1;7;112;7;
020400014;570;224;0;718;2;346;2;0;346;2;3;0;0;5;341;66;0;162;0;2;96;15;
020400015;435;189;2;545;3;244;3;5;244;2;2;2;1;7;237;43;0;114;2;4;65;9;
020400016;400;180;0;506;0;220;0;6;220;0;0;5;0;5;215;57;1;71;0;1;78;7;
020400017;540;178;4;666;1;358;1;0;358;0;2;0;2;4;354;83;4;133;1;5;103;25;
020400018;430;187;0;537;10;243;10;0;243;10;0;0;0;10;233;45;1;94;4;3;70;16;
020400019;400;191;1;513;0;208;0;6;208;2;2;5;0;9;199;44;1;111;1;0;31;11;
020400020;490;215;0;634;0;275;0;7;275;3;5;1;0;9;266;32;0;128;0;7;87;12;
020400021;440;190;2;551;4;248;4;1;248;2;1;0;0;3;245;28;1;116;1;0;86;13;
020400022;500;174;0;628;0;326;0;4;326;2;3;1;0;6;320;33;1;172;0;1;95;18;
020400023;620;229;2;756;8;389;8;6;389;1;11;4;0;16;373;39;6;196;2;0;117;13;
020400024;560;212;0;714;1;348;1;6;348;1;2;2;0;5;343;53;1;195;3;4;72;15;
020400025;480;214;1;603;4;265;4;8;265;8;0;0;0;8;257;52;0;114;4;0;76;11;
020400026;370;143;2;467;0;225;0;0;225;3;0;0;0;3;222;29;1;113;1;2;70;6;
020400027;650;249;1;804;2;400;2;3;400;0;1;1;0;2;398;55;1;216;3;3;109;11;
020400028;540;168;2;671;17;370;17;7;370;0;4;0;0;4;366;29;1;229;1;7;94;5;
020400029;467;208;0;577;0;259;0;5;259;3;2;0;0;5;254;52;0;123;0;1;68;10;
020400030;350;149;0;443;1;201;1;0;201;1;3;0;0;4;197;26;1;97;3;0;63;7;
020400031;420;173;0;247;0;247;0;5;247;5;2;1;1;9;238;58;0;109;1;0;56;14;
020400032;552;233;0;683;0;319;0;9;319;0;3;0;0;3;316;69;0;132;0;3;98;14;
020400033;440;198;0;550;0;242;0;6;242;0;1;5;0;6;236;54;0;105;2;2;60;13;
020400034;370;149;0;473;1;221;1;6;221;1;5;0;0;6;215;38;0;90;0;1;73;13;
020400035;620;311;2;791;0;307;0;8;307;0;7;0;0;7;300;34;0;111;2;5;132;16;
020400036;490;199;0;614;0;291;0;4;291;0;5;0;0;5;286;39;1;119;1;5;107;14;
020400037;410;177;0;519;1;233;1;3;233;0;2;0;0;2;231;23;2;92;3;4;94;13;
020400038;390;187;0;481;5;203;5;10;203;9;0;0;1;10;193;19;0;89;2;1;78;4;
020400039;480;218;0;608;0;262;0;3;262;0;4;0;0;4;258;34;2;107;1;3;94;17;
020400040;430;210;2;541;0;218;0;0;218;2;1;0;0;3;215;36;1;93;0;1;75;9;
020400041;410;211;0;532;1;199;1;17;199;4;3;1;0;8;191;25;4;84;0;1;72;5;
020400042;560;255;2;711;0;303;0;5;303;0;3;4;1;8;295;48;1;143;0;5;86;12;
020400043;650;309;0;820;4;341;4;0;341;8;1;0;0;9;332;29;1;145;0;4;131;22;
020400044;560;302;0;700;6;258;6;0;258;4;13;0;0;17;241;31;1;104;2;1;95;7;
020400045;630;339;0;805;0;291;0;1;291;2;1;4;0;7;284;35;1;137;0;1;96;14;
020400046;490;226;0;262;2;264;2;0;264;2;3;2;0;7;257;33;1;110;2;5;93;13;
020400047;568;321;1;727;0;246;0;2;246;0;1;5;0;6;240;32;1;113;0;2;85;7;
020400048;460;228;0;588;0;232;0;0;232;0;8;1;0;9;223;21;0;101;1;3;88;9;
020400049;648;298;1;809;0;349;0;4;349;2;1;6;0;9;340;53;0;138;0;3;122;24;
020400050;640;322;6;798;0;312;0;6;312;1;5;5;0;11;301;39;0;132;0;5;116;9;
020400051;610;308;2;771;0;300;0;7;300;7;2;0;0;9;291;30;0;162;0;4;84;11;
020400052;600;256;2;765;0;342;0;3;342;1;6;1;0;8;334;57;1;138;0;1;119;18;
020400053;510;222;0;654;3;288;3;0;288;4;3;1;0;8;280;47;1;124;1;1;100;6;
020400054;500;252;2;638;1;246;1;3;246;0;1;0;0;1;245;59;2;105;0;8;63;8;
020400055;560;240;3;675;0;317;0;5;317;7;2;0;0;9;308;55;1;158;0;0;77;17;
020400056;458;238;1;539;0;219;0;0;219;1;2;2;0;5;214;27;3;111;4;0;63;6;
020400057;450;238;2;209;1;210;1;8;210;1;2;1;1;5;205;48;0;83;0;0;66;8;
020400058;570;178;2;712;6;390;6;0;390;2;0;0;0;2;388;29;2;121;4;4;216;12;
020400059;620;293;1;778;0;326;0;0;326;2;1;0;1;4;322;14;0;137;1;2;158;10;
020400060;549;236;5;715;0;308;0;7;308;0;2;21;0;23;285;5;0;201;1;2;72;4;
020400061;646;263;4;835;0;379;0;0;379;2;2;22;2;28;351;6;0;251;2;1;88;3;
020400062;445;149;2;581;10;294;10;10;294;1;1;19;0;21;273;5;0;246;3;0;17;2;
020400063;367;153;4;481;0;210;0;0;210;1;0;0;0;1;209;2;0;171;0;1;34;1;
020400064;400;149;0;512;9;251;9;0;251;4;8;2;2;16;235;2;0;213;0;0;17;3;
020400065;390;190;4;503;0;196;0;1;196;0;2;3;0;5;191;1;0;162;0;0;25;3;
020400066;387;167;4;501;0;216;0;3;216;1;0;6;1;8;208;4;0;168;0;0;32;4;
020400067;512;211;2;657;0;299;0;5;299;7;0;0;0;7;292;11;0;58;1;3;214;5;
020400068;518;247;0;651;0;271;0;1;271;2;0;0;0;2;269;10;1;186;2;1;66;3;
020400069;500;257;0;633;1;243;1;0;243;1;1;15;2;19;224;10;1;175;1;0;37;0;
020400070;570;251;0;711;0;319;0;1;319;2;0;0;0;2;317;21;0;103;5;5;172;11;
020400071;450;147;1;574;0;302;0;6;302;2;4;0;0;6;296;10;0;84;2;2;190;8;
020400072;610;263;6;753;0;341;0;3;341;2;3;10;0;15;326;14;0;123;0;1;174;14;
020400073;670;371;2;828;1;297;1;2;297;0;3;8;0;11;286;22;0;127;0;3;125;9;
020400074;620;254;1;773;0;365;0;0;365;3;0;1;0;4;361;8;1;100;1;2;241;8;
020400075;644;294;0;806;0;350;0;6;350;0;5;10;0;15;335;15;0;111;1;2;195;11;
020400076;650;331;0;805;0;319;0;0;319;2;5;0;0;7;312;28;0;94;3;1;182;4;
020400077;620;283;1;773;0;336;0;4;336;2;4;4;0;10;326;16;0;115;0;2;178;15;
020400078;171;108;0;164;7;63;7;7;63;0;1;0;1;2;61;4;0;31;1;0;21;4;
020400079;730;321;0;918;0;409;0;12;409;3;1;10;0;14;395;36;0;175;3;2;164;15;
020400080;731;373;2;919;3;356;3;1;356;1;4;12;0;17;339;25;0;188;0;2;110;14;
020400081;686;357;2;855;0;327;0;0;327;1;0;6;0;7;320;22;0;173;1;1;111;12;
020400082;525;218;0;678;1;307;1;0;307;1;10;2;0;13;294;20;2;171;2;3;84;12;
020400083;450;233;1;569;0;216;0;2;216;0;1;0;0;1;215;25;0;96;0;1;88;5;
020400084;410;212;1;519;0;197;0;6;197;0;2;0;0;2;195;17;0;98;2;1;74;3;
020400085;412;212;0;515;6;200;6;0;200;2;1;0;1;4;196;16;0;107;3;0;61;9;
020400086;400;203;0;519;5;197;5;0;197;0;0;0;0;0;197;12;2;102;1;1;76;3;
020400087;531;264;0;700;0;267;0;1;267;0;1;1;0;2;265;13;1;182;0;2;60;7;
020400088;610;308;1;765;0;301;0;0;301;2;2;7;0;11;290;15;2;163;1;2;90;17;
020400089;470;245;0;581;0;225;0;3;225;0;4;0;0;4;221;9;1;131;1;0;69;10;
020400090;550;255;1;699;0;294;0;3;294;3;2;7;0;12;282;26;0;152;2;5;91;6;
020400091;420;258;0;521;4;162;4;0;162;0;1;2;0;3;159;9;2;106;0;2;37;3;
020400092;400;210;6;503;0;184;0;3;184;1;2;0;0;3;181;16;0;111;2;0;38;14;
020400093;550;329;1;683;0;220;0;0;220;0;2;0;0;2;218;15;2;110;0;2;86;3;
020400094;620;343;0;779;0;277;0;1;277;2;0;0;0;2;275;15;4;136;2;4;103;11;
020400095;582;355;0;588;6;227;6;0;227;6;0;0;0;6;221;13;0;113;0;0;87;8;
020400096;490;277;0;599;1;213;1;1;213;2;1;4;0;7;206;11;1;92;2;1;87;12;
020400097;449;200;0;588;1;249;1;0;249;0;1;4;0;5;244;18;1;110;1;3;100;11;
020400098;348;134;1;559;1;213;1;2;213;0;2;0;4;6;207;12;0;100;0;3;86;6;
020400099;500;269;1;613;0;230;0;3;230;0;0;5;0;5;225;14;1;109;2;2;86;11;
020400100;416;195;0;542;1;221;1;0;221;1;0;5;0;6;215;10;2;101;1;0;88;13;
020400101;490;260;2;642;2;228;2;0;228;0;1;8;0;9;219;11;0;103;0;1;96;8;
020400102;520;286;1;662;1;233;1;3;233;5;11;0;0;16;217;12;1;113;1;1;81;8;
020400103;520;298;0;651;0;222;0;0;222;5;0;0;0;5;217;19;0;93;0;4;97;4;
020400104;590;357;1;728;5;232;5;0;232;7;4;4;0;15;217;20;0;85;0;2;100;10;
020400105;480;272;0;596;1;208;1;1;208;0;0;2;0;2;206;11;0;68;1;0;117;9;
020400106;461;282;0;546;0;179;0;0;179;5;0;0;0;5;174;8;0;45;2;1;113;5;
020400107;596;332;3;728;2;261;2;0;261;3;2;3;0;8;253;21;1;108;0;5;110;8;
020400108;580;348;2;722;0;230;0;0;230;3;1;5;0;9;221;4;0;118;0;1;91;7;
020400109;520;300;0;639;0;220;0;0;220;1;0;3;0;4;216;21;0;88;1;5;90;11;
020400110;540;283;1;721;1;256;1;1;256;0;1;6;0;7;249;11;2;97;2;4;126;7;
020400111;540;306;0;672;0;234;0;0;234;2;1;6;0;9;225;15;0;88;1;2;110;9;
020400112;560;330;0;692;0;230;0;0;230;0;0;1;0;1;229;22;3;77;0;0;124;3;
020400113;580;330;0;729;1;250;1;1;250;2;0;2;0;4;246;16;0;93;0;0;131;6;
020400114;607;330;7;749;5;270;5;0;270;5;2;0;0;7;263;26;2;87;1;3;129;15;
020400115;600;306;0;735;0;294;0;0;294;0;5;0;0;5;289;9;1;125;2;1;144;7;
020400116;570;343;0;706;0;227;0;0;227;0;4;0;0;4;223;11;0;86;1;3;114;8;
020400117;660;371;3;796;5;286;5;0;286;0;2;0;1;3;283;15;1;150;1;2;103;11;
020400118;580;286;0;723;4;294;4;0;294;3;3;7;0;13;281;20;3;124;2;2;113;17;
020400119;467;261;1;592;0;205;0;0;205;2;2;2;0;6;199;11;2;154;1;1;28;2;
020400120;590;283;15;292;0;292;0;2;292;0;2;13;0;15;277;4;1;227;1;1;43;0;
020400121;505;204;8;609;3;293;3;14;293;0;0;0;0;0;293;41;1;169;1;3;68;10;
020400122;530;220;2;656;1;308;1;0;308;2;4;0;1;7;301;28;2;184;3;1;70;13;
020400123;437;203;0;547;0;234;0;0;234;2;5;0;0;7;227;22;0;150;0;1;51;3;
020400124;510;198;1;644;0;311;0;4;311;0;4;0;0;4;307;27;1;181;2;3;80;13;
020400125;527;265;1;654;0;261;0;2;261;4;0;1;0;5;256;20;1;146;2;3;73;11;
020400126;605;323;1;281;0;281;0;0;281;5;1;3;0;9;272;27;3;140;3;1;84;14;
020400127;465;234;3;577;1;228;1;0;228;0;0;0;0;0;228;17;1;125;2;1;68;14;
020400128;394;174;0;496;0;220;0;1;220;0;2;3;0;5;215;17;0;129;1;0;54;14;
020400129;410;209;3;510;1;198;1;0;198;0;3;0;0;3;195;18;1;97;4;2;63;10;
020400130;625;304;2;793;0;319;0;2;319;1;3;7;0;11;308;36;0;162;4;4;86;16;
020400131;401;208;0;482;2;193;2;5;193;1;3;0;0;4;189;20;1;111;0;4;50;3;
020400132;520;245;1;650;1;274;1;2;274;0;6;2;0;8;266;27;0;156;2;1;71;9;
020400133;500;252;2;618;0;246;0;21;246;1;0;1;0;2;244;26;0;136;0;1;73;8;
020400134;530;262;2;642;2;266;2;0;266;3;1;0;0;4;262;28;1;147;1;5;74;6;
020400135;400;178;0;474;0;222;0;2;222;0;3;5;0;8;214;30;1;117;0;1;57;8;
020400136;419;219;2;500;0;198;0;0;198;0;3;3;0;6;192;13;1;122;3;0;49;4;
020400137;430;197;2;528;5;231;5;0;231;0;1;4;0;5;226;16;0;116;1;1;81;11;
020400138;610;286;0;323;1;324;1;3;324;0;0;0;0;0;324;35;2;199;5;2;61;20;
020400139;400;182;0;481;3;218;3;0;218;1;1;0;0;2;216;25;1;120;3;4;47;16;
020400140;400;200;3;475;0;197;0;2;197;2;1;0;0;3;194;30;1;108;1;3;43;8;
020400141;440;194;1;561;2;245;2;0;245;0;2;2;0;4;241;22;0;126;1;4;86;2;
020400142;460;192;0;572;0;268;0;0;268;4;0;3;0;7;261;33;1;144;3;2;64;14;
020400143;550;254;0;695;0;296;0;3;296;2;2;4;0;8;288;34;1;158;2;3;75;15;
020400144;540;267;3;672;0;270;0;0;270;1;2;0;0;3;267;23;0;144;2;3;86;9;
020400145;549;313;0;689;1;236;1;4;236;0;6;0;0;6;230;17;2;141;3;1;60;6;
020400146;533;285;1;671;5;247;5;0;247;3;4;1;0;8;239;16;1;155;4;3;57;3;
020400147;640;337;0;794;3;303;3;14;303;2;5;1;0;8;295;19;1;204;3;1;60;7;
020400148;600;321;0;735;1;279;1;0;279;0;6;0;0;6;273;16;1;156;4;0;77;19;
020400149;510;264;0;652;0;246;0;17;246;9;2;0;0;11;235;24;0;127;1;5;63;15;
020400150;613;316;0;765;0;297;0;0;297;2;2;0;0;4;293;31;2;162;1;1;84;12;
020400151;630;320;0;781;1;310;1;1;310;1;0;2;0;3;307;33;0;185;0;2;76;11;
020400152;400;125;1;485;62;274;62;0;274;6;3;0;0;9;265;26;2;161;1;7;63;5;
020400153;410;193;0;519;0;217;0;8;217;0;1;0;0;1;216;21;0;113;0;5;67;10;
020400154;450;218;0;564;0;232;0;0;232;2;3;1;0;6;226;31;1;132;0;1;46;15;
020400155;460;239;0;565;1;221;1;3;221;2;1;2;0;5;216;14;1;116;3;4;71;7;
020400156;492;265;0;633;0;227;0;0;227;0;2;0;0;2;225;16;0;127;0;0;76;6;
020400157;630;311;0;760;1;319;1;4;319;1;6;0;0;7;312;32;1;188;2;8;77;4;
020400158;520;271;1;641;0;248;0;6;248;2;7;5;0;14;234;38;0;126;0;6;52;12;
020400159;555;271;0;699;0;284;0;2;284;0;2;0;0;2;282;19;3;151;7;7;87;8;
020400160;510;232;0;636;6;278;6;4;278;0;1;1;0;2;276;4;0;200;2;2;51;17;
020400161;487;241;0;618;0;246;0;1;246;2;8;0;0;10;236;15;1;160;0;1;50;9;
020400162;708;368;1;862;2;339;2;5;339;1;2;0;0;3;336;23;2;218;1;1;79;12;
020400163;630;322;0;784;2;308;2;1;308;1;7;0;0;8;300;20;0;179;1;3;84;13;
020400164;328;149;0;416;1;179;1;0;179;0;2;1;0;3;176;10;3;127;0;3;25;8;
020400165;425;196;1;556;0;228;0;0;228;1;2;2;0;5;223;15;1;131;2;2;64;8;
020400166;566;238;0;716;6;328;6;0;328;2;2;6;0;10;318;11;3;216;0;5;69;14;
020400167;524;211;0;646;0;313;0;0;313;1;3;0;0;4;309;39;3;176;3;3;69;16;
020400168;527;253;5;656;0;269;0;0;269;0;3;2;0;5;264;23;3;158;2;4;66;8;
020400169;400;182;0;482;1;218;1;0;218;10;3;0;0;13;205;12;1;114;5;2;67;4;
020400170;410;170;0;524;0;240;0;10;240;11;1;1;1;14;226;18;0;120;5;0;75;8;
020400171;400;193;2;470;0;205;0;3;205;1;1;0;0;2;203;17;0;119;1;2;54;10;
020400172;399;165;2;504;0;232;0;2;232;3;2;0;0;5;227;17;0;143;5;1;54;7;
020400173;510;205;3;625;0;302;0;0;302;4;1;0;0;5;297;37;0;172;2;0;80;6;
020400174;400;202;1;493;0;197;0;4;197;2;0;0;0;2;195;25;0;116;2;2;45;5;
020400175;605;309;2;729;0;294;0;5;294;1;1;0;0;2;292;32;0;149;2;3;95;11;
020400176;620;293;0;775;0;327;0;0;327;2;4;5;0;11;316;35;0;162;0;5;102;12;
020400177;540;245;0;670;0;295;0;0;295;6;0;0;0;6;289;31;1;162;2;7;75;11;
020400178;400;221;1;492;0;178;0;5;178;0;3;0;0;3;175;19;0;86;0;1;66;3;
020400179;556;225;2;676;1;329;1;1;329;1;0;5;0;6;323;32;2;190;5;3;84;7;
020400180;530;213;1;676;0;316;0;0;316;1;2;2;0;5;311;37;2;173;0;6;82;11;
020400181;630;327;1;783;1;302;1;4;302;1;5;0;0;6;296;34;0;178;1;4;71;8;
020400182;420;204;1;528;0;215;0;5;215;0;4;0;0;4;211;22;1;118;0;1;59;10;
020400183;540;241;1;674;0;298;0;3;298;1;6;0;0;7;291;28;2;167;1;3;77;13;
020400184;600;295;1;737;1;304;1;0;304;3;6;0;0;9;295;36;2;155;1;0;87;14;
020400185;410;185;3;501;0;222;0;0;222;0;2;6;0;8;214;26;1;123;0;0;50;14;
020400186;600;284;1;724;0;315;0;4;315;2;4;0;0;6;309;42;0;162;0;4;95;6;
020400187;641;285;2;800;0;354;0;4;354;1;1;0;0;2;352;32;1;177;4;2;118;18;
020400188;717;293;1;422;1;423;1;2;423;0;7;0;0;7;416;39;2;280;4;2;73;16;
020400189;470;225;1;595;1;244;1;4;244;1;2;1;0;4;240;18;0;145;0;5;65;7;
020400190;610;339;1;753;0;270;0;4;270;2;2;0;0;4;266;21;2;161;1;2;73;6;
020400191;526;238;0;654;1;288;1;5;288;1;1;0;0;2;286;34;1;185;0;3;45;18;
020400192;550;292;1;687;2;257;2;6;257;1;1;1;0;3;254;28;1;145;2;1;63;14;
020400193;540;243;0;680;2;297;2;0;297;11;0;0;0;11;286;21;2;189;3;2;53;16;
020400194;610;313;0;762;1;297;1;0;297;7;0;0;0;7;290;35;0;155;2;2;78;18;
020400195;536;264;2;692;2;270;2;2;270;2;3;9;0;14;256;30;0;137;2;3;76;8;
020400196;550;267;0;692;4;283;4;0;283;0;5;0;0;5;278;37;0;156;2;3;65;15;
020400197;643;299;3;823;6;341;6;0;341;1;3;0;0;4;337;32;0;206;1;2;72;24;
020400198;470;249;1;586;0;220;0;4;220;0;3;0;0;3;217;25;2;127;1;0;50;12;
020400199;510;240;0;648;0;270;0;1;270;0;5;2;1;8;262;26;1;143;1;1;78;12;
020400200;550;247;0;689;3;303;3;6;303;2;8;0;0;10;293;33;3;163;0;0;87;7;
020400201;600;313;0;797;0;287;0;0;287;2;2;4;0;8;279;23;0;167;0;5;71;13;
020400202;610;340;2;760;0;268;0;4;268;1;2;2;0;5;263;44;1;135;2;4;59;18;
020400203;500;258;1;623;0;241;0;0;241;0;2;6;0;8;233;28;0;117;0;1;76;11;
020400204;346;163;2;433;0;181;0;4;181;0;2;0;0;2;179;11;0;105;0;2;56;5;
020400205;510;275;4;629;0;231;0;2;231;2;2;3;0;7;224;22;3;97;1;0;82;19;
020400206;482;216;0;266;0;266;0;5;266;5;0;0;0;5;261;24;1;137;1;2;86;10;
020400207;600;318;0;739;0;282;0;1;282;0;0;2;0;2;280;18;1;166;5;4;75;11;
020400208;530;278;7;665;0;245;0;0;245;1;2;3;0;6;239;19;0;156;1;0;50;13;
020400209;130;56;2;163;0;72;0;2;72;0;1;0;0;1;71;2;0;52;1;1;14;1;
020400210;410;179;2;515;0;229;0;2;229;0;5;1;0;6;223;17;0;87;0;1;114;4;
020400211;490;189;0;626;4;301;4;1;301;2;2;5;0;9;292;24;0;136;2;3;121;6;
020400212;400;112;0;594;0;288;0;3;288;0;2;0;0;2;286;22;1;127;1;0;127;8;
020400213;520;204;0;656;7;316;7;0;316;2;1;6;0;9;307;32;2;145;0;3;116;9;
020400214;410;210;0;511;2;200;2;2;200;2;2;2;0;6;194;19;0;102;1;3;61;8;
020400215;360;152;0;456;0;208;0;3;208;1;1;0;0;2;206;29;1;89;1;4;73;9;
020400216;456;230;1;585;0;225;0;4;225;1;4;0;0;5;220;20;0;112;1;3;67;17;
020400217;620;284;0;784;2;336;2;3;336;2;4;0;0;6;330;48;1;174;4;1;91;11;
020400218;460;181;3;590;2;276;2;10;276;1;5;0;0;6;270;39;1;131;2;4;87;6;
020400219;650;299;0;809;2;351;2;0;351;0;2;2;0;4;347;59;0;169;2;1;98;18;
020400220;600;248;0;748;1;352;1;0;352;0;3;0;0;3;349;34;6;204;0;3;84;18;
020400221;534;235;0;677;3;299;3;0;299;1;6;5;0;12;287;40;2;141;3;1;81;19;
020400222;714;293;3;908;1;418;1;2;418;3;10;8;0;21;397;71;1;200;4;7;97;17;
020400223;400;156;2;500;3;242;3;0;242;2;0;8;0;10;232;41;2;116;1;1;64;7;
020400224;527;220;2;711;1;305;1;4;305;2;4;0;0;6;299;35;1;171;1;1;78;12;
020400225;520;234;5;637;1;281;1;1;281;2;1;1;0;4;277;22;0;168;1;3;76;7;
020400226;536;286;3;658;3;247;3;3;247;0;3;2;0;5;242;22;0;143;1;5;60;11;
020400227;530;248;4;669;1;278;1;1;278;0;7;0;0;7;271;26;0;152;0;1;74;18;
020400228;391;198;0;476;0;193;0;1;193;1;0;0;0;1;192;16;0;102;0;1;68;5;
020400229;520;249;1;642;0;270;0;1;270;1;1;5;1;8;262;27;2;118;2;2;102;9;
020400230;530;253;0;664;6;277;6;1;277;2;0;0;0;2;275;36;0;163;1;3;64;8;
020400231;665;235;2;858;4;428;4;51;428;0;2;0;0;2;426;44;3;241;3;0;115;20;
020400232;651;311;0;815;1;340;1;3;340;0;2;0;0;2;338;49;4;174;0;2;91;18;
020400233;530;237;0;669;1;293;1;1;293;2;5;7;0;14;279;41;2;134;3;2;86;11;
020400234;420;176;0;525;0;244;0;9;244;2;1;1;0;4;240;26;2;130;4;3;61;14;
020400235;660;330;1;817;0;329;0;7;329;1;0;1;0;2;327;48;2;166;0;2;98;11;
020400236;600;263;1;731;0;336;0;1;336;3;0;0;1;4;332;32;0;177;2;1;102;18;
020400237;600;286;2;741;0;312;0;6;312;3;1;1;0;5;307;57;0;166;2;4;65;13;
020400238;600;257;3;746;1;340;1;7;340;0;0;1;0;1;339;48;1;176;1;1;98;14;
020400239;500;243;1;596;0;256;0;7;256;2;0;0;0;2;254;32;2;130;1;1;84;4;
020400240;498;251;0;588;3;247;3;4;247;2;1;0;0;3;244;36;0;134;1;0;60;13;
020400241;600;289;0;718;0;311;0;0;311;4;2;4;0;10;301;34;2;182;1;1;71;10;
020400242;540;259;0;663;1;281;1;0;281;1;3;0;0;4;277;50;1;140;2;3;68;13;
020400243;510;230;2;625;3;278;3;1;278;2;4;1;1;8;270;38;1;144;1;5;70;11;
020400244;570;278;2;700;4;290;4;6;290;1;4;5;0;10;280;49;2;158;4;1;48;18;
020400245;400;210;0;470;0;190;0;3;190;0;0;0;0;0;190;23;2;111;0;1;45;8;
020400246;576;247;11;694;0;318;0;7;318;7;0;4;0;11;307;42;1;176;2;4;70;12;
020400247;638;293;0;338;7;345;7;0;345;2;5;5;0;12;333;59;0;170;1;4;76;23;
020400248;510;207;0;645;9;303;9;0;303;5;3;1;0;9;294;30;0;162;2;3;82;15;
020400249;500;223;2;607;0;275;0;7;275;1;2;1;0;4;271;41;2;159;1;3;58;7;
020400250;400;177;12;471;1;211;1;0;211;0;5;4;0;9;202;29;1;114;1;2;39;16;
020400251;430;151;2;547;8;277;8;0;277;1;4;8;0;13;264;35;0;145;2;4;65;13;
020400252;570;334;0;707;1;236;1;1;236;2;4;1;0;7;229;20;3;162;2;7;32;3;
020400253;602;370;2;739;0;230;0;1;230;0;2;0;0;2;228;20;0;155;5;4;35;9;
020400254;600;373;0;732;2;227;2;2;227;0;3;6;0;9;218;20;0;152;1;3;33;9;
020400255;600;400;9;757;0;191;0;0;191;3;3;3;0;9;182;15;0;131;3;2;26;5;
020400256;480;300;0;589;1;180;1;0;180;2;1;0;1;4;176;9;1;138;1;0;21;6;
020400257;530;373;0;659;0;157;0;1;157;4;1;0;0;5;152;6;0;108;5;3;29;1;
020400258;601;316;0;277;8;285;8;0;285;1;4;0;0;5;280;31;1;98;2;4;139;5;
020400259;600;291;0;629;1;309;1;0;309;1;2;4;0;7;302;7;3;120;3;2;154;13;
020400260;200;70;0;194;0;130;0;2;130;0;0;1;0;1;129;3;0;98;2;1;21;4;
020400261;200;86;2;236;1;112;1;0;112;0;1;0;0;1;111;4;1;83;5;0;15;3;
020400262;700;353;1;742;2;346;2;0;346;0;9;1;1;11;335;19;4;259;2;4;37;10;
020400263;700;435;2;745;1;263;1;0;263;2;6;10;0;18;245;10;0;184;4;2;36;9;
020400264;330;40;3;284;3;287;3;4;287;0;2;0;0;2;285;1;0;282;1;0;0;1;
020400265;250;62;1;275;0;187;0;3;187;1;1;1;0;3;184;0;1;179;0;0;3;1;
020400266;800;414;3;806;5;383;5;5;383;1;2;8;0;11;372;24;0;126;2;3;203;14;
020400267;900;491;1;909;0;408;0;0;408;0;4;0;0;4;404;20;0;158;2;2;211;11;
020400268;100;57;1;81;0;42;0;4;42;1;0;0;0;1;41;4;0;20;0;0;17;0;
020400269;110;31;0;124;3;79;3;0;79;1;3;0;0;4;75;2;2;59;0;0;9;3;
020400270;460;284;0;491;1;176;1;0;176;3;6;5;0;14;162;11;1;124;6;0;16;4;
020400271;580;356;1;604;0;223;0;0;223;0;5;0;0;5;218;9;0;166;4;2;30;7;
020400272;570;239;1;587;1;330;1;2;330;3;4;0;0;7;323;14;1;101;0;0;203;4;
020400273;550;257;0;559;0;293;0;1;293;0;2;0;0;2;291;9;1;147;1;1;129;3;
020400274;760;436;4;766;0;320;0;1;320;0;0;51;0;51;269;1;0;264;0;2;2;0;
020400275;650;376;0;651;0;274;0;1;274;2;0;32;0;34;240;0;0;222;1;0;16;1;
020400276;499;289;2;499;0;208;0;0;208;0;12;0;0;12;196;6;1;74;3;2;104;6;
020400277;500;292;0;207;1;208;1;1;208;3;2;7;0;12;196;3;1;97;2;1;82;10;
020400278;700;361;0;701;0;339;0;0;339;3;3;14;1;21;318;6;0;129;0;1;179;3;
020400279;860;457;5;866;5;398;5;0;398;7;29;0;0;36;362;15;4;167;10;7;150;9;
020400280;350;144;1;360;4;205;4;1;205;0;4;0;0;4;201;5;0;79;1;1;112;3;
020400281;101;17;1;107;1;83;1;4;83;0;0;3;0;3;80;1;1;54;2;0;22;0;
020400282;120;70;0;117;0;50;0;6;50;2;0;0;0;2;48;1;0;30;1;1;14;1;
020400283;60;16;1;43;0;43;0;0;43;3;0;0;0;3;40;1;0;26;0;0;11;2;
020400284;50;26;0;37;10;24;10;0;24;0;0;0;0;0;24;2;0;15;2;0;3;2;
020400285;40;5;0;31;4;35;4;0;35;0;0;0;0;0;35;4;0;20;0;1;9;1;
020400286;160;83;0;145;2;77;2;0;77;1;0;0;0;1;76;7;0;47;2;1;19;0;
020400287;40;9;0;33;0;31;0;8;31;1;1;0;0;2;29;2;0;21;0;0;6;0;
020400288;130;14;1;118;0;115;0;0;115;1;0;0;0;1;114;8;5;76;4;0;19;2;
020600001;515;240;1;546;3;274;3;1;274;2;2;1;0;5;269;15;1;124;1;2;122;4;
020600002;600;370;1;627;1;229;1;0;229;0;18;0;0;18;211;6;0;112;1;0;88;4;
020600003;500;250;0;506;0;250;0;0;250;1;1;4;1;7;243;7;2;138;3;0;90;3;
020600004;600;259;0;645;0;341;0;0;341;0;5;0;0;5;336;18;1;179;4;3;121;10;
020600005;700;362;1;770;0;337;0;0;337;5;4;0;0;9;328;23;1;176;1;6;116;5;
020600006;800;433;0;846;2;367;2;0;367;2;4;5;0;11;356;7;3;228;3;2;107;6;
020600007;520;282;12;567;0;226;0;0;226;0;2;10;0;12;214;7;1;137;1;1;65;2;
020600008;550;262;0;597;0;288;0;0;288;2;3;0;0;5;283;12;2;163;1;1;100;4;
020600009;50;16;1;48;1;33;1;6;33;0;0;0;0;0;33;6;0;10;1;0;13;3;
020600010;35;0;0;35;2;35;2;8;35;2;0;0;0;2;33;2;0;19;1;0;7;4;
020600011;140;56;0;136;1;84;1;0;84;3;1;0;0;4;80;4;0;58;1;2;11;4;
020600012;92;35;0;92;0;57;0;8;57;0;0;0;0;0;57;2;0;36;5;0;13;1;
020600013;30;9;0;29;0;21;0;8;21;2;0;1;0;3;18;1;2;6;0;1;8;0;
020600014;142;36;0;139;0;106;0;5;106;0;1;1;0;2;104;6;0;78;2;0;18;0;
020600015;100;26;0;96;1;74;1;9;74;1;1;1;0;3;71;4;0;46;0;1;19;1;
020600016;53;22;0;51;6;31;6;6;31;0;1;0;0;1;30;0;0;14;0;1;14;1;
020600017;594;347;0;614;6;247;6;4;247;3;5;8;1;17;230;10;0;98;3;0;113;6;
020600018;594;416;0;622;0;178;0;3;178;2;8;0;0;10;168;11;0;65;8;1;83;0;
020600019;42;12;0;38;5;30;5;0;30;0;0;0;0;0;30;2;0;26;0;0;2;0;
020600020;102;50;0;103;1;52;1;8;52;5;0;0;0;5;47;5;0;27;7;0;6;2;
020600021;310;91;0;313;0;219;0;0;219;13;2;0;0;15;204;15;0;152;1;0;26;10;
020600022;445;137;1;437;8;307;8;0;307;4;6;0;0;10;297;15;4;211;4;1;59;3;
020600023;390;125;4;390;2;261;2;0;261;2;4;14;0;20;241;7;2;210;6;2;10;4;
020600024;260;99;0;259;0;161;0;4;161;3;0;0;0;3;158;8;2;129;1;2;10;6;
020600025;55;17;0;49;2;38;2;0;38;3;0;0;0;3;35;3;1;25;3;0;2;1;
020600026;27;10;0;24;5;17;5;0;17;0;0;0;0;0;17;1;0;9;0;0;5;2;
020600027;38;9;0;36;0;29;0;5;29;0;0;0;0;0;29;2;0;26;0;0;0;1;
020600028;92;23;0;87;0;69;0;4;69;1;1;3;0;5;64;2;0;40;0;0;19;3;
020600029;94;29;0;83;0;65;0;7;65;4;0;0;0;4;61;9;1;36;1;1;9;4;
020600030;236;88;1;233;3;147;3;0;147;2;2;10;0;14;133;4;1;116;2;0;8;2;
020600031;130;36;0;127;1;94;1;0;94;0;1;0;0;1;93;7;0;52;3;1;28;2;
020600032;45;8;0;41;2;37;2;5;37;0;0;0;0;0;37;1;0;29;1;0;5;1;
020600033;96;52;0;94;0;44;0;0;44;0;0;0;0;0;44;5;0;35;0;0;2;2;
020600034;206;99;0;198;1;107;1;3;107;2;10;2;0;14;93;11;0;64;2;1;12;3;
020600035;110;37;1;107;0;72;0;0;72;1;0;0;0;1;71;2;0;60;2;1;5;1;
020600036;33;7;0;30;1;26;1;5;26;0;1;0;0;1;25;2;0;15;1;0;7;0;
020600037;36;14;0;28;4;22;4;4;22;0;0;0;0;0;22;2;1;16;1;0;2;0;
020600038;146;65;0;145;0;81;0;7;81;0;3;5;0;8;73;7;0;54;1;1;5;5;
020600039;370;148;0;364;1;222;1;0;222;4;9;11;0;24;198;13;2;151;1;1;30;0;
020600040;920;544;13;973;0;363;0;0;363;2;1;10;0;13;350;7;4;297;2;4;33;3;
020600041;550;316;0;598;0;234;0;0;234;2;1;2;0;5;229;11;1;136;4;3;71;3;
020600042;798;462;3;831;0;333;0;0;333;5;1;2;0;8;325;24;1;159;3;3;128;7;
020600043;378;184;1;369;0;193;0;4;193;0;2;0;0;2;191;5;4;140;3;2;30;7;
020800001;679;449;3;610;0;227;0;1;227;2;1;2;0;5;222;18;0;166;0;1;27;10;
020800002;684;455;2;623;0;227;0;2;227;1;4;3;0;8;219;11;3;176;5;1;21;2;
020800003;600;448;2;544;0;150;0;0;150;1;4;18;0;23;127;7;2;98;4;0;15;1;
020800004;762;498;1;687;0;263;0;0;263;1;4;3;0;8;255;25;2;184;6;2;27;9;
020800005;847;528;2;757;0;317;0;0;317;1;3;2;0;6;311;39;0;231;2;1;32;6;
020800006;610;345;1;554;0;264;0;0;264;2;3;1;0;6;258;38;0;176;1;2;30;11;
020800007;600;310;0;543;1;290;1;1;290;4;6;0;0;10;280;9;0;147;3;2;109;10;
020800008;140;74;0;121;0;66;0;0;66;0;3;0;0;3;63;5;1;47;3;2;4;1;
020800009;190;87;1;169;0;102;0;1;102;1;0;0;1;2;100;0;1;92;0;1;6;0;
020800010;470;264;4;429;1;202;1;6;202;2;3;1;0;6;196;11;2;138;2;4;37;2;
020800011;300;97;1;265;1;202;1;2;202;1;2;0;0;3;199;15;1;85;1;0;91;6;
020800012;260;118;0;231;0;142;0;0;142;2;3;4;0;9;133;5;1;55;2;0;63;7;
020800013;400;164;1;363;0;235;0;3;235;1;5;0;1;7;228;24;0;95;4;2;97;6;
020800014;430;252;1;389;1;177;1;0;177;5;3;6;0;14;163;3;0;86;2;1;69;2;
020800015;520;295;1;467;0;224;0;0;224;2;7;1;1;11;213;3;0;120;3;2;85;0;
020800016;350;208;2;315;1;140;1;0;140;2;3;0;0;5;135;11;1;95;2;1;23;2;
020800017;420;166;0;377;0;254;0;0;254;0;2;3;0;5;249;16;2;106;2;2;118;3;
020800018;410;211;2;376;7;197;7;0;197;0;8;0;0;8;189;7;0;125;2;5;49;1;
020800019;517;244;1;464;1;272;1;3;272;19;2;0;0;21;251;16;0;186;2;3;42;2;
020800020;550;280;0;495;0;270;0;0;270;0;8;4;0;12;258;15;0;111;0;1;130;1;
020900001;700;362;0;685;0;338;0;0;338;3;4;6;0;13;325;16;0;178;4;3;118;6;
020900002;960;538;2;937;0;420;0;0;420;2;1;10;3;16;404;25;1;234;2;8;129;5;
020900003;660;371;1;630;2;288;2;0;288;2;1;2;0;5;283;11;2;168;1;4;88;9;
020900004;730;394;2;703;6;334;6;4;334;2;6;0;0;8;326;22;2;191;2;1;97;11;
020900005;810;475;3;776;2;332;2;0;332;4;3;4;0;11;321;20;1;175;1;2;115;7;
020900006;710;456;5;623;1;249;1;0;249;1;3;16;0;20;229;3;2;205;3;0;12;4;
020900007;780;443;0;748;1;337;1;3;337;1;6;14;0;21;316;21;0;186;2;1;93;13;
020900008;570;291;1;559;0;278;0;0;278;2;3;0;0;5;273;25;2;154;2;3;78;9;
020900009;750;438;0;723;0;312;0;0;312;3;1;9;0;13;299;32;1;192;0;3;62;9;
020900010;570;287;1;552;0;282;0;0;282;3;2;9;0;14;268;25;0;174;2;2;60;5;
020900011;530;246;0;515;1;284;1;0;284;3;0;6;0;9;275;18;0;170;1;0;80;6;
020900012;680;387;0;661;2;293;2;0;293;8;0;0;0;8;285;21;3;136;5;1;117;2;
020900013;950;522;0;932;0;428;0;0;428;2;3;0;0;5;423;25;1;239;3;4;138;13;
020900014;760;393;0;732;0;367;0;0;367;0;4;7;0;11;356;19;4;208;3;3;112;7;
020900015;640;370;0;615;0;270;0;1;270;2;12;0;0;14;256;5;0;136;1;3;100;11;
020900016;501;284;2;484;0;215;0;0;215;0;2;3;0;5;210;10;4;101;3;0;88;4;
020900017;590;340;0;535;1;250;1;5;250;3;3;0;0;6;244;7;2;130;0;2;95;8;
020900018;730;552;0;659;0;178;0;5;178;1;3;0;0;4;174;6;0;112;4;0;49;3;
020900019;820;489;1;747;0;330;0;0;330;0;3;1;0;4;326;8;1;228;2;3;81;3;
020900020;600;453;0;567;0;147;0;4;147;0;2;7;0;9;138;16;3;101;1;3;13;1;
020900021;621;398;1;573;0;222;0;0;222;8;0;1;0;9;213;5;0;107;3;6;91;1;
020900022;662;387;1;660;0;274;0;0;274;3;2;7;0;12;262;7;1;221;2;1;29;1;
020900023;270;117;1;256;0;152;0;0;152;1;1;0;0;2;150;3;1;66;1;4;70;5;
020900024;810;594;0;717;0;216;0;9;216;2;0;5;0;7;209;5;0;141;1;1;57;4;
020900025;600;433;0;552;0;167;0;0;167;4;0;9;0;13;154;7;0;125;2;1;19;0;
020900026;620;355;2;616;8;263;8;0;263;1;1;4;0;6;257;21;0;127;2;6;90;11;
020900028;360;169;0;394;4;191;4;0;191;3;15;0;0;18;173;7;1;137;4;4;17;3;
020900029;460;247;3;437;0;210;0;3;210;3;3;12;0;18;192;4;2;161;3;2;20;0;
020900030;330;161;0;322;1;169;1;0;169;0;12;0;0;12;157;17;1;105;1;0;32;1;
020900031;130;43;0;139;0;87;0;4;87;10;0;0;0;10;77;2;0;56;2;0;14;3;
020900032;150;61;0;156;0;89;0;0;89;3;3;0;0;6;83;4;2;60;1;3;8;5;
020900033;160;43;0;172;0;117;0;2;117;2;6;0;0;8;109;5;1;68;2;2;30;1;
020900034;181;93;2;180;0;86;0;5;86;1;3;0;0;4;82;9;2;55;0;1;13;2;
020900035;180;89;2;179;2;89;2;3;89;0;1;0;0;1;88;4;2;64;2;1;14;1;
020900036;140;61;0;141;0;79;0;2;79;0;1;4;0;5;74;6;1;55;0;1;8;3;
020900037;90;20;0;112;0;70;0;3;70;0;1;0;0;1;69;1;3;53;1;3;8;0;
020900038;390;198;5;368;1;187;1;4;187;3;1;1;0;5;182;14;1;143;3;1;17;3;
020900039;90;14;0;100;4;76;4;0;76;1;2;0;0;3;73;7;0;54;1;1;9;1;
020900040;210;82;0;219;0;128;0;0;128;0;3;0;0;3;125;6;3;65;0;1;50;0;
020900041;90;22;0;101;0;68;0;6;68;3;3;1;0;7;61;5;0;39;2;3;9;3;
020900042;270;115;0;274;0;155;0;0;155;5;3;0;0;8;147;3;1;137;1;1;4;0;
020900043;220;38;0;229;0;182;0;4;182;0;0;4;0;4;178;1;0;176;0;1;0;0;
020900044;90;31;0;84;2;59;2;0;59;2;2;0;0;4;55;1;0;34;0;0;16;4;
020900045;170;98;0;145;3;72;3;0;72;5;2;0;0;7;65;1;0;43;2;1;16;2;
020900046;650;289;0;669;7;361;7;0;361;3;7;7;0;17;344;3;1;305;5;2;26;2;
020900047;260;146;1;261;2;113;2;4;113;2;4;0;0;6;107;2;0;98;0;1;6;0;
020900048;52;5;1;53;1;46;1;0;46;0;0;2;0;2;44;4;0;32;0;0;8;0;
020900049;160;60;0;167;0;100;0;4;100;0;2;1;0;3;97;6;0;85;1;1;2;2;
020900050;170;71;0;173;0;99;0;0;99;0;0;0;1;1;98;7;1;66;3;2;19;0;
020900051;200;92;1;195;0;107;0;3;107;1;2;6;0;9;98;0;0;89;1;2;6;0;
020900052;200;109;0;194;0;91;0;3;91;3;6;0;0;9;82;6;0;61;3;1;11;0;
020900053;170;19;1;220;0;150;0;1;150;4;4;0;0;8;142;14;2;99;1;2;24;0;
020900054;190;38;3;215;0;149;0;5;149;4;0;0;0;4;145;14;2;98;4;1;15;11;
020900055;240;108;0;241;6;132;6;0;132;1;1;0;0;2;130;4;0;97;5;0;22;2;
020900056;510;329;3;381;0;178;0;2;178;1;0;1;0;2;176;8;2;129;3;2;27;5;
020900057;85;15;1;89;2;69;2;1;69;0;0;2;0;2;67;2;0;57;0;0;5;3;
020900058;145;45;0;168;2;100;2;3;100;0;2;1;0;3;97;9;0;58;4;3;23;0;
021200001;500;243;0;460;2;257;2;0;257;2;6;0;2;10;247;12;1;129;4;4;91;6;
021200002;650;271;2;650;1;377;1;0;377;2;5;2;0;9;368;21;1;216;2;4;112;12;
021200003;700;357;2;691;2;341;2;0;341;5;3;4;1;13;328;10;3;190;4;5;103;13;
021200004;550;205;0;573;1;345;1;0;345;1;5;5;0;11;334;9;2;213;8;5;92;5;
021200005;60;29;0;39;3;31;3;0;31;0;0;0;0;0;31;0;1;27;0;0;3;0;
021200007;450;144;0;395;1;306;1;0;306;0;3;0;0;3;303;12;0;241;4;0;39;7;
021200008;50;20;0;36;2;30;2;1;30;0;0;0;0;0;30;2;0;25;1;1;1;0;
021200009;70;30;0;56;5;40;5;0;40;0;0;0;0;0;40;4;2;26;0;0;7;1;
021200010;60;30;0;43;0;30;0;0;30;0;0;0;0;0;30;3;3;15;1;0;5;3;
021200011;120;58;0;107;6;62;6;0;62;1;0;0;0;1;61;3;0;50;0;3;5;0;
021200012;50;5;0;55;5;45;5;0;45;0;1;0;0;1;44;6;0;29;0;0;8;1;
021200013;330;193;2;133;2;135;2;0;135;3;4;0;0;7;128;0;1;112;1;0;13;1;
021200014;50;14;0;47;0;36;0;0;36;0;0;0;0;0;36;3;1;30;1;0;1;0;
021200016;50;9;1;52;3;40;3;4;40;0;1;1;0;2;38;1;1;14;19;0;3;0;
021300001;607;316;0;591;5;291;5;2;291;1;4;1;0;6;285;16;0;189;1;1;67;11;
021300002;738;383;1;721;3;354;3;3;354;1;5;3;0;9;345;32;3;192;2;0;100;16;
021300003;899;558;1;869;0;340;0;0;340;0;2;4;0;6;334;14;1;175;2;1;131;10;
021300004;854;470;0;829;0;384;0;4;384;3;9;4;0;16;368;34;1;181;4;5;135;8;
021300005;288;149;1;278;4;138;4;0;138;0;4;0;0;4;134;10;0;71;0;3;43;7;
021300006;833;533;2;812;3;298;3;8;298;2;1;1;1;5;293;11;1;151;0;3;124;3;
021300007;872;518;1;846;3;353;3;0;353;1;2;9;1;13;340;21;1;232;3;3;75;5;
021300008;30;8;1;32;0;21;0;0;21;1;3;0;0;4;17;1;0;12;0;0;4;0;
021300009;446;246;0;433;2;200;2;0;200;0;2;7;0;9;191;12;0;95;1;2;77;4;
021300010;68;18;2;71;1;48;1;0;48;0;0;0;0;0;48;3;0;38;0;0;6;1;
021300011;44;5;0;50;0;39;0;8;39;1;0;0;0;1;38;4;1;24;0;1;7;1;
021300012;493;296;0;475;1;197;1;0;197;2;1;8;0;11;186;15;1;152;1;4;11;2;
021300013;529;309;2;513;2;218;2;0;218;2;0;2;0;4;214;21;0;157;1;3;29;3;
021300014;54;15;1;57;0;38;0;5;38;1;0;0;0;1;37;3;0;25;2;1;3;3;
021300015;215;88;0;207;7;127;7;2;127;2;4;0;0;6;121;18;0;83;1;1;9;9;
021300016;338;161;1;328;2;176;2;2;176;2;3;0;0;5;171;5;0;135;2;0;28;1;
021300017;306;155;2;297;0;149;0;0;149;4;0;5;0;9;140;12;0;93;1;2;32;0;
021300018;207;109;0;200;3;98;3;0;98;1;2;2;0;5;93;14;0;67;1;0;9;2;
021300019;37;10;0;33;1;27;1;0;27;0;0;0;0;0;27;2;0;12;2;0;11;0;
021300020;127;40;2;128;0;85;0;5;85;2;0;0;0;2;83;2;0;52;2;1;25;1;
021500001;519;278;2;496;0;239;0;0;239;1;4;0;0;5;234;30;1;92;0;2;93;16;
021500002;520;264;2;509;1;254;1;0;254;0;3;1;0;4;250;27;0;95;0;5;117;6;
021500003;520;280;1;493;1;239;1;3;239;1;3;0;0;4;235;17;2;95;2;4;109;6;
021500004;670;375;2;656;2;293;2;0;293;0;2;0;0;2;291;31;1;119;1;1;131;7;
021500005;620;293;2;663;1;325;1;0;325;2;0;0;0;2;323;38;0;119;1;5;151;9;
021500006;720;394;1;711;1;325;1;0;325;1;1;1;0;3;322;24;0;145;1;0;143;9;
021500007;800;507;1;664;1;292;1;0;292;3;1;0;0;4;288;30;1;154;0;5;86;12;
021500008;700;436;2;682;0;262;0;0;262;2;1;0;0;3;259;25;1;139;1;1;84;8;
021500009;667;321;3;719;3;343;3;6;343;0;0;0;2;2;341;34;0;167;1;2;127;10;
021500010;700;393;3;681;2;304;2;0;304;2;2;2;0;6;298;21;0;127;0;6;134;10;
021500011;850;551;4;693;0;295;0;0;295;0;4;0;0;4;291;22;0;115;2;3;132;17;
021500012;700;457;1;684;0;242;0;2;242;0;1;0;0;1;241;20;1;120;1;5;83;11;
021500013;700;451;5;664;1;244;1;1;244;2;1;0;1;4;240;21;1;104;1;0;102;11;
021500014;250;103;1;223;0;146;0;0;146;2;8;0;0;10;136;11;0;79;6;1;38;1;
021500015;600;417;1;577;3;182;3;0;182;0;1;0;0;1;181;18;3;117;6;1;33;3;
021500016;650;410;0;660;3;240;3;0;240;2;5;1;6;14;226;27;0;130;1;0;57;11;
021500017;650;442;1;636;2;207;2;0;207;1;5;0;0;6;201;18;0;125;2;0;44;12;
021500018;400;177;0;382;0;223;0;0;223;4;4;1;0;9;214;0;4;190;1;0;18;1;
021500019;420;223;2;393;0;195;0;2;195;1;4;7;0;12;183;1;0;89;0;3;88;2;
021500020;400;232;2;375;0;166;0;0;166;1;4;0;0;5;161;8;1;82;2;1;63;4;
021500021;500;290;2;498;1;208;1;0;208;1;3;0;0;4;204;7;1;89;0;1;105;1;
021500022;350;192;0;156;2;158;2;0;158;1;3;0;0;4;154;14;0;89;1;1;48;1;
021500023;500;207;0;556;0;293;0;1;293;1;2;1;1;5;288;9;0;147;1;1;128;2;
021500024;750;396;1;744;1;353;1;0;353;2;3;3;0;8;345;17;0;165;2;3;150;8;
021500025;100;42;1;80;2;57;2;1;57;0;1;0;0;1;56;5;0;41;0;0;9;1;
021500026;50;16;0;43;0;34;0;3;34;0;0;0;0;0;34;1;0;18;1;1;13;0;
021500027;500;245;1;496;0;254;0;1;254;2;2;0;1;5;249;7;0;99;1;2;140;0;
021500028;520;282;2;506;0;236;0;0;236;1;3;0;0;4;232;1;1;164;2;1;63;0;
021500029;120;59;2;94;0;59;0;0;59;1;0;0;0;1;58;3;1;34;4;2;14;0;
021500030;800;490;1;778;3;309;3;0;309;1;0;2;0;3;306;33;0;115;2;2;143;11;
021500031;800;457;2;761;1;341;1;0;341;0;1;2;0;3;338;34;0;131;3;1;157;12;
021500032;800;427;0;803;3;373;3;0;373;1;3;0;0;4;369;6;2;275;1;2;82;1;
021700001;70;24;0;64;5;46;5;4;46;1;0;0;0;1;45;7;0;27;1;0;10;0;
021700002;530;295;0;528;2;235;2;0;235;0;0;2;0;2;233;15;1;79;2;2;126;8;
021700003;413;239;0;405;0;174;0;0;174;1;1;4;0;6;168;8;0;59;0;2;93;6;
021700004;460;266;0;455;0;194;0;0;194;0;2;4;0;6;188;6;1;48;2;0;130;1;
021700005;430;268;7;428;1;155;1;0;155;0;7;0;0;7;148;3;0;44;1;3;96;1;
021700006;440;233;1;438;3;206;3;4;206;2;3;5;0;10;196;2;0;138;1;0;49;6;
021700007;350;200;1;346;0;149;0;0;149;0;5;0;0;5;144;5;0;104;1;3;31;0;
021700008;370;56;0;363;2;314;2;0;314;1;1;0;0;2;312;1;1;301;1;1;5;2;
021700009;420;85;0;415;3;335;3;0;335;4;3;1;0;8;327;0;1;321;0;1;3;1;
021700010;460;248;2;460;0;210;0;0;210;4;0;17;0;21;189;4;0;173;2;0;8;2;
021700011;430;218;2;431;2;210;2;0;210;2;0;14;1;17;193;2;0;161;0;1;27;2;
021700012;790;288;2;795;1;500;1;5;500;2;2;8;0;12;488;3;3;476;1;2;2;1;
021700013;270;166;0;260;5;104;5;0;104;3;1;4;0;8;96;5;0;57;0;1;33;0;
021700014;510;244;1;508;1;265;1;0;265;2;2;21;0;25;240;10;0;218;1;0;10;1;
021700015;440;295;0;433;0;145;0;0;145;0;1;0;0;1;144;5;0;120;1;1;14;3;
021700016;640;418;5;632;1;217;1;0;217;1;1;1;0;3;214;20;0;142;2;0;44;6;
021700017;600;411;1;598;0;188;0;1;188;6;3;0;0;9;179;10;1;117;1;3;43;4;
021700018;700;391;1;697;2;308;2;6;308;1;4;6;0;11;297;30;0;139;1;4;108;15;
021700019;440;247;1;428;0;192;0;0;192;2;1;1;1;5;187;25;0;91;3;1;58;9;
021700020;580;338;1;573;1;241;1;1;241;2;3;1;0;6;235;22;0;92;6;6;100;9;
021700021;480;287;1;470;1;192;1;0;192;3;1;1;0;5;187;36;0;78;1;1;65;6;
021700022;505;256;1;511;0;248;0;0;248;5;3;0;0;8;240;42;0;100;1;4;81;12;
021700023;540;283;6;538;1;251;1;0;251;2;4;0;0;6;245;35;0;109;7;3;82;9;
021700024;540;267;1;538;8;272;8;1;272;0;2;0;0;2;270;51;1;99;1;5;96;17;
021700025;740;384;1;739;0;355;0;0;355;1;5;0;0;6;349;47;0;154;2;4;117;25;
021700026;600;382;1;594;0;217;0;0;217;0;5;7;0;12;205;17;0;108;0;1;73;6;
021700027;240;128;0;227;0;112;0;0;112;0;1;2;0;3;109;25;0;49;2;1;25;7;
021700028;510;255;2;503;1;253;1;0;253;0;2;0;0;2;251;26;0;119;1;4;88;13;
021700029;800;422;0;790;2;378;2;0;378;2;6;8;0;16;362;15;1;153;3;2;182;6;
021700030;460;255;0;453;0;205;0;3;205;1;5;0;0;6;199;14;4;86;3;1;86;5;
021700031;580;349;0;573;0;231;0;0;231;1;6;1;0;8;223;15;0;106;6;2;92;2;
021700032;650;389;1;649;0;260;0;6;260;0;2;0;0;2;258;2;1;250;0;1;4;0;
021700033;430;215;0;427;0;215;0;7;215;4;0;0;0;4;211;9;0;110;5;0;82;5;
021700034;120;54;0;113;0;66;0;0;66;2;0;0;0;2;64;2;0;24;1;0;36;1;
021700035;280;164;1;279;2;115;2;0;115;1;1;0;0;2;113;6;0;63;3;0;40;1;
021700036;450;242;1;441;0;207;0;0;207;0;0;0;0;0;207;18;0;71;1;2;110;5;
021700037;580;334;0;571;7;246;7;7;246;3;5;0;0;8;238;8;2;89;2;3;128;6;
021700038;580;418;0;565;0;162;0;0;162;1;1;0;0;2;160;11;0;78;1;1;63;6;
021700039;620;400;1;219;0;219;0;2;219;1;1;0;0;2;217;10;0;113;1;2;86;5;
021700040;770;495;14;766;0;261;0;4;261;2;3;9;0;14;247;2;2;239;0;0;3;1;
021700041;220;118;0;219;0;102;0;0;102;1;2;0;0;3;99;1;1;59;2;1;35;0;
021700042;50;15;1;45;1;34;1;2;34;0;1;0;0;1;33;3;1;21;0;0;7;1;
021700043;610;354;1;251;4;255;4;0;255;20;2;0;0;22;233;8;1;138;0;2;82;2;
021700044;660;275;2;668;2;383;2;0;383;1;4;0;0;5;378;0;2;293;3;2;76;2;
021700045;380;95;2;374;1;283;1;0;283;5;1;0;0;6;277;1;1;261;1;0;11;2;
021700046;519;142;0;520;5;377;5;3;377;9;0;6;0;15;362;1;0;353;1;2;5;0;
021700047;200;52;0;194;5;148;5;0;148;3;0;0;0;3;145;0;0;141;2;0;1;1;
021700048;50;13;0;40;0;37;0;0;37;0;0;1;0;1;36;0;1;27;0;1;6;1;
021700049;100;23;1;68;23;76;23;0;76;1;0;0;0;1;75;16;2;37;0;0;16;4;
021800001;620;341;3;447;0;276;0;2;276;2;4;0;0;6;270;1;0;238;0;2;21;8;
021800002;529;195;4;467;0;330;0;0;330;1;1;0;0;2;328;2;0;311;2;0;11;2;
021800003;591;159;0;449;2;432;2;2;432;17;3;0;0;20;412;2;0;393;0;0;17;0;
021800004;722;297;0;631;0;425;0;0;425;0;4;0;0;4;421;0;0;416;2;1;0;2;
021800005;287;93;0;247;0;194;0;1;194;0;1;0;0;1;193;1;0;191;1;0;0;0;
021800006;725;265;0;666;0;460;0;2;460;0;3;0;0;3;457;4;4;425;6;4;14;0;
021800007;708;164;2;662;7;542;7;1;542;5;7;0;0;12;530;0;0;524;2;0;4;0;
021800008;563;129;0;508;2;434;2;0;434;1;0;0;0;1;433;0;1;429;1;0;1;1;
021800009;341;41;1;330;2;299;2;2;299;0;0;0;0;0;299;1;0;298;0;0;0;0;
021800010;341;128;2;283;0;211;0;0;211;0;1;0;0;1;210;1;2;207;0;0;0;0;
021800011;654;254;3;623;5;397;5;0;397;0;0;0;0;0;397;2;1;364;3;0;21;6;
021800012;503;132;3;478;3;368;3;0;368;1;2;0;0;3;365;0;1;359;1;2;2;0;
021800013;994;146;0;938;0;848;0;2;848;3;0;0;2;5;843;4;0;836;2;0;1;0;
021800015;198;43;0;188;6;155;6;6;155;1;4;1;0;6;149;3;1;138;3;2;1;1;
021800016;508;182;0;483;1;326;1;4;326;3;1;2;0;6;320;1;0;313;2;2;2;0;
021800017;508;220;0;427;5;288;5;1;288;0;0;19;2;21;267;1;0;260;1;0;4;1;
021800018;715;321;1;621;3;393;3;1;393;4;9;0;0;13;380;4;3;302;3;0;65;3;
021800019;805;441;0;629;0;364;0;1;364;2;0;8;0;10;354;1;0;335;2;0;16;0;
021800020;506;269;2;413;0;235;0;0;235;0;3;0;0;3;232;0;2;199;1;0;29;1;
021800021;450;95;2;411;3;353;3;0;353;1;0;0;0;1;352;1;2;344;1;1;2;1;
021800022;676;152;3;625;0;521;0;0;521;1;2;0;0;3;518;0;0;517;1;0;0;0;
021800023;741;236;2;661;0;503;0;1;503;4;6;0;0;10;493;0;0;488;3;0;2;0;
021800024;365;100;0;331;0;265;0;0;265;0;0;0;0;0;265;0;1;264;0;0;0;0;
021800025;467;132;12;431;0;323;0;1;323;2;4;6;0;12;311;1;0;295;1;0;13;1;
021800026;388;77;1;363;0;310;0;3;310;2;1;0;0;3;307;1;0;305;0;0;1;0;
021800027;578;247;1;537;0;330;0;0;330;0;2;0;0;2;328;0;1;274;3;3;44;3;
021800028;633;281;2;605;0;350;0;0;350;7;3;0;0;10;340;5;1;265;3;2;64;0;
021800029;889;383;0;506;7;506;7;0;506;4;1;11;0;16;490;1;1;485;3;0;0;0;
021800030;747;117;0;707;0;630;0;0;630;0;2;0;0;2;628;2;2;623;1;0;0;0;
021800031;369;73;1;338;6;295;6;0;295;3;0;0;0;3;292;1;1;287;0;1;2;0;
021800032;205;30;0;186;2;175;2;0;175;0;0;0;0;0;175;0;0;175;0;0;0;0;
021800033;556;259;2;462;0;295;0;6;295;5;0;9;0;14;281;2;0;276;2;0;1;0;
021800034;635;323;1;539;0;311;0;0;311;0;2;12;0;14;297;3;2;288;2;1;1;0;
021800035;385;154;1;341;0;230;0;0;230;0;2;1;0;3;227;2;0;219;2;0;4;0;
021800036;360;79;0;331;0;281;0;0;281;0;3;0;0;3;278;0;1;275;0;1;1;0;
021800037;638;187;0;547;0;451;0;0;451;0;0;0;0;0;451;1;1;443;2;0;3;1;
021800038;367;78;2;350;0;287;0;3;287;2;1;0;0;3;284;0;1;280;0;0;3;0;
021800039;926;160;2;879;0;764;0;2;764;1;2;0;0;3;761;1;0;757;1;0;2;0;
021800041;620;270;3;567;0;347;0;1;347;1;1;4;0;6;341;1;0;339;0;0;1;0;
021800042;337;65;0;299;0;272;0;2;272;0;1;0;0;1;271;1;0;269;0;0;1;0;
021800043;601;147;2;563;0;452;0;0;452;1;0;0;0;1;451;0;0;449;1;0;1;0;
021800044;361;53;1;330;0;307;0;0;307;0;1;0;0;1;306;0;0;305;0;1;0;0;
021800045;454;72;4;421;0;378;0;1;378;0;0;0;0;0;378;1;0;376;0;1;0;0;
021800046;823;349;7;684;0;467;0;0;467;5;1;15;1;22;445;2;1;435;2;2;2;1;
021800047;607;281;0;486;1;326;1;0;326;0;2;0;0;2;324;8;0;314;0;0;2;0;
021800048;692;212;6;628;7;474;7;1;474;2;0;0;0;2;472;7;1;463;0;1;0;0;
021800049;395;193;0;323;0;202;0;3;202;0;1;2;0;3;199;3;0;196;0;0;0;0;
021800051;982;360;0;890;0;622;0;3;622;9;1;0;1;11;611;1;0;600;0;0;10;0;
021800052;454;113;1;407;0;340;0;0;340;0;5;0;0;5;335;0;0;335;0;0;0;0;
022100001;570;252;0;563;3;318;3;0;318;0;11;0;0;11;307;28;0;142;0;3;119;15;
022100002;550;264;0;522;6;286;6;0;286;4;1;11;0;16;270;32;2;126;2;3;86;19;
022100003;800;419;0;761;0;381;0;4;381;2;2;0;0;4;377;24;0;140;2;4;192;15;
022100004;1000;472;3;999;1;525;1;0;525;1;4;9;0;14;511;47;0;190;3;6;247;18;
022100005;870;458;7;859;1;405;1;1;405;6;5;0;0;11;394;23;1;124;0;3;212;31;
022100006;200;78;0;201;3;122;3;3;122;6;3;0;0;9;113;10;0;67;0;3;28;5;
022100007;500;264;1;466;3;235;3;3;235;6;3;3;0;12;223;23;1;115;0;1;75;8;
022100010;151;44;0;139;0;107;0;2;107;2;0;0;0;2;105;7;1;71;4;2;19;1;
022100011;220;118;1;100;1;101;1;6;101;0;1;0;0;1;100;5;0;56;0;1;35;3;
022100012;1000;504;4;935;0;492;0;0;492;0;2;34;0;36;456;11;1;312;5;1;118;8;
022100014;469;206;0;462;3;263;3;0;263;0;0;6;1;7;256;21;1;125;2;1;101;5;
022100015;270;97;0;258;0;173;0;0;173;1;1;1;1;4;169;11;0;83;3;0;71;1;
022100016;650;309;3;629;5;338;5;1;338;4;4;0;2;10;328;12;4;216;3;4;77;12;
022100017;130;45;1;121;1;84;1;0;84;0;1;2;0;3;81;8;0;58;2;1;12;0;
022100018;450;224;0;421;1;226;1;3;226;0;1;7;0;8;218;3;0;129;2;1;79;4;
022100019;770;517;1;763;5;252;5;0;252;3;3;10;0;16;236;6;1;200;1;1;27;0;
022100020;680;334;2;665;0;344;0;0;344;2;3;4;0;9;335;18;1;187;2;2;123;2;
022100021;370;187;1;351;2;182;2;0;182;1;1;1;0;3;179;6;0;75;3;2;91;2;
022100022;900;470;0;896;2;430;2;0;430;0;2;0;0;2;428;34;0;117;2;6;260;9;
022100023;800;410;2;791;4;388;4;2;388;2;4;2;0;8;380;33;0;145;4;1;188;9;
022300001;671;397;4;672;2;270;2;0;270;4;0;0;0;4;266;2;1;180;0;0;75;8;
022300002;679;359;1;677;1;319;1;0;319;6;2;1;0;9;310;7;3;179;1;2;110;8;
022300003;656;369;0;658;1;287;1;1;287;5;5;1;0;11;276;10;0;125;1;2;137;1;
022300004;805;605;0;805;1;200;1;0;200;2;1;0;0;3;197;1;1;127;1;2;63;2;
022300005;87;36;1;88;1;50;1;1;50;0;0;0;0;0;50;3;0;37;0;1;5;4;
022300006;110;64;0;110;0;46;0;0;46;0;0;3;0;3;43;5;0;32;3;0;2;1;
022300007;113;48;0;111;6;65;6;0;65;1;0;0;0;1;64;2;1;43;2;0;14;2;
022300008;363;160;0;363;0;203;0;0;203;10;1;0;0;11;192;4;4;153;2;2;25;2;
022300009;141;46;1;142;0;94;0;0;94;1;2;1;1;5;89;1;0;76;0;1;10;1;
022300010;93;17;0;94;1;76;1;0;76;0;0;0;0;0;76;0;0;76;0;0;0;0;
022300011;263;98;1;265;2;164;2;0;164;16;5;0;0;21;143;4;0;119;4;1;10;5;
022300012;546;328;2;216;0;216;0;1;216;5;3;5;0;13;203;5;3;161;0;2;29;3;
022300013;56;4;1;56;1;51;1;0;51;3;1;0;0;4;47;4;0;36;2;0;4;1;
022300014;107;31;0;110;0;76;0;0;76;0;0;3;0;3;73;3;2;49;5;0;12;2;
022300015;128;49;0;128;0;79;0;0;79;0;4;7;0;11;68;5;0;56;2;0;4;1;
022300016;160;92;0;161;1;68;1;1;68;0;0;0;0;0;68;2;0;65;0;0;0;1;
022300017;300;132;2;300;6;166;6;0;166;1;1;11;0;13;153;1;2;138;1;2;7;2;
022300018;318;187;2;324;2;129;2;2;129;11;0;0;0;11;118;2;0;115;1;0;0;0;
022300019;373;159;1;377;0;213;0;0;213;4;0;0;0;4;209;3;2;153;3;1;46;1;
022300020;382;169;2;384;0;211;0;3;211;2;4;7;0;13;198;9;3;108;0;1;71;6;
022300021;551;180;1;551;0;370;0;0;370;4;5;4;0;13;357;1;0;353;1;0;1;1;
022300022;547;184;0;553;0;363;0;0;363;2;2;5;0;9;354;1;0;347;1;0;2;3;
022300023;303;92;1;303;3;210;3;0;210;3;2;0;0;5;205;6;0;138;5;1;53;2;
022300024;276;104;2;278;0;170;0;2;170;11;9;0;0;20;150;9;2;85;5;1;47;1;
022300025;337;121;0;337;0;216;0;0;216;3;5;1;0;9;207;5;1;134;3;1;60;3;
022300026;243;85;1;243;0;157;0;0;157;0;0;9;0;9;148;1;1;99;2;1;42;2;
022300027;174;75;0;177;1;99;1;3;99;0;0;0;0;0;99;3;1;68;0;0;27;0;
022300028;589;265;4;592;5;320;5;2;320;4;3;0;2;9;311;14;1;262;3;5;22;4;
022300029;182;96;1;184;0;85;0;2;85;0;1;0;0;1;84;3;1;66;0;2;11;1;
022300030;711;292;0;715;4;419;4;0;419;0;1;0;0;1;418;2;3;405;0;1;7;0;
022300031;155;58;1;159;0;96;0;0;96;1;1;1;0;3;93;5;0;74;2;0;10;2;
022300032;363;136;2;225;0;225;0;2;225;0;9;5;1;15;210;7;0;136;3;0;57;7;
022300033;35;11;1;40;0;23;0;5;23;0;1;1;0;2;21;0;0;10;6;0;4;1;
022300034;354;133;2;359;2;219;2;0;219;24;0;0;0;24;195;23;0;152;1;4;13;2;
022300035;32;5;2;32;0;25;0;0;25;0;0;0;0;0;25;2;0;21;0;0;2;0;
022700001;800;416;3;838;1;381;1;4;381;7;4;0;0;11;370;24;0;180;0;1;157;8;
022700002;950;639;0;962;2;311;2;0;311;2;1;8;0;11;300;16;0;118;0;4;153;9;
022700003;750;470;0;750;2;280;2;0;280;6;1;2;0;9;271;15;1;132;0;0;118;5;
022700004;600;221;2;625;6;377;6;0;377;3;2;0;0;5;372;12;1;222;4;4;127;2;
022700005;100;23;0;108;2;77;2;0;77;0;0;0;0;0;77;3;0;29;0;0;44;1;
022700006;500;185;1;507;1;314;1;0;314;1;4;0;0;5;309;6;1;139;4;2;154;3;
022700007;50;34;2;22;0;14;0;0;14;1;0;0;0;1;13;1;0;10;1;1;0;0;
022700008;850;457;0;835;5;393;5;0;393;0;6;1;0;7;386;34;6;142;1;3;182;18;
022700009;500;138;0;499;3;362;3;1;362;18;2;0;1;21;341;15;1;134;6;2;180;3;
030100001;643;317;1;643;2;325;2;1;325;3;9;11;0;23;302;32;1;185;2;5;62;15;
030100002;403;183;1;396;6;219;6;0;219;3;3;0;0;6;213;21;2;169;5;0;13;3;
030100003;588;278;0;575;3;310;3;0;310;2;0;4;0;6;304;31;0;148;6;2;108;9;
030100004;127;37;0;121;0;90;0;0;90;3;0;3;0;6;84;5;0;70;2;1;1;5;
030100005;1017;580;0;987;1;437;1;1;437;3;3;0;0;6;431;12;2;366;1;3;46;1;
030100006;239;74;1;231;6;164;6;0;164;4;1;0;0;5;159;44;0;72;2;3;32;6;
030100007;212;74;0;204;0;138;0;0;138;0;0;0;1;1;137;3;0;122;2;1;9;0;
030100008;185;54;0;181;3;131;3;0;131;0;1;0;0;1;130;18;0;87;0;1;21;3;
030100009;73;22;1;69;0;50;0;0;50;0;0;0;0;0;50;7;0;30;0;0;12;1;
030100010;544;251;0;531;2;293;2;0;293;0;2;5;0;7;286;31;0;160;3;4;83;5;
030100011;138;50;1;132;3;87;3;0;87;1;0;0;0;1;86;18;0;56;2;1;7;2;
030100012;223;93;0;215;0;130;0;2;130;5;1;0;0;6;124;7;0;101;2;0;12;2;
030100013;838;465;0;814;3;373;3;0;373;4;6;0;0;10;363;14;3;287;3;2;49;5;
030100014;471;245;4;455;0;222;0;0;222;0;1;8;0;9;213;15;0;164;4;3;22;5;
030100015;565;356;1;546;3;208;3;0;208;8;1;0;0;9;199;27;0;119;2;1;47;3;
030100016;106;49;2;101;2;55;2;0;55;2;0;1;0;3;52;2;0;44;2;0;4;0;
030200001;700;379;1;702;5;320;5;4;320;1;5;0;0;6;314;47;1;163;5;2;85;11;
030200002;850;476;0;849;0;374;0;1;374;1;4;7;0;12;362;41;1;195;2;3;103;17;
030200003;880;487;1;875;1;392;1;0;392;8;3;1;0;12;380;50;0;200;1;4;114;11;
030200004;880;504;1;880;0;375;0;0;375;3;2;1;0;6;369;54;0;187;5;2;112;9;
030200005;805;497;3;804;0;305;0;0;305;2;1;0;0;3;302;19;2;189;3;1;74;14;
030200006;700;368;0;701;0;332;0;5;332;4;1;0;0;5;327;30;0;195;1;1;89;11;
030200007;975;593;2;974;1;380;1;3;380;2;2;1;0;5;375;48;1;205;2;2;99;18;
030200008;530;328;3;527;6;199;6;0;199;9;1;0;0;10;189;28;2;143;0;6;10;0;
030200009;685;403;3;683;6;279;6;6;279;2;0;7;0;9;270;8;3;232;7;6;13;1;
030200010;90;23;0;93;0;67;0;3;67;2;0;0;0;2;65;16;1;38;2;0;8;0;
030200011;70;28;0;66;5;42;5;0;42;0;2;0;0;2;40;13;0;19;0;1;5;2;
030200012;520;344;0;508;0;176;0;0;176;0;1;0;0;1;175;26;2;108;4;1;31;3;
030200013;540;403;3;535;0;134;0;4;134;0;1;1;0;2;132;1;2;101;4;1;23;0;
030200014;570;404;2;570;0;164;0;0;164;3;2;1;0;6;158;16;2;108;5;0;26;1;
030200015;620;513;0;617;1;107;1;0;107;3;2;2;0;7;100;3;1;79;1;1;14;1;
030200016;530;437;1;524;0;92;0;0;92;2;0;0;0;2;90;5;0;81;0;0;3;1;
030200017;510;283;0;515;0;227;0;0;227;2;3;0;0;5;222;11;0;140;3;0;60;8;
030200018;200;69;2;205;9;129;9;0;129;1;0;4;0;5;124;21;0;74;2;4;20;3;
030200019;690;364;0;688;0;326;0;0;326;1;5;1;0;7;319;45;4;146;1;4;109;10;
030200020;220;59;1;222;0;160;0;0;160;0;2;3;0;5;155;31;1;83;1;2;30;7;
030200021;115;34;0;112;4;81;4;0;81;6;0;0;0;6;75;7;1;29;1;2;33;2;
030200022;235;48;2;232;9;185;9;0;185;0;15;0;0;15;170;63;1;32;2;0;68;4;
030200023;80;10;0;83;0;70;0;0;70;0;1;0;0;1;69;33;0;15;1;2;18;0;
030200024;175;42;2;175;4;131;4;0;131;1;0;0;0;1;130;34;0;67;2;1;23;3;
030200025;400;236;0;394;2;164;2;6;164;1;5;5;0;11;153;28;2;86;7;2;23;5;
030200026;220;89;2;222;4;129;4;3;129;1;0;0;0;1;128;19;0;69;0;2;32;6;
030200027;150;60;2;150;5;88;5;0;88;2;0;0;0;2;86;13;0;49;1;0;18;5;
030200028;100;49;0;106;2;51;2;0;51;0;0;0;0;0;51;11;1;33;2;1;2;1;
030200029;155;64;1;157;1;90;1;5;90;0;0;0;0;0;90;22;0;53;1;4;8;2;
030200030;40;8;1;44;1;31;1;0;31;0;0;0;0;0;31;5;0;22;1;0;3;0;
030200031;885;567;0;891;8;318;8;4;318;4;1;37;0;42;276;36;8;206;2;4;15;5;
030200032;85;8;1;89;0;76;0;0;76;0;0;1;0;1;75;42;0;25;0;0;7;1;
030200033;55;9;0;56;0;46;0;0;46;0;0;0;0;0;46;8;0;26;0;2;8;2;
030400001;733;499;1;679;0;233;0;1;233;2;3;0;1;6;227;8;2;198;2;4;13;0;
030400002;784;422;1;728;2;361;2;0;361;3;6;0;1;10;351;15;1;235;4;4;87;5;
030400003;903;515;2;844;0;386;0;0;386;2;4;0;0;6;380;31;3;204;7;4;128;3;
030400004;842;490;1;784;0;351;0;3;351;3;1;0;0;4;347;23;5;185;2;2;122;8;
030400005;707;378;1;651;4;328;4;4;328;2;2;0;0;4;324;38;1;145;4;3;122;11;
030400006;608;332;5;552;0;271;0;0;271;1;5;0;0;6;265;24;1;116;8;2;110;4;
030400007;693;375;0;635;0;318;0;2;318;1;5;2;0;8;310;41;1;164;4;1;87;12;
030400008;662;427;0;602;0;235;0;0;235;1;3;0;0;4;231;29;1;125;1;1;71;3;
030400009;486;302;1;427;2;183;2;0;183;2;1;5;0;8;175;9;0;76;7;0;80;3;
030400010;569;304;1;515;0;264;0;0;264;4;0;0;1;5;259;8;0;102;6;1;136;6;
030400011;453;224;1;395;0;228;0;0;228;8;3;3;0;14;214;14;4;91;1;2;100;2;
030400012;733;359;1;673;0;373;0;0;373;1;6;4;0;11;362;8;3;170;5;4;170;2;
030400013;663;374;2;606;1;287;1;0;287;1;2;0;0;3;284;32;1;187;1;1;59;3;
030400014;732;404;2;675;1;326;1;1;326;0;6;1;0;7;319;24;4;244;3;2;40;2;
030500001;880;428;0;880;0;452;0;0;452;3;7;0;0;10;442;26;4;236;4;2;159;11;
030500002;840;455;1;839;3;384;3;0;384;1;11;0;0;12;372;29;1;199;3;2;125;13;
030500003;89;32;1;94;0;56;0;5;56;0;0;4;0;4;52;11;0;26;1;2;8;4;
030500004;319;126;1;305;3;192;3;3;192;1;1;2;0;4;188;4;1;145;1;1;32;4;
030500005;226;68;0;158;5;158;5;4;158;2;2;0;0;4;154;5;0;124;2;2;17;4;
030500006;335;153;0;336;7;182;7;0;182;3;10;0;2;15;167;5;0;152;1;1;7;1;
030600364;650;401;3;598;3;246;3;3;246;1;0;5;0;6;240;28;1;105;3;1;94;8;
030600365;530;300;1;481;1;229;1;3;229;4;3;3;0;10;219;11;1;97;0;4;99;7;
030600366;640;369;3;586;1;268;1;2;268;3;2;0;0;5;263;22;2;135;0;3;97;4;
030600367;690;389;1;636;3;300;3;2;300;0;5;1;0;6;294;29;1;156;1;4;99;4;
030600368;300;159;2;278;0;139;0;5;139;1;0;0;0;1;138;14;4;88;0;4;26;2;
030600369;500;308;2;404;0;190;0;9;190;2;1;0;0;3;187;11;2;103;3;0;62;6;
030600370;900;440;8;909;0;452;0;0;452;5;6;0;0;11;441;4;4;423;1;1;6;2;
030600371;800;437;16;663;2;347;2;12;347;11;5;0;0;16;331;40;3;157;7;6;104;14;
030600372;1200;824;4;955;0;372;0;0;372;2;21;0;1;24;348;8;0;116;3;7;207;7;
030601001;650;373;1;624;4;276;4;7;276;4;5;0;0;9;267;61;0;139;3;1;49;14;
030601002;800;410;0;770;0;390;0;4;390;0;9;0;0;9;381;120;0;146;3;5;95;12;
030601003;750;366;14;732;5;370;5;0;370;1;6;6;1;14;356;105;3;168;0;3;67;10;
030601004;800;414;0;791;11;386;11;0;386;5;4;0;0;9;377;94;2;184;0;3;73;21;
030601005;700;361;1;674;4;338;4;0;338;12;1;0;0;13;325;82;1;167;0;3;60;12;
030601006;600;326;4;558;2;270;2;2;270;3;0;1;0;4;266;83;0;119;0;0;59;5;
030601007;699;400;4;697;2;295;2;4;295;0;0;0;0;0;295;109;0;121;1;1;49;14;
030601008;700;421;0;644;14;279;14;5;279;3;3;0;0;6;273;76;2;126;1;2;57;9;
030601009;600;348;0;598;14;252;14;5;252;2;3;0;0;5;247;72;1;97;0;7;55;15;
030601010;650;358;7;617;0;285;0;0;285;7;0;0;0;7;278;86;3;121;1;0;58;9;
030601011;700;365;4;686;5;331;5;6;331;3;1;0;4;8;323;104;4;134;0;4;57;20;
030601012;700;385;1;710;13;314;13;7;314;1;0;4;0;5;309;83;0;141;1;6;63;15;
030601013;800;432;0;781;0;368;0;7;368;9;1;0;1;11;357;87;4;165;3;6;75;17;
030601014;687;378;2;305;2;307;2;2;307;2;2;0;0;4;303;66;4;156;0;4;55;18;
030601015;800;467;3;784;0;330;0;0;330;4;1;0;0;5;325;55;4;175;1;2;73;15;
030601016;850;504;3;830;3;343;3;0;343;5;2;0;0;7;336;59;0;179;4;0;69;25;
030601017;900;538;1;904;2;361;2;3;361;7;3;0;1;11;350;96;2;155;2;5;70;20;
030601018;900;510;1;891;7;389;7;0;389;7;0;0;0;7;382;67;1;184;1;3;106;20;
030601019;900;535;3;890;11;362;11;3;362;4;5;4;0;13;349;32;0;206;1;4;91;15;
030601020;800;434;3;801;2;363;2;2;363;0;1;0;0;1;362;79;0;211;1;2;54;15;
030601021;1000;591;1;917;2;408;2;1;408;2;3;2;2;9;399;95;0;196;3;5;83;17;
030601022;797;452;8;758;1;337;1;1;337;1;4;3;0;8;329;48;2;182;1;2;88;6;
030601023;900;525;2;860;7;373;7;0;373;3;11;0;0;14;359;70;1;191;0;1;69;27;
030601024;1000;580;0;935;3;420;3;3;420;7;0;0;1;8;412;63;3;208;6;5;102;25;
030601025;750;445;1;716;1;304;1;5;304;7;0;0;1;8;296;66;0;145;1;4;66;14;
030601026;650;393;0;615;10;257;10;0;257;2;1;0;1;4;253;39;1;133;2;2;62;14;
030601027;800;443;0;784;4;357;4;1;357;1;1;0;1;3;354;102;3;174;3;3;57;12;
030601028;900;556;0;848;9;344;9;0;344;0;12;0;0;12;332;73;1;151;0;4;85;18;
030601029;750;416;0;712;5;334;5;4;334;2;7;0;2;11;323;67;0;157;1;4;75;19;
030601030;900;445;2;889;30;453;30;0;453;0;3;0;0;3;450;84;0;274;4;2;64;22;
030601031;599;335;4;256;4;260;4;0;260;0;1;0;0;1;259;52;2;152;0;1;37;15;
030601032;400;207;3;372;2;190;2;0;190;0;1;0;0;1;189;32;2;80;1;6;56;12;
030601033;600;308;0;586;1;292;1;5;292;3;10;0;0;13;279;67;3;125;6;6;59;13;
030601034;800;448;1;766;7;351;7;5;351;2;1;0;0;3;348;86;4;159;0;5;70;24;
030601035;800;464;2;746;2;334;2;4;334;1;3;0;0;4;330;108;1;135;1;1;70;14;
030601036;600;274;2;607;11;324;11;9;324;0;8;0;0;8;316;81;2;143;0;4;66;20;
030601037;650;373;1;619;1;276;1;0;276;6;1;0;0;7;269;80;0;133;0;4;39;13;
030601038;800;450;7;719;4;343;4;0;343;4;2;1;0;7;336;76;0;177;2;2;60;19;
030601039;900;463;0;848;5;437;5;3;437;0;0;9;0;9;428;105;2;205;1;5;85;25;
030601040;650;345;3;291;11;302;11;0;302;0;6;0;0;6;296;61;1;141;0;2;70;21;
030601041;500;287;2;491;9;211;9;0;211;1;2;1;0;4;207;68;0;66;1;5;58;9;
030601042;500;256;2;464;9;242;9;7;242;1;0;0;0;1;241;62;5;118;3;2;37;14;
030601043;400;201;0;367;0;199;0;0;199;0;7;0;0;7;192;51;1;98;0;2;33;7;
030601044;750;387;2;712;4;361;4;2;361;1;4;0;0;5;356;69;3;217;1;3;54;9;
030601045;800;449;0;775;11;351;11;0;351;0;4;0;0;4;347;64;0;168;0;5;90;20;
030601046;1000;541;0;945;17;459;17;11;459;5;3;0;0;8;451;80;2;227;2;3;114;23;
030601047;1000;519;0;971;22;481;22;1;481;2;11;0;2;15;466;81;6;239;4;7;103;26;
030601048;1050;565;0;1028;14;485;14;0;485;0;6;0;0;6;479;90;1;214;3;4;138;29;
030601049;1000;588;1;956;1;411;1;4;411;3;2;4;0;9;402;110;5;194;0;3;69;21;
030601050;1000;527;2;928;0;471;0;0;471;0;4;0;0;4;467;86;2;256;0;8;92;23;
030601051;1000;621;0;935;1;379;1;0;379;0;7;0;0;7;372;90;2;154;2;1;103;20;
030601052;1000;637;0;951;2;363;2;0;363;1;5;1;0;7;356;59;2;169;0;6;101;19;
030601053;1050;629;4;1022;0;417;0;0;417;1;9;0;0;10;407;77;0;216;2;3;90;19;
030601054;1050;570;2;1017;3;478;3;9;478;2;3;0;0;5;473;79;2;258;1;12;99;22;
030601055;1100;654;0;1035;13;446;13;6;446;5;4;0;0;9;437;57;1;251;1;4;105;18;
030601056;1000;576;3;990;8;421;8;2;421;5;8;0;0;13;408;67;1;224;1;1;100;14;
030601057;1000;666;0;991;0;334;0;0;334;0;6;0;0;6;328;55;1;188;0;6;65;13;
030601058;1000;639;0;940;1;361;1;3;361;14;0;0;0;14;347;39;0;203;1;7;75;22;
030601059;1100;738;1;1049;1;361;1;0;361;6;0;0;0;6;355;64;0;192;0;3;80;16;
030601060;950;565;0;911;2;385;2;8;385;1;8;0;0;9;376;71;2;175;1;1;93;33;
030601061;800;456;0;744;0;344;0;0;344;3;5;0;0;8;336;47;0;153;2;4;109;21;
030601062;900;511;1;881;0;388;0;0;388;1;2;0;0;3;385;70;0;203;1;6;89;16;
030601063;900;522;0;873;0;378;0;1;378;7;7;2;0;16;362;67;0;181;0;4;99;11;
030601064;800;475;0;766;12;325;12;0;325;1;4;0;1;6;319;49;0;144;2;1;109;14;
030601065;800;492;2;710;8;306;8;0;306;10;0;0;0;10;296;50;0;129;5;2;94;16;
030601066;850;516;2;815;12;332;12;0;332;2;2;0;0;4;328;41;1;179;2;2;89;14;
030601067;800;551;0;716;3;249;3;0;249;10;2;0;0;12;237;17;1;133;1;2;74;9;
030601068;1000;599;11;927;1;390;1;3;390;1;8;1;1;11;379;55;0;211;3;3;94;13;
030601069;800;544;0;764;3;256;3;0;256;2;3;0;0;5;251;23;2;132;2;1;76;15;
030601070;1000;577;14;964;4;409;4;6;409;2;5;4;3;14;395;53;1;226;1;5;92;17;
030601071;700;408;3;669;7;289;7;3;289;2;0;10;0;12;277;28;2;118;1;3;113;12;
030601072;850;531;3;808;1;316;1;0;316;2;6;0;0;8;308;25;0;166;0;4;104;9;
030601073;600;445;0;559;1;155;1;0;155;0;0;0;0;0;155;7;0;96;0;1;46;5;
030601074;450;333;2;412;0;115;0;6;115;3;0;0;0;3;112;13;1;59;0;1;36;2;
030601075;750;570;2;714;7;178;7;0;178;1;2;0;0;3;175;1;3;136;1;1;33;0;
030601076;903;726;5;876;8;172;8;0;172;0;0;8;0;8;164;3;1;144;0;3;7;6;
030601077;950;652;4;908;0;294;0;0;294;0;0;2;0;2;292;15;1;146;0;2;120;8;
030601078;1000;707;1;937;0;292;0;3;292;9;0;0;0;9;283;30;0;134;0;2;108;9;
030601079;950;531;1;977;0;418;0;0;418;0;5;0;0;5;413;48;3;215;1;5;118;23;
030601080;1000;645;0;931;0;355;0;5;355;1;8;2;0;11;344;61;1;154;2;2;109;15;
030601081;1000;731;2;935;0;267;0;0;267;0;4;8;0;12;255;23;1;137;2;2;73;17;
030601082;850;575;0;268;7;275;7;0;275;1;1;0;0;2;273;43;2;149;0;3;61;15;
030601083;650;411;1;604;0;238;0;0;238;6;0;0;0;6;232;37;2;131;1;4;46;11;
030602084;700;359;0;748;6;341;6;6;341;1;2;0;0;3;338;58;1;161;2;4;95;17;
030602085;700;339;0;678;1;361;1;0;361;0;7;0;0;7;354;36;4;240;0;4;58;12;
030602086;600;232;0;681;5;368;5;4;368;2;1;1;0;4;364;60;1;206;2;2;80;13;
030602087;800;404;1;855;22;395;22;0;395;1;2;3;0;6;389;51;3;230;3;0;91;11;
030602088;900;511;0;927;0;389;0;5;389;2;0;0;0;2;387;48;2;190;2;4;121;20;
030602089;700;360;2;780;13;338;13;0;338;0;2;6;0;8;330;62;3;170;0;7;74;14;
030602090;1000;525;2;985;6;473;6;5;473;0;4;0;0;4;469;76;0;269;5;2;91;26;
030602091;600;321;1;647;3;278;3;4;278;2;0;0;0;2;276;50;3;147;2;4;57;13;
030602092;1000;538;0;997;11;462;11;0;462;1;3;0;0;4;458;81;4;233;2;3;117;18;
030602093;900;509;1;894;2;390;2;0;390;1;3;1;0;5;385;75;3;192;3;4;89;19;
030602094;1000;592;0;977;5;408;5;2;408;5;8;1;0;14;394;72;0;222;0;6;85;9;
030602095;800;338;1;858;98;461;98;3;461;2;8;0;0;10;451;68;0;264;2;6;87;24;
030602096;900;533;6;885;17;361;17;6;361;4;0;3;0;7;354;51;0;203;0;5;72;23;
030602097;1000;616;2;723;0;382;0;6;382;0;5;0;0;5;377;40;2;245;2;5;77;6;
030602098;600;303;0;603;7;297;7;0;297;3;6;0;0;9;288;27;2;188;6;1;55;9;
030602099;497;313;2;456;0;182;0;6;182;1;5;0;0;6;176;23;1;96;2;2;40;12;
030602100;800;438;1;814;2;361;2;0;361;3;8;0;0;11;350;43;1;190;6;4;87;19;
030602101;700;413;14;709;3;273;3;0;273;5;9;0;0;14;259;37;1;132;0;1;79;9;
030602102;800;477;2;835;4;321;4;0;321;5;2;0;0;7;314;45;3;187;1;0;60;18;
030602103;300;141;0;69;144;159;144;0;159;2;0;0;0;2;157;11;1;93;1;4;38;9;
030602104;900;491;1;936;15;408;15;7;408;0;4;0;0;4;404;33;2;232;2;1;123;11;
030602105;800;448;2;828;3;350;3;5;350;0;3;0;0;3;347;33;1;221;0;5;70;17;
030602106;600;306;0;582;1;294;1;0;294;2;1;3;0;6;288;37;0;165;2;3;74;7;
030602107;900;498;3;870;1;399;1;0;399;1;9;0;0;10;389;59;4;205;2;6;104;9;
030602108;800;510;1;745;5;289;5;0;289;4;3;0;0;7;282;32;2;158;1;1;77;11;
030602109;800;498;1;823;1;301;1;2;301;2;2;0;1;5;296;34;1;145;1;6;97;12;
030602110;800;472;1;807;11;327;11;3;327;0;4;6;0;10;317;51;0;160;0;4;84;18;
030602111;997;616;1;919;20;380;20;0;380;0;6;1;0;7;373;37;5;182;1;5;119;24;
030602112;1000;584;4;1059;7;412;7;0;412;8;3;0;0;11;401;60;3;197;1;3;120;17;
030602113;1000;636;3;863;10;361;10;7;361;0;4;0;0;4;357;40;1;198;2;2;106;8;
030602114;1000;593;0;986;1;407;1;4;407;0;2;2;0;4;403;55;3;189;9;7;127;13;
030602115;700;325;2;769;3;373;3;7;373;0;4;0;0;4;369;36;3;227;2;4;78;19;
030602116;800;411;1;790;1;388;1;0;388;0;2;0;1;3;385;52;4;225;1;1;89;13;
030602117;694;376;0;755;7;318;7;0;318;0;2;1;1;4;314;44;2;153;2;1;92;20;
030602118;904;541;1;863;4;362;4;0;362;0;3;4;0;7;355;43;1;209;4;2;86;10;
030602119;800;437;0;854;1;363;1;0;363;2;1;0;0;3;360;45;1;217;1;1;78;17;
030602120;900;525;0;925;6;375;6;4;375;2;1;6;0;9;366;44;1;197;0;4;104;16;
030602121;800;455;1;336;8;344;8;6;344;5;5;0;0;10;334;35;0;178;2;1;101;17;
030602122;904;498;2;895;2;404;2;6;404;0;4;0;0;4;400;61;0;224;0;3;78;34;
030602123;600;384;1;621;3;215;3;3;215;0;4;0;0;4;211;28;1;112;0;1;59;10;
030602124;700;488;2;674;0;210;0;0;210;1;3;5;0;9;201;28;0;111;1;3;53;5;
030602125;800;477;2;836;3;321;3;0;321;2;2;0;0;4;317;32;1;169;1;3;106;5;
030602126;900;601;0;865;2;299;2;5;299;1;1;2;0;4;295;38;0;128;4;2;104;19;
030602127;800;353;0;869;17;447;17;0;447;0;7;0;0;7;440;109;1;217;5;4;72;32;
030602128;900;486;0;929;5;414;5;3;414;0;7;0;0;7;407;83;2;194;6;6;98;18;
030602129;904;468;1;906;3;435;3;0;435;3;4;7;0;14;421;116;4;183;1;4;88;25;
030602130;700;232;1;335;132;467;132;0;467;3;8;0;0;11;456;69;3;272;4;3;88;17;
030602131;700;279;2;785;62;419;62;2;419;0;6;0;0;6;413;75;0;243;1;4;63;27;
030602132;709;298;1;757;63;410;63;2;410;3;1;1;0;5;405;91;1;218;2;4;68;21;
030602133;700;318;2;756;40;380;40;0;380;1;3;0;0;4;376;95;1;201;0;11;53;15;
030602134;1000;533;1;967;1;466;1;0;466;1;4;0;0;5;461;125;8;196;1;3;101;27;
030602135;1000;531;0;997;19;469;19;0;469;2;0;0;0;2;467;82;3;265;2;4;90;21;
030602136;779;360;3;835;8;416;8;5;416;3;4;2;0;9;407;68;7;229;1;3;82;17;
030602137;900;416;4;959;28;480;28;0;480;1;7;0;0;8;472;84;2;230;2;6;124;24;
030602138;800;437;0;780;7;363;7;2;363;10;8;0;0;18;345;101;0;165;4;2;60;13;
030602139;900;530;0;881;23;370;23;5;370;5;3;0;1;9;361;74;1;184;0;9;73;20;
030602140;700;342;2;669;10;356;10;0;356;2;1;7;0;10;346;36;4;250;0;2;45;9;
030602141;800;387;5;811;10;408;10;5;408;1;2;7;2;12;396;40;0;267;1;0;79;9;
030602142;700;372;1;739;6;327;6;0;327;1;6;0;0;7;320;60;2;167;0;3;75;13;
030602143;800;437;1;782;5;362;5;7;362;1;4;0;0;5;357;56;4;186;4;3;92;12;
030602144;800;460;0;783;3;340;3;3;340;2;2;0;0;4;336;43;0;186;3;4;85;15;
030602145;700;357;2;718;7;341;7;0;341;5;1;2;0;8;333;51;2;191;0;5;71;13;
030602146;700;369;2;713;5;329;5;0;329;1;5;6;0;12;317;67;2;141;2;2;82;21;
030602147;900;515;0;928;17;385;17;0;385;1;2;0;0;3;382;61;5;184;1;3;111;17;
030602148;700;389;0;682;2;311;2;0;311;2;5;0;0;7;304;59;0;148;1;6;72;18;
030602149;1000;530;2;1052;7;468;7;0;468;1;5;9;1;16;452;68;1;244;3;1;120;15;
030602150;500;294;0;361;61;206;61;0;206;1;1;0;1;3;203;35;3;118;0;2;41;4;
030602151;700;393;1;755;18;306;18;0;306;0;5;0;0;5;301;61;1;170;1;3;36;29;
030602152;700;466;1;230;3;233;3;1;233;1;5;0;0;6;227;32;5;115;0;4;61;10;
030602153;582;276;3;627;10;303;10;0;303;0;6;0;0;6;297;46;3;169;1;2;67;9;
030602154;700;315;0;385;16;385;16;0;385;1;5;0;0;6;379;52;4;218;0;3;89;13;
030602155;700;327;2;684;0;371;0;0;371;8;0;0;0;8;363;63;0;205;2;1;71;21;
030602156;700;331;4;697;4;365;4;0;365;1;1;0;0;2;363;62;2;238;1;3;47;10;
030602157;600;260;3;593;8;337;8;0;337;2;0;0;0;2;335;87;5;153;1;1;76;12;
030602158;800;415;2;765;4;383;4;6;383;1;10;0;1;12;371;72;4;220;2;1;61;11;
030602159;696;305;2;754;6;389;6;3;389;1;1;0;1;3;386;52;1;237;1;4;77;14;
030602160;800;413;0;753;3;387;3;5;387;1;7;0;0;8;379;74;4;213;0;2;75;11;
030602161;700;375;2;659;0;323;0;0;323;8;5;0;0;13;310;60;6;166;6;7;47;18;
030602162;800;359;2;834;0;439;0;0;439;0;4;0;0;4;435;70;5;248;2;4;82;24;
030602163;700;349;1;684;3;350;3;7;350;1;7;0;0;8;342;68;3;169;2;6;84;10;
030602164;800;456;1;792;14;343;14;5;343;0;9;0;0;9;334;64;2;163;1;3;87;14;
030602165;800;420;4;731;0;376;0;5;376;0;4;1;0;5;371;58;3;218;0;3;73;16;
030602166;700;361;3;649;7;336;7;0;336;0;1;3;0;4;332;67;2;172;2;4;71;14;
030602167;900;400;0;906;10;500;10;0;500;4;6;1;0;11;489;86;0;268;5;2;104;24;
030602168;902;558;0;938;20;344;20;3;344;2;2;1;0;5;339;59;0;168;0;2;99;11;
030602169;800;422;7;849;1;371;1;4;371;2;3;1;0;6;365;94;1;142;2;7;97;22;
030602170;700;428;0;708;1;272;1;6;272;2;11;0;0;13;259;62;0;102;1;3;71;20;
030602171;800;513;1;786;16;286;16;3;286;1;0;2;0;3;283;51;1;132;3;3;79;14;
030602172;200;176;1;123;0;23;0;6;23;0;0;2;0;2;21;2;0;11;0;1;7;0;
030602173;700;376;1;719;3;323;3;4;323;8;2;0;0;10;313;31;1;124;3;3;142;9;
030602174;700;403;0;683;1;297;1;0;297;3;3;0;0;6;291;36;2;112;4;2;127;8;
030602175;800;445;3;789;2;352;2;0;352;0;3;0;0;3;349;46;1;140;1;3;147;11;
030602176;700;432;0;701;0;268;0;2;268;0;3;0;0;3;265;29;2;98;1;1;122;12;
030602177;1000;577;0;973;5;423;5;0;423;5;4;0;0;9;414;62;0;155;5;3;165;24;
030602178;898;448;1;966;1;449;1;2;449;11;0;0;0;11;438;52;1;177;1;4;171;32;
030602373;200;79;1;159;0;120;0;8;120;1;5;0;0;6;114;8;1;69;1;0;32;3;
030602374;93;41;0;82;0;52;0;6;52;1;1;0;0;2;50;9;1;31;0;0;6;3;
030602375;200;164;1;173;7;35;7;6;35;0;0;0;0;0;35;8;1;15;1;2;7;1;
030602376;96;49;1;58;0;46;0;8;46;1;0;1;0;2;44;7;0;27;0;3;6;1;
030602377;100;82;0;25;3;18;3;3;18;0;0;0;0;0;18;3;0;10;0;1;4;0;
030602379;300;183;1;152;1;116;1;4;116;8;3;2;0;13;103;7;1;53;6;3;30;3;
030602400;700;319;0;737;16;381;16;0;381;0;5;0;0;5;376;64;1;200;2;1;92;16;
030602401;1000;550;3;1032;5;447;5;6;447;2;1;0;0;3;444;77;1;222;3;2;108;31;
030602402;483;374;1;254;7;108;7;0;108;2;0;0;0;2;106;26;0;47;0;1;25;7;
030602403;500;411;0;243;0;89;0;6;89;1;0;0;0;1;88;15;1;55;0;0;17;0;
030603179;748;384;13;831;7;351;7;0;351;0;3;0;0;3;348;20;0;247;5;2;66;8;
030603180;491;264;0;566;1;227;1;14;227;1;1;1;0;3;224;21;0;108;0;4;77;14;
030603181;721;448;1;807;8;272;8;1;272;1;1;0;0;2;270;32;1;152;4;4;67;10;
030603182;760;445;0;844;4;315;4;0;315;0;4;0;0;4;311;22;1;205;0;3;71;9;
030603183;686;427;3;771;1;256;1;3;256;1;2;0;0;3;253;23;0;135;2;1;84;8;
030603184;738;425;1;828;2;312;2;4;312;3;4;2;0;9;303;37;1;153;0;4;99;9;
030603185;764;450;23;849;3;291;3;2;291;0;0;4;0;4;287;38;0;152;3;4;83;7;
030603186;794;394;0;910;0;400;0;4;400;1;1;2;0;4;396;52;1;222;5;4;105;7;
030603187;824;501;0;916;0;323;0;2;323;2;2;3;0;7;316;41;0;188;2;2;70;13;
030603188;811;498;0;906;0;313;0;1;313;0;4;0;1;5;308;45;0;167;0;5;82;9;
030603189;733;396;0;814;4;337;4;3;337;1;10;4;0;15;322;39;3;173;4;2;89;12;
030603190;767;424;2;859;0;341;0;0;341;0;1;0;0;1;340;33;1;190;3;1;98;14;
030603191;936;526;0;947;0;410;0;0;410;2;9;0;0;11;399;38;0;224;1;7;110;19;
030603192;841;461;1;940;0;379;0;2;379;3;3;12;1;19;360;28;1;177;1;2;134;17;
030603193;736;406;12;826;2;318;2;6;318;2;3;7;0;12;306;36;2;171;1;3;81;12;
030603194;757;409;2;842;0;346;0;1;346;0;5;0;1;6;340;43;2;179;2;3;99;12;
030603195;789;429;0;880;0;360;0;3;360;3;1;0;0;4;356;46;3;211;2;3;79;12;
030603196;828;426;1;928;3;401;3;1;401;0;2;1;0;3;398;45;3;213;1;4;111;21;
030603197;701;417;0;783;0;284;0;0;284;1;3;0;0;4;280;29;1;139;1;2;93;15;
030603198;711;439;2;798;6;270;6;0;270;1;5;0;0;6;264;22;3;159;3;1;63;13;
030603199;429;248;2;480;0;179;0;2;179;0;2;0;0;2;177;20;0;96;2;2;49;8;
030603200;527;332;1;589;0;194;0;1;194;1;2;0;0;3;191;18;0;101;1;5;62;4;
030603201;512;234;0;575;6;278;6;8;278;0;4;1;2;7;271;23;1;132;1;4;96;14;
030603202;807;371;1;907;10;435;10;0;435;6;2;1;0;9;426;34;1;261;2;1;102;25;
030603203;431;180;1;490;3;250;3;3;250;0;2;4;0;6;244;34;0;146;0;9;43;12;
030603204;366;163;1;415;1;202;1;0;202;0;3;3;0;6;196;30;2;117;1;0;40;6;
030603205;794;400;0;887;5;394;5;0;394;3;5;15;0;23;371;27;2;189;4;4;134;11;
030603206;519;250;0;581;2;269;2;3;269;2;1;2;1;6;263;24;1;153;0;2;75;8;
030603207;519;306;0;585;8;213;8;2;213;1;2;10;0;13;200;10;0;107;0;2;70;11;
030603208;587;347;3;658;0;237;0;3;237;0;1;0;0;1;236;19;1;146;1;1;61;7;
030603209;400;203;1;450;0;196;0;5;196;1;1;9;0;11;185;15;2;107;0;0;56;5;
030603210;434;237;1;483;1;196;1;0;196;1;1;0;0;2;194;23;1;120;0;3;41;6;
030603211;323;156;1;363;1;166;1;2;166;0;4;0;0;4;162;25;0;118;1;0;17;1;
030603212;380;199;3;427;0;178;0;4;178;0;0;3;0;3;175;21;1;98;0;0;50;5;
030603213;625;340;2;698;1;283;1;0;283;7;2;0;0;9;274;18;1;156;2;5;87;5;
030603214;558;308;2;624;0;248;0;0;248;1;1;0;0;2;246;14;0;160;0;2;59;11;
030603215;692;346;2;797;6;344;6;1;344;2;0;0;0;2;342;41;0;201;2;2;83;13;
030603216;398;204;2;447;0;192;0;4;192;1;3;1;0;5;187;14;4;128;0;0;38;3;
030603217;595;322;1;666;0;272;0;5;272;1;3;7;0;11;261;29;1;158;3;1;60;9;
030603218;616;314;1;692;0;301;0;7;301;2;4;2;0;8;293;31;3;168;0;0;81;10;
030603219;601;362;0;667;0;239;0;9;239;1;1;3;0;5;234;36;3;126;0;1;57;11;
030603220;724;375;2;810;0;347;0;4;347;2;5;0;0;7;340;28;2;186;2;6;102;14;
030603221;715;398;3;801;0;314;0;1;314;2;5;0;0;7;307;23;5;172;2;2;93;10;
030603222;543;274;2;594;3;267;3;1;267;0;4;0;0;4;263;23;1;140;2;6;75;16;
030603223;553;296;1;616;6;256;6;0;256;6;2;1;0;9;247;17;0;159;1;4;61;5;
030603224;876;470;0;980;0;406;0;3;406;1;6;1;0;8;398;41;8;220;2;2;103;22;
030603225;568;279;1;637;2;288;2;5;288;0;2;5;0;7;281;34;1;153;1;0;81;11;
030603226;609;310;0;684;0;299;0;5;299;1;8;5;0;14;285;39;1;144;1;4;77;19;
030603227;724;361;4;807;1;359;1;0;359;0;2;0;0;2;357;35;1;223;2;6;77;13;
030603228;635;265;3;716;0;367;0;0;367;2;0;5;0;7;360;35;2;215;1;1;90;16;
030603229;658;313;2;731;7;343;7;0;343;1;7;0;0;8;335;29;2;213;3;2;75;11;
030603230;732;334;2;814;0;396;0;0;396;2;1;2;0;5;391;48;0;237;6;2;78;20;
030603231;706;329;1;788;0;376;0;0;376;2;8;4;0;14;362;31;0;237;1;2;79;12;
030603232;793;448;3;883;0;342;0;2;342;1;2;1;1;5;337;38;2;198;2;0;80;17;
030603233;499;241;1;564;6;257;6;9;257;8;2;0;0;10;247;28;1;135;3;5;60;15;
030603234;368;180;3;409;4;185;4;0;185;0;1;1;0;2;183;18;0;92;0;2;59;12;
030603235;606;297;0;678;2;309;2;0;309;5;2;0;0;7;302;24;3;170;1;2;89;13;
030603236;431;193;2;487;0;236;0;0;236;0;0;2;0;2;234;30;2;149;0;3;41;9;
030603237;632;308;3;705;0;321;0;2;321;1;2;1;1;5;316;31;2;173;2;4;88;16;
030603238;748;361;1;838;0;386;0;0;386;5;5;2;0;12;374;38;1;208;0;4;103;20;
030603239;454;209;0;510;0;245;0;6;245;2;1;0;0;3;242;25;3;141;0;1;58;14;
030603240;599;261;1;675;1;337;1;4;337;2;7;0;0;9;328;59;5;172;1;9;72;10;
030603241;392;159;0;436;1;233;1;0;233;1;3;4;0;8;225;24;3;126;2;6;52;12;
030603242;490;261;1;559;0;228;0;8;228;3;1;0;0;4;224;18;0;142;0;3;58;3;
030603243;472;226;3;537;3;243;3;9;243;0;2;0;0;2;241;32;1;140;0;4;56;8;
030603244;567;282;0;633;0;285;0;0;285;0;7;0;0;7;278;32;1;142;3;5;82;13;
030603245;771;392;2;853;7;377;7;2;377;1;7;7;0;15;362;41;4;229;2;3;71;12;
030603246;498;251;0;557;0;247;0;4;247;3;0;6;0;9;238;25;1;123;2;2;70;15;
030603247;628;318;0;711;13;310;13;0;310;1;13;0;0;14;296;28;1;146;2;6;95;18;
030603248;801;378;2;899;1;421;1;4;421;1;3;6;0;10;411;36;6;244;0;3;112;10;
030603249;762;416;1;852;4;345;4;0;345;1;1;8;0;10;335;24;3;208;3;4;77;16;
030603250;703;412;1;787;0;290;0;3;290;2;7;0;1;10;280;18;1;180;1;5;67;8;
030603251;709;392;2;788;4;315;4;0;315;0;7;1;0;8;307;39;1;181;1;2;75;8;
030603252;404;264;0;388;0;140;0;5;140;1;1;0;0;2;138;8;2;85;0;2;37;4;
030603253;774;429;0;865;0;345;0;2;345;1;1;1;0;3;342;47;1;181;5;3;94;11;
030603254;698;415;4;670;0;279;0;0;279;3;1;1;0;5;274;35;2;163;0;1;60;13;
030603255;708;379;1;769;0;328;0;1;328;2;3;0;0;5;323;52;0;145;2;1;108;15;
030603256;661;394;3;742;0;264;0;0;264;6;2;2;0;10;254;21;1;117;0;3;95;17;
030603257;571;316;4;640;0;251;0;0;251;1;1;0;0;2;249;14;0;134;2;0;86;13;
030603258;798;383;1;905;0;414;0;0;414;0;8;0;0;8;406;55;3;210;3;1;114;20;
030603259;600;375;0;668;9;225;9;5;225;2;12;0;0;14;211;29;1;110;1;3;56;11;
030603260;684;536;3;768;8;145;8;7;145;0;4;0;0;4;141;7;1;86;3;1;43;0;
030603261;757;511;4;849;0;242;0;2;242;4;1;0;0;5;237;21;0;102;0;3;103;8;
030603262;798;428;0;887;6;370;6;0;370;8;2;20;0;30;340;8;1;289;1;1;34;6;
030603263;652;424;2;731;0;226;0;3;226;4;1;5;0;10;216;11;0;158;1;3;39;4;
030603264;683;372;0;769;0;311;0;4;311;0;5;1;0;6;305;35;0;169;0;0;83;18;
030603265;625;363;4;696;4;258;4;0;258;6;0;0;0;6;252;28;2;118;1;2;91;10;
030603266;755;524;3;840;4;228;4;0;228;1;1;0;1;3;225;22;0;131;3;1;57;11;
030603267;653;487;1;737;1;165;1;0;165;0;0;0;0;0;165;2;0;114;0;0;46;3;
030603268;455;265;0;514;2;190;2;5;190;2;0;2;0;4;186;27;0;88;2;1;63;5;
030603269;619;271;8;705;0;340;0;0;340;3;3;0;2;8;332;42;0;172;1;4;102;11;
030603270;562;262;3;636;11;297;11;0;297;0;2;6;0;8;289;38;2;153;0;8;74;14;
030603271;685;345;0;762;5;340;5;0;340;3;9;2;0;14;326;41;0;139;0;5;107;34;
030603272;605;295;2;674;8;308;8;0;308;1;6;0;0;7;301;58;1;128;2;1;100;11;
030603273;286;166;2;318;0;118;0;0;118;0;3;0;0;3;115;20;1;57;1;1;32;3;
030603274;454;211;2;513;0;241;0;6;241;5;1;0;0;6;235;21;2;154;0;2;48;8;
030603275;523;259;2;587;0;262;0;4;262;1;0;0;0;1;261;36;1;138;2;4;64;16;
030603276;401;203;0;446;10;198;10;0;198;1;3;0;1;5;193;28;0;120;0;1;40;4;
030603277;455;221;3;506;9;231;9;6;231;0;3;5;0;8;223;13;0;141;3;3;49;14;
030603380;156;0;0;156;0;156;0;0;156;24;3;0;0;27;129;14;2;56;6;5;44;2;
030603381;48;12;0;40;0;36;0;0;36;0;0;0;0;0;36;3;0;16;1;0;16;0;
030604278;554;317;1;538;1;236;1;8;236;1;4;5;0;10;226;23;0;112;1;4;74;12;
030604279;605;352;0;576;1;253;1;2;253;0;4;0;0;4;249;36;0;118;3;3;80;9;
030604280;573;330;0;556;9;243;9;0;243;2;0;1;0;3;240;8;3;150;0;1;74;4;
030604281;694;366;2;662;0;326;0;3;326;3;9;1;0;13;313;35;3;168;2;4;85;16;
030604282;512;327;1;492;0;184;0;0;184;0;1;0;0;1;183;13;0;103;1;2;58;6;
030604283;483;301;1;468;0;181;0;5;181;0;0;0;0;0;181;18;1;86;1;0;68;7;
030604284;773;518;1;746;0;254;0;0;254;1;3;0;0;4;250;22;0;115;4;7;98;4;
030604285;459;229;1;453;0;229;0;6;229;8;9;0;0;17;212;6;1;185;2;3;13;2;
030604286;829;517;1;311;0;311;0;3;311;1;2;0;0;3;308;19;0;167;1;1;109;11;
030604287;1000;713;0;726;0;287;0;0;287;0;12;0;0;12;275;9;1;236;2;4;23;0;
030604288;680;387;0;654;0;293;0;4;293;0;0;0;0;0;293;30;0;148;1;2;102;10;
030604289;1000;768;2;624;0;230;0;2;230;0;4;0;0;4;226;21;1;127;2;8;57;10;
030604290;422;223;0;403;0;199;0;0;199;4;1;0;0;5;194;11;0;136;0;1;43;3;
030604291;699;414;3;673;0;282;0;0;282;0;2;0;1;3;279;29;2;143;1;4;87;13;
030604292;465;275;1;449;0;189;0;5;189;1;0;6;0;7;182;16;0;106;1;2;52;5;
030604293;484;302;3;467;1;179;1;0;179;0;0;0;3;3;176;19;1;99;1;2;49;5;
030604294;796;520;1;763;5;275;5;0;275;0;0;1;0;1;274;28;0;148;2;3;77;16;
030604295;506;276;2;493;0;228;0;6;228;7;3;13;0;23;205;14;0;186;0;2;3;0;
030604296;822;517;1;788;0;304;0;3;304;5;5;0;0;10;294;26;0;145;1;5;109;8;
030604297;888;552;3;848;0;333;0;3;333;1;4;0;1;6;327;26;1;167;4;1;116;12;
030604298;924;533;1;885;0;390;0;1;390;0;0;20;0;20;370;27;0;208;5;2;107;21;
030604299;553;388;2;530;0;163;0;1;163;1;2;0;1;4;159;9;0;100;1;1;47;1;
030604300;807;521;0;773;0;286;0;2;286;6;4;0;0;10;276;21;2;159;2;5;74;13;
030604301;798;525;2;760;0;271;0;0;271;3;4;0;0;7;264;23;1;135;4;4;88;9;
030604302;940;594;3;896;0;343;0;2;343;3;6;6;0;15;328;19;1;181;0;3;112;12;
030604303;693;443;1;662;0;249;0;0;249;3;1;0;0;4;245;22;1;134;1;4;72;11;
030604304;702;436;1;674;0;265;0;3;265;1;3;0;0;4;261;22;1;139;0;2;89;8;
030604305;784;488;0;296;0;296;0;3;296;0;1;0;0;1;295;40;0;142;4;1;93;15;
030604306;664;416;1;645;0;247;0;11;247;3;3;6;0;12;235;21;1;132;2;7;57;15;
030604307;811;478;2;773;1;331;1;4;331;0;4;2;0;6;325;15;1;188;1;5;104;11;
030604308;636;382;1;611;0;253;0;2;253;0;3;7;0;10;243;14;0;126;2;1;92;8;
030604309;631;398;2;603;1;231;1;1;231;2;3;4;0;9;222;27;1;94;1;3;85;11;
030604310;627;385;3;620;1;239;1;4;239;3;1;1;0;5;234;26;4;125;1;2;64;12;
030604311;945;671;4;902;0;270;0;0;270;1;2;0;0;3;267;25;1;129;3;4;100;5;
030604312;802;527;0;762;0;275;0;1;275;7;0;0;0;7;268;28;1;145;1;3;85;5;
030604313;965;539;0;920;0;426;0;2;426;4;0;0;0;4;422;30;3;270;5;2;98;14;
030604314;679;397;1;649;0;281;0;0;281;0;3;1;0;4;277;24;0;159;2;0;81;11;
030604315;371;202;0;361;0;169;0;7;169;2;0;0;0;2;167;10;1;90;3;1;53;9;
030604316;513;284;1;492;0;228;0;0;228;5;0;0;0;5;223;20;0;122;0;2;69;10;
030604317;453;266;1;439;0;186;0;8;186;1;4;0;0;5;181;7;0;98;6;1;66;3;
030604318;553;351;1;530;0;201;0;1;201;1;1;1;0;3;198;13;1;110;1;3;68;2;
030604319;666;391;2;642;0;273;0;5;273;1;3;0;0;4;269;35;0;143;1;7;77;6;
030604320;795;453;2;770;0;340;0;8;340;2;1;8;0;11;329;24;1;163;2;6;106;27;
030604321;586;379;0;561;0;207;0;1;207;2;1;0;0;3;204;22;0;114;1;1;58;8;
030604322;491;300;0;476;0;191;0;6;191;0;1;0;0;1;190;8;0;111;1;1;62;7;
030604323;685;446;3;236;10;236;10;9;236;4;3;0;0;7;229;17;2;145;0;2;57;6;
030604324;542;349;1;521;5;192;5;0;192;0;2;0;0;2;190;20;0;92;1;1;70;6;
030604325;781;506;0;746;0;275;0;0;275;2;3;1;0;6;269;20;3;130;4;4;100;8;
030604326;456;278;1;441;1;177;1;7;177;0;6;5;0;11;166;14;3;95;1;4;41;8;
030604327;517;331;1;495;3;185;3;3;185;0;1;0;0;1;184;25;0;97;1;1;57;3;
030604328;901;574;2;861;0;325;0;3;325;1;10;0;0;11;314;31;2;168;1;3;101;8;
030604329;465;316;0;444;0;149;0;0;149;1;4;0;0;5;144;12;0;76;2;3;49;2;
030604330;488;350;0;466;1;138;1;1;138;4;1;3;0;8;130;13;0;79;0;0;34;4;
030604331;433;314;2;416;0;117;0;0;117;1;0;2;0;3;114;11;0;78;0;1;18;6;
030604332;770;537;5;736;0;228;0;2;228;4;3;0;0;7;221;17;0;112;2;5;74;11;
030604333;527;356;2;506;4;169;4;0;169;1;3;0;0;4;165;9;0;99;3;2;46;6;
030604334;818;553;0;783;0;265;0;4;265;4;0;5;0;9;256;23;1;132;1;3;82;14;
030604335;502;310;4;477;0;188;0;0;188;0;3;0;0;3;185;12;1;90;7;4;63;8;
030604336;530;342;2;506;4;186;4;0;186;0;5;0;0;5;181;12;1;104;1;3;54;6;
030604337;747;448;3;713;0;296;0;0;296;1;1;7;0;9;287;19;1;161;3;1;90;12;
030604338;610;375;0;586;0;235;0;0;235;0;2;3;1;6;229;8;0;129;0;0;84;8;
030605339;750;440;1;757;2;309;2;2;309;1;1;0;0;2;307;39;0;153;2;2;95;16;
030605340;810;487;0;808;0;323;0;5;323;4;3;1;0;8;315;18;2;180;2;2;97;14;
030605341;800;478;3;798;1;319;1;6;319;6;0;0;0;6;313;26;3;156;2;3;100;23;
030605342;850;500;0;855;5;350;5;0;350;3;1;0;0;4;346;43;2;197;0;0;89;15;
030605343;840;488;1;835;2;351;2;2;351;1;3;0;0;4;347;24;2;191;1;0;110;19;
030605344;870;471;1;883;0;398;0;5;398;7;2;1;0;10;388;50;0;209;0;5;113;11;
030605345;680;394;1;685;0;285;0;0;285;2;4;3;0;9;276;24;0;134;4;7;97;10;
030605346;620;414;1;618;0;205;0;0;205;7;0;0;0;7;198;9;1;118;1;1;67;1;
030605347;720;447;1;726;0;272;0;7;272;5;0;2;0;7;265;30;2;148;2;3;71;9;
030605348;940;519;3;931;0;418;0;0;418;2;5;0;2;9;409;3;1;401;1;0;3;0;
030605349;750;469;3;750;0;278;0;1;278;3;1;0;0;4;274;5;0;201;3;2;58;5;
030605350;840;485;1;840;0;354;0;4;354;2;3;2;1;8;346;34;0;187;4;5;106;10;
030605351;880;462;4;882;0;414;0;0;414;4;4;5;0;13;401;28;1;247;0;3;112;10;
030605352;890;569;0;892;0;321;0;0;321;1;2;7;0;10;311;29;2;130;5;3;127;15;
030605353;830;457;1;834;1;372;1;0;372;1;4;1;0;6;366;39;0;207;3;0;95;22;
030605354;710;436;0;708;4;274;4;0;274;15;4;0;0;19;255;21;1;147;4;2;69;11;
030605355;891;520;11;891;2;360;2;1;360;2;1;1;1;5;355;29;1;215;1;4;100;5;
030605356;880;454;3;879;0;423;0;1;423;0;2;0;0;2;421;58;2;240;3;3;102;13;
030605357;590;330;1;589;0;259;0;0;259;0;4;0;0;4;255;30;1;145;1;2;69;7;
030605358;720;437;2;715;0;281;0;1;281;1;2;0;0;3;278;26;1;144;3;3;95;6;
030605359;560;303;3;563;0;254;0;0;254;1;1;0;0;2;252;0;2;244;0;1;4;1;
030605360;740;464;3;737;2;273;2;1;273;3;4;4;0;11;262;13;0;141;0;1;93;14;
030605361;850;505;3;846;1;342;1;3;342;4;2;0;0;6;336;41;1;185;2;2;95;10;
030605362;1000;619;3;971;0;378;0;3;378;4;2;0;0;6;372;38;6;175;4;8;126;15;
030605363;920;564;8;920;2;348;2;0;348;6;2;0;0;8;340;57;0;148;4;5;108;18;
030800001;627;275;0;627;0;352;0;0;352;18;2;2;0;22;330;10;0;110;3;0;205;2;
030800002;88;18;0;88;2;70;2;0;70;1;0;4;0;5;65;7;0;14;2;0;36;6;
030800003;315;116;1;319;2;198;2;0;198;4;8;0;0;12;186;14;1;138;3;1;26;3;
030800004;487;246;1;489;0;240;0;2;240;2;4;15;0;21;219;14;1;155;2;2;39;6;
030800005;607;214;1;608;1;392;1;0;392;2;2;8;0;12;380;6;3;343;2;1;22;3;
030800006;644;315;0;643;0;329;0;0;329;2;1;4;0;7;322;2;1;296;2;2;18;1;
030800007;292;131;1;292;0;160;0;0;160;0;4;5;0;9;151;15;1;85;1;2;38;9;
030800008;408;160;0;409;1;248;1;0;248;2;3;9;1;15;233;4;5;171;1;1;49;2;
030800009;471;185;3;472;1;283;1;0;283;2;9;3;2;16;267;10;0;199;4;1;49;4;
030800010;205;81;1;206;0;123;0;1;123;2;1;1;0;4;119;5;1;85;4;0;22;2;
030800011;57;19;0;56;0;38;0;1;38;0;3;2;0;5;33;10;0;21;0;1;0;1;
030800012;478;200;1;480;3;277;3;0;277;9;1;0;0;10;267;10;1;137;0;3;111;5;
030800013;556;233;0;556;0;323;0;0;323;2;9;0;0;11;312;7;0;187;1;1;109;7;
030900001;660;319;4;656;0;337;0;0;337;4;5;3;0;12;325;22;0;203;7;4;85;4;
030900002;780;382;2;776;4;396;4;0;396;4;6;1;0;11;385;14;1;209;3;4;140;14;
030900003;730;395;2;725;0;333;0;0;333;12;3;0;0;15;318;25;0;171;4;3;111;4;
030900004;840;515;3;833;1;322;1;0;322;3;3;0;0;6;316;16;5;187;4;6;94;4;
030900005;290;133;1;286;0;156;0;0;156;3;0;6;0;9;147;10;0;128;2;2;5;0;
030900006;220;88;0;219;3;132;3;0;132;3;1;0;0;4;128;8;3;83;0;3;24;7;
030900007;520;235;2;511;0;283;0;0;283;1;8;1;0;10;273;16;0;179;5;3;65;5;
030900008;490;221;0;485;1;269;1;0;269;1;14;1;0;16;253;11;1;165;3;2;68;3;
030900009;160;58;1;158;2;101;2;0;101;2;3;0;0;5;96;10;2;65;1;0;16;2;
030900010;290;131;0;289;0;159;0;4;159;1;4;0;0;5;154;10;1;112;1;2;23;5;
030900011;240;113;0;234;1;127;1;2;127;1;1;0;1;3;124;4;0;107;1;0;9;3;
030900012;560;308;2;555;6;250;6;3;250;0;2;0;0;2;248;10;1;207;6;3;18;3;
030900014;340;168;3;331;2;169;2;0;169;5;2;0;1;8;161;13;2;124;1;2;19;0;
030900015;140;61;1;132;0;78;0;0;78;3;0;0;0;3;75;2;0;60;1;0;10;2;
030900016;260;113;2;251;2;145;2;0;145;3;1;9;1;14;131;2;0;119;1;0;4;5;
030900017;230;83;1;227;1;146;1;0;146;8;2;0;0;10;136;4;0;117;2;0;13;0;
030900018;590;281;0;583;2;309;2;0;309;6;22;0;0;28;281;6;2;232;7;1;28;5;
030900019;80;30;0;78;0;50;0;0;50;1;0;0;0;1;49;6;0;41;0;0;2;0;
030900020;80;22;0;73;0;58;0;2;58;0;0;1;0;1;57;2;0;51;0;0;4;0;
030900021;720;344;2;714;0;374;0;8;374;3;8;0;4;15;359;31;4;271;3;1;41;8;
030900022;250;121;0;246;2;129;2;0;129;1;0;3;0;4;125;5;3;109;2;0;5;1;
030900023;205;113;1;200;1;91;1;1;91;1;3;1;0;5;86;0;2;76;2;0;4;2;
030900024;270;112;0;271;0;158;0;0;158;0;1;0;0;1;157;2;0;150;1;0;3;1;
030900025;600;332;0;590;0;268;0;0;268;11;2;0;0;13;255;17;2;117;4;2;107;6;
030900026;360;148;4;352;0;208;0;0;208;4;1;0;0;5;203;14;1;156;2;3;25;2;
031300001;700;320;1;686;1;379;1;0;379;1;4;0;0;5;374;17;1;130;0;2;215;9;
031300002;800;422;2;756;2;376;2;2;376;6;0;0;0;6;370;27;3;171;3;2;154;10;
031300003;750;353;2;702;0;395;0;0;395;1;10;0;0;11;384;6;0;245;4;2;123;4;
031300004;699;374;1;687;0;324;0;1;324;6;2;0;0;8;316;12;0;166;1;0;134;3;
031300005;950;457;2;919;8;491;8;8;491;2;1;0;0;3;488;6;5;461;3;2;8;3;
031300006;800;408;0;768;4;392;4;0;392;0;1;5;0;6;386;4;0;325;4;1;49;3;
031300007;850;450;0;822;0;400;0;0;400;4;12;0;0;16;384;19;1;249;0;0;110;5;
031300008;600;277;1;578;1;322;1;2;322;4;4;1;0;9;313;12;0;160;1;1;136;3;
031300009;700;323;1;697;0;376;0;0;376;26;0;0;0;26;350;5;3;280;2;1;52;7;
031300010;600;379;0;568;0;221;0;0;221;2;1;9;0;12;209;10;0;181;1;0;16;1;
031300011;450;262;0;444;3;188;3;0;188;1;6;0;0;7;181;2;0;83;3;2;87;4;
031300012;700;484;2;645;1;214;1;0;214;0;0;0;0;0;214;6;1;127;1;1;77;1;
031300013;850;383;0;825;0;467;0;0;467;1;0;0;1;2;465;19;2;265;4;5;163;7;
031300014;600;310;0;548;0;290;0;0;290;3;1;0;0;4;286;16;1;191;4;0;71;3;
031300015;550;383;3;527;0;164;0;0;164;2;0;23;0;25;139;2;3;114;2;2;16;0;
031300016;300;165;2;248;1;133;1;0;133;1;1;0;1;3;130;14;0;74;2;3;37;0;
031300017;150;65;0;104;0;85;0;0;85;1;0;0;0;1;84;4;0;47;1;0;30;2;
031300018;300;149;0;278;1;151;1;1;151;2;0;2;2;6;145;14;1;84;3;0;39;4;
031300019;100;43;0;94;0;57;0;0;57;2;2;0;0;4;53;3;0;35;3;1;11;0;
031300020;650;401;2;606;0;247;0;0;247;12;0;0;0;12;235;9;1;115;2;5;94;9;
031300021;130;48;0;129;0;82;0;0;82;0;1;0;0;1;81;0;0;79;0;0;2;0;
031300022;500;292;0;469;0;208;0;0;208;3;2;4;0;9;199;13;0;146;1;1;36;2;
031300023;580;307;0;544;0;273;0;0;273;3;0;0;0;3;270;14;2;126;2;3;123;0;
031300024;900;454;1;874;3;445;3;0;445;0;1;0;0;1;444;6;2;356;13;2;64;1;
031300025;589;281;1;543;0;307;0;0;307;2;1;1;0;4;303;7;0;161;2;0;128;5;
031300026;170;62;0;166;0;108;0;0;108;0;0;0;0;0;108;14;0;62;2;1;28;1;
031300027;600;332;2;560;1;266;1;1;266;1;2;2;0;5;261;17;1;123;4;1;109;6;
031300028;480;246;2;442;0;232;0;0;232;5;1;0;0;6;226;20;3;143;3;1;52;4;
031300029;30;5;0;28;1;25;1;1;25;0;3;0;0;3;22;1;0;11;0;0;10;0;
031400001;537;379;0;547;1;158;1;7;158;1;0;4;0;5;153;2;0;117;5;0;22;7;
031400002;130;55;0;135;0;75;0;0;75;6;0;0;0;6;69;2;0;58;4;0;4;1;
031400003;861;520;1;867;0;340;0;2;340;2;3;0;0;5;335;16;1;242;3;5;62;6;
031400004;823;460;0;830;0;363;0;3;363;5;3;0;0;8;355;19;5;235;3;6;82;5;
031400005;561;321;0;561;0;240;0;0;240;2;1;0;0;3;237;7;0;137;3;3;87;0;
031400006;728;445;1;728;0;282;0;0;282;0;6;0;0;6;276;9;0;160;8;2;91;6;
031400007;729;421;1;731;0;307;0;2;307;2;3;8;1;14;293;8;0;174;4;2;95;10;
031400008;716;375;0;335;6;341;6;0;341;1;1;3;0;5;336;42;2;118;2;1;154;17;
031400009;728;384;1;727;4;343;4;0;343;0;5;0;0;5;338;28;1;122;3;2;174;8;
031400010;702;365;2;707;0;335;0;5;335;12;6;0;0;18;317;35;0;96;2;0;171;13;
031400011;404;203;0;404;0;201;0;1;201;0;4;11;0;15;186;18;0;115;3;4;42;4;
031400012;257;99;1;257;2;157;2;0;157;0;4;0;0;4;153;12;2;93;3;0;36;7;
031600001;600;333;2;569;5;265;5;5;265;2;1;0;0;3;262;7;1;159;8;2;79;6;
031600002;500;275;2;468;1;223;1;5;223;1;5;0;0;6;217;4;1;130;4;2;70;6;
031600003;550;325;2;536;7;223;7;0;223;0;0;0;0;0;223;3;2;195;3;0;19;1;
031600004;800;357;1;916;3;442;3;3;442;5;2;15;1;23;419;22;0;223;4;5;160;5;
031600005;600;314;2;565;0;284;0;5;284;3;1;10;0;14;270;13;1;176;2;4;70;4;
031600006;600;291;0;659;3;309;3;0;309;2;18;1;0;21;288;15;2;145;4;2;117;3;
031600007;600;311;0;591;0;289;0;0;289;9;3;0;0;12;277;6;2;141;4;1;118;5;
031600008;600;238;1;626;1;361;1;5;361;1;1;11;0;13;348;17;2;133;0;1;193;2;
031600009;300;117;3;294;3;180;3;2;180;5;6;0;0;11;169;5;2;118;5;1;31;7;
031600010;300;145;1;258;1;154;1;1;154;2;2;0;0;4;150;11;1;89;3;3;42;1;
031600011;300;100;1;297;4;199;4;4;199;0;2;0;0;2;197;6;0;187;1;3;0;0;
031600012;200;112;1;176;3;87;3;0;87;2;4;0;0;6;81;4;0;66;3;0;6;2;
031600013;100;23;0;107;0;77;0;0;77;0;0;6;0;6;71;2;0;48;1;0;16;4;
031600014;100;28;1;114;0;71;0;4;71;0;1;2;0;3;68;1;0;54;0;0;10;3;
031600015;400;106;2;416;0;292;0;0;292;1;0;7;0;8;284;7;0;262;2;3;10;0;
031600016;700;233;4;696;0;463;0;0;463;8;7;23;0;38;425;13;3;362;2;4;41;0;
031600017;100;39;1;93;5;60;5;0;60;1;0;1;0;2;58;6;1;34;0;0;17;0;
031600018;401;113;1;414;5;287;5;0;287;6;1;0;0;7;280;1;1;274;0;3;1;0;
031600019;450;152;1;445;8;297;8;7;297;6;1;1;0;8;289;2;0;284;1;0;1;1;
031600020;900;402;2;906;0;496;0;5;496;7;2;3;1;13;483;1;2;475;1;1;3;0;
031600021;600;256;1;573;6;343;6;0;343;2;4;10;0;16;327;2;1;319;3;0;2;0;
031600022;700;194;1;721;7;505;7;0;505;2;2;0;0;4;501;4;3;489;1;0;3;1;
031600023;550;322;0;543;5;228;5;0;228;1;1;4;0;6;222;4;1;160;4;0;52;1;
031600024;350;151;1;329;6;198;6;0;198;1;1;0;0;2;196;7;0;124;2;0;61;2;
031600025;550;190;2;562;1;358;1;1;358;1;0;3;0;4;354;14;0;279;2;1;55;3;
031600026;550;228;0;571;1;322;1;0;322;9;11;17;0;37;285;0;0;233;4;0;46;2;
031600027;400;209;1;392;0;190;0;4;190;0;2;0;0;2;188;5;1;156;1;0;23;2;
032400001;760;488;0;719;4;272;4;1;272;3;0;0;0;3;269;6;1;186;2;2;68;4;
032400002;650;385;0;618;2;265;2;4;265;0;1;7;0;8;257;11;1;148;3;2;88;4;
032400003;680;393;0;642;0;287;0;2;287;0;3;3;0;6;281;9;0;140;1;2;123;6;
032400004;760;418;2;728;0;340;0;6;340;1;1;0;0;2;338;6;1;235;0;4;85;7;
032400005;650;371;0;619;0;279;0;0;279;3;4;0;0;7;272;25;0;173;3;3;61;7;
032400006;950;495;0;903;1;455;1;0;455;4;3;11;4;22;433;38;0;242;1;6;133;13;
032400007;911;494;1;866;0;416;0;0;416;7;0;0;1;8;408;34;1;235;1;2;123;12;
032400008;640;345;0;606;0;295;0;3;295;10;1;0;1;12;283;20;5;166;3;0;86;3;
032400009;600;350;0;563;0;250;0;0;250;0;4;0;0;4;246;12;1;148;4;4;74;3;
032400010;930;478;0;882;0;452;0;0;452;18;6;0;0;24;428;21;2;232;2;4;150;17;
032400011;850;458;0;826;2;392;2;9;392;0;4;3;0;7;385;19;2;242;2;4;107;9;
032400012;900;621;0;859;0;279;0;0;279;1;4;6;4;15;264;2;1;238;1;2;20;0;
032400013;780;431;0;349;0;349;0;5;349;2;5;0;0;7;342;23;0;229;2;1;81;6;
032400014;810;401;0;764;0;409;0;0;409;3;6;9;0;18;391;28;1;255;1;5;88;13;
032400015;740;363;0;690;0;377;0;7;377;0;0;15;0;15;362;29;1;219;2;1;104;6;
032400016;710;414;0;661;0;296;0;0;296;6;1;0;0;7;289;18;1;157;2;5;103;3;
032400017;881;603;0;785;0;278;0;8;278;1;4;0;0;5;273;2;3;232;2;0;31;3;
032400018;430;208;0;401;0;222;0;0;222;4;5;0;0;9;213;4;0;131;6;0;72;0;
032400019;610;276;0;595;1;334;1;4;334;5;10;0;0;15;319;6;1;242;3;1;65;1;
032400020;150;76;0;145;1;74;1;0;74;0;5;0;0;5;69;2;0;49;1;1;12;4;
032400021;230;97;0;211;1;133;1;5;133;0;4;6;0;10;123;10;1;80;1;1;29;1;
032400022;100;34;0;92;0;66;0;3;66;1;1;0;0;2;64;4;0;50;1;1;8;0;
032400023;235;102;0;218;2;133;2;4;133;2;6;0;0;8;125;7;0;95;2;2;16;3;
032400024;200;92;0;183;4;108;4;0;108;1;3;0;0;4;104;7;1;84;1;0;7;4;
032400025;170;70;0;162;0;100;0;5;100;0;5;0;0;5;95;1;0;76;2;0;14;2;
032400026;338;189;1;319;3;148;3;7;148;1;18;0;0;19;129;2;9;86;1;1;28;2;
032400027;60;19;0;41;0;41;0;6;41;1;0;0;0;1;40;4;1;19;1;2;13;0;
032400028;610;350;0;575;1;260;1;3;260;4;4;0;0;8;252;11;4;216;4;1;14;2;
032400029;500;215;0;481;3;285;3;0;285;12;2;0;0;14;271;0;1;255;0;0;10;5;
032400030;460;268;0;466;4;192;4;2;192;6;2;0;0;8;184;9;3;163;1;0;8;0;
032400031;315;150;0;296;4;165;4;0;165;0;3;0;0;3;162;4;0;146;3;2;6;1;
032400032;640;445;0;596;0;195;0;2;195;12;0;0;0;12;183;7;0;144;1;1;27;3;
032400033;435;246;0;408;1;189;1;4;189;0;12;2;0;14;175;9;2;114;4;1;45;0;
032400034;55;17;1;55;0;37;0;7;37;0;2;4;0;6;31;2;0;19;2;0;7;1;
032400035;330;126;0;307;0;204;0;2;204;4;0;0;0;4;200;1;0;182;0;0;14;3;
032400036;435;248;0;414;0;187;0;0;187;4;2;0;0;6;181;10;3;137;3;0;24;4;
032400037;750;471;0;711;0;279;0;3;279;3;2;18;0;23;256;30;1;196;5;5;14;5;
032400038;476;192;0;445;1;284;1;2;284;1;3;12;0;16;268;7;0;214;3;0;38;6;
032400039;255;107;0;238;7;148;7;2;148;0;1;0;0;1;147;4;0;108;1;3;25;6;
032400040;205;82;0;191;1;123;1;1;123;2;0;0;1;3;120;4;0;107;2;1;4;2;
032400041;260;112;1;240;1;147;1;0;147;0;3;1;0;4;143;7;0;114;1;0;21;0;
032400042;360;162;0;340;7;198;7;7;198;3;1;10;0;14;184;18;0;103;7;2;50;4;
032400043;50;17;0;42;2;33;2;3;33;0;0;0;0;0;33;5;0;19;0;0;9;0;
032400044;70;35;0;66;0;35;0;0;35;1;0;0;0;1;34;3;0;24;0;2;4;1;
032600001;630;263;0;585;0;367;0;0;367;0;5;0;0;5;362;22;1;154;3;0;179;3;
032600002;798;380;2;744;0;416;0;0;416;8;1;3;0;12;404;8;4;243;2;1;142;4;
032600003;881;447;0;817;1;434;1;0;434;2;1;4;0;7;427;20;0;303;7;1;94;2;
032600004;740;492;1;693;0;247;0;0;247;12;2;1;0;15;232;4;2;151;8;1;64;2;
032600005;920;425;2;857;1;493;1;0;493;1;3;0;0;4;489;19;4;301;8;3;148;6;
032600006;520;301;0;488;2;219;2;3;219;2;5;15;0;22;197;5;2;104;4;2;76;4;
032600007;530;254;1;494;2;275;2;0;275;13;3;0;0;16;259;18;2;97;3;6;130;3;
032600008;30;7;0;30;0;23;0;3;23;1;0;0;0;1;22;2;0;9;1;0;10;0;
032600009;150;47;0;148;1;103;1;0;103;1;0;5;0;6;97;19;1;57;2;1;12;5;
032600010;70;10;0;70;0;60;0;3;60;0;0;0;0;0;60;26;0;19;0;0;11;4;
032600011;90;34;0;87;0;56;0;0;56;3;0;0;0;3;53;11;1;25;0;2;13;1;
032600012;80;39;0;77;0;41;0;0;41;1;0;0;0;1;40;0;0;15;0;0;23;2;
032600013;420;219;0;416;0;201;0;0;201;3;8;0;0;11;190;10;2;122;12;0;41;3;
032600014;225;96;0;218;0;129;0;0;129;0;0;6;0;6;123;2;0;120;0;0;1;0;
040400001;757;481;2;731;1;274;1;0;274;0;8;13;0;21;253;32;0;133;7;5;66;10;
040400002;877;533;2;338;4;342;4;4;342;10;0;1;0;11;331;16;2;272;4;0;34;3;
040400003;758;435;1;735;8;322;8;0;322;3;21;1;0;25;297;1;1;277;2;2;10;4;
040400004;609;333;2;591;4;274;4;5;274;1;2;2;0;5;269;51;2;171;0;2;36;7;
040400005;117;12;1;55;86;104;86;3;104;0;2;0;0;2;102;7;0;71;0;1;18;5;
040400006;468;272;1;454;4;195;4;5;195;0;6;0;0;6;189;37;1;85;1;1;55;9;
040400007;636;425;1;610;4;210;4;0;210;0;0;0;0;0;210;41;1;89;2;0;69;8;
040400008;649;332;1;633;69;316;69;7;316;0;0;0;0;0;316;56;0;164;1;4;83;8;
040400009;748;450;3;729;8;295;8;0;295;1;3;0;0;4;291;54;4;158;0;5;60;10;
040400010;593;410;3;575;1;180;1;0;180;0;2;0;0;2;178;40;0;87;0;1;39;11;
040400011;508;314;2;489;1;192;1;3;192;0;2;0;0;2;190;20;3;110;0;0;49;8;
040400012;720;503;3;694;2;214;2;2;214;2;1;0;0;3;211;29;1;124;1;1;44;11;
040400013;692;384;1;664;5;307;5;0;307;1;5;0;0;6;301;53;1;144;0;3;74;26;
040400014;505;259;2;489;5;244;5;3;244;0;6;0;0;6;238;44;1;137;1;0;44;11;
040400015;675;289;2;652;105;384;105;5;384;6;6;1;0;13;371;46;4;206;3;7;92;13;
040400016;522;264;1;516;12;257;12;0;257;0;8;1;0;9;248;40;2;147;1;0;50;8;
040400017;502;272;3;490;11;227;11;4;227;2;2;1;0;5;222;33;2;127;0;3;48;9;
040400018;501;256;2;484;1;243;1;0;243;4;4;0;0;8;235;41;0;146;1;2;35;10;
040400019;551;285;2;239;25;264;25;0;264;1;6;1;1;9;255;43;3;141;1;2;57;8;
040400020;518;279;2;501;16;237;16;0;237;3;2;0;0;5;232;30;3;133;0;2;54;10;
040400021;563;290;2;543;7;271;7;0;271;0;1;0;0;1;270;36;0;169;0;2;51;12;
040400022;587;330;1;566;3;256;3;0;256;5;8;0;0;13;243;29;2;153;0;1;48;10;
040400023;487;279;1;474;10;207;10;3;207;10;2;0;0;12;195;28;1;124;1;3;33;5;
040400024;877;544;2;844;4;331;4;3;331;5;6;2;0;13;318;33;1;199;3;3;71;8;
040400025;701;421;4;684;2;276;2;0;276;0;4;0;0;4;272;17;1;186;0;5;51;12;
040400026;502;310;1;489;4;191;4;3;191;1;1;2;0;4;187;15;0;112;0;3;48;9;
040400027;544;337;1;525;1;206;1;0;206;0;1;0;0;1;205;38;1;109;1;4;46;6;
040400028;706;416;1;687;15;289;15;9;289;5;0;0;0;5;284;34;3;191;1;1;49;5;
040400029;698;425;1;690;3;272;3;0;272;2;2;0;0;4;268;33;1;169;2;3;53;7;
040400030;688;437;1;666;0;250;0;4;250;1;5;4;0;10;240;36;0;130;1;2;61;10;
040400031;598;344;0;582;7;254;7;7;254;1;2;0;1;4;250;23;0;152;0;2;63;10;
040400032;698;435;0;677;1;263;1;0;263;0;4;4;0;8;255;28;0;148;1;3;64;11;
040400033;713;478;2;694;1;233;1;8;233;2;4;1;0;7;226;25;1;139;0;2;50;9;
040400034;947;608;1;916;0;338;0;4;338;2;1;0;0;3;335;32;1;183;2;3;96;18;
040400035;1114;697;1;1080;4;416;4;4;416;1;2;0;0;3;413;50;1;207;1;7;130;17;
040400036;1048;638;2;1012;0;408;0;6;408;3;1;2;0;6;402;47;0;268;5;5;67;10;
040400037;754;493;4;728;1;257;1;0;257;0;5;0;0;5;252;21;1;145;0;7;65;13;
040400038;898;561;1;863;6;336;6;3;336;0;2;2;0;4;332;30;3;200;2;6;79;12;
040400039;775;440;2;748;2;333;2;0;333;4;3;6;0;13;320;38;1;198;1;3;68;11;
040400040;660;358;0;638;5;302;5;0;302;2;2;0;0;4;298;39;2;199;0;6;43;9;
040400041;704;400;1;688;2;303;2;0;303;3;0;0;0;3;300;30;2;201;1;2;59;5;
040400042;829;481;1;800;0;347;0;0;347;0;4;0;0;4;343;36;2;199;4;3;88;11;
040400043;784;417;3;758;3;364;3;4;364;1;3;1;0;5;359;39;2;223;3;4;69;19;
040400044;631;374;2;609;0;255;0;0;255;0;2;0;0;2;253;55;2;143;0;3;41;9;
040400045;554;332;1;530;1;221;1;2;221;0;8;0;0;8;213;29;0;114;1;4;55;10;
040400046;628;385;1;239;3;242;3;0;242;0;5;0;0;5;237;32;2;148;2;1;46;6;
040400047;912;543;2;883;2;367;2;0;367;4;5;0;1;10;357;60;3;190;2;6;87;9;
040400048;1020;603;1;992;7;416;7;8;416;3;4;0;0;7;409;58;0;235;1;5;98;12;
040400049;792;502;1;761;7;289;7;1;289;7;4;0;0;11;278;36;0;154;2;2;75;9;
040400050;839;505;3;328;3;331;3;4;331;0;1;5;0;6;325;50;3;205;0;3;54;10;
040400051;987;625;1;948;4;361;4;1;361;4;6;0;0;10;351;19;0;235;1;0;81;15;
040400052;899;578;1;874;5;320;5;8;320;1;2;0;0;3;317;18;2;211;2;4;68;12;
040400053;987;564;2;955;3;421;3;0;421;1;1;8;0;10;411;33;3;269;0;4;93;9;
040400054;952;590;2;923;11;360;11;0;360;5;3;0;1;9;351;35;1;217;2;4;80;12;
040400055;678;380;1;286;11;297;11;3;297;2;0;5;0;7;290;23;1;184;1;2;71;8;
040400056;749;422;3;725;2;324;2;5;324;2;1;0;0;3;321;18;2;196;1;1;90;13;
040400057;675;445;1;652;3;229;3;0;229;1;4;0;0;5;224;45;0;117;0;5;49;8;
040400058;806;472;1;778;4;333;4;0;333;7;1;0;0;8;325;26;3;193;0;3;84;16;
040400059;868;520;1;834;23;347;23;1;347;0;2;1;3;6;341;43;1;194;0;4;84;15;
040400060;734;453;2;714;0;279;0;5;279;0;5;2;0;7;272;32;1;166;0;2;62;9;
040400061;783;503;0;755;2;280;2;0;280;1;2;0;0;3;277;36;0;150;3;1;79;8;
040400062;939;632;1;904;0;306;0;0;306;5;2;0;0;7;299;45;1;169;3;3;64;14;
040400063;625;425;2;607;0;198;0;4;198;2;6;0;0;8;190;15;2;112;2;4;48;7;
040400064;1000;713;3;839;0;284;0;0;284;7;0;0;0;7;277;25;1;156;2;2;81;10;
040400065;667;438;1;646;0;228;0;0;228;2;2;0;0;4;224;29;0;120;3;1;64;7;
040400066;691;457;1;644;0;233;0;0;233;2;1;0;0;3;230;17;0;137;2;1;65;8;
040400067;1008;704;1;967;0;303;0;0;303;1;2;3;0;6;297;37;1;171;1;4;79;4;
040400068;518;343;3;497;1;172;1;0;172;1;1;0;0;2;170;30;1;89;1;0;46;3;
040400069;517;345;1;498;3;171;3;0;171;5;1;0;0;6;165;18;0;87;0;2;52;6;
040400070;784;533;0;250;1;251;1;0;251;2;2;2;0;6;245;16;0;139;1;4;76;9;
040400071;1018;642;1;986;0;375;0;1;375;0;1;0;2;3;372;47;2;213;1;3;100;6;
040400072;776;474;1;750;4;301;4;0;301;0;2;4;0;6;295;32;0;183;2;3;71;4;
040400073;791;528;1;760;0;262;0;3;262;3;0;0;0;3;259;34;0;136;0;2;73;14;
040400074;792;535;8;758;0;249;0;0;249;2;4;1;0;7;242;18;1;148;1;3;66;5;
040400075;993;660;2;958;0;331;0;0;331;0;1;0;0;1;330;51;2;177;1;3;93;3;
040400076;1227;840;1;1185;2;386;2;0;386;4;1;0;0;5;381;40;1;224;4;5;89;18;
040400077;928;624;1;896;0;303;0;0;303;0;4;6;0;10;293;25;0;162;1;3;98;4;
040400078;805;541;1;773;0;263;0;0;263;1;4;0;0;5;258;43;0;151;1;1;60;2;
040400079;734;476;0;711;0;258;0;6;258;1;3;0;0;4;254;24;0;156;1;1;64;8;
040400080;1000;669;2;993;0;329;0;5;329;1;1;3;0;5;324;27;0;192;2;4;81;18;
040400081;812;558;1;785;4;253;4;0;253;1;4;0;0;5;248;19;3;159;1;1;56;9;
040400082;136;40;3;125;0;93;0;2;93;6;0;0;0;6;87;6;0;45;4;1;30;1;
040400083;169;109;1;166;0;59;0;7;59;3;0;0;0;3;56;6;0;35;0;1;13;1;
040400084;112;62;1;49;0;49;0;8;49;0;1;0;0;1;48;2;0;32;1;1;12;0;
040400085;53;19;1;42;0;33;0;0;33;0;0;0;0;0;33;7;1;18;0;0;7;0;
040400086;62;34;1;56;0;27;0;7;27;0;0;1;0;1;26;3;0;17;0;0;6;0;
040400095;723;437;2;698;1;284;1;0;284;3;0;2;0;5;279;23;3;170;2;1;76;4;
040400096;589;294;3;567;1;292;1;0;292;5;1;11;0;17;275;8;2;234;8;1;20;2;
040400097;246;120;2;238;6;124;6;3;124;4;2;0;0;6;118;7;0;96;1;1;11;2;
040400098;227;95;1;221;2;131;2;0;131;0;1;0;0;1;130;11;2;100;2;0;11;4;
040400099;239;94;4;233;0;141;0;0;141;1;1;0;0;2;139;5;0;118;3;0;8;5;
040400100;361;189;1;350;4;171;4;0;171;0;13;2;0;15;156;10;1;119;1;1;22;2;
040400101;369;219;1;355;2;149;2;1;149;7;3;0;0;10;139;10;0;89;1;0;38;1;
040400102;653;338;1;632;0;314;0;0;314;2;8;2;0;12;302;19;2;168;0;6;103;4;
040400103;396;242;3;383;0;151;0;2;151;0;1;1;0;2;149;5;0;72;1;2;68;1;
040400104;554;383;1;533;2;170;2;0;170;12;2;0;0;14;156;6;0;94;2;0;51;3;
040400105;256;117;0;237;4;139;4;4;139;1;1;6;0;8;131;25;0;86;2;1;16;1;
040400106;588;363;1;567;1;224;1;0;224;4;2;0;0;6;218;13;3;106;0;1;86;9;
040400107;487;275;1;471;1;211;1;5;211;0;3;0;0;3;208;18;0;106;0;1;77;6;
040400108;467;276;1;452;0;190;0;4;190;0;2;1;0;3;187;8;1;78;0;1;96;3;
040400109;316;175;2;302;6;139;6;0;139;2;2;0;0;4;135;22;1;84;2;2;21;3;
040400110;250;107;2;247;4;141;4;3;141;3;0;0;0;3;138;12;0;90;3;0;28;5;
040400111;683;357;1;658;0;325;0;0;325;14;2;0;0;16;309;15;0;179;1;1;110;3;
040400112;411;224;1;400;5;186;5;0;186;4;2;7;0;13;173;10;2;97;1;1;54;8;
040400113;61;15;1;57;8;45;8;0;45;0;0;0;0;0;45;8;0;29;1;0;5;2;
040400114;132;44;0;123;3;88;3;0;88;0;4;0;0;4;84;13;0;62;0;2;6;1;
040400115;99;32;1;95;5;66;5;0;66;0;2;0;0;2;64;14;2;41;0;0;7;0;
040400116;390;186;1;376;2;203;2;0;203;0;1;0;0;1;202;17;2;147;5;1;26;4;
040400117;512;225;2;494;1;285;1;0;285;2;2;2;0;6;279;19;2;219;3;2;26;8;
040400118;113;31;1;108;2;81;2;5;81;2;3;0;0;5;76;3;0;59;0;0;13;1;
040400119;70;17;1;67;0;52;0;0;52;0;0;0;0;0;52;5;0;35;1;1;8;2;
040400120;699;417;2;677;0;280;0;0;280;9;6;0;0;15;265;20;0;163;0;0;75;7;
040400121;695;472;1;668;0;222;0;4;222;4;4;6;0;14;208;14;1;128;1;0;59;5;
040400122;754;417;1;725;1;336;1;0;336;1;8;0;0;9;327;23;2;190;1;3;97;11;
040400123;636;389;1;615;7;246;7;0;246;2;0;7;1;10;236;13;3;139;4;1;70;6;
040400124;726;422;2;699;1;302;1;1;302;0;6;0;0;6;296;18;7;185;4;2;67;13;
040400125;322;127;1;312;1;194;1;0;194;0;2;2;0;4;190;8;0;119;1;0;56;6;
040400126;461;205;0;450;0;256;0;0;256;1;1;0;0;2;254;24;2;141;3;3;78;3;
040400127;223;89;1;206;1;133;1;3;133;2;2;0;0;4;129;20;3;88;1;2;15;0;
040400128;684;351;1;658;0;332;0;0;332;4;2;7;0;13;319;30;1;177;1;8;93;9;
040400129;243;116;0;240;0;127;0;0;127;1;2;0;0;3;124;15;0;81;2;1;24;1;
040400130;785;490;1;758;1;294;1;0;294;3;3;1;0;7;287;10;3;169;3;0;89;13;
040400131;609;372;1;589;0;236;0;3;236;4;0;0;0;4;232;7;0;175;0;2;43;5;
040400132;643;357;1;620;0;285;0;0;285;4;10;0;0;14;271;9;1;241;1;2;15;2;
040400133;132;52;1;124;0;79;0;4;79;5;1;0;0;6;73;6;0;49;4;0;12;2;
040400134;239;117;0;222;0;122;0;5;122;3;0;0;0;3;119;12;0;79;2;0;24;2;
040400135;25;1;1;23;0;23;0;7;23;1;1;0;0;2;21;1;0;16;2;0;2;0;
040400136;41;11;2;34;0;28;0;6;28;0;1;0;0;1;27;5;0;18;2;0;2;0;
040400137;78;18;1;85;0;59;0;8;59;2;1;0;0;3;56;7;0;34;0;0;8;7;
040400138;49;10;1;39;6;38;6;5;38;0;0;0;0;0;38;3;0;27;1;0;7;0;
040400139;65;17;2;64;1;46;1;0;46;1;0;3;0;4;42;1;0;34;0;1;6;0;
040400140;114;52;0;108;0;62;0;4;62;1;0;1;0;2;60;4;0;34;2;1;18;1;
040400141;241;129;1;221;2;111;2;0;111;1;1;4;0;6;105;4;0;70;5;0;23;3;
040400142;54;20;1;55;0;33;0;6;33;0;0;0;0;0;33;0;0;28;0;0;5;0;
040600002;800;438;3;860;1;359;1;6;359;0;3;1;0;4;355;45;3;183;2;4;109;9;
040600004;500;261;1;541;1;238;1;0;238;3;5;0;0;8;230;12;0;158;0;4;51;5;
040600005;696;379;1;746;0;316;0;15;316;3;4;4;0;11;305;19;0;193;0;4;78;11;
040600006;600;383;0;652;1;217;1;4;217;1;3;0;0;4;213;12;0;113;2;0;80;6;
040600007;600;317;2;634;0;281;0;1;281;1;8;0;0;9;272;37;3;153;0;3;65;11;
040600008;600;300;0;700;0;300;0;7;300;3;5;0;0;8;292;27;0;151;0;6;102;6;
040600009;600;299;0;300;1;301;1;0;301;5;0;0;2;7;294;25;1;177;0;2;76;13;
040600010;700;373;3;753;1;324;1;0;324;0;3;3;0;6;318;35;1;157;1;7;97;20;
040600011;800;443;3;831;1;354;1;0;354;3;8;3;1;15;339;44;1;179;1;2;101;11;
040600012;600;360;0;661;0;240;0;0;240;1;2;0;0;3;237;23;0;120;1;5;80;8;
040600013;800;477;0;815;2;323;2;0;323;2;3;0;0;5;318;21;2;187;1;4;95;8;
040600014;600;310;2;656;2;288;2;1;288;2;7;4;0;13;275;20;0;123;1;3;110;18;
040600015;700;431;1;751;0;268;0;4;268;1;2;9;0;12;256;14;1;159;1;2;72;7;
040600016;600;303;2;708;0;295;0;1;295;0;0;0;0;0;295;16;2;170;3;3;94;7;
040600018;700;400;1;716;0;299;0;0;299;2;5;0;0;7;292;28;0;156;2;1;93;12;
040600019;500;225;0;606;0;275;0;3;275;5;2;0;0;7;268;24;1;142;1;7;83;10;
040600020;600;336;1;686;1;263;1;3;263;2;3;0;0;5;258;19;1;123;3;3;87;22;
040600021;600;361;0;643;0;239;0;0;239;1;2;1;0;4;235;11;1;136;4;7;61;15;
040600022;500;264;1;621;0;235;0;7;235;0;2;0;1;3;232;24;1;131;0;2;73;1;
040600024;600;410;0;552;0;190;0;0;190;1;3;0;0;4;186;10;0;119;1;2;51;3;
040600025;600;335;0;646;0;265;0;0;265;2;1;0;0;3;262;22;2;150;0;2;75;11;
040600026;900;512;1;940;1;387;1;0;387;0;6;1;0;7;380;39;3;210;0;4;105;19;
040600028;800;422;2;903;1;376;1;0;376;3;4;0;0;7;369;28;1;193;0;3;137;7;
040600029;600;281;0;705;0;319;0;0;319;3;0;0;0;3;316;19;1;166;1;7;109;13;
040600030;502;275;2;545;0;225;0;0;225;0;3;1;0;4;221;4;0;143;0;2;70;2;
040600031;700;414;2;816;0;284;0;0;284;1;1;0;0;2;282;17;1;152;0;3;100;9;
040600032;700;460;0;753;0;240;0;0;240;2;2;5;0;9;231;23;1;138;0;2;63;4;
040600033;600;329;0;677;2;271;2;0;271;1;1;5;0;7;264;27;0;141;1;4;86;5;
040600035;600;360;0;667;0;240;0;0;240;1;9;0;0;10;230;18;1;129;0;1;73;8;
040600036;718;418;1;774;0;299;0;1;299;5;2;1;0;8;291;28;1;139;2;1;105;15;
040600037;600;310;0;673;3;290;3;3;290;1;6;0;0;7;283;14;1;166;2;2;89;9;
040600038;700;430;2;777;3;268;3;0;268;5;1;2;0;8;260;10;2;129;3;5;100;11;
040600039;700;448;0;783;2;252;2;4;252;2;3;0;0;5;247;15;2;128;2;2;91;7;
040600041;600;385;0;705;0;215;0;0;215;1;3;1;0;5;210;18;0;125;2;4;57;4;
040600042;800;521;2;887;0;277;0;3;277;2;0;0;0;2;275;17;0;158;0;5;87;8;
040600043;700;418;7;740;10;275;10;0;275;3;0;0;0;3;272;12;1;172;0;1;76;10;
040600045;700;460;0;720;0;240;0;1;240;1;3;0;0;4;236;14;1;113;0;3;100;5;
040600046;800;529;0;837;0;271;0;0;271;3;1;2;0;6;265;16;0;161;1;1;73;13;
040600047;141;49;0;111;0;92;0;6;92;0;2;0;0;2;90;4;2;56;0;0;26;2;
040600050;800;454;1;878;1;345;1;3;345;0;0;9;0;9;336;21;2;207;1;2;94;9;
040600051;800;450;0;836;2;350;2;6;350;1;10;0;0;11;339;23;1;195;0;1;103;16;
040600052;700;429;0;745;0;271;0;0;271;1;3;2;0;6;265;16;3;149;0;3;90;4;
040600053;697;374;1;730;0;322;0;6;322;0;4;2;0;6;316;13;3;196;4;3;87;10;
040600054;600;357;1;625;0;242;0;8;242;15;2;0;0;17;225;4;0;157;3;4;56;1;
040600058;493;225;0;536;3;268;3;2;268;2;0;5;0;7;261;5;1;141;6;3;102;3;
040600059;700;362;1;337;2;337;2;0;337;1;4;9;0;14;323;32;5;153;2;3;121;7;
040600060;700;393;0;729;0;307;0;2;307;8;0;0;0;8;299;15;3;163;2;1;108;7;
040600061;900;495;0;963;0;405;0;0;405;2;4;16;0;22;383;37;1;190;2;1;140;12;
040600064;900;495;1;941;0;404;0;2;404;3;9;11;0;23;381;22;1;215;2;2;126;13;
040600065;900;513;1;384;2;386;2;0;386;4;10;4;0;18;368;27;2;195;2;0;133;9;
040600066;600;342;0;638;1;258;1;0;258;3;4;14;0;21;237;14;1;156;4;2;57;3;
040600067;600;362;1;629;0;237;0;0;237;3;4;1;0;8;229;26;1;122;1;2;66;11;
040600068;600;345;1;623;0;254;0;0;254;0;2;5;0;7;247;17;3;143;2;0;76;6;
040600069;700;399;0;734;4;301;4;1;301;1;3;2;3;9;292;12;2;161;2;6;103;6;
040600070;610;303;0;697;0;307;0;0;307;10;2;0;0;12;295;24;0;143;1;4;114;9;
040600071;700;399;0;737;0;301;0;3;301;1;6;0;0;7;294;5;4;249;3;1;29;3;
040600072;300;130;0;354;1;170;1;3;170;0;2;3;0;5;165;8;0;95;1;1;58;2;
040600073;400;178;0;494;0;222;0;0;222;3;0;6;0;9;213;1;0;181;1;2;27;1;
040600074;700;506;0;754;1;194;1;0;194;14;0;0;0;14;180;7;0;124;4;0;43;2;
040600075;700;404;0;735;0;296;0;0;296;0;3;0;0;3;293;19;1;168;2;5;89;9;
040600076;600;306;0;690;1;294;1;0;294;3;2;6;0;11;283;16;2;171;4;3;82;5;
040600077;300;91;0;310;0;209;0;2;209;5;1;2;0;8;201;7;0;155;2;2;30;5;
040600078;110;35;0;127;0;75;0;0;75;0;0;4;0;4;71;3;0;52;0;0;13;3;
040600079;401;167;3;474;2;231;2;0;231;1;0;4;0;5;226;11;1;177;0;1;34;2;
040600080;60;37;0;48;0;23;0;0;23;2;0;0;0;2;21;3;0;12;1;1;3;1;
040600081;900;814;1;115;1;85;1;0;85;1;0;0;0;1;84;7;0;65;0;0;8;4;
040600082;250;78;0;252;1;172;1;0;172;0;1;4;0;5;167;6;0;131;5;1;22;2;
041300001;920;529;1;929;1;390;1;0;390;5;3;2;0;10;380;27;2;258;2;1;80;10;
041300002;1000;567;1;994;0;432;0;0;432;14;7;0;0;21;411;29;2;273;8;7;83;9;
041300003;1000;586;4;995;2;410;2;0;410;4;6;8;0;18;392;35;2;256;2;6;81;10;
041300004;850;463;0;827;5;387;5;0;387;6;1;0;0;7;380;30;1;248;4;0;88;9;
041300005;700;432;0;696;0;268;0;0;268;0;2;8;0;10;258;18;2;189;4;5;35;5;
041300006;950;651;0;934;0;299;0;0;299;0;1;0;0;1;298;20;0;202;3;3;68;2;
041300007;25;5;1;21;3;19;3;0;19;0;0;0;0;0;19;1;0;18;0;0;0;0;
041300008;50;16;0;49;2;34;2;5;34;0;1;0;0;1;33;2;0;26;1;0;4;0;
041300009;30;17;0;23;0;13;0;0;13;1;0;0;0;1;12;1;0;8;1;1;1;0;
041300010;350;228;0;325;0;122;0;4;122;3;2;0;0;5;117;5;1;89;6;0;16;0;
041300011;50;22;0;46;0;28;0;0;28;1;0;0;0;1;27;3;0;20;0;0;4;0;
041300012;100;65;0;77;0;35;0;0;35;0;0;0;0;0;35;0;0;31;0;0;1;3;
041300013;120;51;0;108;0;69;0;6;69;2;1;0;0;3;66;5;0;43;1;0;17;0;
041300014;25;14;0;17;0;11;0;3;11;0;1;0;0;1;10;1;0;7;2;0;0;0;
041300015;110;38;1;98;1;71;1;4;71;1;0;0;0;1;70;4;0;52;2;0;12;0;
041300016;120;65;0;111;1;55;1;0;55;1;0;2;0;3;52;4;1;36;2;0;8;1;
041300017;250;135;0;210;3;115;3;0;115;5;1;0;0;6;109;2;0;97;0;0;9;1;
041300018;900;540;0;876;2;360;2;0;360;3;8;0;0;11;349;16;2;304;6;1;16;4;
041300019;110;43;0;91;4;67;4;0;67;1;0;0;0;1;66;13;0;42;1;2;8;0;
041300020;650;461;0;611;0;189;0;5;189;0;3;0;0;3;186;2;2;178;1;0;1;2;
041300021;110;41;0;105;1;69;1;4;69;3;2;0;0;5;64;2;2;46;1;0;13;0;
041300022;90;50;0;77;0;40;0;6;40;0;0;0;0;0;40;1;0;31;3;0;5;0;
041300023;180;87;0;162;0;93;0;4;93;1;0;2;0;3;90;7;0;75;1;1;6;0;
041300024;150;61;0;142;1;89;1;7;89;1;1;0;0;2;87;2;0;60;2;2;18;3;
041300025;60;36;0;52;1;24;1;5;24;0;0;1;0;1;23;2;0;15;0;0;5;1;
041300026;100;44;0;89;2;56;2;0;56;1;1;0;0;2;54;6;0;40;2;0;4;2;
041300027;100;40;0;89;3;60;3;6;60;0;3;0;0;3;57;3;0;47;1;1;5;0;
041300028;60;17;0;53;2;43;2;0;43;1;0;1;0;2;41;2;0;23;1;0;15;0;
041300029;90;45;0;74;5;45;5;0;45;3;0;0;0;3;42;2;0;23;0;1;14;2;
041400001;679;408;1;671;1;270;1;0;270;4;4;0;0;8;262;13;0;180;2;0;64;3;
041400002;729;483;2;726;1;244;1;0;244;3;9;0;0;12;232;9;0;192;3;2;24;2;
041400003;642;401;1;632;1;240;1;0;240;5;3;0;0;8;232;16;1;162;4;1;45;3;
041400004;413;167;3;406;0;243;0;3;243;2;3;0;0;5;238;9;2;207;2;4;12;2;
041400005;491;239;1;481;1;251;1;2;251;1;2;7;2;12;239;10;1;180;3;1;34;10;
041400006;137;54;2;132;3;81;3;4;81;3;0;0;0;3;78;6;0;48;2;0;21;1;
041400007;113;37;2;108;0;74;0;0;74;3;1;0;0;4;70;7;1;54;2;1;5;0;
041400008;80;35;1;74;4;44;4;4;44;0;2;0;0;2;42;1;1;33;1;1;5;0;
041400009;197;92;1;191;0;104;0;0;104;2;2;2;0;6;98;2;0;84;4;0;5;3;
041400010;116;57;1;109;0;58;0;3;58;0;0;0;0;0;58;2;0;47;0;3;4;2;
041400011;123;54;1;118;0;68;0;3;68;2;0;3;0;5;63;2;0;57;1;1;2;0;
041400012;78;43;1;74;0;34;0;6;34;1;0;0;0;1;33;4;0;15;0;2;11;1;
041400013;76;34;1;72;1;41;1;6;41;1;0;0;0;1;40;2;0;26;0;0;12;0;
042000001;630;335;1;604;1;294;1;4;294;5;2;3;0;10;284;7;1;143;2;1;127;3;
042000002;730;437;3;690;0;290;0;0;290;2;1;0;0;3;287;21;1;142;1;3;110;9;
042000003;750;506;2;706;0;242;0;0;242;1;2;1;0;4;238;13;1;123;0;0;91;10;
042000005;850;536;1;794;0;313;0;0;313;4;2;0;0;6;307;22;1;183;2;5;83;11;
042000006;900;559;1;831;0;340;0;0;340;2;4;2;0;8;332;18;0;188;1;3;115;7;
042000007;1050;639;2;994;0;409;0;2;409;7;5;4;0;16;393;27;3;199;1;4;145;14;
042000009;800;502;2;761;1;296;1;1;296;1;1;5;0;7;289;9;0;169;0;2;100;9;
042000010;900;596;1;839;0;303;0;0;303;0;2;3;0;5;298;13;0;171;2;4;102;6;
042000011;700;372;2;639;0;326;0;0;326;4;2;11;0;17;309;22;0;172;2;2;104;7;
042000012;750;435;0;699;0;315;0;0;315;8;1;3;0;12;303;21;1;142;3;2;130;4;
042000014;650;380;1;599;0;269;0;0;269;0;1;0;0;1;268;13;3;157;4;4;83;4;
042000015;590;341;1;538;0;248;0;2;248;1;3;11;0;15;233;15;0;97;3;1;111;6;
042000016;1050;645;0;830;1;405;1;0;405;0;19;0;0;19;386;14;1;204;3;1;156;7;
042000017;415;225;5;380;0;185;0;1;185;2;6;0;0;8;177;14;1;86;4;1;69;2;
042000018;535;317;0;488;3;218;3;0;218;2;0;16;0;18;200;4;1;152;4;6;31;2;
042000019;1000;553;3;916;3;444;3;0;444;5;5;14;0;24;420;24;3;163;7;8;207;8;
042000020;1000;556;3;907;0;441;0;0;441;5;5;20;0;30;411;19;0;159;2;0;227;4;
042200001;700;410;0;694;0;290;0;0;290;3;3;0;0;6;284;10;1;174;3;2;83;11;
042200002;698;357;2;338;1;339;1;0;339;0;8;0;0;8;331;30;3;153;1;6;131;7;
042200003;530;329;7;529;0;194;0;0;194;0;2;4;0;6;188;9;3;97;3;1;72;3;
042200004;660;381;3;652;0;276;0;0;276;2;2;0;0;4;272;13;0;132;2;1;122;2;
042200005;630;392;1;527;2;237;2;0;237;2;1;0;0;3;234;18;0;128;1;0;83;4;
042200006;770;442;5;769;2;323;2;2;323;2;1;1;1;5;318;34;0;163;1;3;105;12;
042200007;870;451;3;881;1;416;1;0;416;2;8;1;0;11;405;30;1;226;2;4;136;6;
042200008;590;336;2;588;0;252;0;0;252;2;0;0;0;2;250;29;2;120;1;0;87;11;
042200009;620;423;0;625;0;197;0;1;197;1;0;0;0;1;196;8;0;112;1;1;68;6;
042200010;610;331;3;623;0;276;0;2;276;0;4;0;0;4;272;3;0;190;0;1;75;3;
042200011;880;458;1;893;1;421;1;0;421;0;0;9;0;9;412;9;1;229;1;2;164;6;
042200012;600;270;2;613;1;328;1;0;328;0;15;0;0;15;313;21;2;171;1;8;105;5;
042200013;650;339;1;647;0;310;0;0;310;3;1;1;0;5;305;23;0;166;3;6;96;11;
042200014;650;371;1;648;0;278;0;0;278;1;1;1;0;3;275;21;0;126;2;3;118;5;
042200015;55;33;1;58;0;21;0;7;21;2;0;0;0;2;19;0;0;11;0;1;6;1;
042200016;690;337;3;687;0;350;0;0;350;2;3;0;0;5;345;23;0;167;2;7;136;10;
042200017;670;377;2;668;3;291;3;3;291;1;0;6;0;7;284;21;2;129;1;4;121;6;
042200021;680;366;2;702;0;312;0;4;312;0;1;7;0;8;304;7;0;246;4;1;43;3;
042200022;810;388;1;823;1;421;1;2;421;4;11;1;0;16;405;8;1;286;9;3;88;10;
042200023;720;382;0;740;5;338;5;0;338;0;20;0;0;20;318;19;2;157;2;3;125;10;
042200024;540;318;1;548;0;221;0;0;221;11;2;0;1;14;207;13;2;124;0;2;63;3;
042200025;620;387;1;628;1;232;1;0;232;16;2;0;0;18;214;14;1;143;2;2;49;3;
042200026;301;109;0;323;2;192;2;3;192;3;5;1;0;9;183;13;1;135;2;0;30;2;
042200027;568;309;4;577;0;255;0;0;255;3;4;0;0;7;248;7;2;212;4;3;18;2;
042200028;370;205;0;386;2;165;2;0;165;4;1;0;0;5;160;1;1;147;2;1;8;0;
042200029;539;263;1;544;1;275;1;0;275;19;6;2;0;27;248;13;1;177;3;2;50;2;
042200030;780;449;2;781;1;329;1;3;329;6;12;2;0;20;309;14;0;176;3;2;111;3;
042200031;310;76;0;335;0;234;0;3;234;2;5;9;0;16;218;2;2;162;5;4;41;2;
042200032;351;135;2;368;4;214;4;2;214;0;3;2;0;5;209;11;1;173;4;0;19;1;
042200033;610;259;2;619;3;349;3;0;349;0;21;0;1;22;327;24;1;191;0;2;104;5;
042200034;540;285;1;536;0;254;0;0;254;5;0;0;1;6;248;12;3;137;1;4;88;3;
042200035;470;218;3;475;3;249;3;3;249;2;8;5;0;15;234;11;3;158;2;3;54;3;
042200036;618;272;1;342;3;345;3;6;345;2;1;12;1;16;329;9;5;211;5;1;93;5;
042200037;170;28;1;201;0;141;0;0;141;10;2;0;0;12;129;14;0;91;2;0;21;1;
042200038;530;283;2;528;0;245;0;0;245;10;1;9;0;20;225;9;2;148;4;1;57;4;
042200039;680;324;1;696;1;355;1;0;355;2;6;24;1;33;322;12;0;255;5;1;48;1;
042200040;200;61;1;222;0;138;0;4;138;9;1;11;0;21;117;8;0;86;2;0;21;0;
042200041;530;261;2;534;1;267;1;4;267;2;3;10;0;15;252;15;0;148;4;4;75;6;
042200042;150;54;1;151;0;95;0;0;95;1;4;0;0;5;90;12;0;68;2;3;4;1;
042200043;489;230;0;487;0;259;0;2;259;12;5;0;0;17;242;15;2;131;3;0;87;4;
042200044;570;274;1;597;4;295;4;2;295;7;1;1;1;10;285;9;0;219;3;3;45;6;
042600001;750;421;0;811;0;329;0;0;329;2;4;0;0;6;323;19;2;166;3;3;123;7;
042600002;800;424;2;850;1;374;1;0;374;4;1;0;0;5;369;30;3;185;1;4;139;7;
042600003;750;425;1;784;0;324;0;0;324;2;6;0;0;8;316;13;2;170;2;3;118;8;
042600004;800;447;2;848;0;351;0;0;351;1;13;0;0;14;337;7;4;256;0;5;62;3;
042600005;900;499;1;932;0;400;0;2;400;2;5;1;0;8;392;40;2;201;6;2;132;9;
042600006;600;314;0;681;0;286;0;0;286;1;2;9;0;12;274;5;2;161;0;2;94;10;
042600007;700;418;0;724;0;282;0;0;282;2;0;5;0;7;275;8;2;213;5;2;41;4;
042600008;400;174;0;455;0;226;0;0;226;0;3;0;0;3;223;5;2;172;6;4;29;5;
042600009;300;119;0;329;0;181;0;2;181;0;3;3;0;6;175;21;2;118;2;1;23;8;
042600010;650;329;1;696;2;320;2;0;320;13;2;0;0;15;305;14;1;201;5;1;75;8;
042600011;150;40;1;196;3;109;3;0;109;0;0;1;0;1;108;14;1;75;1;1;13;3;
042600012;650;356;1;705;5;293;5;1;293;0;11;0;0;11;282;16;0;194;1;3;52;16;
042600013;400;131;2;470;6;267;6;0;267;0;5;0;0;5;262;7;1;216;2;2;28;6;
042600014;703;348;1;757;3;354;3;0;354;2;4;0;0;6;348;26;2;201;3;4;102;10;
042600015;130;17;0;184;4;113;4;0;113;1;0;0;0;1;112;8;0;80;3;0;15;6;
042600016;800;427;8;833;0;365;0;0;365;2;4;2;0;8;357;12;2;210;4;4;121;4;
042600017;850;535;1;908;0;314;0;2;314;1;20;2;0;23;291;6;1;161;1;0;115;7;
042600018;600;284;2;668;0;314;0;0;314;2;2;4;3;11;303;8;1;194;2;1;91;6;
042600019;700;311;10;730;3;379;3;0;379;0;3;4;0;7;372;6;2;304;0;0;58;2;
042600020;500;211;4;542;1;285;1;1;285;14;7;2;1;24;261;10;0;171;0;2;77;1;
042600021;750;433;1;815;0;316;0;0;316;1;4;2;0;7;309;29;0;135;4;2;128;11;
042800001;599;343;2;622;2;254;2;1;254;9;0;0;1;10;244;9;3;189;4;5;32;2;
042800002;515;241;0;532;16;274;16;12;274;1;1;0;0;2;272;36;4;145;1;3;76;7;
042800003;529;332;2;526;6;195;6;0;195;2;3;6;0;11;184;10;0;112;1;2;55;4;
042800004;73;30;1;70;6;42;6;0;42;1;0;0;0;1;41;1;0;32;2;0;6;0;
042800005;614;332;0;629;5;282;5;0;282;0;4;5;0;9;273;29;0;167;3;3;64;7;
042800006;502;230;1;513;6;271;6;0;271;6;0;0;0;6;265;47;0;145;0;3;59;11;
042800007;842;421;0;861;11;421;11;2;421;1;2;0;0;3;418;57;0;228;2;2;115;14;
042800009;600;305;1;623;0;294;0;0;294;3;2;8;1;14;280;4;0;261;2;0;11;2;
042800010;608;308;1;619;2;299;2;0;299;5;4;1;0;10;289;22;0;195;2;2;65;3;
042800011;729;417;0;732;0;312;0;0;312;0;6;0;0;6;306;37;0;177;0;0;88;4;
042800012;628;278;2;646;18;348;18;0;348;3;3;3;0;9;339;65;2;181;1;2;77;11;
042800013;615;247;2;629;41;366;41;0;366;1;9;4;0;14;352;54;1;207;3;2;68;17;
042800014;471;150;1;489;90;320;90;0;320;0;6;0;0;6;314;50;1;179;1;4;77;2;
042800016;682;300;1;721;35;381;35;3;381;14;6;0;0;20;361;47;0;211;1;4;86;12;
042800017;776;384;3;382;7;389;7;0;389;0;7;0;0;7;382;44;3;213;3;0;109;10;
042800018;730;406;2;707;16;322;16;0;322;1;2;5;0;8;314;28;0;170;3;5;96;12;
042800019;592;335;4;598;2;253;2;2;253;1;0;0;0;1;252;26;1;111;1;1;107;5;
042800020;770;485;0;779;1;285;1;7;285;1;4;1;0;6;279;16;2;151;3;5;91;11;
042800021;754;398;3;346;7;353;7;0;353;2;2;1;1;6;347;37;2;186;6;2;110;4;
042800022;684;379;3;699;6;302;6;2;302;0;1;5;0;6;296;37;1;155;0;0;97;6;
042800023;635;353;0;274;8;282;8;0;282;2;1;4;0;7;275;24;1;161;2;2;74;11;
042800024;705;375;3;702;2;327;2;0;327;1;1;0;0;2;325;31;2;179;0;1;101;11;
042800025;616;334;2;632;14;280;14;0;280;0;0;0;0;0;280;29;2;150;1;2;92;4;
042800026;698;423;1;706;0;274;0;4;274;0;5;0;0;5;269;34;1;168;1;1;62;2;
042800029;101;51;2;64;0;48;0;0;48;1;1;0;1;3;45;3;1;28;0;0;13;0;
042800030;97;32;1;97;0;64;0;8;64;3;1;10;0;14;50;3;1;36;2;2;4;2;
042800031;848;515;0;829;7;333;7;0;333;2;1;0;1;4;329;39;0;188;1;2;92;7;
042800032;680;326;0;691;15;354;15;6;354;2;2;0;0;4;350;31;1;231;2;3;74;8;
042800033;570;311;0;572;3;259;3;1;259;3;5;3;0;11;248;22;1;136;1;3;80;5;
042800034;1053;367;3;380;303;683;303;0;683;6;2;11;12;31;652;51;1;414;2;7;156;21;
042800035;757;482;1;758;2;274;2;0;274;0;3;0;1;4;270;21;0;167;1;0;75;6;
042800041;641;344;0;645;2;297;2;0;297;2;14;4;0;20;277;14;2;180;3;1;77;0;
042800044;226;66;1;229;1;159;1;0;159;1;3;4;0;8;151;6;1;108;3;0;33;0;
042800047;676;405;1;682;0;270;0;0;270;3;5;5;0;13;257;8;0;143;5;1;94;6;
042800048;676;386;0;679;1;290;1;3;290;7;3;0;0;10;280;8;1;149;2;1;116;3;
042800050;983;601;0;990;2;382;2;2;382;0;7;11;0;18;364;15;3;222;3;4;114;3;
042800053;510;285;0;508;0;225;0;0;225;0;11;0;0;11;214;7;2;160;3;2;35;5;
042800056;150;63;2;150;0;85;0;0;85;0;3;0;0;3;82;4;0;56;3;1;12;6;
042800058;724;390;2;725;1;332;1;2;332;6;7;9;0;22;310;27;0;167;7;5;92;12;
042800062;496;278;3;563;0;215;0;0;215;2;0;0;0;2;213;8;3;122;5;3;68;4;
042800063;780;473;2;782;0;305;0;0;305;0;5;0;0;5;300;11;3;154;8;0;121;3;
042800065;500;296;0;503;1;204;1;0;204;5;6;0;0;11;193;15;0;80;3;0;93;2;
042800066;583;300;2;580;0;281;0;0;281;0;26;0;0;26;255;14;1;123;5;4;102;6;
042800069;711;355;1;743;15;355;15;1;355;5;5;0;0;10;345;13;2;247;6;3;70;4;
042800070;750;434;1;754;0;315;0;0;315;0;2;2;0;4;311;3;2;225;3;1;74;3;
042800073;907;457;3;905;1;447;1;2;447;2;6;0;0;8;439;29;2;130;7;10;248;13;
042800074;803;430;0;810;0;373;0;7;373;3;2;13;1;19;354;15;1;134;4;1;196;3;
042800078;148;43;1;156;1;104;1;0;104;0;0;0;0;0;104;2;0;99;0;0;2;1;
042800080;843;529;1;858;7;313;7;0;313;3;3;5;0;11;302;15;2;188;4;6;69;18;
042800083;621;316;1;621;0;304;0;0;304;0;5;0;0;5;299;18;0;189;4;1;82;5;
042800084;432;207;1;454;0;224;0;1;224;1;6;0;0;7;217;11;1;122;4;6;68;5;
042800086;276;115;1;307;1;160;1;0;160;1;8;0;0;9;151;8;1;117;1;1;22;1;
042800087;734;393;0;756;3;341;3;6;341;21;0;0;1;22;319;25;1;218;1;2;66;6;
042800088;589;314;1;586;3;274;3;2;274;2;3;0;0;5;269;21;0;150;2;1;87;8;
042800089;631;385;1;636;0;245;0;0;245;4;1;0;0;5;240;23;0;126;3;2;77;9;
042800090;728;481;1;732;0;246;0;0;246;1;2;0;0;3;243;20;0;127;1;0;90;5;
043100001;870;470;1;797;0;399;0;0;399;7;4;1;0;12;387;29;0;224;1;1;106;26;
043100002;820;480;2;760;1;338;1;0;338;0;6;0;0;6;332;28;0;184;3;6;104;7;
043100003;850;511;2;792;0;337;0;0;337;20;1;3;0;24;313;10;2;182;3;2;109;5;
043100004;880;523;3;827;2;354;2;0;354;2;17;4;1;24;330;13;0;216;3;0;90;8;
043100005;940;581;3;875;0;356;0;0;356;4;0;12;0;16;340;13;1;210;2;4;100;10;
043100006;570;318;4;525;3;248;3;0;248;3;12;0;0;15;233;5;5;196;4;0;19;4;
043100007;350;169;1;337;0;180;0;5;180;6;2;3;0;11;169;8;2;110;2;0;42;5;
043100008;170;93;1;149;3;76;3;0;76;2;1;2;0;5;71;4;3;39;6;0;17;2;
043100009;360;163;1;331;1;196;1;4;196;7;2;11;0;20;176;7;3;91;4;2;55;14;
043100010;550;297;2;512;0;251;0;3;251;0;3;0;0;3;248;12;3;188;12;6;21;6;
043100011;260;122;1;242;0;137;0;1;137;2;2;0;0;4;133;2;0;112;2;0;15;2;
043100012;260;111;2;242;3;147;3;1;147;0;1;1;0;2;145;13;3;97;3;2;24;3;
043100013;620;332;1;547;2;287;2;1;287;2;7;0;0;9;278;13;2;201;7;2;48;5;
043100014;630;297;1;580;1;332;1;2;332;16;2;4;0;22;310;5;1;239;4;3;54;4;
043100015;700;405;1;643;3;294;3;0;294;12;3;1;2;18;276;7;2;202;5;0;59;1;
043100016;630;368;4;578;0;258;0;0;258;1;0;7;0;8;250;9;2;196;5;0;38;0;
043100017;60;33;1;33;0;26;0;5;26;1;1;0;0;2;24;1;0;16;1;0;5;1;
043100018;90;38;1;68;1;51;1;3;51;0;1;0;0;1;50;3;1;36;1;0;9;0;
043100019;400;244;2;371;0;154;0;0;154;1;7;0;0;8;146;3;2;100;2;1;31;7;
043100020;200;104;1;174;0;95;0;4;95;1;2;0;0;3;92;2;0;72;4;0;14;0;
043100021;120;54;1;116;3;65;3;3;65;1;5;0;0;6;59;6;0;38;0;0;15;0;
043100022;300;142;1;286;4;157;4;2;157;0;2;2;0;4;153;5;2;92;4;0;49;1;
043100023;150;59;1;152;2;90;2;3;90;1;0;0;0;1;89;4;1;71;2;0;7;4;
043100026;890;482;1;817;3;407;3;1;407;3;9;1;1;14;393;12;3;227;8;2;133;8;
043100028;70;37;1;54;2;32;2;0;32;0;0;0;0;0;32;1;0;26;0;0;5;0;
043100030;660;389;0;604;1;271;1;0;271;3;1;2;0;6;265;14;4;147;5;4;84;7;
043200001;541;323;3;541;0;215;0;0;215;1;0;0;0;1;214;19;1;148;0;3;41;2;
043200002;601;332;3;596;0;266;0;0;266;4;6;0;0;10;256;9;0;202;3;1;38;3;
043200003;581;296;1;570;1;284;1;0;284;0;3;4;0;7;277;26;0;186;1;1;60;3;
043200004;111;35;2;96;2;74;2;0;74;0;4;0;0;4;70;7;0;55;1;0;7;0;
043200005;161;73;2;146;4;86;4;0;86;0;6;0;0;6;80;2;0;50;0;0;24;4;
043200006;161;50;2;154;3;109;3;0;109;4;0;0;0;4;105;7;1;92;0;1;4;0;
043200007;101;31;1;92;2;69;2;4;69;0;1;0;0;1;68;14;0;42;1;0;10;1;
043200008;151;49;1;142;1;101;1;3;101;4;1;0;0;5;96;13;0;72;1;0;10;0;
050100001;705;476;0;641;0;229;0;3;229;0;1;1;0;2;227;31;0;149;0;1;37;9;
050100002;545;340;1;492;0;204;0;0;204;1;0;0;0;1;203;12;0;139;2;2;43;5;
050100003;635;395;2;558;0;238;0;0;238;2;3;0;0;5;233;15;1;175;0;0;38;4;
050100004;510;316;0;454;2;194;2;0;194;1;0;0;0;1;193;17;1;133;2;0;37;3;
050100005;684;423;10;612;0;251;0;3;251;5;3;1;0;9;242;17;2;177;1;1;36;8;
050100006;870;583;1;773;0;286;0;1;286;3;0;0;0;3;283;22;0;206;0;0;47;8;
050100007;795;545;1;727;0;249;0;0;249;2;2;0;0;4;245;15;0;184;2;3;36;5;
050100008;728;459;1;662;0;268;0;0;268;1;5;0;0;6;262;17;1;231;7;4;2;0;
050100009;180;92;1;166;2;87;2;5;87;4;0;0;0;4;83;8;0;66;0;0;8;1;
050100010;146;58;2;130;0;86;0;3;86;4;1;3;0;8;78;6;1;65;0;0;5;1;
050100011;319;165;1;295;0;153;0;3;153;3;1;0;1;5;148;4;0;120;1;0;22;1;
050100012;108;29;1;100;1;78;1;0;78;1;2;2;0;5;73;2;0;66;1;0;4;0;
050100013;40;11;1;38;0;28;0;0;28;0;0;0;0;0;28;1;0;24;0;0;3;0;
050100014;230;88;2;216;0;140;0;0;140;1;0;0;0;1;139;5;1;116;3;0;12;2;
050100015;93;19;1;86;3;73;3;0;73;0;0;0;0;0;73;5;0;57;1;0;8;2;
050100016;110;60;1;95;2;49;2;0;49;1;1;1;0;3;46;3;0;36;0;1;6;0;
050100017;242;123;1;219;5;118;5;2;118;4;2;0;0;6;112;10;1;84;2;2;9;4;
050100018;30;8;0;29;0;22;0;6;22;0;0;0;0;0;22;1;0;21;0;0;0;0;
050100019;30;8;1;20;1;21;1;7;21;0;0;0;0;0;21;5;0;13;1;0;2;0;
050100020;90;27;5;87;0;58;0;6;58;0;0;0;0;0;58;2;0;50;0;1;4;1;
050100021;130;71;1;130;1;58;1;6;58;0;2;0;0;2;56;5;0;38;2;0;9;2;
050100022;55;22;1;47;7;32;7;0;32;0;0;0;0;0;32;4;0;22;0;1;3;2;
050100023;33;10;1;29;0;22;0;5;22;0;0;0;0;0;22;2;0;19;0;0;1;0;
050100024;45;12;1;41;0;32;0;0;32;1;0;3;0;4;28;0;0;22;1;1;2;2;
050300001;589;294;0;543;2;295;2;0;295;2;1;6;0;9;286;10;2;242;4;2;19;7;
050300002;228;92;1;205;0;135;0;0;135;7;0;0;0;7;128;7;0;104;2;1;12;2;
050300003;70;20;1;64;1;49;1;0;49;0;0;0;0;0;49;1;0;46;1;0;1;0;
050300004;90;38;1;82;1;51;1;0;51;0;1;0;0;1;50;3;1;39;3;2;2;0;
050300005;505;253;2;461;0;250;0;0;250;2;7;0;0;9;241;8;0;220;5;0;6;2;
050300006;170;77;1;149;0;92;0;0;92;0;2;3;0;5;87;4;1;69;1;1;7;4;
050600001;664;211;2;605;0;451;0;0;451;7;4;0;0;11;440;19;2;368;2;3;43;3;
050600002;665;185;0;627;8;480;8;0;480;9;2;7;0;18;462;25;2;385;2;3;42;3;
050600003;622;179;0;573;2;443;2;0;443;16;3;0;0;19;424;41;1;321;3;4;47;7;
050600004;581;169;1;543;5;411;5;2;411;1;0;2;0;3;408;16;6;339;3;2;36;6;
050600005;485;132;1;451;4;352;4;0;352;5;2;1;1;9;343;152;0;163;0;1;20;7;
050600006;330;131;2;308;0;197;0;0;197;3;1;1;0;5;192;14;2;150;3;2;19;2;
050600007;408;173;2;375;0;233;0;1;233;2;3;2;0;7;226;18;2;174;4;3;18;7;
050600008;432;121;2;401;0;309;0;0;309;4;3;1;0;8;301;27;2;243;1;17;2;9;
050600009;437;130;0;407;1;307;1;1;307;1;2;0;0;3;304;30;1;243;0;1;25;4;
050600010;340;109;2;317;10;229;10;0;229;3;2;17;0;22;207;12;1;133;1;2;43;15;
050600011;429;127;1;394;0;301;0;0;301;3;4;5;0;12;289;16;2;214;4;2;43;8;
050600012;371;120;1;344;11;250;11;0;250;5;1;15;0;21;229;11;2;207;1;0;5;3;
050600013;219;53;0;202;0;166;0;0;166;4;0;3;0;7;159;22;1;124;0;1;8;3;
050900001;350;230;0;326;5;120;5;0;120;4;2;0;0;6;114;1;0;96;0;1;13;3;
050900002;690;481;1;632;0;208;0;0;208;4;5;0;0;9;199;30;0;124;3;0;33;9;
050900003;594;377;4;524;1;213;1;0;213;0;2;2;0;4;209;9;0;150;1;4;35;10;
050900004;640;449;1;585;3;190;3;3;190;0;0;0;0;0;190;30;0;117;1;1;32;9;
050900005;670;453;1;612;0;216;0;0;216;1;0;1;0;2;214;20;1;152;2;0;32;7;
050900006;750;521;1;691;3;228;3;5;228;7;2;0;0;9;219;18;1;142;4;2;45;7;
050900007;640;432;0;591;0;208;0;1;208;1;2;5;0;8;200;36;0;122;0;0;37;5;
050900008;730;475;0;673;4;255;4;0;255;3;0;0;0;3;252;34;3;161;1;1;46;6;
050900009;650;433;0;598;0;217;0;6;217;3;3;2;0;8;209;45;0;123;0;2;28;11;
050900010;820;567;3;246;4;250;4;0;250;3;1;0;0;4;246;40;0;155;0;3;41;7;
050900011;650;411;2;613;0;237;0;0;237;0;2;0;0;2;235;33;0;140;1;0;50;11;
050900012;810;521;0;753;1;289;1;0;289;2;1;7;0;10;279;35;1;175;2;1;46;19;
050900013;740;493;4;692;1;243;1;3;243;0;2;0;0;2;241;34;3;144;2;1;40;17;
050900014;770;578;1;721;2;191;2;5;191;0;1;1;0;2;189;32;0;107;2;2;34;12;
050900015;655;477;1;611;0;177;0;4;177;4;1;2;0;7;170;12;1;128;0;1;23;5;
050900016;747;537;7;694;0;203;0;10;203;3;1;0;3;7;196;12;1;145;2;0;33;3;
050900017;713;506;2;670;0;205;0;6;205;1;6;0;0;7;198;23;0;121;5;1;42;6;
050900018;565;353;3;517;0;209;0;1;209;2;4;0;0;6;203;23;1;122;1;1;49;6;
050900019;530;396;1;133;0;133;0;0;133;0;0;0;0;0;133;15;0;96;1;0;18;3;
050900020;650;477;0;606;0;173;0;6;173;5;0;0;0;5;168;12;0;121;1;1;32;1;
050900021;620;400;2;578;2;218;2;5;218;7;0;0;0;7;211;30;1;143;2;5;21;9;
050900022;770;537;1;714;0;232;0;0;232;1;2;4;0;7;225;26;0;144;1;1;41;12;
050900023;620;350;0;750;2;270;2;2;270;1;4;0;0;5;265;39;0;159;1;6;53;7;
050900024;710;500;0;649;0;210;0;0;210;0;5;0;0;5;205;13;0;151;2;3;31;5;
050900025;670;426;4;629;0;240;0;5;240;2;2;0;0;4;236;31;2;155;1;0;39;8;
050900026;720;481;0;674;0;239;0;3;239;2;2;0;0;4;235;23;0;164;1;1;37;9;
050900027;700;412;2;657;4;286;4;9;286;1;2;4;0;7;279;51;2;168;0;2;40;16;
050900028;880;624;0;820;0;256;0;6;256;2;0;2;0;4;252;53;1;158;1;0;27;12;
050900029;810;562;1;758;0;247;0;6;247;0;0;1;0;1;246;40;1;147;1;3;48;6;
050900030;650;473;1;176;0;176;0;6;176;1;0;0;0;1;175;15;0;126;0;1;28;5;
050900031;748;499;2;702;0;247;0;4;247;2;0;0;0;2;245;27;2;177;0;2;31;6;
050900032;710;520;1;660;0;189;0;4;189;0;0;0;0;0;189;13;1;137;0;1;31;6;
050900033;660;482;2;612;0;176;0;2;176;1;2;0;0;3;173;17;2;130;0;0;21;3;
050900034;600;395;2;558;1;203;1;0;203;0;1;0;0;1;202;24;2;140;0;0;35;1;
050900035;560;380;0;521;0;180;0;5;180;1;2;0;0;3;177;14;1;126;0;1;29;6;
050900036;720;499;2;675;0;219;0;6;219;2;3;0;0;5;214;27;0;147;1;1;32;6;
050900037;700;501;1;650;7;198;7;0;198;0;5;0;0;5;193;19;0;124;1;1;39;9;
050900038;710;520;3;666;1;187;1;0;187;4;0;1;1;6;181;13;1;134;2;1;24;6;
050900039;730;508;1;683;0;221;0;0;221;4;0;0;0;4;217;32;0;140;0;4;32;9;
050900040;730;553;1;679;0;176;0;0;176;0;2;0;0;2;174;17;0;113;0;1;37;6;
050900041;759;555;1;708;1;203;1;0;203;1;4;2;0;7;196;24;1;119;1;0;44;7;
050900042;670;453;1;629;0;216;0;0;216;2;2;0;0;4;212;30;0;141;0;0;36;5;
050900043;720;464;0;680;0;256;0;0;256;4;3;0;0;7;249;30;0;165;0;3;42;9;
050900044;540;358;0;514;1;182;1;7;182;1;5;0;0;6;176;26;0;122;0;2;19;7;
050900045;280;162;0;273;0;118;0;5;118;0;2;0;0;2;116;28;0;66;0;2;18;2;
050900046;670;390;10;623;0;270;0;6;270;2;2;4;0;8;262;47;1;170;5;2;29;8;
050900047;730;486;0;677;3;244;3;5;244;2;2;0;2;6;238;35;1;139;2;4;42;15;
050900048;540;333;0;512;3;207;3;6;207;2;0;0;0;2;205;34;3;133;0;1;25;9;
050900049;660;386;3;622;1;271;1;7;271;1;0;0;0;1;270;29;0;192;0;0;32;17;
050900050;740;547;1;690;0;192;0;0;192;1;1;0;0;2;190;17;0;112;0;1;54;6;
050900051;701;488;1;651;0;212;0;0;212;5;2;2;0;9;203;15;1;148;1;2;32;4;
050900052;775;613;2;725;0;160;0;5;160;0;0;0;0;0;160;14;0;115;0;0;26;5;
050900053;710;507;1;670;0;202;0;0;202;3;0;6;0;9;193;25;1;112;1;2;46;6;
050900054;670;471;1;628;0;198;0;0;198;3;3;1;0;7;191;13;1;135;2;1;31;8;
050900055;650;522;0;604;0;128;0;0;128;0;1;1;0;2;126;8;0;89;0;0;27;2;
050900056;700;546;1;642;0;153;0;0;153;3;0;0;0;3;150;15;0;92;1;1;36;5;
050900057;730;550;0;678;0;180;0;0;180;1;2;0;0;3;177;13;1;128;1;2;27;5;
050900058;740;540;1;689;0;199;0;0;199;0;2;0;1;3;196;29;0;131;3;4;22;7;
050900059;650;455;1;609;1;194;1;4;194;1;0;0;0;1;193;33;0;117;0;2;37;4;
050900060;630;409;18;591;4;203;4;3;203;1;1;2;0;4;199;18;2;127;1;0;42;9;
050900061;760;527;3;714;0;230;0;8;230;1;3;0;0;4;226;16;1;143;5;1;58;2;
050900062;680;456;2;641;0;222;0;3;222;0;0;1;0;1;221;12;0;160;3;1;41;4;
050900063;680;452;0;639;0;228;0;0;228;2;6;0;0;8;220;16;0;152;0;4;39;9;
050900064;700;524;1;672;14;175;14;8;175;0;1;0;0;1;174;29;1;108;1;0;28;7;
050900065;910;665;1;859;0;244;0;0;244;1;0;0;0;1;243;27;0;165;1;2;39;9;
050900066;810;514;3;750;0;293;0;6;293;0;2;4;0;6;287;31;3;198;2;1;35;17;
050900067;780;489;0;731;8;291;8;5;291;0;0;0;0;0;291;39;2;179;1;2;46;22;
050900068;698;462;0;646;0;236;0;6;236;0;1;0;0;1;235;44;2;148;1;2;30;8;
050900069;520;59;0;483;6;461;6;0;461;0;0;0;0;0;461;16;2;440;0;1;0;2;
050900070;670;86;0;621;2;584;2;0;584;0;0;0;0;0;584;1;1;578;1;0;2;1;
050900071;610;36;0;564;10;574;10;0;574;0;0;0;0;0;574;96;0;478;0;0;0;0;
050900072;460;45;1;435;6;414;6;0;414;0;0;0;0;0;414;44;0;370;0;0;0;0;
050900073;481;24;0;461;0;457;0;0;457;0;0;0;0;0;457;22;0;434;1;0;0;0;
050900074;460;131;2;446;0;327;0;6;327;0;0;0;0;0;327;30;0;297;0;0;0;0;
050900075;470;120;1;446;0;349;0;0;349;0;0;1;0;1;348;43;1;303;0;1;0;0;
050900076;631;386;0;540;5;245;5;0;245;3;2;4;0;9;236;8;0;165;4;2;51;6;
050900077;380;284;1;358;0;95;0;0;95;0;0;0;0;0;95;7;2;67;0;0;17;2;
050900078;450;317;0;423;0;133;0;0;133;1;0;0;0;1;132;7;0;97;0;0;25;3;
050900079;870;671;1;804;1;198;1;1;198;0;0;0;0;0;198;15;0;134;1;1;39;8;
050900080;310;259;1;307;0;50;0;8;50;1;2;0;0;3;47;1;0;46;0;0;0;0;
050900081;140;53;0;135;7;87;7;0;87;0;2;0;0;2;85;52;0;31;0;0;1;1;
050900082;85;42;0;84;0;43;0;0;43;0;0;0;0;0;43;9;0;32;0;0;2;0;
050900083;230;115;0;219;3;115;3;2;115;1;1;0;0;2;113;14;1;65;5;4;19;5;
050900084;96;54;0;87;4;42;4;0;42;0;2;2;0;4;38;3;0;26;2;3;2;2;
050900085;100;41;1;99;0;58;0;0;58;0;0;0;0;0;58;19;0;27;0;2;6;4;
050900086;145;57;1;131;11;87;11;0;87;1;0;0;0;1;86;25;0;47;2;1;10;1;
050900087;762;512;1;697;1;249;1;0;249;8;2;4;0;14;235;31;0;119;1;2;78;4;
050900088;770;478;0;709;1;292;1;0;292;3;4;0;0;7;285;35;0;181;5;0;56;8;
050900089;103;40;1;56;6;62;6;0;62;0;0;0;0;0;62;15;0;40;0;1;4;2;
050900090;145;68;0;136;0;77;0;4;77;2;1;0;0;3;74;4;0;55;0;0;13;2;
050900091;320;139;1;296;5;180;5;3;180;0;0;1;0;1;179;9;2;139;0;1;22;6;
050900092;650;348;5;297;0;297;0;0;297;1;2;9;0;12;285;19;2;187;0;0;70;7;
050900093;519;303;0;490;5;216;5;3;216;2;2;0;0;4;212;42;2;123;2;1;35;7;
050900094;550;334;1;508;0;215;0;0;215;1;6;10;0;17;198;47;0;106;2;1;33;9;
050900095;650;421;0;596;2;229;2;2;229;0;6;0;0;6;223;34;1;146;0;3;31;8;
050900096;660;410;0;619;1;250;1;3;250;6;0;0;0;6;244;55;2;148;1;2;29;7;
050900097;356;177;0;335;4;179;4;0;179;1;1;3;0;5;174;23;1;124;0;3;16;7;
050900098;410;193;1;378;0;216;0;3;216;7;1;0;0;8;208;29;0;136;2;1;27;13;
050900099;630;290;0;583;5;340;5;0;340;0;8;0;0;8;332;44;2;226;1;5;43;11;
050900100;580;370;1;547;0;209;0;0;209;1;4;0;0;5;204;18;1;140;2;0;42;1;
050900101;430;210;1;402;0;219;0;2;219;0;0;0;0;0;219;33;2;162;0;1;20;1;
050900102;430;266;1;412;0;163;0;0;163;0;5;0;0;5;158;12;0;126;0;1;19;0;
050900103;610;286;6;570;5;318;5;0;318;3;8;6;0;17;301;32;0;217;0;3;36;13;
050900104;130;35;0;119;1;95;1;0;95;2;0;2;0;4;91;31;0;54;0;0;6;0;
050900105;440;209;1;409;2;230;2;1;230;0;1;6;0;7;223;13;0;180;1;2;26;1;
050900106;700;464;0;644;0;236;0;0;236;0;0;6;0;6;230;12;3;137;4;0;62;12;
050900107;350;207;1;334;8;142;8;0;142;0;0;1;0;1;141;6;0;98;0;0;37;0;
050900108;600;369;1;560;0;230;0;6;230;4;3;0;0;7;223;5;0;197;1;1;18;1;
050900109;580;337;2;551;0;241;0;0;241;1;2;6;1;10;231;10;0;175;1;2;39;4;
050900110;380;166;1;204;9;213;9;0;213;6;0;0;0;6;207;15;2;124;3;6;48;9;
050900111;100;22;0;98;0;78;0;4;78;2;0;0;0;2;76;5;0;54;1;1;12;3;
050900112;170;63;1;168;2;106;2;6;106;1;1;0;0;2;104;9;0;74;3;1;10;7;
050900113;100;28;1;101;2;71;2;0;71;2;0;0;0;2;69;17;0;44;0;0;3;5;
050900114;110;34;0;103;5;76;5;0;76;2;1;0;0;3;73;22;1;39;4;0;7;0;
050900115;115;39;1;109;2;75;2;4;75;2;0;0;0;2;73;13;0;53;0;0;7;0;
050900116;56;6;0;55;1;50;1;4;50;1;0;0;0;1;49;3;0;37;0;0;8;1;
050900117;140;61;1;140;2;78;2;5;78;2;1;0;0;3;75;4;0;44;0;1;23;3;
050900118;720;450;1;669;2;269;2;0;269;2;5;15;0;22;247;11;2;171;6;1;54;2;
050900119;280;178;0;268;2;102;2;2;102;6;0;0;0;6;96;21;0;66;1;2;6;0;
050900120;430;173;3;407;5;254;5;0;254;3;1;0;0;4;250;44;0;132;4;2;62;6;
050900121;70;44;0;60;0;26;0;0;26;0;0;0;0;0;26;0;0;25;0;0;1;0;
051500001;265;115;1;246;0;149;0;0;149;1;1;0;0;2;147;19;4;97;1;3;15;8;
051500002;709;439;1;662;0;269;0;0;269;1;3;4;1;9;260;5;0;204;5;1;39;6;
051500003;669;355;2;625;1;312;1;0;312;2;1;10;0;13;299;11;0;249;3;0;26;10;
051500004;190;108;1;178;2;81;2;0;81;0;0;0;0;0;81;5;0;59;2;1;10;4;
051500005;151;68;1;140;2;82;2;6;82;0;3;1;0;4;78;3;0;57;3;2;9;4;
051500006;50;19;0;49;0;30;0;0;30;0;0;0;0;0;30;1;0;25;0;0;3;1;
051500007;87;28;1;85;0;58;0;7;58;0;0;0;0;0;58;5;0;46;1;0;6;0;
051500008;58;18;0;59;0;40;0;7;40;0;0;0;0;0;40;6;1;31;0;0;2;0;
051500009;80;29;0;78;0;51;0;5;51;4;0;0;0;4;47;3;0;38;0;0;6;0;
051600001;558;275;1;506;5;282;5;0;282;1;7;1;0;9;273;9;0;220;1;0;39;4;
051600002;696;370;2;640;3;324;3;0;324;4;8;1;1;14;310;17;0;226;3;1;55;8;
051600003;71;18;1;66;1;52;1;4;52;0;1;0;0;1;51;2;0;43;2;0;4;0;
051600004;284;116;1;257;3;167;3;3;167;3;0;0;0;3;164;5;1;141;0;1;14;2;
051600005;55;8;2;56;0;45;0;3;45;4;0;0;0;4;41;6;1;31;0;0;1;2;
051600006;102;26;0;97;0;76;0;2;76;2;0;0;0;2;74;1;0;65;0;0;3;5;
051600007;33;4;1;26;4;28;4;0;28;1;1;0;0;2;26;3;0;23;0;0;0;0;
051600008;116;49;1;108;0;66;0;0;66;0;1;0;0;1;65;1;0;58;1;0;5;0;
051600009;96;19;1;94;4;76;4;3;76;0;0;0;0;0;76;2;0;65;0;1;7;1;
051600010;54;13;0;36;5;41;5;0;41;0;1;0;0;1;40;1;0;33;1;1;4;0;
051600011;34;7;2;28;5;25;5;2;25;1;0;0;0;1;24;1;0;22;0;0;1;0;
051600012;245;90;2;225;1;153;1;0;153;1;0;1;0;2;151;7;1;124;1;0;12;6;
051600013;215;76;0;196;5;139;5;1;139;0;0;0;0;0;139;0;1;128;3;1;4;2;
051600014;218;103;0;206;0;115;0;5;115;1;6;0;0;7;108;3;0;83;4;2;9;7;
051600015;552;342;0;507;0;210;0;0;210;6;4;1;0;11;199;7;2;159;1;0;29;1;
051600016;363;211;1;335;2;151;2;2;151;1;0;0;0;1;150;7;2;107;0;0;34;0;
051600017;109;43;2;104;3;64;3;0;64;0;0;0;0;0;64;1;1;61;1;0;0;0;
051600018;30;2;1;24;7;27;7;5;27;0;0;0;0;0;27;2;0;21;0;0;4;0;
051600019;140;57;1;129;0;82;0;3;82;0;1;2;0;3;79;3;0;74;0;0;0;2;
051600020;240;99;2;228;6;139;6;6;139;3;1;1;0;5;134;15;1;108;1;0;7;2;
051600021;890;544;1;344;1;345;1;0;345;1;2;0;0;3;342;19;0;273;7;0;38;5;
051600022;580;210;1;545;0;369;0;0;369;3;3;15;0;21;348;5;2;324;12;2;1;2;
051600023;693;442;6;650;2;245;2;4;245;2;3;0;0;5;240;16;0;190;5;2;25;2;
051600024;155;68;0;140;5;87;5;1;87;0;1;0;0;1;86;8;0;67;1;0;6;4;
051600025;90;28;1;81;0;61;0;2;61;1;2;0;0;3;58;3;0;48;1;0;4;2;
051600026;55;13;0;51;1;42;1;1;42;0;0;2;0;2;40;4;0;32;0;0;4;0;
052200001;680;412;2;640;0;266;0;0;266;4;3;8;1;16;250;20;0;176;2;0;43;9;
052200002;780;482;0;722;2;298;2;0;298;5;3;2;0;10;288;31;0;198;2;0;48;9;
052200003;660;382;3;616;0;275;0;0;275;2;9;2;0;13;262;13;1;207;2;3;36;0;
052200004;690;401;1;632;0;288;0;0;288;0;21;0;0;21;267;22;2;171;4;7;53;8;
052200005;620;387;1;579;0;232;0;0;232;2;4;0;0;6;226;16;1;181;2;2;15;9;
052200006;50;17;0;40;3;33;3;0;33;0;0;1;0;1;32;6;0;25;1;0;0;0;
052200007;175;79;1;166;4;95;4;0;95;3;0;0;0;3;92;8;0;72;0;2;8;2;
052200008;120;65;1;108;1;54;1;0;54;0;0;1;0;1;53;5;0;37;4;2;3;2;
052200009;140;51;0;133;6;89;6;6;89;5;0;0;0;5;84;2;1;71;3;0;5;2;
052200010;60;35;3;53;3;22;3;0;22;0;0;0;0;0;22;3;0;17;0;0;1;1;
052200011;469;261;23;412;8;185;8;0;185;5;16;2;0;23;162;16;0;122;1;0;14;9;
052200012;375;173;1;336;2;201;2;1;201;1;3;0;0;4;197;9;0;164;4;3;17;0;
052200013;340;186;0;311;6;154;6;2;154;2;0;9;0;11;143;11;0;117;1;2;6;6;
052200014;105;44;0;96;4;61;4;0;61;2;0;0;0;2;59;2;0;52;0;0;5;0;
052500001;461;176;1;425;8;284;8;0;284;4;3;3;0;10;274;12;1;241;3;1;9;7;
052500002;87;10;2;85;3;75;3;2;75;0;1;0;0;1;74;8;0;52;1;1;7;5;
052500003;67;15;1;65;0;51;0;0;51;0;1;0;0;1;50;0;0;49;0;0;1;0;
052500004;160;50;2;108;0;108;0;2;108;3;0;0;1;4;104;7;0;84;1;0;6;6;
052500005;290;129;0;274;5;161;5;0;161;2;5;1;0;8;153;7;2;113;2;1;23;5;
052500006;640;366;2;577;2;272;2;1;272;9;9;0;0;18;254;15;0;195;6;3;29;6;
052500007;254;105;1;235;1;148;1;1;148;6;3;8;0;17;131;12;3;85;4;3;18;6;
053000001;500;168;2;459;7;330;7;0;330;7;2;1;0;10;320;32;1;267;0;1;13;6;
053000002;628;229;2;587;12;397;12;5;397;4;2;14;0;20;377;57;4;284;3;2;20;7;
053000003;494;236;2;450;0;256;0;3;256;1;6;0;0;7;249;38;1;167;1;3;32;7;
053000004;376;174;2;346;0;200;0;0;200;1;2;0;0;3;197;38;1;111;0;5;35;7;
053000005;640;315;10;597;0;315;0;0;315;3;6;0;0;9;306;13;0;245;2;1;33;12;
053000006;363;131;4;344;1;228;1;0;228;1;2;0;0;3;225;15;0;174;3;2;22;9;
053000007;292;118;1;269;1;173;1;1;173;0;2;0;0;2;171;34;0;125;0;1;9;2;
053300001;880;430;1;823;4;449;4;1;449;2;11;0;1;14;435;14;0;314;2;2;102;1;
053300002;303;124;0;279;0;179;0;0;179;0;3;4;0;7;172;8;4;145;3;2;9;1;
053300003;260;127;1;239;0;132;0;0;132;1;5;6;0;12;120;2;2;67;3;1;41;4;
053300004;290;145;3;269;0;142;0;1;142;1;0;2;0;3;139;2;2;111;0;2;19;3;
053300005;219;91;1;201;0;127;0;0;127;0;0;0;0;0;127;9;1;105;1;2;8;1;
053300006;660;363;2;623;3;295;3;0;295;2;3;7;2;14;281;6;1;238;4;3;28;1;
053300007;730;386;1;678;3;343;3;0;343;4;1;0;0;5;338;6;1;235;11;0;82;3;
053300008;251;103;1;234;2;147;2;3;147;13;0;0;0;13;134;12;0;98;0;2;19;3;
053300009;703;359;1;648;8;343;8;1;343;0;3;0;0;3;340;11;0;285;4;1;36;3;
053300010;164;75;0;150;0;89;0;0;89;1;4;0;0;5;84;2;0;69;0;2;8;3;
053700001;300;188;1;280;0;111;0;0;111;7;0;0;0;7;104;4;5;83;0;1;10;1;
053700002;255;136;2;237;3;117;3;4;117;1;0;0;0;1;116;3;1;98;1;1;10;2;
053700003;144;54;1;136;0;89;0;6;89;1;0;1;0;2;87;5;0;73;1;0;7;1;
053700004;163;66;1;152;1;96;1;5;96;1;0;5;0;6;90;3;1;78;0;1;6;1;
053700005;68;16;1;68;0;51;0;5;51;2;1;1;0;4;47;3;0;38;1;1;4;0;
053700006;220;92;1;201;0;127;0;3;127;0;0;0;0;0;127;1;0;124;0;0;2;0;
053700007;365;233;1;337;0;131;0;4;131;3;0;4;0;7;124;1;0;82;1;1;37;2;
053700008;335;208;1;314;4;126;4;7;126;0;4;4;0;8;118;1;0;87;0;3;24;3;
053700009;255;134;2;234;3;119;3;1;119;4;1;0;0;5;114;5;0;84;1;0;22;2;
053700010;150;84;1;140;0;65;0;3;65;1;0;0;0;1;64;1;0;56;4;0;3;0;
060500001;600;275;1;568;1;324;1;0;324;3;8;0;0;11;313;19;2;203;2;1;83;3;
060500002;620;271;1;612;8;348;8;2;348;5;8;0;0;13;335;10;2;216;4;4;95;4;
060500003;780;365;3;756;6;412;6;2;412;9;11;0;0;20;392;12;9;276;6;3;79;7;
060500004;460;205;2;466;10;253;10;3;253;1;2;0;1;4;249;3;1;160;3;1;78;3;
060500005;500;253;1;503;0;246;0;10;246;2;4;0;0;6;240;7;1;134;2;4;89;3;
060500006;700;322;1;720;2;377;2;6;377;0;6;0;2;8;369;6;0;311;5;3;43;1;
060500007;460;293;2;381;2;165;2;3;165;0;5;0;0;5;160;2;0;124;0;3;30;1;
060500008;400;182;1;348;4;217;4;0;217;0;2;0;0;2;215;6;0;148;2;2;53;4;
060500009;400;177;1;394;3;222;3;3;222;4;7;0;0;11;211;18;1;156;4;5;21;6;
060500010;260;155;2;239;4;103;4;0;103;3;3;0;0;6;97;6;0;71;4;1;14;1;
060800001;700;443;2;647;1;255;1;3;255;0;7;0;0;7;248;25;0;149;1;3;65;5;
060800002;700;438;2;631;1;260;1;1;260;5;3;4;0;12;248;27;1;127;0;1;86;6;
060800003;650;414;1;597;0;235;0;0;235;2;4;0;0;6;229;4;1;126;3;3;89;3;
060800004;700;452;2;660;0;246;0;0;246;1;6;0;0;7;239;25;1;133;2;1;69;8;
060800005;650;411;3;603;0;236;0;0;236;3;2;0;0;5;231;29;0;132;0;0;53;17;
060800006;650;403;3;578;0;244;0;0;244;2;0;0;0;2;242;33;0;133;0;1;69;6;
060800007;650;435;1;597;0;214;0;0;214;2;2;0;0;4;210;21;0;96;1;2;81;9;
060800008;650;457;1;614;2;192;2;0;192;0;3;0;0;3;189;11;0;103;0;1;70;4;
060800009;670;442;2;623;0;226;0;0;226;1;0;1;2;4;222;10;1;127;1;0;82;1;
060800010;660;423;1;595;1;236;1;0;236;1;8;0;0;9;227;36;2;130;1;2;43;13;
060800011;650;429;1;589;0;220;0;0;220;0;2;0;1;3;217;14;1;137;4;1;52;8;
060800012;700;460;1;641;0;239;0;0;239;1;0;1;0;2;237;12;1;169;2;1;47;5;
060800013;750;506;1;670;1;243;1;0;243;2;1;0;0;3;240;15;0;166;1;0;56;2;
060800014;750;557;3;685;0;190;0;0;190;1;3;0;0;4;186;7;1;145;1;0;29;3;
060800015;850;587;6;790;0;257;0;0;257;1;4;0;1;6;251;2;4;238;1;3;3;0;
060800016;630;387;0;601;3;243;3;0;243;0;1;0;0;1;242;4;0;233;4;0;0;1;
060800017;780;497;0;724;0;283;0;3;283;3;4;0;0;7;276;19;1;182;0;6;67;1;
060800018;550;332;0;507;3;218;3;1;218;2;5;7;2;16;202;13;1;145;1;0;37;5;
060800019;630;386;4;592;2;240;2;0;240;1;1;0;0;2;238;10;0;170;3;4;51;0;
060800020;250;97;1;234;6;152;6;3;152;2;0;0;0;2;150;8;0;118;4;1;17;2;
060800021;860;460;2;789;3;398;3;3;398;4;3;13;0;20;378;14;1;263;5;4;81;10;
060800022;650;406;0;606;1;244;1;0;244;4;0;0;0;4;240;9;1;150;1;1;74;4;
060800023;380;166;1;359;4;213;4;2;213;2;5;3;0;10;203;4;0;174;3;1;16;5;
060800024;950;438;3;907;8;509;8;0;509;8;5;32;0;45;464;4;2;366;4;3;83;2;
060800025;440;308;0;403;0;132;0;0;132;0;3;1;0;4;128;2;0;114;0;0;12;0;
060800026;930;664;0;889;3;266;3;0;266;1;5;0;0;6;260;7;0;186;2;0;62;3;
060800027;550;386;0;502;1;164;1;0;164;1;1;0;0;2;162;1;1;131;0;2;27;0;
060800028;200;85;1;172;4;114;4;0;114;1;2;0;0;3;111;4;0;87;4;2;11;3;
060800029;240;127;3;224;3;110;3;0;110;0;2;7;0;9;101;5;0;84;1;0;11;0;
060800030;900;513;1;878;1;386;1;2;386;0;9;1;0;10;376;23;1;246;2;1;95;8;
060800031;700;454;1;664;1;245;1;2;245;2;6;0;1;9;236;11;2;186;9;1;24;3;
060800032;520;287;0;511;3;233;3;1;233;12;9;0;1;22;211;22;2;123;1;3;60;0;
060800033;380;213;1;344;3;166;3;0;166;2;1;0;0;3;163;4;1;142;1;5;9;1;
060800034;600;392;1;206;1;207;1;1;207;4;1;1;0;6;201;22;1;137;4;4;29;4;
060800035;730;426;0;711;2;304;2;2;304;3;2;0;2;7;297;14;1;194;1;0;80;7;
060800036;750;464;1;717;0;285;0;0;285;2;5;0;0;7;278;6;0;198;5;1;66;2;
060800037;580;272;11;542;1;297;1;0;297;2;7;1;1;11;286;5;0;201;4;4;65;7;
060800038;650;352;6;631;4;292;4;0;292;4;10;0;0;14;278;2;2;197;3;2;69;3;
060800039;40;29;1;23;0;10;0;0;10;0;0;0;0;0;10;0;0;8;0;1;1;0;
060800040;70;22;0;53;0;48;0;8;48;0;1;0;1;2;46;2;0;35;0;0;8;1;
061000001;920;622;0;840;0;298;0;1;298;4;2;1;0;7;291;19;2;184;3;0;79;4;
061000002;1000;632;2;977;0;366;0;8;366;2;2;6;0;10;356;31;3;219;3;4;82;14;
061000003;680;440;2;631;1;238;1;7;238;0;1;0;1;2;236;15;0;151;1;0;56;13;
061000004;710;524;2;655;0;184;0;5;184;2;3;0;0;5;179;11;0;108;3;3;51;3;
061000005;720;508;2;663;0;210;0;1;210;0;7;0;0;7;203;11;1;143;0;0;42;6;
061000006;810;577;2;740;0;231;0;3;231;2;1;5;0;8;223;15;0;156;0;4;45;3;
061000007;580;379;0;537;0;201;0;0;201;0;5;0;0;5;196;14;0;139;0;0;39;4;
061000008;620;399;1;571;0;220;0;0;220;1;2;0;0;3;217;17;2;137;0;1;44;16;
061000009;980;679;1;898;0;300;0;1;300;0;1;0;0;1;299;22;2;192;0;4;71;8;
061000010;580;381;1;545;0;198;0;13;198;1;1;3;0;5;193;12;1;125;0;1;51;3;
061000011;630;417;1;581;0;212;0;0;212;1;0;0;0;1;211;36;1;123;2;2;41;6;
061000012;710;476;1;654;0;233;0;0;233;1;0;0;0;1;232;23;1;161;3;3;37;4;
061000013;1000;594;3;935;0;403;0;5;403;3;3;2;1;9;394;53;1;237;1;5;87;10;
061000014;810;495;3;747;0;312;0;5;312;4;3;0;0;7;305;42;1;183;2;2;50;25;
061000015;700;438;1;650;0;261;0;15;261;2;6;1;1;10;251;25;0;188;1;0;33;4;
061000016;570;330;2;532;0;238;0;5;238;1;0;2;0;3;235;32;0;155;1;2;35;10;
061000017;1020;661;2;934;0;357;0;0;357;4;1;0;0;5;352;40;0;227;3;2;63;17;
061000018;680;410;2;628;0;268;0;0;268;2;5;0;0;7;261;28;4;150;2;2;69;6;
061000019;758;454;1;701;0;303;0;6;303;2;1;0;0;3;300;28;1;188;2;2;67;12;
061000020;850;580;1;782;0;269;0;5;269;5;2;0;0;7;262;22;2;180;0;0;48;10;
061000021;950;586;1;880;0;363;0;5;363;3;10;0;0;13;350;70;0;208;2;1;60;9;
061000022;1000;624;1;941;0;375;0;9;375;3;4;0;0;7;368;34;1;247;1;4;69;12;
061000023;900;546;2;831;1;352;1;2;352;1;1;0;0;2;350;50;2;204;1;3;71;19;
061000024;1000;591;1;934;3;408;3;0;408;3;4;1;1;9;399;59;3;254;1;3;64;15;
061000025;740;428;2;688;0;310;0;4;310;5;2;0;0;7;303;18;1;228;2;2;45;7;
061000026;1059;683;1;976;0;375;0;0;375;2;2;0;2;6;369;19;3;263;0;1;60;23;
061000027;920;514;1;843;1;405;1;0;405;1;0;0;0;1;404;43;2;265;0;3;61;30;
061000028;848;468;2;784;3;378;3;7;378;0;2;1;0;3;375;47;2;246;1;3;58;18;
061000029;690;373;1;637;1;316;1;5;316;5;0;0;0;5;311;35;0;222;0;4;42;8;
061000030;850;508;3;780;0;339;0;5;339;0;7;0;0;7;332;35;1;215;1;6;66;8;
061000031;702;430;0;271;1;272;1;0;272;0;2;0;2;4;268;25;2;179;0;2;48;12;
061000032;1000;574;1;1010;0;425;0;5;425;6;7;1;0;14;411;49;0;230;7;3;91;31;
061000033;650;405;1;597;0;244;0;6;244;2;0;0;1;3;241;21;0;156;0;2;44;18;
061000034;880;520;2;804;1;358;1;0;358;2;2;0;0;4;354;40;1;233;2;2;61;15;
061000035;580;426;1;533;0;153;0;2;153;0;1;0;0;1;152;17;1;106;1;0;24;3;
061000036;790;543;1;725;4;246;4;1;246;1;0;0;0;1;245;35;1;149;2;1;47;10;
061000037;500;307;0;463;1;193;1;2;193;3;4;0;0;7;186;18;3;116;0;2;37;10;
061000038;610;383;1;570;0;226;0;7;226;1;1;0;0;2;224;30;1;134;1;3;47;8;
061000039;1000;706;1;926;0;293;0;2;293;3;4;0;0;7;286;27;1;186;3;3;53;13;
061000040;640;362;2;590;1;276;1;2;276;2;3;0;0;5;271;24;0;182;1;1;51;12;
061000041;670;410;1;617;1;259;1;4;259;0;2;0;0;2;257;16;0;185;2;2;44;8;
061000042;940;590;3;869;1;347;1;5;347;0;4;0;0;4;343;33;1;236;0;1;59;13;
061000043;629;394;2;583;0;233;0;0;233;1;2;0;0;3;230;14;0;161;0;1;42;12;
061000044;1000;705;2;897;0;293;0;0;293;4;0;0;0;4;289;18;0;191;2;3;68;7;
061000045;600;380;1;686;0;219;0;0;219;1;3;3;1;8;211;18;0;143;0;0;48;2;
061000046;1000;671;2;900;1;327;1;2;327;8;2;0;0;10;317;12;1;225;2;0;69;8;
061000047;570;358;7;521;0;205;0;2;205;1;4;1;0;6;199;15;1;127;2;1;36;17;
061000048;490;325;1;448;0;164;0;0;164;1;2;0;0;3;161;17;0;110;1;3;25;5;
061000049;930;684;1;861;0;245;0;0;245;0;0;0;0;0;245;13;1;161;1;2;56;11;
061000050;600;430;0;552;0;170;0;0;170;0;0;0;0;0;170;13;2;102;1;0;41;11;
061000051;680;471;1;626;0;208;0;5;208;0;3;2;0;5;203;14;0;125;1;2;58;3;
061000052;610;418;2;574;0;190;0;2;190;0;1;0;0;1;189;13;0;135;2;0;35;4;
061000053;470;351;1;428;8;118;8;0;118;2;1;0;0;3;115;9;0;77;1;1;21;6;
061000054;950;642;5;875;0;303;0;2;303;0;2;3;0;5;298;17;0;209;0;2;63;7;
061000055;780;542;1;713;0;237;0;0;237;1;0;0;0;1;236;9;0;158;2;2;56;9;
061000056;840;625;2;774;1;213;1;1;213;0;1;0;0;1;212;13;0;137;3;2;48;9;
061000057;749;490;2;695;2;257;2;3;257;5;0;0;0;5;252;15;2;168;1;3;57;6;
061000058;830;586;1;763;0;243;0;6;243;1;1;0;0;2;241;7;1;156;3;2;64;8;
061000059;800;517;1;739;4;282;4;0;282;0;4;4;0;8;274;9;0;211;1;3;42;8;
061000060;850;627;2;221;0;221;0;0;221;3;0;0;0;3;218;10;0;143;0;1;61;3;
061000061;800;547;3;734;1;250;1;0;250;0;0;0;0;0;250;17;1;151;2;3;68;8;
061000062;730;524;1;680;0;205;0;0;205;2;0;0;0;2;203;8;1;135;1;1;54;3;
061000063;720;513;2;671;0;205;0;5;205;0;3;0;0;3;202;5;0;147;0;2;45;3;
061000064;840;622;1;781;0;217;0;4;217;0;1;1;0;2;215;12;0;133;0;2;64;4;
061000065;1050;766;0;972;10;284;10;10;284;2;5;1;0;8;276;17;1;189;2;2;56;9;
061000066;870;613;1;797;0;256;0;0;256;0;1;0;0;1;255;12;1;179;1;4;50;8;
061000067;690;496;1;637;0;193;0;7;193;2;1;0;0;3;190;6;0;130;0;2;44;8;
061000068;900;637;2;820;0;261;0;0;261;1;1;0;0;2;259;21;1;160;1;2;64;10;
061000069;1160;813;2;1077;0;345;0;0;345;0;0;6;0;6;339;26;1;209;0;3;89;11;
061000070;920;642;2;849;2;276;2;5;276;2;0;0;0;2;274;22;3;187;0;5;53;4;
061000071;700;500;1;650;0;199;0;8;199;0;0;0;0;0;199;18;1;135;1;1;41;2;
061000072;710;492;1;654;0;217;0;1;217;5;2;1;0;8;209;5;0;136;0;6;55;7;
061000073;670;506;7;612;0;157;0;0;157;0;5;0;0;5;152;10;0;86;0;1;50;5;
061000074;1030;762;1;943;0;267;0;0;267;3;1;2;0;6;261;22;1;178;1;2;50;7;
061000075;680;507;2;171;0;171;0;7;171;1;0;0;0;1;170;14;0;109;0;0;43;4;
061000076;1150;864;2;1064;0;284;0;9;284;1;2;1;0;4;280;23;0;179;3;1;57;17;
061000077;698;507;3;645;0;188;0;6;188;2;0;0;0;2;186;9;2;128;1;2;31;13;
061000078;1040;701;3;961;9;336;9;0;336;1;2;0;0;3;333;23;0;208;3;0;88;11;
061000079;770;456;10;702;0;304;0;3;304;7;3;0;0;10;294;9;0;227;3;3;41;11;
061000080;570;398;1;543;0;171;0;14;171;1;3;0;0;4;167;17;0;92;1;1;51;5;
061000081;500;252;1;463;5;247;5;0;247;0;2;0;0;2;245;18;3;164;3;4;49;4;
061000082;690;419;1;631;0;270;0;0;270;2;2;2;0;6;264;8;1;191;0;2;60;2;
061000083;750;470;11;697;0;269;0;6;269;5;6;0;0;11;258;9;0;162;1;0;83;3;
061000084;130;45;1;121;6;84;6;0;84;1;4;0;0;5;79;3;0;56;1;0;18;1;
061000085;400;196;8;187;9;196;9;4;196;6;2;0;0;8;188;13;0;146;2;1;24;2;
061000086;460;177;1;430;0;282;0;2;282;21;2;0;0;23;259;16;1;186;3;0;49;4;
061000087;300;114;1;282;2;185;2;0;185;4;0;0;0;4;181;8;2;146;2;0;18;5;
061000088;720;374;1;668;4;345;4;5;345;5;8;0;0;13;332;4;2;252;1;2;70;1;
061000089;450;170;3;414;11;277;11;0;277;5;10;0;0;15;262;12;0;210;4;0;30;6;
061000090;560;335;1;513;1;224;1;4;224;1;1;10;0;12;212;7;2;171;6;6;19;1;
061000091;510;276;3;473;7;231;7;4;231;2;1;14;0;17;214;15;2;135;3;1;56;2;
061000092;80;14;1;75;0;65;0;4;65;0;1;3;0;4;61;9;0;41;0;1;10;0;
061000093;270;143;1;252;0;126;0;3;126;3;0;0;0;3;123;2;3;107;2;1;7;1;
061000094;760;479;3;696;0;278;0;0;278;11;2;0;0;13;265;12;1;162;8;2;78;2;
061000095;850;542;1;780;0;307;0;1;307;0;3;1;0;4;303;22;3;160;6;1;106;5;
061000096;401;260;1;374;0;140;0;3;140;2;1;0;0;3;137;4;2;109;4;0;16;2;
061000097;620;392;1;223;4;227;4;0;227;0;7;0;0;7;220;4;1;157;4;1;51;2;
061000098;300;167;3;283;7;130;7;0;130;4;0;1;0;5;125;1;0;99;0;0;24;1;
061000099;570;347;1;522;1;222;1;1;222;17;3;0;0;20;202;7;2;141;4;0;45;3;
061000100;410;234;1;390;0;175;0;5;175;11;0;0;0;11;164;3;3;134;1;1;19;3;
061000101;800;405;4;729;4;391;4;0;391;4;9;2;0;15;376;12;1;172;2;2;175;12;
061000102;1010;604;1;928;7;405;7;4;405;6;5;1;0;12;393;28;0;268;7;4;79;7;
061000103;730;406;2;683;3;322;3;0;322;3;4;9;0;16;306;13;0;230;7;0;54;2;
061000104;180;69;2;165;4;109;4;3;109;2;2;0;0;4;105;3;0;64;2;1;35;0;
061000105;420;215;2;387;1;203;1;0;203;2;8;1;0;11;192;6;1;144;3;0;37;1;
061000106;74;23;1;77;0;50;0;0;50;5;0;0;0;5;45;0;0;20;1;0;24;0;
061000107;101;39;1;106;0;61;0;0;61;0;2;3;0;5;56;1;0;42;0;0;10;3;
061000108;60;12;3;54;0;45;0;3;45;4;0;0;0;4;41;2;2;26;1;1;7;2;
061000109;50;6;1;55;0;43;0;7;43;0;0;0;0;0;43;1;1;34;1;2;4;0;
062000001;720;386;9;669;0;325;0;6;325;2;2;0;2;6;319;29;2;176;0;3;106;3;
062000002;849;622;2;783;0;225;0;0;225;0;1;2;0;3;222;13;0;129;0;3;73;4;
062000003;600;445;1;511;0;154;0;3;154;2;0;0;0;2;152;7;2;93;0;0;48;2;
062000004;900;592;1;828;5;307;5;0;307;5;2;2;0;9;298;28;1;176;0;6;77;10;
062000005;700;417;1;640;0;282;0;0;282;2;2;0;0;4;278;21;0;159;3;2;82;11;
062000006;920;557;2;847;0;361;0;3;361;1;5;0;0;6;355;36;1;192;0;5;104;17;
062000007;770;518;2;692;0;250;0;0;250;1;2;0;0;3;247;12;0;133;0;3;81;18;
062000008;850;542;2;783;5;306;5;0;306;3;1;0;0;4;302;25;1;162;2;4;99;9;
062000009;960;646;1;879;1;313;1;2;313;3;4;0;0;7;306;12;1;167;2;0;112;12;
062000010;980;627;1;905;0;352;0;4;352;0;4;0;0;4;348;22;1;182;2;7;117;17;
062000011;1070;684;1;985;2;385;2;0;385;2;3;5;0;10;375;23;1;192;2;4;138;15;
062000012;850;543;2;790;1;305;1;0;305;1;6;0;0;7;298;11;1;175;2;1;97;11;
062000013;720;518;1;631;2;201;2;1;201;4;1;2;0;7;194;4;4;132;4;2;46;2;
062000014;690;472;1;630;0;217;0;0;217;5;0;5;0;10;207;4;0;106;2;0;91;4;
062000015;70;28;1;58;0;41;0;0;41;1;2;0;0;3;38;2;2;25;1;1;6;1;
062000016;690;403;2;631;2;285;2;0;285;2;1;0;0;3;282;1;3;226;3;2;44;3;
062000017;690;373;1;623;1;316;1;0;316;15;0;0;0;15;301;8;1;223;1;3;62;3;
062000018;610;345;2;564;0;263;0;0;263;2;2;0;0;4;259;14;0;161;2;2;78;2;
062000019;630;346;3;573;0;281;0;0;281;3;4;1;0;8;273;14;0;177;0;5;73;4;
062000020;570;346;3;520;1;221;1;0;221;3;3;2;0;8;213;15;0;148;2;1;40;7;
062000021;580;318;2;535;0;260;0;0;260;2;5;0;0;7;253;12;2;168;2;1;62;6;
062000022;720;450;1;667;0;269;0;0;269;2;3;0;0;5;264;6;1;232;4;1;20;0;
062000023;710;462;1;655;0;247;0;0;247;0;4;0;0;4;243;0;0;230;2;0;9;2;
062000024;660;445;2;211;2;213;2;0;213;1;2;0;0;3;210;17;1;112;1;1;70;8;
062000025;640;457;2;588;2;181;2;0;181;0;4;0;0;4;177;14;0;94;2;1;61;5;
062000026;690;406;1;627;4;283;4;3;283;2;2;0;1;5;278;15;3;146;0;2;109;3;
062000027;400;143;2;372;2;255;2;0;255;2;6;2;1;11;244;16;0;165;1;1;56;5;
062000028;40;18;1;36;0;21;0;0;21;2;0;0;0;2;19;1;0;10;0;0;7;1;
062100001;700;394;1;646;1;305;1;1;305;3;3;4;0;10;295;6;1;241;4;1;39;3;
062100002;730;368;1;669;0;361;0;2;361;3;5;0;0;8;353;5;0;300;1;1;45;1;
062100003;900;456;2;831;3;442;3;2;442;6;1;1;0;8;434;16;0;349;2;2;56;9;
062100004;830;532;2;767;2;296;2;0;296;3;5;1;0;9;287;7;3;224;2;5;43;3;
062100005;370;131;0;355;8;239;8;0;239;0;4;0;0;4;235;5;2;194;2;2;27;3;
062100006;170;83;1;168;1;86;1;0;86;0;1;0;1;2;84;2;0;69;0;0;13;0;
062100007;600;268;1;566;2;331;2;0;331;3;1;2;0;6;325;26;3;228;4;3;59;2;
062100008;220;44;1;218;6;175;6;1;175;4;2;0;0;6;169;6;0;135;3;0;23;2;
062100009;290;104;0;289;1;186;1;2;186;0;3;0;0;3;183;23;0;130;7;0;16;7;
062100010;490;257;1;461;2;232;2;1;232;3;1;4;0;8;224;15;2;161;3;1;37;5;
062100011;250;88;3;239;8;159;8;0;159;3;0;0;0;3;156;11;0;117;3;4;14;7;
062100012;800;360;1;765;3;439;3;0;439;8;7;0;0;15;424;7;2;312;6;1;95;1;
062100013;860;406;1;807;5;453;5;0;453;3;12;11;0;26;427;8;2;370;5;0;34;8;
062100014;300;116;1;277;7;183;7;1;183;0;1;0;0;1;182;15;4;128;0;0;27;8;
062100015;600;264;2;332;2;334;2;3;334;4;6;6;0;16;318;4;2;211;2;3;93;3;
062100016;800;368;2;719;9;430;9;0;430;1;6;1;0;8;422;7;1;291;3;0;110;10;
062100017;140;6;1;156;0;133;0;0;133;1;0;0;0;1;132;9;0;111;1;0;11;0;
062100018;278;99;1;287;2;178;2;0;178;0;3;1;0;4;174;7;0;143;3;2;14;5;
062700001;740;470;1;681;2;269;2;0;269;1;0;0;0;1;268;34;1;139;1;1;77;15;
062700002;800;531;4;736;2;265;2;3;265;1;2;0;0;3;262;27;1;166;0;0;57;11;
062700003;850;517;0;780;0;333;0;0;333;1;3;0;0;4;329;19;1;218;3;3;73;12;
062700004;820;505;2;753;3;313;3;3;313;3;1;0;0;4;309;21;1;211;2;3;61;10;
062700005;750;468;1;693;0;281;0;0;281;2;4;0;0;6;275;23;1;186;0;1;52;12;
062700006;750;423;0;725;0;327;0;0;327;1;2;0;0;3;324;27;2;201;2;2;73;17;
062700007;610;338;1;612;0;271;0;0;271;7;0;0;0;7;264;32;0;174;1;2;51;4;
062700008;790;485;1;730;0;304;0;2;304;0;1;1;0;2;302;35;0;191;0;1;64;11;
062700009;790;437;1;726;0;352;0;6;352;3;4;0;0;7;345;14;1;230;2;3;88;7;
062700010;740;489;1;678;0;250;0;0;250;0;4;0;0;4;246;13;0;194;2;2;32;3;
062700011;790;483;3;724;0;304;0;0;304;2;3;0;0;5;299;29;4;191;5;2;63;5;
062700012;1200;834;14;1081;0;352;0;0;352;7;3;2;2;14;338;19;1;229;0;4;77;8;
062700013;590;384;1;541;0;205;0;0;205;3;0;2;0;5;200;25;0;138;0;1;31;5;
062700014;790;544;2;724;0;244;0;0;244;0;3;0;0;3;241;9;1;160;4;3;56;8;
062700015;540;324;1;499;4;215;4;0;215;0;3;0;0;3;212;19;0;126;3;1;59;4;
062700016;380;191;0;351;0;189;0;1;189;2;1;0;0;3;186;15;1;126;2;1;40;1;
062700017;320;185;5;289;3;130;3;0;130;3;0;0;0;3;127;5;5;87;0;0;29;1;
062700018;190;52;12;181;4;126;4;5;126;2;0;0;0;2;124;4;4;101;2;0;12;1;
062700019;460;259;1;420;3;200;3;0;200;5;0;0;0;5;195;17;3;136;1;0;33;5;
062700020;440;224;1;411;7;215;7;2;215;0;4;0;0;4;211;6;1;162;2;0;32;8;
062700021;330;166;2;303;0;162;0;0;162;2;0;0;0;2;160;8;0;88;3;2;58;1;
062700022;340;182;1;316;0;157;0;1;157;2;0;0;0;2;155;3;0;125;0;1;24;2;
062700023;820;573;3;755;6;244;6;4;244;0;3;0;0;3;241;8;0;162;1;2;63;5;
062700024;900;581;0;833;0;319;0;2;319;1;2;6;0;9;310;17;0;215;2;0;68;8;
062700025;110;41;0;100;3;69;3;0;69;0;0;0;0;0;69;2;0;60;1;0;6;0;
062700026;680;395;1;618;1;284;1;1;284;2;5;0;0;7;277;13;3;165;1;1;92;2;
062700027;300;181;1;286;0;118;0;0;118;0;6;0;0;6;112;7;2;70;3;0;29;1;
062700028;80;39;1;78;7;40;7;0;40;1;0;0;0;1;39;2;1;36;0;0;0;0;
062700029;210;93;1;188;7;116;7;0;116;0;0;0;0;0;116;2;0;93;0;1;18;2;
062700030;400;232;1;367;2;167;2;0;167;1;2;0;0;3;164;12;1;124;2;1;22;2;
062700031;270;117;8;248;2;145;2;1;145;5;0;2;0;7;138;6;1;110;1;0;19;1;
062700032;360;157;1;333;1;202;1;0;202;1;4;0;0;5;197;10;2;127;1;1;52;4;
062700033;690;355;2;632;2;333;2;14;333;3;0;0;0;3;330;15;1;202;2;2;100;8;
062700034;460;269;1;429;2;190;2;0;190;4;18;0;0;22;168;3;1;76;1;2;82;3;
062700035;170;64;1;157;0;105;0;0;105;2;2;0;0;4;101;19;0;65;3;0;13;1;
062700036;120;46;1;105;6;73;6;0;73;1;0;0;0;1;72;2;1;61;3;0;4;1;
062700037;350;199;1;327;7;150;7;0;150;1;1;2;0;4;146;19;0;101;1;0;21;4;
062700038;300;147;1;277;5;152;5;1;152;1;3;0;0;4;148;8;1;107;2;1;26;3;
062700039;170;44;1;168;2;125;2;3;125;1;1;0;0;2;123;16;0;79;2;2;15;9;
062700040;440;237;1;402;1;202;1;0;202;2;0;2;0;4;198;7;0;169;7;0;12;3;
062700041;120;31;1;109;6;88;6;0;88;1;2;0;0;3;85;7;1;74;0;0;2;1;
062700042;400;205;1;376;0;194;0;0;194;0;3;0;0;3;191;29;0;125;4;1;28;4;
062700043;50;7;1;57;12;42;12;8;42;2;1;0;0;3;39;1;1;28;0;0;8;1;
062700044;65;6;1;60;12;58;12;0;58;1;0;0;0;1;57;4;0;31;0;2;17;3;
062800001;840;607;1;775;1;232;1;2;232;2;2;0;0;4;228;8;0;176;4;0;29;11;
062800002;800;488;1;747;0;311;0;2;311;8;3;1;0;12;299;12;0;215;2;2;57;11;
062800003;920;605;1;853;0;314;0;6;314;3;3;0;0;6;308;17;1;212;7;4;57;10;
062800004;740;476;1;689;0;263;0;4;263;13;2;0;0;15;248;9;1;178;5;1;50;4;
062800005;60;1;0;59;0;59;0;6;59;0;0;0;0;0;59;1;0;55;1;0;0;2;
062800006;280;112;0;256;0;168;0;0;168;2;1;0;0;3;165;7;1;141;2;1;9;4;
062800007;520;312;0;488;4;208;4;0;208;2;5;0;0;7;201;9;9;134;6;4;35;4;
062800008;670;418;8;616;0;244;0;0;244;7;1;0;0;8;236;6;2;170;4;0;51;3;
062800009;620;378;1;577;0;241;0;1;241;5;3;0;0;8;233;7;1;152;4;3;62;4;
062800010;780;501;1;711;0;278;0;0;278;1;2;2;0;5;273;14;4;158;1;4;85;7;
062800011;800;490;1;741;1;309;1;0;309;1;4;0;0;5;304;22;1;170;4;0;102;5;
062800012;730;429;3;671;0;298;0;1;298;2;7;0;0;9;289;9;4;200;5;0;70;1;
063100001;990;639;1;906;0;350;0;0;350;3;8;1;0;12;338;10;1;233;5;0;84;5;
063100002;750;437;1;691;0;312;0;0;312;0;6;6;0;12;300;18;3;192;0;3;80;4;
063100003;120;56;1;110;0;63;0;3;63;1;0;1;0;2;61;1;0;37;1;0;20;2;
063100004;630;382;1;588;0;247;0;7;247;2;4;0;0;6;241;27;0;147;1;0;57;9;
063100005;420;184;3;397;1;233;1;3;233;0;2;3;0;5;228;18;2;143;1;1;55;8;
063100006;610;330;2;569;0;278;0;1;278;2;2;0;1;5;273;19;2;190;1;1;51;9;
063100007;900;563;1;831;1;336;1;0;336;3;6;0;0;9;327;25;2;211;3;3;69;14;
063100008;830;539;2;775;0;289;0;5;289;4;3;0;0;7;282;6;0;263;3;2;7;1;
063100009;40;16;1;32;0;23;0;6;23;0;0;0;0;0;23;0;0;19;1;1;1;1;
063100010;460;278;5;432;0;177;0;6;177;2;2;0;1;5;172;8;2;110;3;3;42;4;
063100011;600;401;0;562;1;199;1;1;199;1;3;0;0;4;195;5;1;154;3;2;28;2;
063100012;560;343;2;517;1;215;1;5;215;6;4;0;0;10;205;10;1;134;5;1;50;4;
063100013;450;310;1;408;0;139;0;0;139;6;4;0;0;10;129;7;1;80;1;2;38;0;
063100014;520;368;3;487;2;149;2;4;149;0;1;1;0;2;147;7;0;92;1;1;44;2;
063100015;520;365;1;483;0;154;0;7;154;2;3;0;0;5;149;9;0;100;3;2;31;4;
063100016;370;250;1;346;1;119;1;0;119;0;2;2;0;4;115;6;0;77;2;3;25;2;
063100017;300;166;2;280;0;132;0;0;132;0;5;0;0;5;127;14;0;78;1;0;29;5;
063100018;240;132;0;220;2;108;2;0;108;5;0;0;0;5;103;7;0;79;0;0;15;2;
063100019;580;417;3;534;0;160;0;3;160;3;2;4;0;9;151;4;2;112;5;0;26;2;
063100020;490;314;1;456;0;175;0;1;175;2;3;1;0;6;169;6;0;125;3;1;31;3;
063100021;260;127;0;242;1;133;1;0;133;0;2;0;0;2;131;3;1;106;4;1;14;2;
063100022;420;216;1;392;0;203;0;2;203;4;3;0;0;7;196;13;2;146;4;1;22;8;
063100023;320;122;3;292;2;195;2;2;195;2;1;0;2;5;190;15;1;143;2;4;15;10;
063100024;770;455;1;698;0;314;0;0;314;0;4;0;0;4;310;3;0;212;3;0;87;5;
063100025;340;179;0;289;0;161;0;3;161;2;2;0;0;4;157;11;1;118;0;2;20;5;
063200001;790;478;2;719;1;310;1;0;310;4;2;0;0;6;304;33;1;206;6;3;47;8;
063200002;870;561;4;797;0;305;0;0;305;4;3;0;0;7;298;31;1;193;4;1;60;8;
063200003;600;445;2;552;0;153;0;1;153;3;1;0;0;4;149;4;1;112;4;0;25;3;
063200004;660;443;0;614;0;217;0;3;217;2;3;0;0;5;212;19;2;135;0;2;42;12;
063200005;79;22;1;65;0;56;0;0;56;2;2;1;0;5;51;2;3;39;0;2;4;1;
063200006;280;78;1;268;3;201;3;2;201;7;5;1;0;13;188;19;1;133;3;1;30;1;
063200007;690;373;3;634;4;314;4;0;314;5;5;3;0;13;301;20;1;220;5;1;49;5;
063200008;530;272;1;488;7;257;7;0;257;3;4;4;2;13;244;15;1;171;0;4;49;4;
063200009;220;106;0;192;0;114;0;0;114;2;2;0;0;4;110;5;3;73;2;0;25;2;
063200010;300;123;1;181;3;176;3;0;176;4;8;3;1;16;160;6;0;132;1;1;16;4;
063200011;500;212;3;466;1;285;1;0;285;2;5;3;0;10;275;58;3;95;1;4;112;2;
063200012;40;14;1;42;0;25;0;0;25;1;2;1;0;4;21;1;0;16;0;0;4;0;
063200013;70;16;2;64;0;52;0;6;52;0;0;0;0;0;52;6;1;32;0;0;9;4;
063200014;140;54;1;135;2;85;2;3;85;2;0;0;0;2;83;20;0;47;1;0;11;4;
063200015;280;86;3;267;1;191;1;4;191;1;11;0;1;13;178;7;0;136;0;1;32;2;
063200016;70;15;0;60;2;55;2;2;55;0;0;0;0;0;55;2;0;41;0;1;7;4;
063200017;360;196;1;294;2;163;2;0;163;1;3;0;0;4;159;9;2;107;2;3;32;4;
063500001;560;316;1;540;0;243;0;0;243;3;5;2;0;10;233;13;0;165;3;1;46;5;
063500002;520;270;2;511;2;248;2;0;248;1;0;0;0;1;247;24;0;141;3;0;74;5;
063500003;500;238;1;490;9;261;9;5;261;0;3;0;1;4;257;11;2;168;3;2;63;8;
063500004;99;38;1;59;1;60;1;2;60;2;0;0;0;2;58;12;0;39;1;1;4;1;
063500005;520;255;1;483;3;264;3;0;264;0;4;1;0;5;259;12;0;204;6;0;33;4;
063500006;480;270;1;450;0;209;0;0;209;0;5;4;0;9;200;10;1;160;6;1;20;2;
063500007;640;409;2;587;2;229;2;0;229;6;1;0;0;7;222;4;1;181;2;2;31;1;
063500008;545;312;1;516;18;232;18;0;232;0;1;0;0;1;231;12;1;173;2;1;36;6;
063500009;300;136;1;283;1;163;1;3;163;2;2;5;0;9;154;8;0;100;1;1;41;3;
063500010;600;373;2;225;3;225;3;1;225;4;5;0;1;10;215;7;3;137;3;1;59;5;
063500011;530;331;2;196;1;197;1;0;197;0;2;0;0;2;195;5;0;118;3;2;64;3;
063500012;100;42;2;82;5;56;5;4;56;0;0;0;0;0;56;6;0;41;1;0;8;0;
070500001;151;84;1;146;1;66;1;8;66;1;0;0;0;1;65;6;1;44;0;0;13;1;
070500002;850;568;1;880;9;281;9;0;281;1;1;1;2;5;276;27;0;178;3;4;45;19;
070500003;850;566;0;895;2;284;2;8;284;5;4;4;0;13;271;36;0;175;7;2;36;15;
070500004;700;456;1;740;2;243;2;0;243;0;2;0;0;2;241;34;2;151;0;4;39;11;
070500005;700;476;1;721;5;223;5;0;223;0;5;5;0;10;213;25;1;145;1;2;31;8;
070500006;700;481;0;731;4;219;4;0;219;2;2;0;0;4;215;27;1;139;2;2;32;12;
070500007;650;451;1;689;0;198;0;0;198;2;1;2;0;5;193;13;2;136;2;4;23;13;
070500008;694;491;1;699;4;202;4;0;202;3;0;0;0;3;199;15;0;147;0;6;23;8;
070500009;650;456;1;681;0;193;0;0;193;3;0;2;0;5;188;21;0;130;0;2;28;7;
070500010;800;546;1;806;0;253;0;0;253;6;3;0;0;9;244;22;3;169;2;5;41;2;
070500011;550;345;1;572;0;204;0;5;204;0;1;1;0;2;202;21;0;131;1;2;37;10;
070500012;501;337;1;492;0;163;0;0;163;1;1;0;0;2;161;28;3;93;2;0;26;9;
070500013;500;346;1;480;0;153;0;0;153;0;2;0;0;2;151;19;0;84;4;3;30;11;
070500014;700;466;0;702;2;234;2;0;234;2;1;0;0;3;231;24;0;160;3;1;33;10;
070500015;400;241;1;422;0;158;0;15;158;0;5;0;0;5;153;16;0;112;0;0;21;4;
070500016;652;421;1;228;2;230;2;0;230;4;2;0;0;6;224;19;1;170;1;2;26;5;
070500017;450;300;0;459;0;150;0;0;150;2;1;0;0;3;147;22;1;102;0;0;15;7;
070500018;700;491;1;695;0;208;0;2;208;1;4;0;0;5;203;21;3;140;1;3;28;7;
070500019;650;404;2;673;0;244;0;5;244;1;0;0;0;1;243;24;1;151;2;5;43;17;
070500020;600;407;0;601;1;193;1;2;193;0;1;0;0;1;192;17;0;105;4;2;52;12;
070500021;500;345;1;532;0;154;0;5;154;3;1;1;0;5;149;23;0;101;0;0;21;4;
070500022;650;410;1;690;0;239;0;7;239;2;0;0;0;2;237;28;2;159;1;4;32;11;
070500023;400;218;1;431;0;181;0;0;181;0;2;0;0;2;179;11;0;135;1;1;21;10;
070500024;650;425;1;224;0;224;0;0;224;2;0;1;0;3;221;21;1;143;0;5;37;14;
070500025;650;411;1;675;3;238;3;0;238;1;4;0;0;5;233;29;2;147;1;1;41;12;
070500026;650;380;4;679;2;266;2;0;266;3;4;0;0;7;259;33;1;174;2;3;33;13;
070500027;341;201;1;343;0;139;0;0;139;1;2;0;0;3;136;21;0;98;0;1;6;10;
070500028;600;348;3;639;0;249;0;0;249;2;1;1;0;4;245;25;5;169;1;2;32;11;
070500029;750;441;2;748;5;307;5;6;307;2;8;1;0;11;296;24;2;191;1;5;58;15;
070500030;600;371;0;596;0;229;0;0;229;0;3;2;0;5;224;38;0;139;1;4;33;9;
070500031;150;75;1;161;0;74;0;6;74;3;1;3;0;7;67;7;0;44;0;1;14;1;
070500032;550;266;1;568;41;283;41;0;283;1;3;0;0;4;279;57;1;161;0;6;36;18;
070500033;650;348;2;663;8;300;8;0;300;6;3;0;0;9;291;57;4;166;2;3;45;14;
070500034;600;329;1;607;2;270;2;3;270;1;3;1;0;5;265;61;0;140;1;3;44;16;
070500035;500;288;1;533;1;211;1;7;211;1;2;0;0;3;208;26;0;126;0;3;36;17;
070500036;280;179;1;287;3;100;3;3;100;3;0;0;0;3;97;27;1;59;0;0;10;0;
070500037;650;441;2;686;0;207;0;5;207;0;1;1;0;2;205;33;1;111;0;1;46;13;
070500038;550;370;1;556;6;179;6;0;179;4;0;0;0;4;175;18;1;112;1;3;23;17;
070500039;131;24;2;9;102;105;102;0;105;0;1;0;0;1;104;6;0;61;1;3;27;6;
070500040;100;34;0;72;8;66;8;0;66;0;0;0;0;0;66;6;1;46;2;1;7;3;
070500042;850;556;1;870;1;293;1;0;293;0;4;0;0;4;289;47;1;167;2;1;50;21;
070500043;400;250;2;397;0;148;0;0;148;0;1;0;0;1;147;14;4;102;2;1;19;5;
070500044;200;132;2;180;0;66;0;0;66;0;1;0;0;1;65;8;0;42;1;1;8;5;
070500045;120;65;1;111;1;54;1;8;54;0;0;0;0;0;54;8;0;39;2;1;4;0;
070500046;100;29;1;83;9;70;9;0;70;3;2;0;0;5;65;4;2;41;3;1;11;3;
070500047;650;383;1;686;5;266;5;0;266;3;1;0;0;4;262;33;0;178;3;5;33;10;
070500048;900;530;1;938;0;369;0;0;369;3;3;0;0;6;363;37;0;250;0;5;48;23;
070500049;600;407;2;629;3;191;3;0;191;2;1;0;0;3;188;25;3;111;1;2;36;10;
070500050;650;408;1;663;0;241;0;0;241;1;3;0;0;4;237;35;0;148;1;3;33;17;
070500051;650;398;1;655;10;251;10;4;251;1;2;0;0;3;248;20;2;178;0;2;27;19;
070500052;450;264;2;454;8;184;8;7;184;2;1;0;0;3;181;26;3;123;1;0;25;3;
070500053;475;301;1;453;2;173;2;10;173;2;1;1;0;4;169;29;1;101;1;2;26;9;
070500054;600;340;0;603;1;260;1;5;260;1;2;0;0;3;257;41;0;162;0;4;41;9;
070500055;450;292;0;461;4;158;4;5;158;0;1;4;0;5;153;40;2;70;1;2;29;9;
070500056;800;465;2;331;2;333;2;0;333;4;1;0;0;5;328;60;3;198;2;4;34;27;
070500057;600;358;1;616;3;241;3;3;241;3;6;0;0;9;232;51;0;136;0;4;26;15;
070500058;300;160;1;313;2;139;2;3;139;0;0;0;0;0;139;26;1;95;1;0;11;5;
070500059;650;367;0;655;1;283;1;4;283;2;3;0;0;5;278;36;1;180;1;0;38;22;
070500060;700;408;0;709;0;292;0;5;292;0;2;0;0;2;290;47;0;171;1;6;34;31;
070500061;550;341;1;565;0;208;0;0;208;1;1;0;0;2;206;24;0;121;0;2;49;10;
070500062;700;487;1;695;5;212;5;0;212;0;4;0;1;5;207;27;0;131;2;2;36;9;
070500063;130;112;2;116;0;16;0;3;16;0;0;0;0;0;16;1;0;9;0;0;6;0;
070500064;400;277;0;434;0;123;0;6;123;0;0;1;0;1;122;13;0;77;0;0;22;10;
070500065;650;389;1;675;0;260;0;6;260;3;2;0;0;5;255;29;0;177;1;3;38;7;
070500066;760;495;1;769;1;264;1;0;264;2;2;0;0;4;260;34;2;150;6;3;47;18;
070500068;100;36;1;78;0;63;0;7;63;1;1;0;0;2;61;8;0;30;3;0;20;0;
070500069;500;316;1;504;0;183;0;7;183;1;4;4;0;9;174;18;1;110;2;3;29;11;
070500070;800;567;1;808;0;232;0;5;232;3;0;0;0;3;229;25;0;144;2;3;43;12;
070500071;650;392;1;670;0;257;0;5;257;0;3;0;0;3;254;13;0;172;5;2;44;18;
070500072;70;25;1;67;0;44;0;6;44;0;1;0;0;1;43;4;0;24;0;0;12;3;
070500073;50;7;2;51;2;41;2;0;41;0;1;0;0;1;40;3;2;24;1;0;7;3;
070500074;50;21;1;47;0;28;0;8;28;0;0;0;0;0;28;8;0;14;1;0;5;0;
070500075;50;28;0;50;7;22;7;7;22;0;0;0;0;0;22;3;0;15;1;0;2;1;
070500076;300;228;1;303;0;71;0;2;71;0;0;1;0;1;70;3;0;50;0;2;12;3;
070500077;110;56;1;107;1;53;1;0;53;3;0;0;0;3;50;2;0;37;0;0;7;4;
070500078;200;143;1;195;0;56;0;0;56;2;0;0;0;2;54;6;0;41;0;1;5;1;
070500079;395;201;2;434;0;192;0;0;192;2;5;2;0;9;183;15;1;130;2;0;22;13;
070500080;483;323;0;516;1;160;1;5;160;0;2;0;0;2;158;25;0;103;0;1;23;6;
070500081;650;402;1;684;4;247;4;2;247;0;1;3;0;4;243;39;0;159;1;1;29;14;
070500082;600;422;1;620;7;177;7;0;177;0;0;0;0;0;177;13;1;119;1;1;32;10;
070500083;600;369;2;636;2;229;2;7;229;1;1;2;0;4;225;35;0;147;0;4;30;9;
070500084;450;271;3;485;2;176;2;2;176;2;3;0;2;7;169;46;0;78;3;3;25;14;
070500085;500;310;1;533;0;189;0;0;189;4;4;0;0;8;181;31;0;109;2;1;18;20;
070500086;550;348;1;548;0;201;0;2;201;1;2;0;0;3;198;36;0;111;0;3;33;15;
070500087;750;431;2;766;7;317;7;0;317;5;1;0;0;6;311;75;0;162;2;5;48;19;
070500088;450;217;2;457;4;231;4;7;231;0;1;0;0;1;230;48;1;156;1;0;15;9;
070500089;410;226;2;404;0;182;0;0;182;3;0;1;0;4;178;41;1;90;1;0;29;16;
070500090;500;332;1;167;0;167;0;0;167;2;0;7;0;9;158;44;2;74;1;3;24;10;
070500091;400;263;1;410;0;136;0;3;136;1;0;0;0;1;135;28;1;68;1;1;27;9;
070500092;550;345;1;588;0;204;0;4;204;3;1;0;0;4;200;50;1;93;3;5;40;8;
070500093;300;206;1;337;5;93;5;0;93;1;0;3;0;4;89;7;0;57;0;0;18;7;
070500094;550;411;1;544;0;138;0;0;138;4;1;0;0;5;133;19;1;69;2;3;27;12;
070500095;700;437;1;714;0;262;0;7;262;1;1;4;0;6;256;21;0;182;1;4;33;15;
070500096;600;384;1;631;0;215;0;0;215;1;1;4;0;6;209;31;0;144;0;1;29;4;
070500097;300;175;3;327;3;122;3;0;122;0;1;1;0;2;120;29;0;58;1;0;26;6;
070500098;500;332;1;491;1;167;1;0;167;2;1;0;0;3;164;28;0;96;0;0;30;10;
070500099;400;249;2;397;0;149;0;5;149;0;3;1;0;4;145;30;0;81;1;4;19;10;
070500100;400;233;1;439;0;166;0;6;166;6;0;0;0;6;160;19;0;99;1;0;31;10;
070500101;400;241;1;441;0;158;0;0;158;1;0;0;0;1;157;37;1;86;0;2;21;10;
070500102;600;414;1;636;1;185;1;6;185;0;2;1;0;3;182;22;0;125;2;4;23;6;
070500103;900;546;1;913;0;353;0;0;353;5;3;5;0;13;340;51;2;197;1;4;63;22;
070500104;550;380;1;567;0;169;0;5;169;1;3;0;0;4;165;24;0;98;1;1;34;7;
070500105;550;381;1;547;6;168;6;0;168;2;5;0;0;7;161;18;2;105;0;1;31;4;
070500106;200;108;1;204;7;91;7;0;91;1;3;0;0;4;87;2;1;61;0;1;16;6;
070500107;90;44;1;85;1;45;1;8;45;0;1;0;0;1;44;2;2;32;0;0;3;5;
070500108;250;117;2;288;0;131;0;4;131;5;0;0;0;5;126;11;0;72;2;3;29;9;
070500109;400;236;0;434;5;164;5;0;164;1;2;0;0;3;161;17;0;107;3;1;19;14;
070500110;200;119;1;207;1;80;1;6;80;2;1;0;0;3;77;3;0;43;0;1;25;5;
070500111;500;293;2;539;2;205;2;7;205;1;0;1;0;2;203;16;1;138;0;1;41;6;
070500112;300;163;0;337;0;137;0;4;137;2;2;1;0;5;132;10;0;88;2;2;20;10;
070500113;200;104;1;171;8;95;8;0;95;1;0;0;0;1;94;6;1;75;1;0;9;2;
070500114;180;88;1;173;0;91;0;8;91;3;2;1;0;6;85;6;0;56;2;0;17;4;
070500115;70;44;0;60;0;26;0;5;26;0;0;0;0;0;26;1;0;19;0;0;6;0;
070500116;180;93;2;170;0;85;0;5;85;0;0;2;0;2;83;5;0;63;0;3;9;3;
070500117;120;70;1;108;2;49;2;8;49;0;2;0;0;2;47;4;1;32;0;0;7;3;
070500118;130;80;1;123;4;49;4;7;49;1;0;1;0;2;47;12;1;25;0;0;5;4;
070500119;250;112;1;257;11;137;11;0;137;4;0;0;0;4;133;14;0;90;3;0;20;6;
070500120;100;55;1;90;0;44;0;8;44;0;0;0;0;0;44;3;0;24;0;1;14;2;
070500121;40;20;2;33;1;18;1;0;18;0;0;0;0;0;18;2;0;11;0;0;5;0;
070500122;60;40;1;53;1;19;1;0;19;0;0;0;0;0;19;2;0;15;0;0;2;0;
070500123;70;44;1;59;1;25;1;0;25;0;0;0;0;0;25;3;0;14;0;0;8;0;
070500124;100;38;1;102;2;61;2;7;61;0;0;0;0;0;61;1;0;43;0;0;15;2;
070500125;75;28;1;63;6;46;6;5;46;1;1;1;0;3;43;2;1;32;1;1;4;2;
070500126;40;20;1;31;2;19;2;0;19;0;0;0;0;0;19;1;0;13;0;0;1;4;
070500127;90;43;1;82;1;46;1;6;46;0;0;0;0;0;46;5;0;32;1;1;4;3;
070500128;350;176;1;354;0;173;0;8;173;0;1;0;0;1;172;15;0;115;1;3;25;13;
070500129;100;48;1;90;0;51;0;0;51;0;0;0;0;0;51;5;0;38;0;0;7;1;
070500130;250;99;0;252;6;151;6;0;151;0;1;2;0;3;148;10;0;105;0;3;20;10;
070500131;180;99;1;169;0;80;0;8;80;1;0;0;0;1;79;9;1;49;1;1;12;6;
070500132;160;65;1;153;3;94;3;0;94;0;0;1;0;1;93;15;1;53;3;1;16;4;
070500133;280;128;3;281;8;149;8;6;149;1;1;2;0;4;145;13;3;87;6;0;19;17;
070500134;100;44;1;95;0;55;0;5;55;2;2;2;0;6;49;3;1;36;1;0;4;4;
070500135;130;66;1;115;4;63;4;0;63;0;1;0;0;1;62;7;0;35;1;1;16;2;
070500136;120;51;1;114;0;68;0;8;68;2;1;3;0;6;62;3;0;43;2;2;2;10;
070500137;330;151;1;345;4;178;4;7;178;4;4;0;1;9;169;13;1;85;6;2;59;3;
070500138;120;39;1;115;0;80;0;0;80;1;2;0;0;3;77;10;0;48;1;2;13;3;
070500139;400;185;1;389;1;214;1;6;214;5;5;0;0;10;204;14;1;125;7;9;39;9;
070500140;300;175;1;289;3;124;3;0;124;3;4;0;0;7;117;14;3;66;0;1;28;5;
070500141;90;42;1;77;8;47;8;0;47;1;1;0;0;2;45;4;0;29;2;0;8;2;
070500142;150;84;1;138;0;65;0;7;65;2;3;1;0;6;59;5;0;37;2;2;9;4;
070500143;350;215;1;394;0;134;0;8;134;0;3;1;0;4;130;14;0;82;1;1;21;11;
070500144;700;489;1;722;0;210;0;0;210;0;0;0;0;0;210;20;3;135;0;5;36;11;
070500145;400;255;1;429;12;144;12;0;144;0;4;0;0;4;140;18;0;89;2;4;20;7;
071200001;400;196;0;454;0;204;0;0;204;2;2;0;0;4;200;11;0;114;2;2;64;7;
071200002;600;324;1;618;0;275;0;1;275;3;0;0;1;4;271;20;1;171;6;3;62;8;
071200003;500;215;3;603;1;282;1;6;282;1;0;0;1;2;280;17;0;168;1;2;82;10;
071200004;500;238;1;574;1;261;1;0;261;3;1;1;0;5;256;25;0;151;3;1;71;5;
071200005;450;194;1;503;0;255;0;6;255;0;1;0;0;1;254;19;0;158;0;2;65;10;
071200006;400;206;1;470;0;193;0;0;193;2;1;1;0;4;189;24;2;86;2;4;67;4;
071200007;400;203;2;429;2;195;2;0;195;2;6;0;0;8;187;22;1;110;1;2;48;3;
071200008;506;195;1;597;0;310;0;2;310;3;1;2;0;6;304;2;0;290;0;1;10;1;
071200009;500;236;1;593;1;263;1;5;263;1;2;0;0;3;260;14;1;144;2;1;88;10;
071200010;550;299;1;612;0;250;0;1;250;1;7;0;1;9;241;16;2;153;0;2;64;4;
071200011;700;380;1;776;0;319;0;0;319;1;4;2;0;7;312;1;1;199;2;0;105;4;
071200012;400;150;1;494;0;249;0;0;249;0;5;0;0;5;244;13;1;166;0;4;55;5;
071200014;37;5;1;43;1;31;1;0;31;1;0;0;0;1;30;2;0;20;0;1;4;3;
071200015;31;17;1;38;0;13;0;7;13;0;0;0;0;0;13;2;0;8;0;0;3;0;
071200016;28;4;1;35;0;23;0;0;23;0;0;0;0;0;23;2;0;16;0;0;5;0;
071200017;21;3;0;27;1;18;1;7;18;0;0;0;0;0;18;3;0;13;0;0;1;1;
071200018;400;171;2;437;2;227;2;4;227;1;5;6;0;12;215;3;0;123;3;1;78;7;
071200019;200;63;1;238;0;136;0;0;136;0;2;0;0;2;134;14;1;57;2;0;56;4;
071200020;71;14;1;86;2;56;2;0;56;2;1;1;0;4;52;4;0;44;1;0;3;0;
071200021;107;10;2;130;5;95;5;0;95;0;0;0;0;0;95;6;0;74;3;0;12;0;
071200022;37;5;1;43;7;31;7;0;31;0;0;0;0;0;31;4;0;24;0;0;3;0;
071200023;350;152;1;351;0;197;0;6;197;1;11;0;0;12;185;13;0;139;2;2;26;3;
071200024;35;23;1;40;0;11;0;3;11;0;0;0;0;0;11;0;0;9;1;1;0;0;
071200025;59;23;1;43;1;35;1;8;35;0;0;0;0;0;35;1;0;25;0;0;9;0;
071200026;75;12;1;90;2;62;2;8;62;0;2;0;0;2;60;3;0;50;2;0;4;1;
071200027;200;96;0;204;3;104;3;0;104;1;0;0;0;1;103;9;1;68;0;0;21;4;
071200028;29;9;1;39;0;19;0;8;19;0;0;0;0;0;19;2;0;14;0;0;3;0;
071200029;39;13;1;47;2;25;2;8;25;0;0;0;0;0;25;3;0;21;1;0;0;0;
071200030;53;19;1;40;4;33;4;8;33;0;0;0;0;0;33;0;0;28;0;0;2;3;
071200031;400;221;1;436;0;178;0;0;178;4;1;1;0;6;172;7;2;102;3;2;49;7;
072900001;550;98;1;791;0;451;0;0;451;0;5;0;0;5;446;11;2;373;2;2;52;4;
072900002;350;130;1;508;0;219;0;0;219;0;7;0;0;7;212;22;3;111;4;1;67;4;
072900003;400;128;1;542;0;271;0;0;271;1;4;4;0;9;262;26;0;166;2;2;62;4;
072900004;400;104;2;585;1;294;1;1;294;0;2;0;0;2;292;32;4;153;2;7;87;7;
072900005;500;149;1;690;1;350;1;0;350;4;8;0;0;12;338;13;1;224;2;2;91;5;
072900006;250;119;1;352;0;130;0;0;130;0;2;1;0;3;127;8;1;93;2;1;21;1;
072900007;250;58;1;309;0;191;0;0;191;0;2;1;0;3;188;2;1;180;2;0;2;1;
072900008;500;166;1;738;0;333;0;0;333;5;1;0;0;6;327;12;3;301;4;2;5;0;
072900009;450;160;1;652;0;289;0;9;289;2;3;1;0;6;283;28;1;131;2;2;102;17;
072900010;600;219;1;819;0;380;0;0;380;13;0;0;0;13;367;40;2;177;1;2;135;10;
072900011;450;204;1;596;0;245;0;0;245;2;2;3;0;7;238;23;2;131;1;3;70;8;
072900012;400;177;1;543;0;222;0;1;222;2;3;4;0;9;213;6;2;120;1;0;73;11;
072900013;400;156;1;547;0;243;0;0;243;0;1;0;0;1;242;17;4;134;2;1;80;4;
072900014;450;163;1;619;3;286;3;0;286;1;1;1;0;3;283;25;1;146;0;3;101;7;
072900015;500;187;2;682;4;311;4;0;311;4;4;0;0;8;303;18;0;151;1;5;113;15;
072900016;400;125;1;576;2;274;2;0;274;1;2;0;0;3;271;18;2;140;0;3;95;13;
072900017;400;160;1;570;0;239;0;0;239;0;5;0;0;5;234;33;0;114;0;1;71;15;
072900018;550;200;1;781;0;349;0;4;349;1;6;0;0;7;342;36;4;159;2;3;122;16;
072900019;300;90;1;418;0;209;0;2;209;1;3;0;0;4;205;19;1;113;3;2;63;4;
072900020;450;185;1;632;0;264;0;0;264;1;1;0;0;2;262;11;2;153;0;0;86;10;
072900021;250;118;1;353;0;131;0;0;131;2;2;2;0;6;125;1;1;61;0;0;58;4;
072900022;600;281;1;821;0;318;0;1;318;2;6;4;0;12;306;24;2;150;2;1;115;12;
072900023;300;77;1;420;0;222;0;0;222;4;1;0;0;5;217;25;2;96;1;1;86;6;
072900024;500;193;1;709;1;306;1;0;306;1;1;2;0;4;302;30;1;167;1;0;89;14;
072900025;550;234;1;753;0;315;0;1;315;1;7;4;1;13;302;27;2;161;4;4;93;11;
072900026;600;269;2;939;0;329;0;0;329;1;4;0;0;5;324;32;3;135;0;3;137;14;
072900027;500;197;1;680;0;302;0;0;302;4;4;0;1;9;293;18;3;150;3;1;112;6;
072900028;400;156;2;552;0;242;0;0;242;1;6;0;0;7;235;23;1;118;0;1;91;1;
072900029;500;198;1;697;0;301;0;0;301;2;3;4;0;9;292;25;3;156;2;3;98;5;
072900030;550;241;1;786;0;308;0;0;308;2;5;0;0;7;301;20;4;164;2;3;101;7;
072900031;350;145;1;513;0;204;0;0;204;2;1;0;0;3;201;5;1;104;0;3;79;9;
072900032;400;123;1;598;1;276;1;0;276;4;2;6;0;12;264;21;0;121;0;3;108;11;
072900033;400;159;1;595;0;240;0;4;240;3;0;6;0;9;231;11;0;131;3;5;63;18;
072900034;500;217;2;684;0;281;0;5;281;1;0;0;0;1;280;9;1;166;2;6;89;7;
072900035;30;14;1;21;0;15;0;0;15;0;0;0;0;0;15;2;0;10;0;0;3;0;
072900036;250;34;2;350;1;214;1;3;214;0;6;0;0;6;208;9;2;136;3;1;56;1;
072900037;350;210;1;474;0;139;0;2;139;3;1;7;0;11;128;8;1;72;3;4;32;8;
072900038;250;79;1;300;3;170;3;1;170;1;1;0;0;2;168;17;0;125;2;0;19;5;
072900039;250;66;2;335;0;182;0;4;182;5;0;4;0;9;173;8;0;84;3;1;69;8;
072900040;70;23;1;68;4;46;4;0;46;2;0;0;0;2;44;4;2;25;1;1;10;1;
072900041;200;53;1;254;2;146;2;3;146;5;1;0;0;6;140;5;1;96;1;2;30;5;
072900042;90;44;1;89;0;45;0;5;45;0;0;0;0;0;45;1;0;29;0;0;13;2;
072900043;400;153;1;549;9;246;9;0;246;2;3;0;0;5;241;14;1;150;4;3;66;3;
072900044;300;37;1;402;3;262;3;3;262;1;1;6;1;9;253;9;0;210;2;3;29;0;
072900045;400;56;1;511;1;343;1;1;343;1;1;0;0;2;341;16;2;300;0;1;22;0;
072900046;150;14;2;196;0;134;0;7;134;5;5;0;0;10;124;4;1;97;2;0;17;3;
072900047;300;64;1;421;4;235;4;5;235;4;4;7;0;15;220;10;1;154;3;2;49;1;
072900048;450;202;2;622;0;246;0;4;246;3;4;0;0;7;239;13;1;147;3;2;67;6;
072900049;350;185;1;348;1;164;1;3;164;2;2;4;0;8;156;2;3;109;1;2;37;2;
072900050;250;190;3;330;1;57;1;2;57;1;1;0;0;2;55;1;1;46;2;0;5;0;
072900051;30;15;1;26;0;14;0;6;14;0;0;0;0;0;14;1;0;9;0;2;2;0;
072900052;100;21;1;130;5;78;5;0;78;2;1;1;0;4;74;9;0;43;2;1;16;3;
072900053;50;20;1;40;0;29;0;2;29;1;0;0;0;1;28;5;0;16;1;0;5;1;
072900054;70;44;1;70;0;25;0;0;25;0;0;0;0;0;25;7;0;11;1;0;5;1;
072900055;350;81;0;471;1;269;1;4;269;6;5;23;1;35;234;17;0;166;2;3;41;5;
072900056;350;98;2;429;3;250;3;2;250;1;2;2;0;5;245;13;2;184;2;0;37;7;
072900057;400;99;1;506;7;300;7;0;300;0;8;0;0;8;292;3;0;249;2;0;36;2;
072900058;200;69;1;227;2;130;2;2;130;3;0;7;0;10;120;10;1;79;1;0;23;6;
072900059;250;76;1;301;5;173;5;0;173;3;2;5;0;10;163;7;5;106;4;0;33;8;
072900060;200;53;1;225;0;146;0;4;146;1;2;2;0;5;141;10;0;120;3;2;5;1;
072900061;150;37;1;172;5;112;5;4;112;1;1;8;0;10;102;7;2;76;0;1;14;2;
072900062;150;37;1;174;4;112;4;4;112;4;2;0;0;6;106;3;0;74;2;0;25;2;
072900063;300;69;1;412;0;230;0;0;230;3;0;0;0;3;227;1;0;189;1;1;35;0;
072900064;450;99;2;631;0;349;0;0;349;1;4;0;0;5;344;8;1;305;3;2;24;1;
072900065;450;123;2;613;0;325;0;8;325;0;14;0;0;14;311;5;1;279;1;2;21;2;
072900066;400;133;2;536;2;265;2;0;265;0;2;5;0;7;258;2;0;242;0;1;11;2;
072900067;500;167;1;665;0;332;0;3;332;4;7;0;0;11;321;15;4;189;5;5;97;6;
072900068;150;61;1;139;4;88;4;0;88;0;1;0;0;1;87;9;1;43;3;0;23;8;
072900069;300;160;1;313;2;139;2;0;139;2;0;0;0;2;137;15;0;95;2;0;21;4;
072900070;200;98;1;219;0;101;0;2;101;6;3;1;0;10;91;15;0;62;2;1;11;0;
072900071;70;25;1;75;2;44;2;0;44;0;0;2;0;2;42;7;0;20;2;0;12;1;
072900072;100;40;1;110;2;59;2;3;59;2;0;0;0;2;57;3;0;36;4;0;12;2;
072900073;150;40;1;165;0;109;0;4;109;0;0;0;0;0;109;10;1;71;3;2;18;4;
072900074;350;205;1;450;0;144;0;0;144;1;1;5;0;7;137;8;5;86;7;4;26;1;
073500001;730;423;1;678;1;306;1;6;306;4;2;0;0;6;300;21;1;164;2;0;105;7;
073500002;800;493;0;759;1;307;1;0;307;3;0;0;0;3;304;33;0;158;3;2;102;6;
073500003;630;352;1;587;1;277;1;2;277;1;1;0;0;2;275;47;1;130;2;4;76;15;
073500004;910;507;1;874;0;402;0;0;402;3;4;0;0;7;395;33;3;170;3;0;171;15;
073500005;800;438;0;766;0;362;0;8;362;10;4;0;0;14;348;36;3;195;3;2;96;13;
073500006;840;564;1;776;1;275;1;6;275;2;5;1;0;8;267;24;2;137;3;3;86;12;
073500007;750;425;2;686;0;323;0;0;323;3;8;0;0;11;312;18;1;160;1;3;120;9;
073500008;750;491;2;700;3;257;3;0;257;2;4;1;1;8;249;22;1;118;1;1;98;8;
073500009;280;176;1;253;0;103;0;4;103;0;0;0;0;0;103;4;1;51;0;1;41;5;
073500010;850;542;2;763;1;306;1;3;306;6;0;0;0;6;300;34;1;157;1;1;91;15;
073500011;700;454;2;651;0;244;0;5;244;1;1;1;0;3;241;11;1;123;2;4;92;8;
073500012;36;19;1;32;1;16;1;2;16;0;0;0;0;0;16;1;0;12;0;0;3;0;
073500013;500;286;2;482;0;212;0;6;212;1;2;0;0;3;209;16;0;122;0;2;59;10;
073500014;450;250;3;414;2;197;2;4;197;2;4;0;0;6;191;21;0;98;2;0;63;7;
073500015;500;293;1;483;2;206;2;0;206;5;4;0;0;9;197;14;0;96;2;1;78;6;
073500016;750;472;2;673;0;276;0;4;276;3;3;0;0;6;270;14;1;121;3;2;118;11;
073500017;200;122;1;187;0;77;0;5;77;2;2;0;0;4;73;5;2;48;1;0;17;0;
073500018;80;43;1;77;0;36;0;0;36;1;0;0;0;1;35;1;0;26;0;1;7;0;
073500019;60;15;1;59;0;44;0;6;44;0;0;0;0;0;44;6;1;27;0;0;10;0;
073500020;28;12;1;28;0;15;0;5;15;0;0;0;0;0;15;1;0;12;0;0;2;0;
073500021;95;43;1;91;1;51;1;5;51;0;0;0;0;0;51;4;0;30;0;2;14;1;
073500022;30;21;1;31;1;8;1;6;8;0;0;0;0;0;8;2;0;3;0;0;3;0;
073500023;65;30;1;63;0;34;0;6;34;0;0;0;0;0;34;4;0;21;0;1;7;1;
073500024;110;63;2;105;0;45;0;4;45;1;0;0;0;1;44;3;0;21;1;0;17;2;
073500025;550;347;0;509;2;203;2;3;203;1;3;0;0;4;199;15;0;94;1;4;77;8;
073500026;550;369;1;508;0;180;0;6;180;0;1;0;0;1;179;15;0;74;2;1;81;6;
073500027;450;258;2;422;0;190;0;3;190;2;1;0;0;3;187;10;0;102;1;0;69;5;
080300001;908;553;0;841;3;355;3;0;355;7;2;0;0;9;346;32;1;220;6;3;62;22;
080300002;760;398;1;714;6;361;6;5;361;0;1;2;0;3;358;44;1;220;0;1;73;19;
080300003;1000;637;3;940;0;360;0;4;360;4;0;4;1;9;351;12;2;324;5;3;5;0;
080300004;670;372;3;630;0;295;0;0;295;0;7;17;0;24;271;16;2;171;4;4;64;10;
080300005;660;400;1;625;0;259;0;0;259;0;0;0;0;0;259;15;5;159;3;6;65;6;
080300006;900;474;3;837;1;423;1;1;423;7;2;1;0;10;413;14;2;236;1;0;146;14;
080300007;980;601;2;920;0;377;0;1;377;3;3;11;0;17;360;3;4;282;5;4;56;6;
080300008;730;372;2;673;0;356;0;0;356;5;6;10;0;21;335;14;0;166;1;2;146;6;
080300009;770;447;0;712;0;323;0;0;323;0;4;4;0;8;315;21;2;183;4;3;94;8;
080300010;840;503;3;777;0;334;0;0;334;7;0;1;0;8;326;18;1;203;1;3;87;13;
080300011;660;332;1;690;2;327;2;2;327;1;4;0;0;5;322;7;3;181;3;2;121;5;
080300012;820;506;0;760;0;314;0;0;314;1;10;0;0;11;303;27;0;172;0;5;83;16;
080300013;970;588;1;899;2;381;2;0;381;4;5;0;1;10;371;15;0;236;1;2;105;12;
080300014;610;335;0;567;0;275;0;1;275;0;9;5;0;14;261;8;2;152;2;2;90;5;
080300015;35;17;0;29;0;18;0;0;18;1;0;0;0;1;17;2;2;9;1;3;0;0;
080300016;270;191;0;255;1;79;1;4;79;0;1;3;0;4;75;7;0;63;4;0;1;0;
080300017;90;52;0;88;2;38;2;0;38;2;0;0;0;2;36;0;0;34;0;1;1;0;
080300018;556;246;2;514;0;308;0;0;308;2;2;4;0;8;300;26;2;197;3;1;69;2;
080300019;340;165;1;325;0;174;0;0;174;0;0;0;0;0;174;4;1;151;3;1;13;1;
080300020;170;77;1;166;0;92;0;3;92;1;0;2;0;3;89;11;1;70;0;1;4;2;
080300021;330;162;1;309;0;167;0;0;167;3;6;0;0;9;158;20;1;82;1;2;46;6;
080300022;660;352;1;616;2;307;2;1;307;11;7;0;0;18;289;16;0;128;2;1;127;15;
080300023;110;52;0;107;0;58;0;0;58;2;0;0;0;2;56;2;0;47;5;0;2;0;
080300024;350;164;3;330;0;183;0;2;183;4;1;0;0;5;178;2;1;172;0;2;0;1;
080300025;160;71;0;152;0;89;0;0;89;2;0;4;0;6;83;6;0;58;1;0;17;1;
080300026;900;542;3;833;2;355;2;1;355;1;2;2;0;5;350;25;1;191;4;4;107;18;
080300027;1010;693;5;981;0;312;0;1;312;3;2;20;1;26;286;5;1;222;4;0;43;11;
080300028;160;81;3;158;0;76;0;4;76;0;1;0;0;1;75;7;3;47;1;1;13;3;
080300029;179;71;3;176;2;105;2;0;105;0;3;0;0;3;102;4;0;80;3;2;8;5;
080300030;590;275;1;555;0;314;0;0;314;1;4;0;0;5;309;12;0;236;4;2;50;5;
080300031;80;25;0;68;0;55;0;0;55;0;1;0;0;1;54;4;1;33;3;4;7;2;
080300032;900;545;1;837;0;354;0;0;354;0;8;0;0;8;346;5;3;281;3;1;48;5;
080300033;320;215;1;305;0;104;0;4;104;1;4;0;0;5;99;7;1;83;2;0;2;4;
080300034;115;30;0;114;0;85;0;0;85;0;1;1;0;2;83;0;0;79;0;0;2;2;
080300035;80;29;1;82;0;50;0;3;50;1;1;0;0;2;48;7;0;35;2;0;3;1;
080300036;300;133;0;282;0;167;0;0;167;1;0;5;0;6;161;10;1;100;1;3;44;2;
081200001;1000;614;0;764;1;386;1;0;386;4;3;0;0;7;379;18;1;197;6;2;147;8;
081200002;560;300;0;566;1;260;1;5;260;3;4;2;0;9;251;18;0;153;0;2;72;6;
081200003;397;198;0;399;0;199;0;0;199;1;1;0;0;2;197;2;3;128;2;1;54;7;
081200004;766;410;1;765;0;355;0;0;355;8;4;7;0;19;336;13;1;204;5;5;104;4;
081200005;760;370;1;763;1;389;1;2;389;3;2;2;0;7;382;25;2;234;2;6;99;14;
081200006;1014;520;1;1013;1;493;1;0;493;5;4;0;0;9;484;33;0;306;3;4;122;16;
081200007;710;414;0;710;1;296;1;2;296;7;3;7;0;17;279;17;3;149;4;4;97;5;
081200008;800;499;1;772;12;300;12;0;300;6;25;0;0;31;269;15;2;183;4;4;57;4;
081200009;581;290;1;582;1;290;1;0;290;2;7;0;0;9;281;11;1;165;3;2;88;11;
081200010;382;202;0;382;0;180;0;0;180;1;1;0;1;3;177;7;0;105;2;0;58;5;
081200011;48;12;2;48;1;36;1;1;34;0;0;0;0;0;34;4;0;19;2;3;5;1;
081200012;102;35;0;102;0;67;0;0;67;1;0;0;0;1;66;3;1;48;1;2;9;2;
081200013;91;39;0;94;3;52;3;3;52;0;0;3;0;3;49;4;0;42;0;0;3;0;
081200014;300;125;0;301;4;175;4;0;175;1;2;0;0;3;172;4;3;139;5;3;16;2;
081200015;46;15;0;49;0;31;0;3;31;2;0;0;0;2;29;1;0;26;0;0;2;0;
081200016;38;10;0;39;0;28;0;2;28;1;0;1;0;2;26;0;1;20;0;2;2;1;
081200017;75;32;3;75;1;40;1;0;40;0;2;1;0;3;37;0;0;37;0;0;0;0;
081200018;67;10;0;69;0;57;0;0;57;1;0;4;0;5;52;2;0;34;2;2;11;1;
081200019;182;80;0;182;0;102;0;0;102;0;9;0;0;9;93;6;0;74;1;0;10;2;
081200020;218;70;0;218;6;148;6;0;148;2;2;0;0;4;144;5;1;129;5;0;4;0;
081200021;97;30;0;97;2;67;2;0;67;1;0;0;0;1;66;4;0;61;0;0;1;0;
081200022;130;75;0;130;0;55;0;0;55;0;0;0;0;0;55;0;0;44;1;1;7;2;
081200023;80;32;1;79;0;47;0;2;47;0;0;0;0;0;47;1;0;34;0;0;11;1;
081200024;128;39;0;128;0;89;0;0;89;0;7;0;0;7;82;1;0;69;0;0;11;1;
081200025;394;218;2;401;0;174;0;0;174;0;2;0;0;2;172;2;4;161;2;1;2;0;
081200026;85;24;0;91;7;61;7;5;61;0;0;0;0;0;61;5;2;44;3;0;4;3;
081200027;355;190;0;354;0;165;0;0;165;0;4;0;0;4;161;5;1;106;2;3;42;2;
081200028;1001;738;4;497;1;259;1;2;259;3;0;3;1;7;252;6;0;146;4;1;92;3;
081200029;208;107;0;208;0;101;0;0;101;2;2;0;0;4;97;0;0;56;2;2;36;1;
081200030;62;15;1;69;2;46;2;7;46;0;0;0;0;0;46;1;0;40;0;0;4;1;
081200031;20;1;0;12;7;19;7;0;19;0;1;0;0;1;18;0;1;14;0;1;2;0;
081200032;331;151;0;334;0;180;0;3;180;1;1;1;0;3;177;6;0;120;5;4;41;1;
081200033;267;156;0;267;4;111;4;0;111;3;2;0;0;5;106;4;1;91;1;0;8;1;
081200034;30;9;0;28;2;21;2;0;21;0;0;2;0;2;19;0;0;12;0;1;6;0;
081200035;490;298;0;492;2;192;2;0;192;1;1;0;0;2;190;8;3;131;6;6;36;0;
081200036;214;71;1;220;6;142;6;0;142;7;1;0;0;8;134;4;0;117;0;1;10;2;
081200037;220;82;2;223;0;136;0;3;136;1;2;3;0;6;130;9;0;86;3;0;30;2;
081200038;115;38;1;120;0;76;0;5;76;0;1;0;0;1;75;2;1;64;0;0;5;3;
081200039;86;17;0;86;0;69;0;6;69;0;0;0;0;0;69;3;0;60;0;0;3;3;
081200040;331;158;5;328;1;168;1;0;168;1;4;0;0;5;163;7;3;130;5;3;14;1;
081200041;316;140;0;320;0;176;0;0;176;4;0;0;0;4;172;1;3;156;4;1;5;2;
081200042;444;193;0;447;1;251;1;0;251;3;4;0;0;7;244;10;0;206;3;0;20;5;
081200043;218;127;1;218;3;90;3;0;90;2;0;0;0;2;88;9;1;67;4;1;5;1;
081200044;133;71;0;137;4;62;4;0;62;1;1;0;0;2;60;2;1;53;0;1;2;1;
081200045;125;38;0;125;0;87;0;3;87;0;0;0;0;0;87;6;2;63;3;2;8;3;
081200046;429;243;0;429;1;186;1;2;186;0;3;0;0;3;183;5;1;156;3;0;15;3;
081200047;86;40;0;89;2;46;2;0;46;0;1;0;0;1;45;2;2;26;3;3;7;2;
081200048;157;61;0;157;3;96;3;0;96;2;1;0;0;3;93;0;0;84;2;0;4;3;
081200049;192;107;1;194;3;84;3;4;84;2;1;0;0;3;81;2;0;75;3;0;0;1;
081200050;420;184;0;422;0;236;0;2;236;4;4;0;0;8;228;11;3;169;3;1;35;6;
081200051;385;190;0;387;1;195;1;1;195;0;1;0;0;1;194;3;3;145;4;1;32;6;
081200052;75;31;0;75;0;44;0;2;44;0;0;0;0;0;44;4;0;34;1;0;4;1;
081200053;85;16;0;86;0;69;0;0;69;0;1;1;0;2;67;4;1;53;1;0;5;3;
081200054;28;3;0;30;4;25;4;0;25;0;0;1;0;1;24;0;0;21;0;0;2;1;
081200055;245;96;0;245;0;149;0;0;149;5;2;1;0;8;141;10;0;104;4;0;22;1;
081500001;100;38;1;96;1;61;1;0;61;1;2;0;0;3;58;5;0;49;0;0;4;0;
081500002;240;69;0;223;2;171;2;2;171;0;0;0;0;0;171;0;0;168;3;0;0;0;
081500003;540;338;2;524;0;200;0;1;200;3;0;8;0;11;189;9;1;141;4;0;29;5;
081500004;100;26;0;95;2;74;2;2;74;0;0;0;0;0;74;4;0;57;0;0;9;4;
081500005;510;283;0;505;0;227;0;2;227;0;3;0;0;3;224;2;1;214;1;0;4;2;
081500006;530;290;1;518;2;239;2;2;239;5;4;0;0;9;230;1;3;214;3;0;7;2;
081500007;130;42;0;119;3;88;3;3;88;0;0;3;0;3;85;1;1;74;1;1;7;0;
081500008;850;531;2;839;8;317;8;2;317;4;0;3;0;7;310;8;1;285;8;1;7;0;
081500010;320;165;2;153;5;153;5;0;153;0;0;3;0;3;150;4;1;111;0;1;31;2;
081500011;570;311;7;547;2;252;2;0;252;1;1;4;1;7;245;14;1;168;5;1;56;0;
081500013;320;128;0;294;6;192;6;0;192;3;2;11;0;16;176;17;2;123;3;1;27;3;
081500014;300;174;0;270;0;126;0;0;126;0;0;6;0;6;120;2;2;115;0;0;1;0;
081500015;79;9;0;85;13;70;13;0;70;0;0;0;0;0;70;6;0;50;0;1;8;5;
081500016;80;29;0;79;0;51;0;3;51;0;0;0;0;0;51;4;0;33;1;0;11;2;
081500017;90;34;0;85;5;56;5;5;56;0;0;4;0;4;52;0;0;42;0;0;8;2;
081500018;80;48;1;68;2;31;2;2;31;1;0;0;0;1;30;2;0;20;0;0;7;1;
081500020;730;348;0;710;4;382;4;0;382;2;6;0;0;8;374;15;1;273;2;4;75;4;
081500021;180;81;0;175;0;99;0;5;99;1;3;0;0;4;95;0;0;74;1;2;16;2;
081500022;100;26;0;96;2;74;2;2;74;0;0;0;0;0;74;2;1;64;1;1;3;2;
081500023;230;102;0;215;5;128;5;5;128;1;1;0;0;2;126;0;0;107;1;1;15;2;
081500024;800;438;2;767;2;360;2;3;360;2;1;1;0;4;356;11;2;215;3;2;115;8;
081500025;150;79;0;149;7;71;7;6;71;2;1;2;0;5;66;3;0;52;0;0;5;6;
081500027;230;109;0;218;0;121;0;1;121;1;0;1;0;2;119;8;0;110;1;0;0;0;
081500028;430;172;1;410;2;257;2;0;257;2;2;5;0;9;248;10;2;223;1;0;10;2;
081500029;120;40;0;110;4;80;4;0;80;0;4;0;0;4;76;0;0;64;0;1;10;1;
081500030;160;62;0;150;3;98;3;3;98;1;1;0;0;2;96;3;10;69;1;1;10;2;
081500031;950;510;3;932;3;437;3;0;437;4;6;0;0;10;427;8;1;253;6;3;155;1;
081500033;360;172;0;352;4;188;4;0;188;4;0;14;2;20;168;3;1;136;2;0;22;4;
081500034;220;69;3;214;2;148;2;7;148;1;1;7;0;9;139;5;0;110;5;2;16;1;
081500035;60;23;1;55;2;36;2;3;36;2;0;0;0;2;34;1;0;28;1;2;2;0;
081500036;710;315;2;695;0;393;0;3;393;5;5;0;0;10;383;9;1;342;2;2;23;4;
081500037;280;141;2;267;4;137;4;0;137;1;1;7;0;9;128;1;0;113;0;3;8;3;
081500038;290;137;0;280;2;153;2;2;153;3;0;0;1;4;149;8;2;111;2;1;24;1;
081500039;90;17;4;83;2;69;2;0;69;3;2;2;0;7;62;3;0;45;0;1;12;1;
081500040;108;42;2;106;5;64;5;0;64;7;0;1;0;8;56;3;2;30;2;1;16;2;
081500041;220;119;0;216;1;101;1;0;101;2;0;2;0;4;97;3;0;83;0;2;9;0;
081500042;170;66;0;159;0;104;0;4;104;3;3;0;0;6;98;3;0;86;1;0;6;2;
081500043;550;308;2;526;0;240;0;2;240;0;0;2;0;2;238;8;1;203;2;2;16;6;
081500044;250;86;1;229;5;163;5;5;163;0;8;0;0;8;155;6;1;125;1;0;18;4;
081500045;500;385;0;471;3;115;3;3;115;2;9;0;0;11;104;7;0;90;2;0;5;0;
081500046;80;42;1;72;1;37;1;0;37;1;1;0;0;2;35;4;1;24;0;0;6;0;
081500047;100;27;1;96;0;72;0;3;72;0;2;0;0;2;70;10;1;39;2;1;13;4;
081500048;620;353;0;590;1;267;1;4;267;3;3;14;0;20;247;5;0;169;7;0;60;6;
081500049;400;168;0;390;0;232;0;6;232;0;4;1;0;5;227;3;2;187;2;2;28;3;
081500050;320;112;0;309;4;208;4;0;208;2;0;8;0;10;198;3;2;181;0;0;12;0;
081500051;161;55;1;142;3;105;3;3;105;1;1;4;0;6;99;3;0;73;0;0;20;3;
081500052;96;15;0;99;4;81;4;0;81;0;0;0;0;0;81;1;1;75;0;0;3;1;
081500053;150;59;0;137;0;91;0;3;91;0;2;0;0;2;89;4;1;70;1;0;13;0;
081500054;99;34;1;85;2;64;2;0;64;2;2;0;0;4;60;2;0;44;1;0;10;3;
081500055;180;55;1;173;0;124;0;0;124;0;0;0;0;0;124;0;0;116;1;0;2;5;
081500056;100;26;1;86;0;73;0;0;73;0;1;0;0;1;72;0;0;68;0;0;4;0;
081500057;290;159;2;267;0;129;0;5;129;3;2;12;0;17;112;5;0;87;2;4;5;9;
081500058;230;85;0;208;2;145;2;0;145;3;1;0;0;4;141;1;0;127;1;0;8;4;
081500059;170;67;1;161;5;103;5;5;102;0;0;0;0;0;102;3;0;76;1;1;17;4;
081500060;190;92;0;174;2;98;2;0;98;2;0;6;0;8;90;1;0;85;1;0;2;1;
081500061;420;178;0;399;3;242;3;2;242;0;3;0;0;3;239;7;1;186;3;2;35;5;
081500062;110;40;0;104;4;70;4;0;70;1;0;3;0;4;66;8;1;53;0;0;3;1;
081500063;800;429;2;768;1;369;1;5;369;3;2;16;0;21;348;2;3;281;6;3;50;3;
081500064;290;127;2;274;4;161;4;4;161;1;1;0;0;2;159;4;3;123;5;1;20;3;
081500065;670;416;0;658;4;254;4;0;254;0;1;0;0;1;253;9;4;210;2;8;16;4;
081500066;450;299;0;435;6;151;6;6;151;0;1;12;0;13;138;7;2;93;3;0;32;1;
081500067;40;20;0;35;0;20;0;0;20;0;0;0;0;0;20;1;0;18;0;0;0;1;
081500068;180;80;0;161;1;100;1;0;100;5;0;0;0;5;95;1;0;84;1;1;6;2;
081500069;620;331;4;587;0;285;0;2;285;4;3;0;0;7;278;1;2;267;7;0;1;0;
081500070;180;53;0;169;3;127;3;0;127;0;0;0;0;0;127;3;0;111;0;0;12;1;
081500071;310;106;0;290;1;204;1;0;204;0;0;0;0;0;204;4;0;178;1;2;17;2;
081500072;500;316;0;184;0;184;0;0;184;3;1;16;0;20;164;3;1;143;1;2;13;1;
081700001;690;376;0;681;1;314;1;4;314;5;0;6;0;11;303;43;0;161;2;6;78;13;
081700002;770;442;1;762;0;327;0;5;327;2;2;3;0;7;320;12;0;184;3;1;114;6;
081700003;700;392;4;695;0;304;0;5;304;0;2;1;0;3;301;22;1;238;7;2;28;3;
081700004;720;400;3;719;0;317;0;4;317;27;1;0;1;29;288;6;3;271;1;2;4;1;
081700005;750;419;1;729;0;330;0;5;330;0;7;7;0;14;316;18;4;185;3;2;99;5;
081700006;700;362;1;674;0;337;0;1;337;1;1;0;0;2;335;22;0;189;7;4;107;6;
081700007;750;405;9;739;0;336;0;5;336;1;3;5;0;9;327;23;3;151;4;2;133;11;
081700008;800;419;1;774;0;380;0;7;380;5;0;0;0;5;375;38;1;231;0;2;92;11;
081700009;550;311;0;534;0;239;0;2;239;3;2;0;0;5;234;15;1;141;1;0;69;7;
081700010;820;460;1;806;0;359;0;3;359;12;4;0;0;16;343;23;1;164;4;4;140;7;
081700012;360;187;3;339;0;170;0;5;170;0;1;3;0;4;166;1;0;134;10;0;19;2;
081700013;60;22;1;55;0;37;0;6;37;3;0;1;0;4;33;0;2;24;2;0;5;0;
081700014;110;43;0;108;0;67;0;4;67;1;4;0;0;5;62;6;0;44;0;0;9;3;
081700015;610;294;2;609;1;314;1;4;314;5;0;17;0;22;292;12;0;128;3;9;133;7;
081700016;640;361;0;634;0;279;0;3;279;16;1;0;0;17;262;7;1;120;2;2;125;5;
081700017;210;118;0;205;2;92;2;3;92;2;1;8;1;12;80;5;1;60;3;1;9;1;
081700018;240;103;0;224;0;137;0;2;137;0;0;0;0;0;137;6;1;112;0;1;14;3;
081700020;100;38;2;90;0;60;0;0;60;1;0;0;0;1;59;2;1;39;1;3;9;4;
081700021;40;8;0;35;0;32;0;5;32;0;0;1;0;1;31;5;0;21;1;1;2;1;
081700022;90;37;1;82;0;52;0;5;52;2;2;0;0;4;48;2;0;34;1;2;8;1;
081700023;100;35;1;95;0;64;0;5;64;2;0;7;0;9;55;9;0;21;2;0;21;2;
081700024;70;17;2;59;0;51;0;4;51;2;0;0;0;2;49;7;1;27;1;1;9;3;
081700025;260;159;2;146;0;99;0;3;99;1;10;0;0;11;88;3;0;72;5;1;7;0;
081700026;130;75;2;120;0;53;0;5;53;0;5;1;0;6;47;6;1;28;4;0;6;2;
081700027;130;59;0;115;1;71;1;6;71;10;0;0;0;10;61;6;0;48;3;1;3;0;
081700028;400;250;1;381;0;149;0;3;149;2;2;4;0;8;141;10;0;108;4;3;14;2;
081700029;160;76;9;145;1;75;1;5;75;5;3;0;0;8;67;8;1;53;4;0;1;0;
081700030;30;10;0;22;0;20;0;0;20;0;0;0;0;0;20;0;0;17;0;0;3;0;
081700031;110;57;0;101;1;53;1;5;53;3;0;0;0;3;50;2;0;35;0;1;12;0;
081700032;100;39;0;95;0;61;0;4;61;0;1;3;0;4;57;2;0;47;0;1;5;2;
081700033;780;433;0;757;0;347;0;10;347;8;1;1;0;10;337;27;1;198;2;1;95;13;
081700034;650;393;1;643;0;256;0;8;256;0;2;17;0;19;237;3;2;215;3;0;14;0;
081700035;650;339;1;644;0;310;0;0;310;2;0;4;0;6;304;17;2;199;2;4;71;9;
081700036;720;409;0;705;0;311;0;5;311;15;2;0;0;17;294;20;2;171;0;2;93;6;
082000001;772;363;1;742;2;408;2;0;408;6;4;18;0;28;380;16;0;210;4;1;146;3;
082000002;450;320;0;419;1;130;1;0;130;0;4;0;0;4;126;5;0;88;3;0;30;0;
082000003;200;122;0;178;0;78;0;5;78;3;2;0;0;5;73;4;0;67;0;1;1;0;
082000004;240;143;0;223;2;97;2;3;97;8;0;2;0;10;87;1;1;74;1;0;10;0;
082000005;110;51;0;96;4;59;4;0;59;0;0;2;0;2;57;0;0;48;0;0;8;1;
082000006;600;392;0;546;4;208;4;0;208;3;0;17;0;20;188;6;2;169;0;1;10;0;
082000007;350;190;1;330;2;159;2;1;159;5;2;0;0;7;152;9;2;120;1;0;19;1;
082000008;170;43;4;156;2;123;2;3;123;3;1;0;0;4;119;2;3;98;2;0;10;4;
082000009;640;381;0;590;5;259;5;0;259;5;2;0;0;7;252;2;2;228;1;2;16;1;
082000010;160;63;1;146;4;96;4;0;96;0;0;0;0;0;96;1;1;92;0;0;2;0;
082000011;360;198;2;343;2;160;2;4;160;2;1;0;0;3;157;3;0;149;1;2;2;0;
082000012;330;164;0;302;3;166;3;0;166;4;1;2;0;7;159;4;0;138;0;1;16;0;
082000013;200;96;1;194;2;103;2;3;103;2;0;0;0;2;101;1;0;94;0;1;4;1;
082000014;150;68;1;119;0;81;0;3;81;1;1;0;0;2;79;5;1;61;1;0;7;4;
082000015;170;94;0;164;2;76;2;0;76;0;1;0;0;1;75;1;0;69;2;2;1;0;
082000016;50;17;1;49;3;32;3;0;32;0;0;0;0;0;32;2;0;25;0;0;4;1;
082000017;124;68;0;115;2;56;2;2;56;0;0;0;0;0;56;0;0;55;0;0;1;0;
082700001;1000;537;3;879;7;460;7;0;460;0;3;0;0;3;457;17;1;300;3;1;130;5;
082700002;840;409;2;835;0;429;0;3;429;3;1;15;0;19;410;17;1;270;5;1;113;3;
082700003;690;289;1;682;0;400;0;2;400;2;3;0;0;5;395;9;1;249;4;2;128;2;
082700004;1070;755;10;1066;2;305;2;0;305;0;0;9;0;9;296;4;2;286;1;2;0;1;
082700005;760;411;1;764;1;348;1;0;348;0;3;0;1;4;344;18;1;225;7;3;90;0;
082700006;700;348;0;699;0;352;0;9;352;1;1;16;1;19;333;20;0;223;3;0;86;1;
082700007;890;549;0;880;9;341;9;0;341;1;4;0;0;5;336;10;1;240;0;3;78;4;
082700008;25;7;0;21;1;18;1;1;18;0;0;3;0;3;15;1;0;10;1;0;3;0;
082700009;170;76;10;168;7;84;7;0;84;0;4;0;0;4;80;2;1;71;1;1;3;1;
082700010;270;123;0;147;17;147;17;9;147;3;0;0;0;3;144;0;1;137;1;1;4;0;
082700011;1000;678;0;320;2;322;2;4;322;1;9;0;0;10;312;4;6;249;9;4;37;3;
082700012;540;258;0;543;12;282;12;0;282;1;0;0;0;1;281;1;2;271;3;1;3;0;
082700013;140;89;1;141;7;50;7;0;50;1;2;0;0;3;47;2;0;40;2;1;2;0;
082700015;170;104;0;166;0;66;0;6;66;1;1;2;0;4;62;3;0;53;2;0;4;0;
082700016;340;192;1;336;10;147;10;0;147;5;1;0;0;6;141;1;1;133;5;0;0;1;
082700017;60;33;0;52;6;27;6;0;27;2;0;0;0;2;25;3;0;18;1;0;3;0;
082700018;910;403;0;906;0;507;0;7;507;2;2;4;0;8;499;6;1;425;6;2;58;1;
082700019;670;363;1;669;6;306;6;0;306;9;0;9;0;18;288;2;4;277;4;0;1;0;
082700020;640;334;2;641;10;304;10;0;304;9;4;0;0;13;291;2;2;277;3;0;5;2;
082700021;490;304;0;479;5;186;5;0;186;5;0;0;0;5;181;4;6;146;9;6;6;4;
082700022;200;66;3;193;6;131;6;0;131;3;0;0;0;3;128;6;0;106;1;2;10;3;
082700023;570;247;0;574;5;323;5;0;323;1;1;0;0;2;321;5;0;289;0;0;21;6;
082700024;290;109;0;282;5;181;5;0;181;1;1;0;0;2;179;3;1;157;1;0;15;2;
082700025;41;15;0;42;6;26;6;6;26;0;0;0;0;0;26;0;1;20;0;0;5;0;
082700026;540;273;0;533;6;267;6;6;267;1;1;0;0;2;265;16;1;191;3;2;45;7;
082700027;60;18;1;41;7;41;7;0;41;3;0;0;0;3;38;0;0;29;2;1;6;0;
082700028;940;600;1;937;6;339;6;0;339;0;3;0;0;3;336;6;6;305;7;1;7;4;
082700029;660;385;4;665;15;271;15;0;271;2;2;0;0;4;267;7;1;239;2;1;16;1;
082700030;210;101;1;209;0;108;0;8;108;0;1;3;0;4;104;3;0;96;0;0;4;1;
082700031;570;272;3;574;0;295;0;0;295;0;1;1;0;2;293;5;3;279;0;1;3;2;
082700032;190;90;0;183;6;100;6;0;100;0;0;0;0;0;100;2;0;92;2;1;3;0;
082700033;390;194;1;384;5;195;5;0;195;5;0;0;1;6;189;7;1;160;9;1;8;3;
082800001;670;393;2;661;0;275;0;1;275;3;0;0;0;3;272;17;0;149;5;3;89;9;
082800002;660;347;0;670;1;313;1;5;313;0;2;9;0;11;302;17;2;185;2;3;83;10;
082800003;600;338;0;608;0;262;0;0;262;0;2;0;0;2;260;20;0;144;3;0;84;9;
082800004;600;289;0;612;9;311;9;0;311;0;5;0;0;5;306;19;0;181;3;2;87;14;
082800005;740;400;0;733;3;340;3;0;340;2;6;1;0;9;331;27;1;225;0;0;66;12;
082800006;670;355;1;674;0;314;0;0;314;2;2;6;0;10;304;27;2;187;0;2;72;14;
082800007;820;450;0;841;11;370;11;8;370;1;10;1;0;12;358;46;1;201;3;5;85;17;
082800008;660;337;1;651;7;322;7;0;322;4;1;1;0;6;316;22;2;215;6;3;61;7;
082800009;729;392;3;723;0;334;0;0;334;0;1;0;0;1;333;42;0;180;2;3;86;20;
082800010;659;346;1;668;0;312;0;0;312;1;2;0;2;5;307;51;4;163;1;6;52;30;
082800011;640;337;0;642;1;303;1;4;303;2;1;0;0;3;300;42;3;171;2;3;68;11;
082800012;590;307;2;583;1;281;1;0;281;4;0;1;0;5;276;18;1;171;3;4;70;9;
082800013;640;307;2;652;6;331;6;5;331;1;12;0;0;13;318;48;1;176;4;4;65;20;
082800014;780;408;0;786;8;372;8;0;372;0;11;0;0;11;361;52;0;202;4;3;91;9;
082800015;720;379;0;724;0;341;0;0;341;0;5;0;0;5;336;43;1;178;4;6;87;17;
082800016;716;347;0;718;0;369;0;0;369;9;0;0;0;9;360;57;0;203;3;3;84;10;
082800017;660;321;0;665;5;339;5;0;339;10;3;0;0;13;326;66;4;157;0;1;85;13;
082800018;810;428;1;820;0;381;0;5;381;2;4;0;0;6;375;58;1;202;3;5;88;18;
082800019;650;331;0;655;0;319;0;0;319;0;2;0;0;2;317;50;1;185;2;5;63;11;
082800020;640;302;2;644;7;336;7;0;336;2;2;0;0;4;332;40;0;193;0;2;75;22;
082800021;650;318;3;666;0;329;0;8;329;2;9;2;0;13;316;66;0;166;4;4;58;18;
082800022;520;229;0;537;0;291;0;4;291;1;3;0;0;4;287;52;1;165;0;4;47;18;
082800023;420;196;3;415;3;221;3;0;221;6;1;1;1;9;212;35;1;138;0;2;30;6;
082800024;670;329;1;670;0;340;0;0;340;5;3;2;0;10;330;91;1;167;4;2;61;4;
082800025;650;300;0;644;0;350;0;0;350;2;1;0;0;3;347;56;2;202;0;3;60;24;
082800026;710;317;0;726;8;393;8;0;393;0;0;0;0;0;393;43;0;245;3;7;76;19;
082800027;720;390;0;716;3;330;3;0;330;2;3;23;0;28;302;48;0;167;2;4;75;6;
082800028;580;238;7;586;2;335;2;0;335;7;1;2;1;11;324;88;1;150;1;0;66;18;
082800029;700;318;1;705;0;381;0;4;381;1;5;1;0;7;374;60;1;226;2;3;68;14;
082800030;670;375;0;676;0;295;0;0;295;7;1;1;0;9;286;14;0;178;4;0;83;7;
082800031;410;244;0;423;0;166;0;7;166;3;1;0;0;4;162;8;0;93;1;2;55;3;
082800032;470;260;0;481;0;210;0;5;210;1;0;0;0;1;209;17;1;115;1;0;71;4;
082800033;580;322;0;587;0;258;0;7;258;4;1;0;0;5;253;7;1;152;4;3;72;14;
082800034;660;301;0;666;0;359;0;0;359;5;1;0;0;6;353;28;1;189;5;4;117;9;
082800035;670;358;2;678;7;310;7;0;310;3;3;1;0;7;303;28;1;157;4;3;92;18;
082800036;610;281;0;631;7;329;7;4;329;4;5;0;0;9;320;29;1;161;7;4;111;7;
082800037;630;335;0;635;3;295;3;3;295;2;1;5;0;8;287;27;2;164;3;2;82;7;
082800038;610;328;0;606;2;282;2;2;282;13;0;2;0;15;267;16;0;153;2;1;86;9;
082800039;730;367;3;731;0;360;0;5;360;2;7;3;0;12;348;32;0;191;2;4;101;18;
082800040;630;346;1;656;0;283;0;7;283;2;2;1;0;5;278;9;1;189;3;0;67;9;
082800041;530;337;0;539;0;193;0;0;193;0;1;0;1;2;191;12;0;115;1;2;58;3;
082800042;730;391;1;722;0;338;0;3;338;3;3;3;0;9;329;60;1;156;1;1;90;20;
082800043;760;315;2;778;0;443;0;0;443;0;6;0;0;6;437;61;3;257;1;3;97;15;
082800044;610;303;0;640;1;307;1;0;307;7;3;0;0;10;297;24;1;174;1;5;79;13;
082800045;690;349;6;692;8;335;8;4;335;4;1;0;1;6;329;38;1;184;6;3;78;19;
082800046;660;346;7;676;1;307;1;0;307;2;0;4;0;6;301;32;0;173;3;3;83;7;
082800047;760;405;0;767;12;355;12;0;355;0;8;0;0;8;347;36;1;218;1;6;74;11;
082800048;660;299;0;655;7;361;7;0;361;2;1;3;0;6;355;41;0;196;1;2;95;20;
082800049;760;415;1;765;8;344;8;0;344;6;1;0;0;7;337;50;0;190;1;3;78;15;
082800050;610;373;0;638;0;237;0;0;237;1;8;1;0;10;227;10;1;159;3;2;51;1;
082800051;560;392;2;583;6;166;6;0;166;8;0;0;0;8;158;15;1;115;0;1;24;2;
082800052;820;427;1;821;0;392;0;0;392;3;9;8;0;20;372;45;2;229;0;4;84;8;
082800053;700;360;1;694;0;339;0;0;339;5;1;0;0;6;333;36;1;189;2;3;94;8;
082800054;650;341;0;656;0;309;0;0;309;7;2;1;0;10;299;35;2;168;3;2;78;11;
082800055;540;281;2;556;8;257;8;8;257;1;3;3;0;7;250;27;0;166;1;2;47;7;
082800056;460;281;1;472;0;178;0;0;178;6;1;1;0;8;170;6;0;116;0;1;46;1;
082800057;650;399;7;661;0;244;0;3;244;0;4;3;0;7;237;13;1;141;3;0;71;8;
082800058;550;284;0;551;0;266;0;0;266;2;16;0;0;18;248;20;0;144;1;1;77;5;
082800059;660;341;0;680;0;319;0;0;319;3;1;4;0;8;311;19;0;190;0;2;85;15;
082800060;340;179;2;347;4;159;4;0;159;0;2;3;0;5;154;9;2;102;0;3;28;10;
082800061;659;333;0;674;7;326;7;6;326;5;1;0;0;6;320;18;1;197;4;2;87;11;
082800062;800;435;0;792;6;365;6;0;365;2;0;0;0;2;363;35;1;211;2;3;97;14;
082800063;745;418;0;752;0;327;0;0;327;2;4;0;0;6;321;25;0;192;2;5;83;14;
082800064;580;312;0;595;0;268;0;1;268;0;1;0;0;1;267;28;3;167;4;2;49;14;
082800065;800;437;1;815;0;362;0;8;362;3;1;0;0;4;358;40;0;229;2;4;72;11;
082800066;711;370;1;703;0;340;0;0;340;0;0;7;0;7;333;19;3;224;0;5;73;9;
082800067;800;465;0;815;3;335;3;0;335;2;3;4;0;9;326;42;2;191;1;1;75;14;
082800068;670;375;3;678;5;292;5;0;292;2;1;0;0;3;289;27;3;173;0;0;73;13;
082800069;710;407;0;716;1;303;1;0;303;2;0;3;0;5;298;24;0;192;0;1;73;8;
082800070;760;461;0;769;0;299;0;5;299;6;0;1;0;7;292;25;2;186;1;2;68;8;
082800071;710;370;0;708;0;340;0;2;340;2;8;0;0;10;330;23;1;193;0;4;104;5;
082800072;760;426;0;753;1;334;1;0;334;8;4;0;0;12;322;34;1;203;3;2;73;6;
082800073;700;382;0;704;0;318;0;0;318;1;2;1;0;4;314;28;3;193;2;3;78;7;
082800074;750;437;0;729;7;313;7;0;313;1;2;0;0;3;310;14;0;201;3;6;80;6;
082800075;750;461;0;731;5;289;5;2;289;4;5;8;0;17;272;15;2;168;1;4;76;6;
082800076;610;353;1;614;5;256;5;0;256;3;4;0;0;7;249;13;4;166;4;1;54;7;
082800077;600;334;0;604;7;266;7;0;266;2;3;0;0;5;261;16;0;168;2;4;62;9;
082800078;470;251;1;488;12;218;12;10;218;1;0;7;0;8;210;15;0;151;1;3;36;4;
082800079;750;402;0;779;7;348;7;0;348;0;8;3;0;11;337;24;0;195;1;5;99;13;
082800080;591;454;2;597;0;135;0;0;135;3;1;0;0;4;131;6;4;91;3;1;25;1;
082800081;640;419;0;675;2;221;2;0;221;10;0;0;0;10;211;4;1;146;2;0;55;3;
082800082;650;383;2;673;0;265;0;1;265;1;0;0;0;1;264;17;0;154;1;4;85;3;
082800083;580;357;0;600;0;223;0;3;223;3;2;0;0;5;218;18;3;143;6;3;41;4;
082800084;660;455;1;694;0;204;0;8;204;2;4;4;0;10;194;9;0;123;2;2;55;3;
082800085;640;398;2;658;0;240;0;0;240;1;1;10;0;12;228;6;0;157;3;1;56;5;
082800086;660;437;0;699;0;223;0;0;223;2;6;2;0;10;213;0;2;178;1;3;26;3;
082800087;590;391;1;618;0;198;0;0;198;1;3;3;0;7;191;2;0;183;2;1;3;0;
082800088;672;440;2;681;0;230;0;0;230;0;0;3;0;3;227;8;1;126;1;1;81;9;
082800089;620;379;0;613;0;241;0;0;241;2;0;1;0;3;238;9;0;147;1;2;74;5;
082800090;660;393;0;669;0;267;0;4;267;0;2;0;0;2;265;19;0;170;4;2;64;6;
082800091;628;329;0;642;0;299;0;0;299;1;0;14;2;17;282;27;0;162;0;1;89;3;
082800092;520;291;0;537;0;229;0;0;229;2;4;3;0;9;220;13;1;117;2;2;62;23;
082800093;580;289;1;570;3;290;3;4;290;1;0;8;0;9;281;15;0;166;1;0;87;12;
082800094;771;403;2;780;0;366;0;7;366;0;1;3;0;4;362;29;2;190;2;4;117;18;
082800095;600;357;0;614;0;243;0;3;243;1;8;0;0;9;234;10;0;144;3;1;74;2;
082800096;710;447;1;710;5;262;5;0;262;0;0;0;0;0;262;19;0;134;2;1;100;6;
082800097;670;374;0;694;0;296;0;0;296;2;0;0;0;2;294;15;1;170;1;1;95;11;
082800098;700;430;0;713;0;270;0;5;270;0;1;1;0;2;268;8;0;145;0;4;104;7;
082800099;730;418;0;750;0;312;0;6;312;9;2;0;2;13;299;9;0;167;5;1;111;6;
082800100;770;445;0;778;1;325;1;0;325;1;2;2;2;7;318;22;1;196;0;3;85;11;
082800101;702;393;0;706;3;309;3;0;309;1;2;0;0;3;306;13;0;212;1;1;73;6;
082800102;710;390;0;740;0;320;0;4;320;0;3;0;0;3;317;16;3;195;6;3;87;7;
082800103;750;430;2;749;0;318;0;2;318;1;0;1;0;2;316;12;1;193;1;1;104;4;
082800104;230;138;0;255;9;92;9;9;92;6;3;0;2;11;81;2;0;55;2;2;19;1;
082800105;240;126;0;246;0;114;0;3;114;0;0;0;0;0;114;4;0;80;0;0;27;3;
082800106;230;169;0;239;0;61;0;6;61;0;0;0;0;0;61;6;1;31;0;0;23;0;
082800107;80;48;0;90;5;32;5;0;32;1;0;0;0;1;31;0;0;25;1;1;4;0;
082800108;130;86;0;143;0;44;0;0;44;2;1;0;0;3;41;4;0;25;1;0;10;1;
082800109;660;362;6;671;1;292;1;3;292;1;5;0;0;6;286;19;0;164;7;1;88;7;
082800110;550;307;5;557;0;238;0;3;238;9;1;0;0;10;228;33;0;111;0;1;73;10;
082800111;80;23;0;95;1;57;1;6;57;2;1;0;0;3;54;0;0;41;2;0;11;0;
082800112;621;333;2;640;0;286;0;6;286;7;1;0;0;8;278;14;0;186;0;1;69;8;
082800113;580;333;0;587;6;247;6;4;247;0;2;9;0;11;236;16;0;137;1;2;74;6;
082800114;390;222;0;386;0;168;0;6;168;0;0;0;0;0;168;7;0;98;3;1;53;6;
082800115;470;290;2;484;9;178;9;9;178;0;0;0;0;0;178;14;0;107;1;1;48;7;
082800116;460;244;1;476;8;215;8;8;215;0;3;2;0;5;210;15;0;110;1;0;78;6;
082800117;600;381;1;622;0;218;0;4;218;2;1;0;0;3;215;6;1;137;1;1;56;13;
082800118;540;348;0;545;0;192;0;6;192;0;4;5;0;9;183;5;0;118;1;3;52;4;
082800119;380;235;0;384;4;145;4;0;145;5;0;0;0;5;140;9;0;81;0;1;45;4;
082800120;600;363;1;606;0;236;0;0;236;1;1;9;0;11;225;12;0;118;2;3;85;5;
082800121;560;310;1;572;0;249;0;0;249;0;6;2;0;8;241;6;1;149;0;1;79;5;
082800122;550;371;0;554;9;179;9;0;179;1;0;1;0;2;177;8;1;111;2;1;53;1;
082800123;680;435;1;692;0;244;0;6;244;5;1;4;0;10;234;14;1;120;1;2;90;6;
082800124;590;339;0;605;0;251;0;7;251;0;1;6;0;7;244;6;0;148;0;0;80;10;
082800125;760;460;1;761;1;299;1;5;299;1;3;1;2;7;292;18;0;191;3;3;73;4;
082800126;490;319;1;489;0;170;0;1;170;1;1;0;0;2;168;11;1;87;2;2;63;2;
082800127;691;396;0;698;0;295;0;0;295;7;1;0;0;8;287;15;1;166;1;2;99;3;
082800128;562;359;1;572;0;202;0;0;202;0;1;0;0;1;201;8;1;121;4;3;59;5;
082800129;700;454;0;717;0;246;0;0;246;1;2;0;0;3;243;15;0;150;1;1;71;5;
082800130;640;451;2;680;0;187;0;9;187;0;1;1;0;2;185;15;0;113;1;1;53;2;
082800131;470;353;2;489;3;115;3;0;115;0;2;2;0;4;111;5;3;67;0;1;34;1;
082800132;420;278;0;434;0;142;0;3;142;0;0;0;0;0;142;4;0;93;0;4;41;0;
082800133;600;492;0;638;0;108;0;0;108;1;1;7;0;9;99;3;1;93;0;0;2;0;
082800134;520;436;0;539;2;84;2;6;84;1;0;0;0;1;83;3;2;68;3;2;5;0;
082800135;600;521;0;635;5;79;5;0;79;2;9;0;0;11;68;8;0;56;2;1;1;0;
082800136;650;590;0;591;7;60;7;7;60;2;1;0;0;3;57;2;2;49;1;0;2;1;
082800137;150;45;0;147;8;105;8;8;105;0;4;0;0;4;101;12;2;56;6;2;20;3;
082900001;800;355;2;908;4;443;4;0;443;1;4;14;0;19;424;36;2;292;3;5;75;11;
082900002;800;423;2;783;1;375;1;0;375;5;4;2;0;11;364;19;3;232;2;2;96;10;
082900003;600;296;1;636;0;303;0;0;303;1;2;0;0;3;300;10;3;181;3;2;86;15;
082900004;1000;612;1;994;2;387;2;7;387;2;4;14;0;20;367;15;1;255;6;0;78;12;
082900005;30;10;1;28;1;19;1;0;19;0;0;0;0;0;19;0;1;14;0;0;2;2;
082900006;180;64;0;116;0;116;0;0;116;0;0;0;0;0;116;2;0;101;1;0;12;0;
082900007;100;38;0;110;0;62;0;0;62;0;0;2;0;2;60;6;0;39;1;2;8;4;
082900008;100;45;0;107;4;55;4;0;55;0;0;0;0;0;55;4;0;43;0;0;6;2;
082900009;150;56;0;161;1;94;1;2;94;1;1;0;0;2;92;7;3;79;2;0;1;0;
082900010;400;162;2;445;1;236;1;4;236;3;3;0;0;6;230;9;2;141;0;2;71;5;
082900011;100;18;1;117;0;81;0;0;81;2;2;0;0;4;77;2;2;37;2;1;29;4;
082900012;100;41;1;97;0;58;0;3;58;2;3;0;0;5;53;2;0;36;0;0;15;0;
082900013;250;106;0;262;2;144;2;2;144;3;2;0;0;5;139;6;2;111;1;1;16;2;
082900014;50;11;0;58;6;39;6;0;39;0;1;0;0;1;38;4;1;26;0;0;5;2;
082900015;80;30;0;91;0;50;0;5;50;0;0;0;0;0;50;1;1;36;1;1;9;1;
082900016;50;13;0;50;7;37;7;0;37;0;1;0;0;1;36;4;0;23;2;2;3;2;
082900017;70;30;0;76;1;40;1;1;40;2;1;0;0;3;37;2;0;28;2;1;4;0;
090200001;900;577;2;961;0;321;0;0;321;7;0;0;0;7;314;6;3;285;3;2;12;3;
090200002;990;692;0;990;0;298;0;0;298;1;0;0;0;1;297;10;5;261;1;3;12;5;
090200003;1240;811;1;1244;0;428;0;0;428;8;1;3;2;14;414;14;2;380;1;1;12;4;
090200004;1040;732;1;952;11;307;11;0;307;0;0;0;0;0;307;7;1;285;2;2;8;2;
090200006;120;60;0;109;4;60;4;4;60;0;0;0;0;0;60;3;0;56;0;0;1;0;
090200007;260;108;0;242;0;152;0;0;152;0;0;0;0;0;152;0;1;150;0;0;1;0;
090200008;440;243;0;415;4;197;4;5;197;3;1;0;0;4;193;1;1;187;3;1;0;0;
090200009;370;138;3;349;0;229;0;0;229;9;5;0;0;14;215;1;1;213;0;0;0;0;
090200010;335;155;0;323;0;180;0;2;180;0;1;0;0;1;179;1;0;177;0;0;1;0;
090200011;920;488;0;845;8;432;8;0;432;4;2;0;0;6;426;5;4;397;2;2;14;2;
090200012;170;58;0;153;0;112;0;5;112;0;0;0;0;0;112;0;0;111;1;0;0;0;
090200013;516;330;4;502;0;182;0;0;182;3;0;0;0;3;179;2;0;175;0;1;1;0;
090200014;250;133;1;247;0;116;0;2;116;1;0;0;0;1;115;0;1;112;0;2;0;0;
090200015;290;185;0;266;2;105;2;0;105;0;1;0;0;1;104;4;0;98;1;0;1;0;
090200016;490;246;0;461;10;244;10;0;244;1;0;4;0;5;239;1;1;228;2;1;5;1;
090200017;290;168;0;277;0;122;0;8;122;0;11;0;0;11;111;1;1;106;0;1;1;1;
090200018;200;103;0;201;0;97;0;5;97;1;0;2;0;3;94;0;0;93;0;1;0;0;
090200019;120;54;0;66;2;66;2;2;66;1;0;6;0;7;59;0;1;57;0;0;1;0;
090200020;220;135;0;199;0;85;0;0;85;0;0;0;0;0;85;3;1;55;3;3;14;6;
090200021;1070;814;0;987;0;256;0;0;256;2;8;0;0;10;246;15;0;189;0;3;34;5;
090200022;130;45;0;125;3;85;3;3;85;0;0;0;0;0;85;0;0;85;0;0;0;0;
090200023;140;78;1;137;0;61;0;5;61;0;0;0;0;0;61;1;0;59;0;0;1;0;
090200024;35;12;0;35;2;23;2;2;23;0;0;0;0;0;23;0;0;21;1;0;0;1;
090200025;240;174;0;242;0;66;0;4;66;2;0;0;0;2;64;6;0;55;1;1;1;0;
090200026;45;22;0;43;0;23;0;0;23;0;0;0;0;0;23;0;0;23;0;0;0;0;
090200027;50;30;0;45;5;20;5;0;20;0;0;0;0;0;20;2;0;16;0;1;1;0;
090200028;550;304;0;240;6;246;6;0;246;1;1;8;0;10;236;1;0;231;3;1;0;0;
090200029;950;705;0;240;5;245;5;2;245;2;8;2;0;12;233;18;0;138;2;0;75;0;
090200030;300;194;0;303;2;106;2;1;106;4;0;0;0;4;102;0;1;100;0;0;1;0;
090200031;125;27;1;126;0;97;0;0;97;0;0;0;0;0;97;0;0;97;0;0;0;0;
090200032;260;151;0;257;5;109;5;5;109;0;5;0;0;5;104;4;0;99;1;0;0;0;
090200033;130;52;1;121;3;77;3;0;77;1;0;0;0;1;76;0;0;73;2;1;0;0;
090200034;150;82;0;150;2;68;2;0;68;0;0;0;0;0;68;1;0;67;0;0;0;0;
090200035;110;45;1;100;3;64;3;0;64;0;0;0;0;0;64;0;0;60;1;1;2;0;
090200036;111;36;0;120;6;75;6;0;75;1;1;1;0;3;72;3;1;62;1;2;3;0;
090200037;200;63;0;189;2;137;2;2;137;0;3;0;0;3;134;0;0;134;0;0;0;0;
090200038;77;59;0;82;6;18;6;0;18;0;0;0;0;0;18;1;0;17;0;0;0;0;
090200039;133;38;0;139;6;95;6;6;95;0;0;0;0;0;95;1;1;93;0;0;0;0;
090200040;105;0;0;108;0;105;0;0;105;0;0;0;0;0;105;0;0;105;0;0;0;0;
090200041;242;103;1;227;0;138;0;0;138;0;1;0;0;1;137;0;0;135;1;0;0;1;
090200042;320;136;0;330;2;184;2;0;184;0;0;0;0;0;184;1;0;182;0;1;0;0;
090200043;120;64;0;115;0;56;0;3;56;0;0;1;0;1;55;3;1;45;1;1;4;0;
090200044;160;58;0;149;4;102;4;0;102;0;0;0;0;0;102;6;1;95;0;0;0;0;
090800001;930;525;0;1015;7;405;7;0;405;6;2;0;0;8;397;3;0;362;0;2;25;5;
090800002;530;253;0;589;2;277;2;0;277;15;3;7;0;25;252;1;1;248;1;0;1;0;
090800003;280;162;0;306;0;118;0;0;118;3;0;0;0;3;115;0;0;110;1;0;4;0;
090800004;840;422;0;902;4;418;4;0;418;3;3;1;0;7;411;7;2;375;1;2;21;3;
090800005;170;60;0;187;0;110;0;2;110;1;0;0;0;1;109;1;1;106;0;0;0;1;
090800006;100;41;0;127;0;59;0;0;59;0;0;0;0;0;59;0;0;56;1;2;0;0;
090800007;70;22;0;44;4;48;4;0;48;0;0;0;0;0;48;0;0;47;0;0;0;1;
090800008;160;74;1;171;0;85;0;0;85;0;0;0;0;0;85;0;0;76;1;0;8;0;
090800009;195;70;0;222;0;125;0;4;125;1;0;0;0;1;124;1;0;117;1;1;4;0;
090800010;200;68;0;218;0;132;0;1;132;1;0;0;0;1;131;4;0;115;3;0;9;0;
090800011;120;49;0;121;4;71;4;0;71;0;0;0;0;0;71;1;1;64;3;1;1;0;
090800012;60;38;0;66;3;22;3;0;22;0;0;0;0;0;22;0;0;20;1;0;1;0;
090800013;155;65;0;173;0;90;0;4;90;4;0;0;0;4;86;1;0;84;0;0;1;0;
090800014;235;111;0;263;0;124;0;0;124;1;1;0;0;2;122;1;0;119;2;0;0;0;
090800015;115;33;0;142;0;82;0;0;82;0;0;0;0;0;82;0;0;82;0;0;0;0;
090800016;340;26;12;409;6;302;6;0;302;0;0;0;0;0;302;1;0;300;1;0;0;0;
090800017;190;105;1;213;1;84;1;3;84;2;1;6;0;9;75;0;0;72;0;0;3;0;
090800018;165;73;0;195;1;92;1;1;92;4;0;0;0;4;88;0;0;85;1;0;1;1;
090800019;325;59;0;362;0;266;0;9;266;0;1;0;0;1;265;0;0;265;0;0;0;0;
090800020;200;104;0;95;1;96;1;0;96;0;0;0;0;0;96;0;1;93;1;0;1;0;
090800021;347;190;0;362;2;157;2;0;157;1;2;0;0;3;154;0;1;151;0;0;2;0;
090800022;102;48;0;165;2;54;2;0;54;0;0;0;0;0;54;0;1;52;0;0;1;0;
090800023;400;150;0;445;3;250;3;3;250;2;3;0;1;6;244;4;0;235;0;4;0;1;
090800024;56;21;0;81;7;35;7;4;35;0;2;0;0;2;33;2;0;28;0;0;3;0;
090800025;88;16;0;119;0;72;0;3;72;0;0;0;0;0;72;0;1;70;1;0;0;0;
090800026;90;44;0;108;1;46;1;0;46;1;0;0;0;1;45;0;1;44;0;0;0;0;
090800027;100;26;0;117;0;74;0;0;74;0;0;0;0;0;74;0;2;68;3;0;1;0;
090800028;30;4;0;32;0;26;0;1;26;0;0;0;0;0;26;0;1;25;0;0;0;0;
090800029;65;25;0;82;1;40;1;2;40;0;0;0;0;0;40;0;0;40;0;0;0;0;
090800030;750;477;0;744;1;273;1;2;273;0;6;0;0;6;267;5;1;143;3;4;108;3;
090800031;100;60;0;118;0;40;0;3;40;0;0;0;0;0;40;0;0;38;0;1;1;0;
090800032;280;98;0;339;0;182;0;3;182;0;1;0;0;1;181;1;0;179;1;0;0;0;
090800033;150;66;0;181;4;84;4;0;84;0;0;0;0;0;84;0;0;84;0;0;0;0;
090800034;160;57;0;174;4;103;4;1;103;0;0;0;0;0;103;0;1;100;1;0;1;0;
090800035;145;30;0;167;5;115;5;3;115;0;0;0;0;0;115;0;1;114;0;0;0;0;
090800036;40;22;0;50;4;18;4;4;18;0;0;0;0;0;18;0;0;16;0;0;2;0;
090800037;155;38;0;191;0;117;0;3;117;0;0;0;0;0;117;0;0;117;0;0;0;0;
090800038;135;69;0;145;1;66;1;0;66;0;0;0;0;0;66;0;0;65;0;1;0;0;
091400001;589;356;0;594;0;233;0;0;233;0;1;2;0;3;230;10;1;182;1;0;35;1;
091400002;525;190;0;524;1;335;1;0;335;0;0;0;0;0;335;3;0;306;1;0;23;2;
091400003;464;307;0;156;1;157;1;0;157;5;0;0;0;5;152;3;0;137;8;1;3;0;
091400004;135;57;0;135;0;78;0;0;78;0;0;0;0;0;78;2;0;66;0;2;8;0;
091400005;249;115;1;249;0;133;0;0;133;0;3;0;0;3;130;3;2;123;0;1;1;0;
091400006;345;119;0;345;0;226;0;0;226;0;0;0;0;0;226;1;0;211;0;2;12;0;
091400007;329;131;0;330;1;198;1;0;198;0;7;0;0;7;191;14;0;159;2;0;15;1;
091400008;111;14;0;111;0;97;0;0;97;0;0;0;0;0;97;0;0;97;0;0;0;0;
091400009;210;82;0;213;2;128;2;0;128;2;0;1;0;3;125;0;0;125;0;0;0;0;
091400010;383;198;2;383;0;183;0;0;183;2;0;0;0;2;181;3;0;163;0;1;14;0;
091400011;524;351;0;524;1;173;1;0;173;1;3;7;0;11;162;2;1;138;2;1;17;1;
091400012;732;536;0;732;1;196;1;0;196;5;0;0;0;5;191;9;1;159;0;0;17;5;
091400013;102;33;0;102;0;69;0;0;69;5;0;0;0;5;64;1;0;57;0;2;4;0;
091400014;327;148;0;179;0;179;0;0;179;0;0;3;0;3;176;7;0;157;2;0;8;2;
091400015;78;19;0;78;2;59;2;0;59;0;0;0;0;0;59;1;1;54;1;0;1;1;
091400016;308;171;0;308;0;137;0;0;137;1;3;0;0;4;133;10;0;91;0;1;26;5;
091400017;277;154;0;277;0;123;0;0;123;0;3;1;0;4;119;0;0;116;0;0;3;0;
091400018;752;407;0;759;0;345;0;0;345;0;3;16;0;19;326;11;0;259;1;1;49;5;
091400019;549;316;2;554;1;231;1;0;231;6;1;0;2;9;222;0;1;199;2;1;19;0;
091400020;454;329;0;457;0;125;0;0;125;0;0;10;0;10;115;2;4;90;0;2;15;2;
091400021;317;191;0;126;0;126;0;1;126;0;0;0;0;0;126;0;0;126;0;0;0;0;
091400022;402;252;0;150;0;150;0;3;150;0;0;0;0;0;150;1;0;148;0;0;0;1;
091400023;208;105;0;218;0;103;0;0;103;0;0;0;0;0;103;0;0;103;0;0;0;0;
091400024;437;268;4;454;0;165;0;0;165;7;0;0;0;7;158;1;0;155;1;0;1;0;
091400025;105;55;0;112;0;50;0;4;50;0;0;0;0;0;50;0;0;49;0;0;1;0;
091400026;266;180;0;272;0;86;0;0;86;0;0;0;0;0;86;0;2;82;0;1;1;0;
091400027;229;170;0;59;0;59;0;0;59;0;0;0;0;0;59;0;0;59;0;0;0;0;
091400028;426;293;0;426;0;133;0;0;133;0;0;0;0;0;133;0;0;126;2;0;5;0;
091400029;457;197;0;469;1;260;1;1;260;0;0;1;0;1;259;0;0;259;0;0;0;0;
091400030;288;141;0;295;1;147;1;2;147;0;0;0;0;0;147;0;0;143;0;0;2;2;
091400031;403;190;0;411;0;213;0;4;213;1;5;0;0;6;207;0;1;203;1;2;0;0;
091400032;296;125;0;296;7;171;7;0;171;0;3;0;0;3;168;0;0;164;0;4;0;0;
091400033;652;196;1;673;3;455;0;3;455;0;3;0;0;3;452;0;3;449;0;0;0;0;
091400034;525;334;0;525;0;191;0;0;191;1;0;0;0;1;190;1;0;148;3;2;30;6;
091400035;519;393;0;519;0;126;0;0;126;0;0;0;0;0;126;3;0;102;2;0;16;3;
091400036;243;72;0;247;0;171;0;1;171;2;1;4;0;7;164;0;0;162;0;0;2;0;
091400037;406;181;0;416;0;225;0;0;225;0;1;0;0;1;224;1;0;222;1;0;0;0;
091400038;440;198;0;442;1;242;1;0;242;0;0;0;0;0;242;0;0;241;0;0;0;1;
091400039;369;102;1;266;0;266;0;0;266;0;0;10;0;10;256;2;0;250;3;0;1;0;
091400040;352;106;0;356;0;246;0;0;246;0;0;0;0;0;246;0;0;246;0;0;0;0;
091400041;232;78;0;236;5;154;5;4;154;6;3;0;0;9;145;0;0;145;0;0;0;0;
091400042;610;239;3;622;1;368;1;2;368;1;1;8;1;11;357;3;1;348;2;0;3;0;
091400043;543;172;0;560;0;371;0;1;371;0;0;0;0;0;371;0;0;368;0;3;0;0;
091400044;244;100;0;265;0;144;0;0;144;0;0;0;0;0;144;1;1;141;1;0;0;0;
091400045;381;78;3;389;0;300;0;0;300;0;3;0;0;3;297;0;0;294;2;0;1;0;
091400046;389;142;1;392;0;246;0;0;246;0;0;4;0;4;242;0;0;240;0;0;2;0;
091400047;378;121;0;385;0;257;0;2;257;0;2;0;0;2;255;0;0;253;1;1;0;0;
091400048;372;121;0;382;2;251;2;0;251;0;0;3;0;3;248;1;1;244;1;0;0;1;
091400049;87;85;0;87;0;2;0;0;2;0;0;0;0;0;2;0;0;1;1;0;0;0;
091400050;80;17;0;81;0;63;0;1;63;0;0;0;0;0;63;0;0;63;0;0;0;0;
091400051;271;92;0;271;1;179;1;1;179;0;0;0;0;0;179;0;0;179;0;0;0;0;
091400052;189;35;0;194;0;154;0;0;154;0;0;0;0;0;154;0;0;154;0;0;0;0;
091400053;113;29;0;113;0;84;0;0;84;0;0;0;0;0;84;0;0;84;0;0;0;0;
091400054;154;55;0;99;0;99;0;1;99;0;0;0;0;0;99;0;0;99;0;0;0;0;
091400055;220;112;0;220;3;108;3;0;108;0;0;7;0;7;101;2;1;98;0;0;0;0;
091400056;315;129;0;318;1;186;1;0;186;0;1;0;0;1;185;0;1;182;1;0;1;0;
091400057;769;375;3;786;3;391;3;0;391;5;1;0;0;6;385;11;1;358;2;1;11;1;
091400058;333;179;1;335;5;153;5;0;153;0;1;0;0;1;152;1;1;144;1;0;4;1;
091400059;138;31;0;138;0;107;0;0;107;0;1;0;0;1;106;0;0;106;0;0;0;0;
091400060;509;190;3;515;1;316;1;2;316;0;1;0;0;1;315;0;1;311;0;1;2;0;
091400061;245;149;0;247;2;96;2;0;96;0;5;0;0;5;91;1;0;90;0;0;0;0;
091400062;156;60;0;157;0;96;0;1;96;0;1;0;0;1;95;0;0;92;0;0;3;0;
091400063;214;83;3;214;0;128;0;0;128;0;0;0;0;0;128;1;0;123;0;1;3;0;
091400064;256;51;4;256;0;201;0;0;201;2;2;0;0;4;197;0;0;197;0;0;0;0;
091400065;591;375;3;592;0;213;0;1;213;3;0;0;0;3;210;15;1;180;0;1;13;0;
091400066;636;384;1;636;0;251;0;0;251;0;5;2;0;7;244;7;0;220;2;0;12;3;
091500001;935;613;0;321;1;322;1;0;322;4;0;0;0;4;318;16;0;267;1;2;28;4;
091500002;933;593;2;939;1;338;1;3;338;3;1;1;0;5;333;15;1;259;1;0;54;3;
091500003;780;478;1;782;0;301;0;0;301;2;4;8;0;14;287;15;2;209;1;2;55;3;
091500004;767;489;1;769;0;277;0;0;277;3;4;4;0;11;266;5;1;201;2;2;50;5;
091500005;856;589;0;867;1;267;1;0;267;5;2;6;0;13;254;15;1;198;2;0;36;2;
091500006;638;409;1;647;0;228;0;5;228;2;1;11;0;14;214;5;0;195;2;0;12;0;
091500007;163;96;0;175;0;67;0;0;67;1;0;0;0;1;66;3;0;63;0;0;0;0;
091500008;184;92;0;184;1;92;1;6;92;2;1;0;0;3;89;1;0;86;0;0;2;0;
091500009;422;225;3;188;6;194;6;6;194;3;0;0;0;3;191;2;3;185;0;1;0;0;
091500010;112;42;0;118;0;70;0;4;70;0;0;1;0;1;69;2;0;65;0;0;2;0;
091500011;615;344;1;270;0;270;0;6;270;3;1;4;0;8;262;4;1;253;1;1;2;0;
091500012;188;92;0;91;5;96;5;5;96;2;0;0;0;2;94;1;0;92;0;0;1;0;
091500013;114;65;1;125;0;48;0;0;48;0;0;0;0;0;48;0;0;46;1;0;1;0;
091500014;990;547;0;443;0;443;0;6;443;2;0;0;0;2;441;8;4;416;1;6;4;2;
091500015;117;56;0;123;0;61;0;0;61;0;2;0;0;2;59;0;0;58;1;0;0;0;
091500016;164;91;0;170;6;73;6;0;73;2;1;0;0;3;70;1;0;63;1;4;1;0;
091500017;244;155;0;254;0;89;0;0;89;1;2;0;0;3;86;2;0;81;2;0;1;0;
091500018;104;53;0;112;0;51;0;0;51;0;0;0;0;0;51;1;0;50;0;0;0;0;
091500019;119;50;0;123;1;69;1;4;69;0;1;0;0;1;68;0;1;67;0;0;0;0;
091500020;328;180;0;334;0;148;0;0;148;4;0;0;0;4;144;2;3;137;1;1;0;0;
091500021;298;84;1;208;5;213;5;0;213;2;1;0;0;3;210;3;2;204;0;0;0;1;
091500022;445;167;0;278;0;278;0;5;278;1;0;5;0;6;272;0;0;267;0;0;3;2;
091500023;276;114;0;162;0;162;0;4;162;3;0;0;0;3;159;2;0;155;0;1;1;0;
091500024;95;36;0;50;9;59;9;0;59;0;3;0;0;3;56;3;1;50;0;0;2;0;
091500025;262;115;0;267;0;147;0;0;147;0;0;0;0;0;147;1;0;145;0;0;1;0;
091500026;394;182;1;394;5;211;5;0;211;0;1;0;0;1;210;2;0;202;0;0;2;4;
091500027;395;217;0;178;0;178;0;0;178;4;0;0;0;4;174;2;1;168;1;0;1;1;
091500028;120;61;0;55;4;59;4;0;59;0;0;0;0;0;59;0;0;57;0;0;2;0;
091500029;159;39;0;161;4;120;4;0;120;0;0;0;0;0;120;0;0;120;0;0;0;0;
091500030;285;153;0;302;0;132;0;0;132;3;1;0;0;4;128;0;0;126;1;0;1;0;
091500031;106;51;0;112;0;55;0;4;55;2;0;0;0;2;53;0;0;52;0;0;1;0;
091500032;85;10;0;87;5;75;5;5;75;9;0;0;0;9;66;0;1;64;0;0;1;0;
091500033;157;81;0;165;8;76;8;8;76;0;1;0;0;1;75;0;0;73;0;1;1;0;
091500034;279;87;0;285;0;192;0;5;192;1;0;1;0;2;190;0;0;184;2;3;0;1;
091500035;318;119;0;326;0;199;0;6;199;0;0;3;0;3;196;1;1;192;1;0;0;1;
091500036;380;192;0;396;0;188;0;0;188;4;0;0;0;4;184;0;0;180;0;0;4;0;
091500037;82;27;0;87;0;55;0;5;55;0;0;0;0;0;55;1;0;51;0;0;3;0;
091500038;114;38;0;119;5;76;5;0;76;0;0;0;0;0;76;0;0;73;0;1;2;0;
091500039;83;40;0;38;5;43;5;0;43;0;1;0;0;1;42;0;0;41;0;0;1;0;
091500040;101;54;0;103;0;47;0;4;47;0;0;0;0;0;47;0;0;45;2;0;0;0;
091500041;79;44;0;86;7;35;7;0;35;2;0;0;0;2;33;2;0;30;0;0;1;0;
091500042;282;112;0;298;0;170;0;0;170;3;2;0;0;5;165;0;1;161;0;1;1;1;
091500043;411;148;0;416;6;263;6;0;263;1;2;0;0;3;260;1;0;253;0;2;2;2;
091500044;125;38;0;132;0;87;0;0;87;4;0;0;0;4;83;3;0;75;2;1;2;0;
091500045;89;50;0;94;0;39;0;0;39;0;0;0;0;0;39;0;0;38;0;0;1;0;
091500046;43;23;1;47;0;19;0;0;19;0;0;0;0;0;19;0;0;18;0;0;1;0;
091500047;565;314;0;581;6;251;6;7;251;1;1;0;0;2;249;0;0;249;0;0;0;0;
091500048;193;92;1;200;7;100;7;7;100;2;0;0;0;2;98;1;0;96;0;0;1;0;
091500049;243;160;0;251;1;83;1;0;83;2;0;4;0;6;77;3;0;72;0;0;2;0;
091500050;96;43;1;47;5;52;5;0;52;0;0;0;0;0;52;0;0;50;0;0;2;0;
091500051;94;52;0;101;0;42;0;5;42;0;0;0;0;0;42;1;2;39;0;0;0;0;
091500052;263;134;1;277;0;128;0;3;128;1;0;0;0;1;127;1;0;126;0;0;0;0;
091500053;86;29;0;106;0;57;0;6;57;0;0;0;0;0;57;1;0;55;0;0;1;0;
091500054;101;66;0;35;6;35;6;6;35;1;0;0;0;1;34;1;0;31;2;0;0;0;
091500055;151;95;0;152;5;56;5;0;56;2;0;0;0;2;54;1;1;50;1;0;1;0;
091500056;129;86;0;137;8;43;8;0;43;0;1;0;0;1;42;0;0;41;0;0;1;0;
091500057;411;175;1;414;0;235;0;5;235;6;0;1;0;7;228;13;1;199;2;1;6;6;
091500058;300;112;1;308;0;187;0;5;187;3;2;0;0;5;182;12;0;156;1;3;10;0;
091500059;480;311;1;493;0;168;0;1;168;2;0;0;0;2;166;13;1;140;3;1;4;4;
091500060;192;111;0;195;0;81;0;2;81;0;0;0;0;0;81;4;0;73;1;0;3;0;
091500061;102;32;0;108;0;70;0;5;70;1;0;0;0;1;69;2;1;59;3;1;2;1;
091500062;120;30;0;90;0;90;0;3;90;0;0;0;0;0;90;2;0;86;0;0;2;0;
091500063;623;358;0;261;4;265;4;0;265;0;15;0;0;15;250;17;0;210;3;5;7;8;
091500064;377;213;0;381;0;164;0;4;164;0;2;0;0;2;162;8;1;132;3;1;16;1;
091500065;108;66;1;113;4;41;4;4;41;1;0;0;0;1;40;0;0;37;0;0;2;1;
091500066;48;18;0;54;0;30;0;0;30;1;0;0;0;1;29;0;0;28;0;0;1;0;
091500067;73;48;0;80;0;25;0;4;25;2;0;0;0;2;23;0;0;23;0;0;0;0;
091500068;117;51;0;114;0;66;0;2;66;1;1;0;0;2;64;4;1;49;1;0;7;2;
091500069;615;390;1;624;0;224;0;0;224;1;0;4;0;5;219;2;1;213;1;0;1;1;
091600001;650;356;2;661;0;292;0;17;292;4;1;1;0;6;286;29;1;164;1;1;84;6;
091600002;750;541;0;209;1;209;1;0;209;4;0;0;0;4;205;2;1;156;2;1;43;0;
091600003;480;326;0;484;1;154;1;4;154;0;2;7;0;9;145;11;2;91;1;0;39;1;
091600004;600;368;1;608;1;231;1;7;231;13;1;0;0;14;217;18;2;117;0;2;72;6;
091600005;545;292;0;541;1;253;1;5;253;2;0;0;0;2;251;14;1;148;1;0;83;4;
091600006;850;754;0;859;0;96;0;0;96;5;1;0;0;6;90;3;3;75;3;3;1;2;
091600007;540;475;2;540;0;63;0;6;63;2;3;3;0;8;55;1;0;53;0;0;1;0;
091600008;650;568;2;651;8;80;8;0;80;0;1;2;0;3;77;1;1;67;3;2;2;1;
091600009;580;513;9;594;0;58;0;0;58;1;0;8;0;9;49;3;0;42;1;0;3;0;
091600010;350;196;1;349;0;153;0;8;153;1;2;9;0;12;141;23;3;74;0;1;38;2;
091600011;590;303;0;585;9;287;9;2;287;2;6;0;0;8;279;24;2;138;1;1;111;2;
091600012;600;297;0;621;1;303;1;0;303;1;1;1;0;3;300;43;2;153;1;2;93;6;
091600013;740;360;0;742;6;380;6;0;380;1;5;0;0;6;374;32;5;165;1;1;165;5;
091600014;580;256;2;586;0;322;0;3;322;0;3;7;0;10;312;30;1;156;3;1;117;4;
091600015;580;268;1;593;0;311;0;10;311;2;0;4;0;6;305;42;1;136;1;1;116;8;
091600016;501;302;1;506;9;198;9;0;198;2;4;5;0;11;187;12;0;114;3;0;56;2;
091600017;550;267;0;564;0;283;0;5;283;4;1;1;0;6;277;23;1;110;4;4;126;9;
091600018;650;318;0;686;0;332;0;7;332;4;3;0;0;7;325;46;2;168;0;0;100;9;
091600019;580;261;0;313;6;319;6;5;319;5;3;1;0;9;310;29;2;141;1;2;124;11;
091600020;640;337;0;639;0;303;0;4;303;4;3;0;1;8;295;39;0;155;3;1;95;2;
091600021;500;218;1;536;1;281;1;20;281;7;1;0;1;9;272;27;2;144;2;3;91;3;
091600022;650;325;2;655;0;323;0;18;323;3;3;0;0;6;317;26;1;170;4;1;107;8;
091600023;690;334;0;692;1;356;1;7;356;3;5;1;0;9;347;41;1;174;0;2;123;6;
091600024;750;365;2;749;4;383;4;11;383;3;8;0;0;11;372;22;1;188;4;1;152;4;
091600025;600;318;1;614;2;281;2;0;281;1;6;5;0;12;269;26;1;126;0;0;111;5;
091600026;643;327;2;314;0;314;0;9;314;0;6;6;0;12;302;18;3;165;4;1;105;6;
091600027;550;230;2;556;1;318;1;5;318;2;2;1;0;5;313;24;1;142;2;0;140;4;
091600028;500;241;1;498;0;258;0;4;258;0;2;0;0;2;256;13;1;137;2;1;99;3;
091600029;451;200;6;451;5;245;5;0;245;0;2;4;0;6;239;12;0;79;0;1;142;5;
091600030;440;251;0;441;0;189;0;5;189;0;2;2;0;4;185;4;1;123;1;1;53;2;
091600031;600;376;2;222;2;222;2;0;222;2;1;0;0;3;219;15;0;128;0;2;72;2;
091600032;540;285;1;544;0;254;0;6;254;0;15;0;0;15;239;20;1;143;0;0;72;3;
091600033;600;337;1;623;0;262;0;7;262;7;1;0;0;8;254;22;0;136;3;0;88;5;
091600034;550;296;4;574;5;250;5;0;250;1;0;3;0;4;246;10;0;133;4;1;96;2;
091600035;641;348;3;650;1;290;1;4;290;1;3;1;1;6;284;14;0;130;2;1;135;2;
091600036;400;177;0;223;0;223;0;7;223;1;1;0;0;2;221;9;0;102;0;3;105;2;
091600037;440;262;0;434;0;178;0;2;178;0;1;1;0;2;176;8;0;77;1;0;88;2;
091600038;553;247;2;558;5;304;5;5;304;13;0;0;0;13;291;10;1;125;1;2;149;3;
091600039;550;327;0;552;2;223;2;5;223;4;3;2;0;9;214;11;0;111;0;0;89;3;
091600040;650;438;0;668;0;212;0;4;212;1;3;0;0;4;208;7;1;112;0;0;88;0;
091600041;517;276;1;527;0;240;0;0;240;1;2;0;0;3;237;7;0;122;2;0;104;2;
091600042;702;327;0;711;9;375;9;4;375;14;0;0;0;14;361;8;1;201;2;3;143;3;
091600043;830;479;2;830;0;349;0;0;349;11;0;0;2;13;336;9;0;179;3;3;140;2;
091600044;680;443;2;687;4;235;4;0;235;3;1;0;0;4;231;4;0;153;1;0;71;2;
091600045;820;547;1;837;3;272;3;3;272;1;0;0;0;1;271;12;1;171;0;1;83;3;
091600046;900;551;1;895;0;348;0;2;348;2;4;0;0;6;342;16;1;209;1;6;105;4;
091600047;900;570;1;889;4;329;4;0;329;2;3;6;0;11;318;18;3;226;0;0;66;5;
091600048;750;530;1;756;1;219;1;3;219;3;0;0;0;3;216;4;1;163;0;1;46;1;
091600049;650;430;0;670;0;220;0;3;220;1;1;1;0;3;217;16;0;140;1;1;57;2;
091600050;900;581;0;899;0;319;0;4;319;0;0;1;0;1;318;14;0;203;1;1;98;1;
091600051;900;518;0;946;2;382;2;1;382;2;6;0;1;9;373;21;4;236;1;2;106;3;
091600052;750;488;0;770;0;262;0;1;262;2;0;0;0;2;260;7;0;189;2;1;59;2;
091600053;900;556;2;914;2;342;2;1;342;2;1;0;0;3;339;13;2;226;1;2;94;1;
091600054;850;550;2;858;0;298;0;4;298;5;4;1;0;10;288;9;0;183;0;0;96;0;
091600055;550;369;0;564;1;181;1;9;181;0;2;2;0;4;177;10;0;122;1;0;43;1;
091600056;950;599;1;954;5;350;5;0;350;2;2;0;0;4;346;18;0;205;2;3;111;7;
091600057;600;442;0;595;0;158;0;0;158;1;0;0;1;2;156;9;0;103;0;0;44;0;
091600058;900;596;0;893;5;304;5;0;304;2;1;5;0;8;296;17;0;205;3;3;66;2;
091600059;740;494;0;747;3;246;3;3;246;0;1;0;0;1;245;13;0;156;2;3;71;0;
091600060;750;526;0;760;0;224;0;9;224;2;0;4;0;6;218;12;1;150;2;0;53;0;
091600061;480;350;1;497;0;129;0;3;129;0;0;4;0;4;125;2;1;121;0;0;1;0;
091600062;550;318;3;547;0;229;0;6;229;1;1;16;0;18;211;5;2;195;0;0;8;1;
091600063;360;193;1;376;5;166;5;0;166;2;0;5;0;7;159;1;0;156;0;0;2;0;
091600064;600;321;0;606;0;279;0;6;279;7;0;0;0;7;272;6;1;170;0;1;89;5;
091600065;330;186;0;342;0;144;0;0;144;2;0;0;0;2;142;0;0;139;2;0;1;0;
091600066;800;507;1;806;6;292;6;0;292;4;3;3;0;10;282;3;3;268;1;0;7;0;
091600067;680;434;0;698;19;246;19;0;246;7;3;0;0;10;236;5;0;226;1;0;3;1;
091600068;480;362;2;484;10;116;10;7;116;1;1;0;0;2;114;2;4;102;2;1;3;0;
091600069;975;475;0;993;1;500;1;6;500;4;3;4;0;11;489;5;3;472;3;2;4;0;
091600070;450;229;0;475;0;221;0;10;221;5;2;6;0;13;208;3;3;190;4;3;2;3;
091600071;160;87;3;168;0;70;0;0;70;2;0;0;0;2;68;1;0;62;2;0;3;0;
091600072;330;159;1;335;0;170;0;0;170;7;1;4;1;13;157;2;0;149;0;0;4;2;
091600073;582;325;0;576;0;257;0;0;257;16;1;4;0;21;236;3;1;226;1;1;4;0;
091600074;510;283;1;523;0;226;0;0;226;3;0;0;0;3;223;4;1;216;0;0;2;0;
091600075;270;111;2;275;0;157;0;6;157;0;15;0;0;15;142;2;1;134;1;0;4;0;
091600076;710;388;1;721;0;321;0;6;321;6;0;9;0;15;306;2;0;297;2;2;3;0;
091600077;900;622;1;909;6;277;6;0;277;11;3;8;0;22;255;2;1;243;2;3;4;0;
091600078;171;73;2;171;0;96;0;0;96;0;0;0;0;0;96;3;2;85;1;1;4;0;
091600079;390;194;0;393;0;196;0;7;196;1;1;0;0;2;194;2;0;186;0;0;5;1;
091600080;609;372;0;625;0;237;0;0;237;5;3;0;0;8;229;5;3;213;4;0;4;0;
091600081;650;358;0;661;0;292;0;0;292;13;0;0;0;13;279;1;0;270;2;1;4;1;
091600082;220;123;0;222;1;97;1;0;97;0;0;0;0;0;97;1;1;90;2;0;3;0;
091600083;260;102;0;158;0;158;0;0;158;8;8;0;0;16;142;5;0;133;0;0;4;0;
091600084;510;243;0;523;0;267;0;9;267;10;0;6;0;16;251;2;1;243;0;1;3;1;
091600085;200;58;2;202;0;140;0;5;140;5;0;0;0;5;135;0;0;129;1;0;5;0;
091600086;370;193;0;379;0;177;0;0;177;3;1;8;0;12;165;0;1;158;0;1;5;0;
091600087;150;70;2;144;5;78;5;0;78;0;1;3;0;4;74;4;0;64;2;0;3;1;
091600088;160;74;0;151;6;86;6;0;86;2;0;0;0;2;84;1;0;81;1;0;1;0;
091600089;200;112;0;202;0;88;0;0;88;0;0;2;0;2;86;0;0;84;0;0;2;0;
091600090;650;237;2;403;8;411;8;0;411;7;4;0;0;11;400;1;2;391;2;1;3;0;
091600091;290;97;0;301;5;193;5;0;193;3;0;0;0;3;190;1;3;179;0;3;4;0;
091600092;500;178;4;515;8;318;8;0;318;29;0;0;0;29;289;0;1;281;3;0;4;0;
091600093;440;212;2;452;12;226;12;0;226;6;0;13;0;19;207;1;0;201;0;0;4;1;
091600094;330;134;0;341;0;196;0;6;196;6;0;15;0;21;175;1;1;166;2;2;3;0;
091600095;424;139;0;429;0;285;0;0;285;2;0;0;0;2;283;2;1;270;2;4;2;2;
091600096;410;175;0;429;7;235;7;0;235;5;10;0;0;15;220;2;1;209;2;2;4;0;
091600097;810;353;4;827;0;453;0;0;453;4;2;0;0;6;447;4;2;437;1;0;3;0;
091600098;320;114;0;332;0;206;0;5;206;1;0;9;0;10;196;1;0;193;0;0;2;0;
091600099;580;258;1;597;0;321;0;8;321;7;3;13;0;23;298;4;2;285;1;0;4;2;
091600100;200;89;1;188;12;110;12;0;110;6;0;7;0;13;97;0;0;91;0;0;6;0;
091600101;300;137;0;302;0;163;0;5;163;1;1;6;0;8;155;2;1;149;0;1;2;0;
091600102;570;252;0;578;4;318;4;4;318;3;2;0;0;5;313;2;2;300;1;0;7;1;
091600103;120;55;1;64;0;64;0;1;64;2;1;0;0;3;61;2;0;55;0;0;2;2;
091600104;560;278;1;569;0;281;0;7;281;4;1;2;0;7;274;3;0;268;0;0;2;1;
091600105;400;210;0;414;0;190;0;5;190;2;6;8;0;16;174;4;1;165;1;0;2;1;
091600106;310;127;3;327;5;180;5;0;180;3;1;7;0;11;169;2;0;162;2;1;1;1;
091600107;380;159;0;385;0;221;0;5;221;6;2;0;0;8;213;3;0;206;0;0;4;0;
091600108;460;151;2;492;0;307;0;0;307;6;1;1;0;8;299;4;1;287;2;2;2;1;
091600109;230;63;2;237;4;165;4;0;165;0;1;0;0;1;164;0;0;164;0;0;0;0;
091600110;350;164;0;359;1;186;1;3;186;0;8;0;0;8;178;0;0;175;1;0;1;1;
091600111;209;103;0;106;0;106;0;2;106;1;0;7;0;8;98;1;0;90;5;0;2;0;
091600112;900;414;0;919;0;486;0;8;486;4;12;10;0;26;460;0;0;450;2;0;8;0;
091600113;420;157;1;432;8;262;8;0;262;4;0;4;0;8;254;0;0;249;0;1;3;1;
091600114;280;94;2;282;0;184;0;4;184;6;3;0;0;9;175;0;0;169;0;3;3;0;
091600115;220;87;0;228;5;133;5;0;133;0;0;0;0;0;133;0;1;127;0;1;3;1;
091600116;310;143;1;320;5;166;5;0;166;4;2;0;0;6;160;2;1;150;2;1;2;2;
091600117;380;163;2;405;7;215;7;0;215;1;0;0;0;1;214;2;1;206;0;1;3;1;
091600118;700;443;4;700;0;253;0;0;253;9;1;0;4;14;239;4;1;224;3;2;5;0;
091600119;190;88;1;194;0;101;0;0;101;5;1;2;0;8;93;0;1;87;2;0;3;0;
091600120;390;188;0;401;0;202;0;0;202;12;0;0;0;12;190;1;0;184;1;0;4;0;
091600121;210;106;0;218;1;104;1;3;104;1;1;0;0;2;102;2;0;97;1;0;2;0;
091600122;237;128;4;240;6;105;6;0;105;6;1;4;0;11;94;1;1;89;0;0;3;0;
091600123;100;38;0;99;0;62;0;6;62;1;2;2;0;5;57;0;0;53;0;0;4;0;
091600124;360;220;0;363;0;140;0;5;140;6;1;2;0;9;131;1;0;126;0;3;1;0;
091600125;200;95;0;204;0;105;0;0;105;1;1;2;0;4;101;1;0;97;0;0;3;0;
091600126;150;60;11;114;0;79;0;7;79;4;0;6;1;11;68;4;0;51;0;0;12;1;
091600127;140;31;1;137;4;108;4;0;108;13;9;1;0;23;85;6;2;56;4;5;8;4;
092100001;600;349;2;670;0;249;0;0;249;1;0;3;0;4;245;5;1;186;0;1;50;2;
092100002;600;349;0;659;0;251;0;0;251;1;1;2;0;4;247;5;0;223;4;1;13;1;
092100003;500;299;0;584;4;201;4;4;201;0;1;3;0;4;197;3;0;168;2;0;24;0;
092100004;800;446;2;1009;0;352;0;0;352;3;4;6;0;13;339;5;0;314;0;2;17;1;
092100005;800;514;1;898;2;285;2;0;285;4;2;1;0;7;278;5;0;234;0;1;37;1;
092100006;600;357;2;706;0;241;0;1;241;1;1;0;0;2;239;6;0;226;0;3;3;1;
092100007;800;502;3;903;0;295;0;0;295;4;6;0;0;10;285;2;2;263;1;1;15;1;
092100008;800;513;0;859;2;287;2;4;287;4;1;12;0;17;270;7;0;231;5;2;23;2;
092100009;700;455;0;782;0;245;0;0;245;2;0;5;0;7;238;3;1;184;1;1;43;5;
092100010;600;309;0;705;0;291;0;0;291;19;0;1;2;22;269;3;0;241;2;1;20;2;
092100011;700;378;0;756;0;322;0;11;322;1;1;21;0;23;299;5;0;292;0;1;0;1;
092100012;40;15;2;36;0;23;0;4;23;1;0;0;0;1;22;0;0;18;1;1;2;0;
092100013;600;231;0;728;1;369;1;5;369;6;4;0;0;10;359;2;2;348;4;1;2;0;
092100014;100;44;0;126;6;56;6;0;56;0;0;0;0;0;56;0;0;55;0;0;1;0;
092100015;80;34;2;91;8;44;8;6;44;0;0;2;0;2;42;1;2;37;2;0;0;0;
092100016;100;67;0;110;0;33;0;1;33;1;0;0;0;1;32;0;0;31;0;0;1;0;
092100017;94;12;0;142;1;82;1;2;82;0;0;4;0;4;78;0;0;75;0;0;3;0;
092100018;200;95;0;200;0;105;0;6;105;1;4;0;1;6;99;1;0;94;1;0;3;0;
092100019;80;33;1;78;4;46;4;5;46;0;0;0;0;0;46;1;1;43;1;0;0;0;
092100020;100;14;0;153;4;86;4;0;86;1;0;0;0;1;85;1;0;83;1;0;0;0;
092100021;250;103;0;294;6;147;6;0;147;6;0;1;0;7;140;1;0;137;0;1;1;0;
092100022;50;19;0;34;7;31;7;7;31;1;0;0;0;1;30;0;0;28;0;0;1;1;
092100023;90;37;0;96;4;53;4;0;53;0;0;0;0;0;53;0;1;52;0;0;0;0;
092100024;150;74;0;197;3;76;3;0;76;0;0;5;0;5;71;0;2;64;1;1;1;2;
092100025;250;72;0;321;0;178;0;7;178;8;4;6;0;18;160;2;0;154;0;0;4;0;
092100026;150;69;0;211;1;81;1;8;81;1;1;0;0;2;79;0;1;77;0;0;1;0;
092100027;150;53;2;182;6;95;6;0;95;4;1;0;0;5;90;1;1;85;0;1;2;0;
092100028;50;18;1;52;6;31;6;6;31;1;0;0;0;1;30;0;1;27;0;0;2;0;
092100029;400;147;0;483;0;253;0;6;253;3;2;0;1;6;247;1;0;242;1;2;1;0;
092100030;100;47;0;113;4;53;4;0;53;1;0;5;0;6;47;0;0;45;0;0;2;0;
092100031;50;26;0;34;9;24;9;0;24;1;0;0;0;1;23;0;0;22;0;0;1;0;
092100032;50;21;1;31;6;28;6;0;28;0;0;0;0;0;28;0;0;23;1;0;4;0;
092100033;250;115;0;297;7;135;7;0;135;4;1;0;0;5;130;1;3;121;0;1;4;0;
092100034;500;228;0;576;0;272;0;0;272;9;0;13;0;22;250;6;1;238;1;1;3;0;
092100035;200;49;1;229;6;150;6;5;150;8;1;0;0;9;141;0;3;135;1;0;2;0;
092100036;200;80;0;238;0;120;0;6;120;1;2;0;0;3;117;2;0;114;0;0;1;0;
092100037;300;126;1;338;0;173;0;5;173;0;1;0;0;1;172;2;2;163;2;0;2;1;
092100038;250;85;1;287;2;164;2;3;164;1;0;1;0;2;162;0;0;160;0;0;2;0;
092100039;100;26;0;128;3;74;3;0;74;0;0;0;0;0;74;0;0;73;0;0;1;0;
092100040;350;176;0;166;8;174;8;3;174;0;2;0;0;2;172;3;0;167;0;0;2;0;
092100041;60;33;1;63;4;26;4;0;26;0;0;0;0;0;26;0;0;24;0;0;2;0;
092100042;101;19;0;124;0;82;0;5;82;2;1;0;0;3;79;1;1;75;0;1;1;0;
092100043;350;187;0;413;2;163;2;4;163;3;2;0;0;5;158;2;1;152;0;1;1;1;
092100044;200;65;0;249;0;135;0;5;135;3;1;0;0;4;131;3;0;127;0;0;1;0;
092100045;200;58;0;267;5;142;5;0;142;2;1;4;0;7;135;0;0;132;0;1;2;0;
092100046;350;161;0;400;3;189;3;0;189;4;0;0;0;4;185;1;0;180;3;0;1;0;
092100047;400;208;0;467;2;192;2;0;192;2;0;3;0;5;187;0;0;185;0;0;2;0;
092100048;150;75;0;162;0;75;0;0;75;2;2;0;0;4;71;3;1;62;1;1;3;0;
092100049;200;74;1;222;5;125;5;0;125;1;0;3;0;4;121;1;1;116;2;0;1;0;
092100050;100;62;1;119;0;37;0;0;37;2;0;0;0;2;35;0;0;34;0;0;1;0;
092100051;300;57;0;249;5;243;5;0;243;0;0;2;0;2;241;2;2;233;0;1;3;0;
092100052;200;79;0;260;12;121;12;7;121;0;0;7;0;7;114;1;1;107;2;0;3;0;
092100053;100;38;0;105;6;62;6;0;62;2;0;0;0;2;60;0;0;58;0;0;1;1;
092100054;100;15;0;114;0;85;0;5;85;1;1;1;1;4;81;0;0;80;0;0;1;0;
093500001;460;236;1;371;1;223;1;2;223;4;1;0;0;5;218;0;0;215;0;0;2;1;
093500002;1160;718;2;830;2;440;2;0;440;1;2;0;2;5;435;3;0;430;1;0;1;0;
093500003;240;91;0;200;0;149;0;4;149;7;0;0;0;7;142;0;2;137;0;1;2;0;
093500004;310;122;1;241;3;187;3;0;187;2;0;0;0;2;185;1;0;183;0;0;1;0;
093500005;430;177;1;313;5;252;5;5;252;3;1;0;0;4;248;0;0;245;2;0;1;0;
093500006;400;242;0;269;0;158;0;2;158;2;1;1;1;5;153;0;0;150;0;2;1;0;
093500007;420;257;3;281;0;160;0;0;160;1;0;0;0;1;159;0;0;156;2;0;1;0;
093500008;350;176;2;266;0;172;0;5;172;0;0;0;0;0;172;0;0;169;1;1;1;0;
093500009;300;99;0;233;2;201;2;2;201;0;1;0;0;1;200;0;0;199;0;0;1;0;
093500010;280;55;0;225;0;225;0;0;225;0;0;0;0;0;225;0;0;225;0;0;0;0;
093500011;740;401;0;521;3;339;3;3;339;0;5;0;0;5;334;1;1;328;0;1;1;2;
093500012;470;259;0;383;3;211;3;0;211;0;2;0;0;2;209;0;1;206;0;0;2;0;
093500013;450;207;0;367;0;243;0;0;243;3;6;0;0;9;234;1;0;230;1;0;2;0;
093500014;220;38;0;213;2;182;2;2;182;0;0;0;0;0;182;0;0;180;2;0;0;0;
093500015;270;153;0;175;3;117;3;3;117;0;0;0;0;0;117;0;0;117;0;0;0;0;
093500016;120;5;1;142;2;114;2;5;114;2;2;0;0;4;110;1;1;92;0;0;13;3;
093500017;840;501;5;560;0;334;0;0;334;1;1;0;0;2;332;0;0;329;1;0;2;0;
093500018;300;124;2;240;9;174;9;3;174;0;0;5;0;5;169;1;0;164;1;0;3;0;
093500019;660;219;0;547;0;441;0;0;441;0;0;0;1;1;440;1;2;432;1;0;1;3;
093500020;760;301;1;672;0;458;0;0;458;0;0;1;0;1;457;0;1;455;0;0;1;0;
093500021;930;379;0;765;2;551;2;0;551;0;2;0;0;2;549;1;1;546;0;0;1;0;
093500022;420;82;0;371;2;338;2;0;338;1;0;0;0;1;337;0;0;336;0;0;1;0;
093500023;230;108;2;182;0;120;0;3;120;0;0;2;0;2;118;0;0;115;1;0;2;0;
093500024;150;41;0;128;2;109;2;0;109;0;0;0;0;0;109;0;0;109;0;0;0;0;
093500025;260;121;0;228;0;139;0;0;139;0;0;0;0;0;139;0;0;137;1;0;1;0;
093500026;90;10;0;86;1;80;1;0;80;0;0;0;0;0;80;0;2;76;1;0;1;0;
093500027;460;132;1;453;0;327;0;2;327;3;5;0;0;8;319;0;0;315;0;0;3;1;
093500028;170;19;0;154;0;151;0;0;151;0;0;0;0;0;151;0;0;150;0;0;1;0;
093500029;110;10;0;100;0;100;0;0;100;0;0;0;0;0;100;0;0;99;0;0;1;0;
100400001;650;480;1;665;0;169;0;0;169;1;4;1;1;7;162;33;2;75;0;5;41;6;
100400002;500;395;2;527;0;103;0;0;103;2;1;5;0;8;95;8;1;55;1;3;25;2;
100400003;698;543;1;689;0;154;0;0;154;3;0;2;1;6;148;18;0;86;1;0;34;9;
100400004;600;401;0;600;9;199;9;0;199;0;0;5;4;9;190;12;2;104;1;3;66;2;
100400005;700;480;1;723;1;219;1;6;219;0;5;0;0;5;214;27;2;94;0;10;64;17;
100400006;800;566;3;810;9;231;9;6;231;2;0;0;0;2;229;30;2;122;2;5;61;7;
100400007;450;298;1;445;0;151;0;0;151;1;4;0;0;5;146;22;0;76;2;2;37;7;
100400008;700;431;2;698;0;267;0;0;267;1;3;8;1;13;254;38;3;131;0;6;72;4;
100400009;750;375;1;746;3;374;3;0;374;0;11;11;0;22;352;16;2;129;1;2;191;11;
100400010;300;145;3;287;0;152;0;0;152;5;3;0;0;8;144;7;0;62;3;3;62;7;
100400011;470;282;1;187;0;187;0;0;187;3;19;0;0;22;165;11;0;92;1;5;52;4;
100400012;283;134;3;283;1;146;1;0;146;2;1;0;0;3;143;5;1;76;0;0;56;5;
100400013;100;56;0;100;2;44;2;0;44;0;1;1;0;2;42;5;0;24;0;0;9;4;
100400014;250;99;1;252;1;150;1;2;150;0;3;3;1;7;143;15;1;45;1;2;75;4;
100400015;130;43;1;130;2;86;2;0;86;6;0;0;0;6;80;8;0;43;1;2;23;3;
100400016;183;96;1;179;2;86;2;4;86;3;1;1;0;5;81;4;0;38;3;0;32;4;
100400017;220;114;3;218;2;103;2;0;103;2;1;4;0;7;96;3;1;79;2;2;5;4;
100400018;210;101;1;219;6;108;6;4;108;1;1;3;0;5;103;9;0;72;0;1;16;5;
100400019;80;25;0;79;1;55;1;5;55;2;0;5;0;7;48;6;1;31;0;0;8;2;
100400020;120;50;1;121;3;69;3;4;69;0;3;6;0;9;60;6;0;38;1;0;11;4;
100400021;70;24;1;71;2;45;2;0;45;2;0;0;0;2;43;3;0;32;0;0;4;4;
100400022;110;24;1;85;5;85;5;5;85;2;0;0;0;2;83;7;1;67;1;0;6;1;
100400023;200;113;1;85;1;86;1;0;86;0;2;4;0;6;80;1;2;63;5;2;7;0;
100400024;100;58;0;65;7;42;7;7;42;1;6;0;0;7;35;4;0;26;1;1;3;0;
100400025;100;61;1;55;0;38;0;3;38;3;0;0;0;3;35;18;0;10;0;1;4;2;
100500001;552;306;1;556;0;245;0;0;245;2;3;2;0;7;238;12;0;138;4;0;76;8;
100500002;612;365;0;247;4;247;4;4;247;2;6;8;3;19;228;20;2;140;3;1;56;6;
100500003;451;285;1;455;0;165;0;0;165;1;4;4;1;10;155;13;0;98;2;7;33;2;
100500004;360;228;0;362;1;132;1;2;132;1;1;4;0;6;126;4;0;86;1;0;26;9;
100500005;426;267;2;431;0;157;0;4;157;4;4;2;0;10;147;11;1;76;2;2;55;0;
100500006;35;8;0;40;0;27;0;0;27;1;0;0;0;1;26;4;0;17;0;2;3;0;
100500007;46;12;0;51;0;34;0;0;34;1;4;1;0;6;28;4;0;18;0;0;4;2;
100500008;81;15;1;86;2;65;2;5;65;1;1;0;0;2;63;5;0;55;0;0;1;2;
100500009;59;23;0;66;0;36;0;0;36;0;2;0;0;2;34;1;0;26;3;0;4;0;
100500010;68;28;0;68;0;40;0;0;40;0;4;0;0;4;36;3;0;29;0;0;3;1;
100500011;45;2;1;47;0;42;0;0;42;0;0;0;0;0;42;2;2;30;0;0;6;2;
102700001;350;208;0;349;0;142;0;0;142;2;2;0;0;4;138;27;1;101;0;3;6;0;
102700002;525;237;2;520;1;286;1;0;286;0;1;1;0;2;284;40;2;224;0;2;11;5;
102700003;520;287;2;516;2;231;2;0;231;4;3;4;2;13;218;34;5;156;0;3;13;7;
102700004;435;268;0;422;1;167;1;0;167;2;2;9;1;14;153;11;1;127;2;0;10;2;
102700005;360;214;0;348;4;146;4;0;146;9;0;0;0;9;137;14;2;96;3;1;16;5;
102700006;280;194;1;267;0;85;0;0;85;1;0;0;0;1;84;5;1;45;2;0;31;0;
102700007;355;219;0;345;0;136;0;0;136;0;2;0;0;2;134;10;0;87;1;0;33;3;
102700008;350;248;1;336;0;101;0;0;101;1;0;3;0;4;97;7;0;80;0;1;6;3;
102700009;420;232;4;400;3;184;3;0;184;1;4;1;0;6;178;12;0;112;1;6;37;10;
102700010;85;26;1;73;0;58;0;0;58;1;0;0;0;1;57;1;0;45;1;1;9;0;
102700011;175;96;1;166;1;78;1;0;78;1;0;0;0;1;77;3;1;54;0;0;17;2;
102700012;100;38;1;90;2;61;2;2;61;0;1;0;0;1;60;0;1;50;1;0;8;0;
102700013;110;55;1;95;4;54;4;0;54;1;0;0;0;1;53;3;1;42;1;1;5;0;
102700014;60;35;1;53;2;24;2;0;24;0;1;0;0;1;23;1;0;16;1;0;5;0;
102700015;50;26;0;22;2;24;2;0;24;0;0;0;0;0;24;5;0;14;2;0;2;1;
102700016;160;73;1;158;0;86;0;0;86;0;2;1;0;3;83;28;1;46;0;1;3;4;
102700017;50;15;1;45;6;34;6;7;34;0;0;0;0;0;34;10;2;12;2;2;5;1;
102900001;550;358;2;518;7;190;7;0;190;2;5;1;0;8;182;8;0;125;2;1;39;7;
102900002;900;593;2;833;3;305;3;0;305;0;0;1;0;1;304;15;5;206;3;2;65;8;
102900003;695;451;0;652;5;244;5;0;244;3;2;5;0;10;234;24;0;126;5;2;65;12;
102900004;650;430;2;588;0;218;0;0;218;0;6;0;0;6;212;25;0;120;2;0;50;15;
102900005;811;466;1;773;0;344;0;5;344;3;1;3;1;8;336;46;3;180;5;2;82;18;
102900006;600;328;0;563;1;272;1;7;272;5;5;2;0;12;260;35;0;145;2;1;66;11;
102900007;650;381;1;616;2;268;2;0;268;2;3;8;0;13;255;14;1;176;3;0;58;3;
102900008;650;424;1;615;5;225;5;1;225;2;3;8;0;13;212;14;2;137;0;1;53;5;
102900009;828;466;0;839;7;362;7;4;362;1;2;6;2;11;351;27;1;226;2;1;75;19;
102900010;650;376;0;617;1;274;1;4;274;1;2;0;0;3;271;18;4;170;1;0;53;25;
102900011;650;413;0;615;0;237;0;1;237;0;4;0;0;4;233;26;3;147;0;2;52;3;
102900012;650;379;2;618;0;269;0;0;269;2;5;1;0;8;261;24;3;156;5;3;55;15;
102900013;898;597;1;834;0;300;0;4;300;8;2;2;0;12;288;50;1;160;1;0;67;9;
102900014;950;680;0;821;0;270;0;0;270;1;5;0;0;6;264;22;4;162;2;1;62;11;
102900015;950;627;1;899;4;322;4;2;322;2;2;0;1;5;317;19;2;220;2;3;63;8;
102900016;950;639;0;907;1;311;1;3;311;4;1;0;0;5;306;32;6;194;2;1;54;17;
102900017;800;535;1;746;0;264;0;0;264;6;2;0;0;8;256;17;4;173;1;1;55;5;
102900018;550;314;1;500;0;235;0;1;235;0;4;0;0;4;231;43;0;131;3;0;44;10;
102900019;460;320;0;423;0;140;0;0;140;2;4;0;0;6;134;18;0;79;1;0;29;7;
102900020;749;502;1;689;0;246;0;0;246;2;5;3;0;10;236;31;0;137;0;4;52;12;
102900021;900;595;0;833;7;305;7;6;305;3;2;0;0;5;300;44;0;182;5;5;54;10;
102900022;600;377;1;577;2;222;2;2;222;2;5;1;0;8;214;34;0;109;4;1;50;16;
102900023;800;549;3;754;0;248;0;0;248;2;1;1;4;8;240;25;1;137;3;3;66;5;
102900024;900;575;1;835;2;324;2;5;324;3;10;0;1;14;310;45;3;179;1;0;69;13;
102900025;835;578;0;783;0;257;0;0;257;1;2;0;0;3;254;27;2;165;3;2;51;4;
102900026;744;490;0;254;0;254;0;3;254;5;2;0;0;7;247;19;0;148;0;2;58;20;
102900027;800;527;2;724;2;271;2;0;271;3;2;6;0;11;260;31;2;160;5;4;49;9;
102900028;900;598;1;863;4;301;4;0;301;1;4;0;0;5;296;34;1;200;2;2;46;11;
102900029;800;563;2;235;0;235;0;0;235;1;2;3;0;6;229;21;1;123;2;5;65;12;
102900030;677;399;1;639;4;277;4;0;277;0;9;0;0;9;268;34;0;167;4;1;53;9;
102900031;850;542;0;773;2;308;2;0;308;0;5;0;0;5;303;62;2;160;1;2;62;14;
102900032;750;504;0;691;4;246;4;0;246;8;3;0;0;11;235;35;1;136;2;1;55;5;
102900033;850;574;1;798;0;275;0;4;275;5;0;0;0;5;270;53;3;138;2;1;58;15;
102900034;650;376;0;581;6;274;6;0;274;2;4;1;0;7;267;46;3;150;1;1;54;12;
102900035;700;395;2;667;1;303;1;0;303;2;9;0;0;11;292;60;1;163;2;0;59;7;
102900036;600;345;0;567;0;255;0;2;255;0;7;2;0;9;246;51;0;135;1;1;45;13;
102900037;700;387;0;675;2;313;2;0;313;1;3;0;0;4;309;44;4;189;0;0;60;12;
102900038;850;499;2;349;0;349;0;3;349;3;17;0;0;20;329;53;0;182;1;1;84;8;
102900039;850;539;0;798;2;311;2;2;311;1;4;3;0;8;303;29;1;198;2;0;51;22;
102900040;700;456;0;649;4;244;4;4;244;0;12;0;0;12;232;35;0;160;0;0;31;6;
102900041;1000;722;0;712;10;278;10;0;278;2;4;6;0;12;266;23;1;192;1;0;36;13;
102900042;800;532;2;758;0;266;0;4;266;0;1;0;0;1;265;25;2;185;3;0;34;16;
102900043;554;342;0;210;2;212;2;0;212;1;2;2;0;5;207;21;3;125;3;2;42;11;
102900044;850;527;0;321;2;323;2;0;323;2;1;0;0;3;320;29;4;201;5;1;72;8;
102900045;900;554;0;853;3;346;3;0;346;3;11;0;0;14;332;39;4;200;5;0;75;9;
102900046;609;437;0;559;4;172;4;0;172;0;4;0;1;5;167;7;1;105;2;1;45;6;
102900047;688;494;0;680;7;194;7;7;194;0;2;0;0;2;192;9;1;134;0;1;42;5;
102900048;995;712;2;906;7;281;7;5;281;6;3;9;0;18;263;12;2;187;1;2;54;5;
102900049;650;448;1;618;1;201;1;1;201;4;2;0;0;6;195;14;0;141;2;1;31;6;
102900050;650;442;0;587;1;208;1;1;208;0;2;0;0;2;206;8;0;142;1;1;50;4;
102900051;898;628;0;839;0;270;0;0;270;2;2;10;0;14;256;25;1;161;0;0;56;13;
102900052;750;547;0;687;0;203;0;0;203;0;9;0;0;9;194;21;0;126;0;2;34;11;
102900053;1000;705;0;935;1;295;1;2;295;1;4;0;0;5;290;8;2;198;1;1;74;6;
102900054;800;536;0;743;8;264;8;0;264;3;1;0;0;4;260;24;1;171;3;0;48;13;
102900055;700;501;0;642;0;199;0;0;199;1;0;0;2;3;196;14;0;145;0;0;33;4;
102900056;650;472;1;594;0;177;0;5;177;0;1;1;0;2;175;13;1;120;1;1;36;3;
102900057;600;399;1;569;0;200;0;7;200;1;2;0;0;3;197;20;1;116;1;1;52;6;
102900058;700;553;5;649;0;142;0;2;142;1;0;1;0;2;140;2;0;138;0;0;0;0;
102900059;800;579;9;770;7;212;7;0;212;9;0;0;0;9;203;0;0;201;0;0;0;2;
102900060;550;341;3;536;6;206;6;0;206;0;1;0;0;1;205;4;0;198;0;0;3;0;
102900061;700;488;2;670;2;210;2;0;210;2;3;0;1;6;204;4;2;189;4;3;0;2;
102900062;800;575;1;742;2;224;2;0;224;1;0;0;3;4;220;1;0;214;4;0;0;1;
102900063;900;613;3;858;4;284;4;0;284;0;1;2;0;3;281;1;1;271;0;1;1;6;
102900064;250;115;1;251;3;134;3;0;134;0;4;0;0;4;130;9;0;101;0;0;9;11;
102900065;110;55;1;106;5;54;5;0;54;0;3;0;0;3;51;2;1;36;0;0;11;1;
102900066;85;40;0;95;0;45;0;0;45;1;0;0;0;1;44;3;0;37;0;0;4;0;
102900067;140;104;0;124;5;36;5;5;36;0;0;0;0;0;36;1;1;29;0;1;4;0;
102900068;125;55;0;156;1;70;1;4;70;1;2;0;0;3;67;8;0;51;1;2;1;4;
102900069;60;18;0;59;0;42;0;6;42;0;0;0;0;0;42;5;0;34;0;0;2;1;
102900070;35;12;1;40;5;22;5;5;22;0;0;0;0;0;22;2;0;19;0;0;1;0;
102900071;155;86;0;148;8;69;8;6;69;0;0;0;0;0;69;4;0;55;0;0;10;0;
102900072;220;151;0;213;0;69;0;6;69;0;0;0;0;0;69;10;1;42;1;0;13;2;
102900073;50;20;0;54;2;30;2;0;30;0;0;0;0;0;30;3;0;25;0;0;2;0;
102900074;550;350;2;528;4;198;4;0;198;1;0;0;0;1;197;22;0;136;1;1;32;5;
102900075;500;347;0;450;5;153;5;0;153;0;2;0;0;2;151;14;0;110;1;3;21;2;
102900076;300;182;2;291;0;116;0;0;116;2;6;0;0;8;108;1;0;82;3;1;21;0;
102900077;400;253;0;346;0;147;0;0;147;3;12;0;0;15;132;10;0;79;0;2;36;5;
102900078;25;9;1;31;8;15;8;8;15;2;0;0;0;2;13;0;1;7;1;0;4;0;
102900079;40;26;1;39;4;13;4;0;13;0;0;0;0;0;13;2;0;5;1;0;4;1;
102900080;750;493;6;705;4;251;4;0;251;1;4;0;0;5;246;21;0;147;6;4;64;4;
102900081;750;512;1;703;7;237;7;0;237;7;9;3;0;19;218;12;1;119;2;3;74;7;
102900082;550;366;1;506;2;183;2;0;183;2;2;8;0;12;171;10;0;100;0;1;52;8;
102900083;50;25;0;52;5;25;5;0;25;0;0;0;0;0;25;2;2;19;0;0;1;1;
102900084;147;68;4;145;0;75;0;0;75;3;1;0;0;4;71;22;0;36;1;0;9;3;
102900085;170;98;0;156;7;72;7;0;72;0;1;1;0;2;70;5;0;48;2;1;12;2;
102900086;120;47;3;127;0;70;0;0;70;1;0;0;0;1;69;17;1;31;1;1;16;2;
102900087;650;387;1;643;4;262;4;0;262;5;6;12;0;23;239;12;1;175;3;1;41;6;
102900088;1000;692;1;863;7;307;7;0;307;3;3;0;0;6;301;12;2;187;11;1;79;9;
102900089;140;92;0;129;5;48;5;0;48;8;3;0;0;11;37;1;0;26;0;1;8;1;
102900090;650;432;1;596;1;217;1;0;217;4;19;0;0;23;194;9;0;133;6;0;40;6;
102900091;900;602;1;840;0;297;0;0;297;5;7;4;0;16;281;6;1;201;3;1;61;8;
102900092;125;45;0;139;4;80;4;0;80;0;1;0;0;1;79;4;0;65;2;1;3;4;
102900093;800;504;1;732;2;295;2;0;295;8;2;1;0;11;284;22;1;200;1;1;48;11;
102900094;60;32;1;52;0;27;0;7;27;2;1;0;0;3;24;2;0;21;0;0;1;0;
102900095;35;13;1;38;0;21;0;0;21;1;0;0;0;1;20;1;0;13;2;0;2;2;
102900096;400;236;0;355;1;164;1;3;164;0;3;0;0;3;161;18;0;124;1;1;11;6;
102900097;115;53;2;59;1;60;1;0;60;1;1;0;0;2;58;6;1;38;1;0;12;0;
102900098;335;203;0;310;2;132;2;0;132;2;2;0;0;4;128;7;2;98;0;1;17;3;
102900099;125;47;0;118;4;78;4;5;78;0;2;6;0;8;70;3;1;47;2;2;13;2;
102900100;370;244;1;343;4;125;4;4;125;6;0;0;0;6;119;11;1;77;7;3;16;4;
102900101;196;110;1;183;0;85;0;4;85;0;3;3;0;6;79;3;0;52;3;1;17;3;
102900102;600;394;0;572;5;206;5;0;206;3;2;6;0;11;195;17;1;152;1;1;21;2;
102900103;116;43;2;117;8;71;8;0;71;0;0;1;0;1;70;3;1;56;1;1;4;4;
102900104;500;279;0;498;3;221;3;0;221;2;2;1;0;5;216;15;3;163;1;4;23;7;
102900105;300;139;1;272;4;160;4;0;160;5;3;7;0;15;145;8;0;106;0;1;29;1;
102900106;800;473;4;741;3;323;3;6;323;2;4;2;1;9;314;13;2;211;4;1;78;5;
102900107;120;15;0;147;0;105;0;0;105;3;2;0;0;5;100;13;0;79;1;0;5;2;
102900108;40;8;0;47;4;32;4;5;32;0;0;0;0;0;32;3;0;19;0;0;6;4;
102900109;60;17;0;67;2;43;2;6;43;1;0;0;0;1;42;2;0;32;0;0;8;0;
102900110;650;395;2;629;3;253;3;3;253;5;5;1;1;12;241;11;0;162;2;1;60;5;
102900111;200;112;0;184;4;88;4;0;88;2;5;0;0;7;81;5;0;60;0;0;14;2;
102900112;429;189;1;442;1;239;1;0;239;2;4;0;0;6;233;5;0;202;4;1;17;4;
102900113;119;50;0;120;6;69;6;4;69;1;1;0;0;2;67;4;0;54;2;0;5;2;
102900114;60;32;0;42;8;28;8;0;28;1;0;0;0;1;27;2;0;21;1;0;2;1;
102900115;55;11;3;57;5;41;5;0;41;3;0;0;0;3;38;3;1;27;0;0;6;1;
102900116;100;53;0;92;7;47;7;0;47;1;0;3;0;4;43;7;0;26;3;0;5;2;
102900117;110;85;1;71;0;24;0;10;24;1;0;0;0;1;23;2;0;16;0;0;4;1;
102900118;99;29;1;99;0;69;0;3;69;0;2;2;0;4;65;8;0;41;0;1;10;5;
103100001;550;277;2;550;0;271;0;1;271;0;3;0;0;3;268;11;0;213;3;1;28;12;
103100002;80;36;1;75;0;43;0;4;43;0;0;1;0;1;42;4;0;34;0;0;3;1;
103100003;200;99;1;202;2;100;2;3;100;1;1;0;0;2;98;9;0;71;2;0;12;4;
103100004;85;17;1;83;0;67;0;1;67;0;3;0;0;3;64;3;1;50;1;2;3;4;
103100005;180;93;0;186;7;87;7;0;87;1;8;0;0;9;78;2;0;60;4;1;10;1;
103100006;185;96;0;183;6;89;6;0;89;1;1;0;0;2;87;2;1;69;0;1;12;2;
103100007;105;45;0;103;2;60;2;6;60;1;2;0;0;3;57;13;0;24;1;0;15;4;
103100008;98;46;0;93;2;52;2;0;52;0;0;0;0;0;52;3;0;41;0;0;4;4;
103100009;115;30;0;116;0;85;0;3;85;3;3;0;0;6;79;2;1;70;1;0;4;1;
103100010;120;42;0;120;5;78;5;0;78;0;10;0;0;10;68;6;0;57;0;0;3;2;
103100011;50;9;0;51;1;41;1;0;41;1;0;0;0;1;40;3;0;31;0;0;1;5;
103100012;600;334;0;567;1;266;1;0;266;4;6;0;0;10;256;14;0;169;1;1;56;15;
103100013;130;43;0;87;2;87;2;0;87;4;2;3;0;9;78;15;0;37;2;0;19;5;
103100014;65;24;1;63;4;40;4;0;40;0;5;0;0;5;35;6;0;24;1;0;2;2;
103100015;150;77;0;151;0;73;0;2;73;4;4;0;0;8;65;2;0;46;4;0;12;1;
103100016;45;16;0;43;1;29;1;2;29;1;1;0;0;2;27;2;0;22;0;0;3;0;
103100017;165;100;1;161;3;64;3;3;64;1;0;0;0;1;63;8;0;41;1;3;10;0;
103100018;40;18;1;37;0;21;0;3;21;0;1;0;0;1;20;1;0;18;0;0;1;0;
103100019;65;27;0;67;0;38;0;0;38;1;0;0;0;1;37;1;0;30;2;1;3;0;
103100020;100;49;0;98;0;51;0;3;51;8;1;0;0;9;42;4;1;31;0;0;6;0;
103800001;600;367;1;626;0;232;0;2;232;3;5;4;0;12;220;4;2;152;1;1;56;4;
103800002;500;281;1;498;0;218;0;1;218;4;1;0;0;5;213;11;1;132;1;2;59;7;
103800003;650;385;2;668;3;263;3;0;263;4;3;0;1;8;255;20;1;151;1;2;77;3;
103800004;502;268;2;230;2;232;2;0;232;1;4;8;0;13;219;30;0;148;2;1;33;5;
103800005;230;128;1;240;2;101;2;5;101;3;2;0;0;5;96;4;3;72;4;0;9;4;
103800006;234;150;0;235;0;84;0;5;84;0;0;3;0;3;81;6;1;61;2;0;10;1;
103800007;50;18;1;43;0;31;0;6;31;1;4;0;0;5;26;5;0;19;0;0;1;1;
103800008;60;39;0;38;3;21;3;4;21;0;0;0;0;0;21;3;1;11;0;0;6;0;
104100001;491;377;2;490;0;112;0;0;112;2;1;5;0;8;104;12;2;69;1;1;16;3;
104100002;747;541;2;749;0;204;0;0;204;2;1;0;0;3;201;19;4;139;2;4;21;12;
104100003;802;544;0;802;0;258;0;0;258;13;3;4;0;20;238;15;3;182;4;4;22;8;
104100004;904;589;0;904;5;315;5;0;315;3;4;1;0;8;307;26;1;218;2;1;38;21;
104100005;946;610;4;948;2;332;2;0;332;15;3;5;1;24;308;37;1;218;4;2;31;15;
104100006;822;582;0;822;0;240;0;0;240;6;2;0;0;8;232;21;3;176;3;1;18;10;
104100007;940;572;4;940;6;364;6;0;364;1;6;0;1;8;356;26;1;268;4;1;37;19;
104100008;607;439;0;607;0;168;0;0;168;4;0;10;0;14;154;12;1;112;2;3;19;5;
104100009;496;370;0;500;0;126;0;0;126;1;0;1;0;2;124;4;1;91;4;1;10;13;
104800001;890;607;0;891;0;283;0;3;283;1;1;0;0;2;281;10;3;235;4;3;19;7;
104800002;740;532;0;740;0;208;0;0;208;2;0;2;0;4;204;21;1;152;0;0;25;5;
104800003;841;608;0;852;8;233;8;0;233;0;2;1;0;3;230;16;0;180;1;2;27;4;
104800004;728;487;0;728;4;241;4;0;241;5;0;0;0;5;236;31;0;162;4;4;23;12;
104800005;545;397;0;545;0;148;0;0;148;1;2;0;0;3;145;18;0;100;2;0;15;10;
104800006;678;487;0;683;2;191;2;0;191;3;0;0;0;3;188;12;1;144;1;0;21;9;
104800007;442;287;0;445;0;155;0;0;155;0;0;2;0;2;153;43;0;84;0;0;18;8;
104800008;473;300;1;473;0;172;0;0;172;1;1;5;0;7;165;26;1;113;1;3;16;5;
104800009;433;265;1;438;1;167;1;0;167;1;2;2;0;5;162;33;1;103;4;0;12;9;
104800010;700;449;0;702;2;251;2;0;251;3;6;6;0;15;236;38;3;154;2;3;23;13;
104800011;734;450;0;746;12;284;12;10;284;1;0;0;0;1;283;49;3;184;0;1;31;15;
104800012;487;303;0;489;0;184;0;3;184;0;3;0;0;3;181;33;1;131;1;0;12;3;
104800013;637;439;0;640;0;198;0;0;198;0;2;0;0;2;196;31;1;112;1;3;33;15;
104800014;429;240;0;432;0;189;0;4;189;1;3;0;0;4;185;16;2;132;0;0;27;8;
104800015;688;438;2;681;1;248;1;5;248;6;3;0;0;9;239;37;0;171;4;0;20;7;
104800016;652;448;3;655;0;201;0;3;201;1;2;0;0;3;198;13;0;155;1;1;11;17;
104800017;723;461;1;727;4;261;4;3;261;1;0;10;0;11;250;25;5;183;8;2;21;6;
104800018;705;461;0;713;0;244;0;5;244;2;13;0;0;15;229;25;2;156;4;2;32;8;
104800019;727;526;2;717;0;199;0;5;199;2;1;0;0;3;196;3;0;166;2;1;8;16;
104800020;895;609;0;900;0;286;0;0;286;2;4;1;2;9;277;31;1;208;3;3;23;8;
104800021;687;492;1;693;0;194;0;6;194;0;1;3;0;4;190;38;1;111;4;0;29;7;
104800022;886;647;4;889;1;235;1;1;235;0;2;0;0;2;233;21;2;164;4;0;31;11;
104800023;914;691;0;919;5;223;5;0;223;0;1;1;0;2;221;21;1;174;2;0;15;8;
104800024;932;707;0;937;1;225;1;6;225;0;1;0;0;1;224;25;0;157;0;2;29;11;
104800025;951;707;0;951;2;244;2;2;244;2;1;0;0;3;241;19;2;184;2;0;24;10;
104800026;793;613;1;793;0;179;0;0;179;1;0;0;0;1;178;13;2;128;3;0;24;8;
104800027;488;325;1;495;4;162;4;0;162;0;0;0;0;0;162;29;3;98;2;0;20;10;
104800028;671;421;1;671;0;249;0;7;249;0;2;3;0;5;244;24;2;176;2;2;24;14;
104800029;611;468;1;616;0;142;0;0;142;0;4;2;0;6;136;21;0;94;1;4;11;5;
104800030;771;514;0;766;1;257;1;0;257;2;1;1;0;4;253;29;1;194;0;0;17;12;
104800031;717;416;0;719;1;301;1;0;301;1;2;5;0;8;293;60;3;181;0;2;24;23;
104800032;609;424;0;609;1;185;1;0;185;5;1;1;2;9;176;17;0;137;0;2;11;9;
104800033;669;445;0;669;0;224;0;0;224;0;5;0;2;7;217;35;2;147;4;1;21;7;
104800034;879;641;0;881;0;238;0;0;238;4;1;3;0;8;230;7;0;175;4;0;31;13;
104800035;737;539;2;738;0;196;0;0;196;2;0;0;0;2;194;20;2;153;1;1;12;5;
104800036;711;517;0;715;5;194;5;0;194;0;2;0;0;2;192;27;2;127;3;2;26;5;
104800037;485;339;0;486;0;146;0;0;146;0;2;0;0;2;144;10;0;99;2;1;28;4;
104800038;756;506;0;756;0;250;0;0;250;2;3;3;0;8;242;32;0;178;4;4;18;6;
104800039;791;514;0;792;0;277;0;1;277;1;3;3;2;9;268;46;4;169;1;2;30;16;
104800040;782;521;2;785;3;259;3;1;259;1;1;8;1;11;248;44;0;161;0;2;24;17;
104800041;758;502;0;763;0;256;0;0;256;2;1;9;0;12;244;42;1;160;1;3;28;9;
104800042;812;573;0;817;0;239;0;3;239;0;5;0;1;6;233;39;2;163;0;1;18;10;
104800043;534;339;1;529;0;194;0;0;194;1;4;3;1;9;185;26;1;130;3;2;19;4;
104800044;627;399;2;633;0;226;0;0;226;2;3;0;1;6;220;32;0;144;2;0;23;19;
104800045;704;534;1;712;0;169;0;8;169;0;2;0;0;2;167;10;0;124;2;1;20;10;
104800046;785;587;0;787;2;198;2;3;198;2;3;0;0;5;193;13;1;153;6;0;14;6;
104800047;890;611;2;890;5;277;5;0;277;1;5;0;0;6;271;8;2;210;4;1;35;11;
104800048;568;443;1;567;0;124;0;0;124;4;3;2;0;9;115;14;0;80;1;0;18;2;
104800049;831;559;2;834;4;270;4;0;270;2;7;4;0;13;257;18;0;212;1;0;19;7;
104800050;540;398;0;545;5;142;5;0;142;2;1;0;0;3;139;11;1;97;2;1;22;5;
104800051;570;393;1;576;6;176;6;0;176;0;5;0;0;5;171;13;0;127;3;1;23;4;
104800052;47;12;0;56;4;35;4;5;35;4;1;0;0;5;30;7;1;13;0;1;4;4;
104800053;601;356;0;665;2;245;2;2;245;2;4;0;0;6;239;13;0;191;4;1;25;5;
104800054;721;437;0;284;0;284;0;0;284;1;9;0;0;10;274;9;3;228;2;2;24;6;
104800055;141;72;0;151;0;69;0;0;69;1;2;0;0;3;66;9;2;46;0;0;8;1;
104800056;153;60;0;153;4;93;4;0;93;0;0;0;0;0;93;5;1;77;1;1;8;0;
104800057;599;412;1;595;3;186;3;0;186;1;0;7;0;8;178;11;1;129;4;3;24;6;
104800058;575;438;0;563;1;137;1;0;137;0;4;0;0;4;133;5;0;108;2;3;13;2;
104800059;592;402;0;597;5;190;5;0;190;1;5;0;0;6;184;19;1;127;3;1;27;6;
104800060;391;198;0;386;0;193;0;0;193;0;2;9;0;11;182;12;2;112;2;0;46;8;
104800061;160;85;0;165;2;75;2;0;75;0;3;0;0;3;72;9;0;51;1;3;7;1;
104800062;69;31;0;56;1;38;1;6;38;0;2;0;0;2;36;2;0;24;2;1;7;0;
104800063;302;158;0;306;0;144;0;0;144;1;1;5;0;7;137;6;0;98;0;1;18;14;
104800064;79;20;0;66;3;59;3;7;59;0;1;0;0;1;58;3;0;51;2;0;2;0;
104800065;82;42;0;89;0;40;0;0;40;0;2;0;0;2;38;3;0;22;1;0;11;1;
104800066;162;62;0;162;5;100;5;0;100;1;4;0;0;5;95;2;0;79;1;0;10;3;
104800067;498;387;0;501;3;111;3;2;111;2;1;0;0;3;108;10;0;80;0;1;10;7;
104800068;530;421;0;530;0;109;0;0;109;0;3;0;0;3;106;30;0;64;1;0;9;2;
104800069;606;413;0;619;9;193;9;0;193;2;0;0;0;2;191;27;1;139;1;1;19;3;
104800070;587;444;1;591;0;142;0;0;142;0;2;5;0;7;135;17;0;101;0;4;9;4;
104800071;414;280;4;413;3;130;3;0;130;4;0;1;0;5;125;18;1;87;0;1;13;5;
104800073;33;25;0;35;2;8;2;2;8;0;0;0;0;0;8;1;0;6;0;0;1;0;
105000001;204;41;0;248;3;163;3;2;163;5;0;6;0;11;152;9;2;116;2;1;19;3;
105000002;50;6;1;47;3;43;3;4;43;0;0;0;0;0;43;3;0;39;0;0;1;0;
105000003;35;13;1;28;3;21;3;2;21;1;0;0;0;1;20;2;0;17;0;0;1;0;
105000004;80;40;0;75;1;40;1;1;40;2;0;1;0;3;37;1;0;32;1;0;2;1;
105000005;90;38;0;81;3;52;3;0;52;0;1;0;0;1;51;5;0;40;0;0;6;0;
105000006;32;2;1;30;4;29;4;4;29;0;0;0;0;0;29;3;0;14;0;0;11;1;
105000007;52;22;0;49;3;30;3;0;30;1;1;0;0;2;28;1;0;26;1;0;0;0;
105000008;55;16;0;39;1;39;1;2;39;0;0;0;0;0;39;0;0;37;1;0;1;0;
105000009;60;24;1;53;0;35;0;2;35;1;0;0;0;1;34;6;0;26;0;0;2;0;
105000010;50;18;0;47;1;32;1;0;32;1;4;0;0;5;27;2;0;20;1;0;1;3;
105000011;41;14;1;40;0;26;0;0;26;0;0;0;0;0;26;2;0;23;1;0;0;0;
110200001;850;448;2;835;5;400;5;0;400;6;2;1;0;9;391;43;1;200;2;4;137;4;
110200002;720;417;1;707;2;302;2;1;302;3;0;6;0;9;293;18;4;180;5;1;75;10;
110200003;610;379;2;592;2;229;2;0;229;3;2;5;1;11;218;8;6;148;3;1;49;3;
110200004;740;414;1;719;3;325;3;0;325;10;7;3;0;20;305;17;6;161;3;1;109;8;
110200005;90;41;1;74;3;48;3;3;48;1;0;3;0;4;44;8;0;30;0;0;5;1;
110200006;210;108;4;189;4;98;4;0;98;1;0;0;2;3;95;5;0;74;0;1;15;0;
110200007;100;49;1;83;0;50;0;0;50;0;0;1;0;1;49;7;0;31;0;1;8;2;
111700001;605;300;0;619;0;305;0;0;305;4;2;1;0;7;298;28;1;139;0;3;120;7;
111700002;538;239;3;553;1;296;1;0;296;2;6;0;0;8;288;15;0;162;3;3;103;2;
111700003;431;230;2;445;2;199;2;0;199;8;5;0;1;14;185;11;0;111;4;3;50;6;
111700004;470;265;7;488;1;198;1;0;198;0;0;3;0;3;195;8;1;155;2;2;26;1;
111700005;493;239;2;511;7;252;7;0;252;0;0;6;0;6;246;9;1;215;2;1;18;0;
111700006;618;226;3;624;4;389;4;0;389;3;4;0;0;7;382;16;3;327;2;0;31;3;
111700007;329;117;2;329;3;210;3;0;210;3;0;0;0;3;207;10;0;161;3;1;28;4;
111700008;116;37;1;118;0;78;0;2;78;0;0;0;0;0;78;8;1;52;2;2;6;7;
111800001;701;452;2;709;0;247;0;0;247;0;1;1;0;2;245;12;1;177;3;4;41;7;
111800002;750;430;1;742;0;319;0;0;319;2;2;6;0;10;309;50;2;190;1;3;52;11;
111800003;660;388;5;648;0;267;0;0;267;0;1;0;0;1;266;47;1;163;1;3;44;7;
111800004;750;442;0;743;0;308;0;9;308;1;1;1;0;3;305;53;4;182;1;3;48;14;
111800005;580;329;0;587;0;251;0;0;251;0;1;0;0;1;250;42;1;145;2;0;50;10;
111800006;900;525;2;908;8;373;8;4;373;2;3;1;0;6;367;55;3;216;1;2;74;16;
111800007;600;401;1;579;2;198;2;2;198;1;1;0;0;2;196;19;1;116;1;5;35;19;
111800008;700;481;1;687;0;218;0;4;218;0;4;0;0;4;214;31;1;129;1;1;43;8;
111800009;560;365;0;547;0;195;0;2;195;0;4;0;0;4;191;12;4;117;1;0;48;9;
111800010;450;273;1;456;0;176;0;2;176;1;0;0;0;1;175;17;0;115;1;1;36;5;
111800011;570;368;2;559;0;200;0;8;200;1;1;1;0;3;197;27;3;113;1;2;42;9;
111800012;540;335;1;573;0;204;0;0;204;1;4;0;0;5;199;21;5;120;0;3;43;7;
111800013;830;552;2;844;0;276;0;0;276;1;1;0;0;2;274;22;2;177;1;1;58;13;
111800014;670;451;2;677;0;217;0;0;217;0;2;1;0;3;214;21;0;134;1;2;41;15;
111800015;790;486;1;803;0;303;0;0;303;5;1;0;0;6;297;35;0;193;1;1;54;13;
111800016;680;413;1;692;1;266;1;6;266;1;0;5;0;6;260;49;0;142;0;3;53;13;
111800017;590;351;2;573;0;237;0;0;237;1;2;0;0;3;234;22;2;146;2;6;48;8;
111800018;660;419;0;650;1;241;1;2;241;2;2;0;0;4;237;15;2;156;1;2;49;12;
111800019;700;432;0;712;1;268;1;0;268;1;1;3;0;5;263;18;1;178;1;1;56;8;
111800020;830;515;4;839;2;311;2;0;311;1;5;1;0;7;304;25;1;189;4;3;71;11;
111800021;660;363;2;676;0;295;0;7;295;5;2;12;0;19;276;38;2;138;1;9;78;10;
111800022;590;355;0;582;0;235;0;4;235;1;5;0;0;6;229;37;2;129;0;2;46;13;
111800023;510;314;1;519;0;195;0;5;195;0;1;3;0;4;191;36;1;100;0;1;47;6;
111800024;640;406;1;646;0;233;0;3;233;1;0;0;0;1;232;29;3;123;0;2;61;14;
111800025;590;375;0;593;0;215;0;0;215;0;2;0;0;2;213;11;1;150;2;1;43;5;
111800026;870;539;1;877;0;330;0;3;330;2;1;0;0;3;327;38;4;200;0;4;67;14;
111800027;1000;778;1;530;0;221;0;1;221;1;3;3;0;7;214;14;1;150;2;1;40;6;
111800028;640;411;2;647;0;227;0;4;227;4;2;1;0;7;220;23;2;124;1;0;65;5;
111800029;749;468;0;733;0;281;0;0;281;0;2;0;0;2;279;23;0;168;2;3;71;12;
111800030;760;507;2;768;0;251;0;0;251;5;2;0;0;7;244;27;1;152;1;1;54;8;
111800031;670;472;3;671;0;195;0;0;195;1;0;0;0;1;194;19;1;107;2;0;61;4;
111800032;680;390;2;687;0;288;0;0;288;5;4;0;0;9;279;31;2;167;1;3;71;4;
111800033;580;366;1;570;0;213;0;2;213;1;3;7;0;11;202;15;1;145;1;3;36;1;
111800034;430;257;1;445;0;172;0;7;172;0;1;0;0;1;171;9;1;131;4;2;24;0;
111800035;710;404;1;698;0;305;0;0;305;0;10;0;0;10;295;40;2;176;0;2;70;5;
111800036;610;379;1;578;1;230;1;0;230;3;4;3;0;10;220;33;0;123;0;2;48;14;
111800037;240;89;0;245;0;151;0;0;151;3;0;9;0;12;139;4;1;78;3;1;32;20;
111800038;680;296;1;682;5;383;5;0;383;0;4;0;0;4;379;11;4;285;5;1;69;4;
111800040;320;95;1;224;2;224;2;2;224;3;0;0;0;3;221;3;12;142;4;0;54;6;
111800041;320;136;1;324;3;183;3;7;183;2;2;10;0;14;169;12;0;114;0;5;36;2;
111800042;810;400;1;807;8;409;8;3;409;1;9;2;0;12;397;20;1;188;5;6;166;11;
111800044;730;335;2;729;4;393;4;0;393;3;4;0;0;7;386;32;0;213;8;4;117;12;
111800046;660;333;1;651;3;326;3;0;326;2;2;10;0;14;312;15;0;176;3;3;104;11;
111800048;590;254;0;585;17;336;17;2;336;3;8;12;0;23;313;18;1;244;4;3;31;12;
111800050;280;75;1;277;0;204;0;0;204;2;4;10;1;17;187;4;2;160;3;1;14;3;
111800051;200;42;1;193;7;157;7;3;157;13;0;0;0;13;144;11;1;119;0;2;11;0;
111800052;730;359;5;727;0;366;0;0;366;1;1;1;0;3;363;11;3;325;3;1;15;5;
111800054;200;60;0;190;3;140;3;2;140;1;4;0;0;5;135;8;0;114;2;1;9;1;
111800055;110;52;0;80;0;58;0;4;58;1;1;1;0;3;55;1;2;39;1;1;8;3;
111800056;60;17;3;39;1;40;1;4;40;1;1;0;0;2;38;1;0;34;1;0;2;0;
111800057;100;33;3;60;4;64;4;5;64;1;0;6;0;7;57;10;1;33;1;1;10;1;
111800058;240;105;0;232;0;135;0;3;135;7;0;0;0;7;128;11;0;90;2;2;20;3;
111800059;210;51;0;154;5;159;5;0;159;0;10;0;0;10;149;6;2;126;3;1;6;5;
111800060;110;78;0;75;0;32;0;6;32;0;0;0;0;0;32;2;0;27;0;1;1;1;
111800061;160;49;0;143;3;111;3;5;111;0;3;0;1;4;107;9;0;73;1;0;19;5;
111800062;170;54;1;151;3;115;3;4;115;0;1;0;0;1;114;10;0;95;1;0;5;3;
111800063;280;108;3;274;6;169;6;3;169;1;3;0;0;4;165;16;3;121;2;3;11;9;
111800064;250;111;0;243;6;139;6;7;139;5;6;0;0;11;128;4;1;74;2;2;41;4;
111800065;240;88;2;241;2;150;2;6;150;0;2;2;0;4;146;9;1;116;2;2;12;4;
111800066;170;31;0;162;4;139;4;0;139;0;0;0;0;0;139;9;1;120;0;0;7;2;
111800067;840;658;1;837;0;181;0;0;181;3;1;1;0;5;176;12;1;111;1;1;43;7;
111800068;710;501;2;706;0;207;0;2;207;2;0;0;0;2;205;18;0;139;1;3;35;9;
111800069;490;311;1;484;3;178;3;2;178;0;0;0;0;0;178;14;2;112;0;2;39;9;
111800070;790;488;2;789;4;300;4;0;300;1;4;6;0;11;289;18;0;179;1;2;73;16;
111800071;810;449;0;784;8;361;8;0;361;3;3;11;0;17;344;4;4;238;3;0;85;10;
111800072;610;349;2;607;7;259;7;0;259;1;1;11;0;13;246;4;4;209;1;3;21;4;
111800074;370;166;0;361;12;204;12;0;204;1;0;0;0;1;203;26;1;144;3;0;25;4;
111800075;310;121;1;313;4;188;4;4;188;3;1;0;0;4;184;14;1;147;7;1;7;7;
111800076;1020;485;0;1013;11;535;11;0;535;2;9;14;0;25;510;12;2;420;5;0;65;6;
111800078;251;104;0;251;0;147;0;2;147;1;0;5;0;6;141;9;0;113;2;0;9;8;
111800079;330;137;0;330;0;193;0;5;193;8;0;0;0;8;185;12;1;145;2;0;22;3;
111800080;320;137;1;312;6;182;6;0;182;2;2;2;0;6;176;3;7;104;3;0;45;14;
111800081;130;52;2;105;3;76;3;4;76;1;0;3;0;4;72;6;0;49;5;1;8;3;
111800082;700;445;1;699;0;254;0;5;254;1;2;0;0;3;251;22;5;159;0;1;52;12;
111800083;1000;749;2;737;0;249;0;5;249;1;1;0;0;2;247;19;0;147;1;1;68;11;
111800084;610;420;0;617;0;190;0;0;190;2;0;1;0;3;187;13;1;121;1;1;45;5;
111800085;840;547;1;849;0;292;0;5;292;1;3;0;0;4;288;28;0;190;0;3;55;12;
111800086;630;457;2;633;1;171;1;3;171;1;1;0;0;2;169;13;1;107;2;1;38;7;
111800087;600;373;1;599;0;226;0;0;226;1;2;0;1;4;222;40;1;122;1;4;47;7;
111800088;480;299;1;486;0;180;0;0;180;0;2;0;0;2;178;18;0;115;0;0;36;9;
111800089;660;386;2;663;0;272;0;2;272;0;0;8;0;8;264;23;4;167;1;6;55;8;
111800090;460;261;0;462;0;199;0;5;199;1;2;2;0;5;194;26;1;117;0;2;37;11;
111800091;710;436;0;710;0;274;0;6;274;0;2;1;0;3;271;33;0;165;1;3;60;9;
111800092;670;398;0;673;0;272;0;5;272;0;6;0;0;6;266;42;2;138;1;5;67;11;
111800093;830;551;2;829;0;277;0;0;277;0;1;0;0;1;276;26;0;163;0;1;78;8;
111800094;660;478;1;641;0;181;0;2;181;0;0;1;0;1;180;14;2;102;0;5;49;8;
111800096;480;287;0;482;2;193;2;0;193;0;3;6;0;9;184;7;0;129;2;2;37;7;
111800097;130;56;1;112;7;73;7;0;73;0;2;0;0;2;71;22;1;39;2;1;5;1;
111800098;70;26;0;50;0;44;0;3;44;2;0;0;0;2;42;3;0;33;1;0;4;1;
111800099;440;245;0;439;6;195;6;0;195;1;0;0;0;1;194;31;1;130;0;1;28;3;
111800100;500;282;0;502;0;218;0;5;218;3;0;0;0;3;215;31;2;140;1;3;31;7;
111800101;640;411;0;641;0;229;0;0;229;2;0;3;0;5;224;14;3;158;2;0;41;6;
111800102;120;24;1;120;6;95;6;5;95;8;2;0;0;10;85;9;4;57;4;1;7;3;
111800103;110;27;1;101;14;82;14;10;82;1;1;2;0;4;78;10;2;40;2;2;20;2;
111800104;80;44;1;48;7;35;7;35;35;2;1;0;0;3;32;3;0;23;0;0;6;0;
111800105;50;16;0;36;0;34;0;7;34;2;0;0;0;2;32;13;0;12;0;1;3;3;
111900001;835;536;0;843;0;299;0;1;299;1;0;1;0;2;297;17;2;201;5;3;63;6;
111900002;695;402;1;701;0;292;0;1;292;0;3;0;0;3;289;14;1;175;2;3;91;3;
111900003;805;461;2;817;0;342;0;2;342;4;3;10;0;17;325;27;2;191;2;3;94;6;
111900004;625;350;1;629;3;274;3;0;274;1;0;0;0;1;273;23;0;182;0;3;62;3;
111900005;835;484;1;846;2;350;2;1;350;1;2;2;0;5;345;26;0;218;1;3;89;8;
111900006;815;480;3;827;0;332;0;1;332;1;4;0;0;5;327;21;0;206;1;4;82;13;
111900007;800;518;0;808;1;282;1;0;282;0;3;7;0;10;272;16;0;158;1;1;92;4;
111900008;610;340;0;615;0;270;0;6;270;5;3;2;0;10;260;1;1;252;1;0;5;0;
111900009;820;583;1;822;0;236;0;0;236;1;1;0;0;2;234;18;1;154;1;1;49;10;
111900010;650;387;2;668;0;261;0;0;261;3;2;0;0;5;256;3;0;244;3;3;2;1;
111900011;490;252;3;496;7;235;7;2;235;4;5;12;0;21;214;7;1;160;3;0;39;4;
111900012;320;142;1;330;3;177;3;2;177;3;4;0;1;8;169;6;2;126;1;3;28;3;
111900013;600;284;1;605;4;315;4;0;315;4;4;0;0;8;307;6;3;254;4;1;37;2;
111900014;420;254;1;429;0;165;0;4;165;2;6;0;0;8;157;5;1;119;1;1;24;6;
111900015;410;202;0;409;1;208;1;6;208;4;4;8;0;16;192;16;0;155;1;1;12;7;
111900016;160;62;1;163;0;97;0;0;97;2;2;0;0;4;93;10;0;69;0;0;10;4;
111900017;130;34;1;136;2;95;2;0;95;1;1;2;0;4;91;6;0;65;2;1;15;2;
111900018;650;366;1;658;4;283;4;1;283;3;5;12;0;20;263;12;3;179;3;1;62;3;
111900019;720;358;1;719;3;361;3;1;361;14;0;0;0;14;347;12;3;212;2;5;108;5;
111900020;640;398;4;642;2;238;2;0;238;6;0;0;0;6;232;12;1;166;2;1;44;6;
111900021;510;293;1;518;0;216;0;3;216;0;1;6;0;7;209;9;1;165;2;2;27;3;
111900022;690;442;2;697;1;246;1;0;246;1;2;13;0;16;230;11;5;171;6;7;28;2;
111900023;710;380;2;718;0;328;0;0;328;1;9;0;0;10;318;16;2;208;5;1;76;10;
111900024;670;332;3;671;3;335;3;3;335;8;12;9;0;29;306;20;0;237;5;1;41;2;
111900025;340;170;2;348;1;168;1;3;168;0;3;5;0;8;160;8;0;119;3;1;28;1;
111900026;50;18;1;52;0;31;0;0;31;0;1;0;0;1;30;0;0;23;2;0;4;1;
113300001;200;90;2;230;0;108;0;0;108;4;1;3;0;8;100;5;2;82;1;2;6;2;
113300002;400;221;1;443;0;178;0;0;178;0;0;13;0;13;165;13;1;118;2;1;28;2;
113300003;510;278;2;566;0;230;0;0;230;4;2;7;0;13;217;8;2;135;5;1;56;10;
113300004;216;75;2;244;2;139;2;0;139;0;2;0;0;2;137;4;2;71;2;1;54;3;
113300005;720;401;1;804;0;318;0;1;318;8;19;0;0;27;291;58;2;196;3;8;22;2;
113300006;585;344;1;651;0;240;0;0;240;1;4;26;0;31;209;15;5;165;4;4;14;2;
113300007;483;267;0;537;0;216;0;0;216;3;2;6;0;11;205;22;1;157;2;3;16;4;
113300008;550;359;0;615;0;191;0;1;191;2;1;4;1;8;183;38;2;118;0;1;14;10;
113300009;610;379;2;677;0;229;0;0;229;2;4;9;1;16;213;21;2;176;5;0;7;2;
113300010;412;165;0;461;0;247;0;3;247;5;3;0;0;8;239;10;5;172;2;4;43;3;
113300011;405;163;0;455;2;242;2;0;242;2;9;0;0;11;231;18;1;149;4;2;50;7;
113300012;65;35;1;71;2;29;2;1;29;1;0;0;0;1;28;7;0;16;0;0;4;1;
113300013;160;41;0;180;6;119;6;1;119;3;0;8;0;11;108;10;2;73;3;0;20;0;
113300014;140;46;2;156;3;92;3;2;92;1;0;0;0;1;91;6;0;72;2;0;9;2;
113300015;80;26;0;85;1;54;1;0;54;0;0;1;0;1;53;2;1;32;1;0;17;0;
113300016;515;357;0;571;0;158;0;0;158;1;3;0;0;4;154;39;3;90;2;2;15;3;
113300017;780;501;0;869;0;279;0;0;279;5;2;0;1;8;271;15;3;221;4;4;20;4;
113300018;147;53;1;167;0;93;0;0;93;1;1;2;0;4;89;5;2;50;3;1;28;0;
113300019;120;20;2;139;0;98;0;0;98;2;0;0;0;2;96;13;0;78;2;0;2;1;
113300020;535;254;0;599;0;281;0;0;281;1;6;0;0;7;274;13;2;143;3;1;106;6;
113300021;270;135;0;304;0;135;0;0;135;2;2;5;0;9;126;3;0;75;4;1;35;8;
113300022;187;93;2;206;2;92;2;4;92;0;4;0;0;4;88;9;1;39;5;1;28;5;
113300023;685;399;0;759;0;286;0;0;286;3;3;4;0;10;276;26;3;153;5;2;74;13;
113300024;531;329;0;586;0;202;0;0;202;1;5;2;0;8;194;16;1;110;0;0;60;7;
113300025;520;327;0;579;0;193;0;0;193;4;3;0;0;7;186;11;0;99;2;2;65;7;
113300026;740;401;1;810;0;338;0;0;338;2;7;10;0;19;319;43;4;186;1;4;70;11;
113300027;460;238;0;519;0;222;0;1;222;5;7;0;0;12;210;17;4;125;0;3;53;8;
113300028;775;441;2;784;1;332;1;0;332;2;7;0;0;9;323;33;1;155;3;1;112;18;
113300029;687;357;3;765;0;327;0;0;327;0;1;11;0;12;315;47;1;158;3;1;83;22;
113300030;410;235;3;455;0;172;0;1;172;4;3;0;0;7;165;19;2;89;3;1;41;10;
113300031;593;313;1;661;0;279;0;0;279;3;3;2;0;8;271;38;1;139;3;3;75;12;
113300032;716;371;3;798;0;342;0;0;342;5;4;21;0;30;312;12;1;241;2;5;43;8;
113300033;600;323;2;665;1;275;1;0;275;2;3;1;0;6;269;28;3;142;1;3;78;14;
113300034;540;254;1;602;0;285;0;2;285;3;3;0;0;6;279;42;4;148;1;4;61;19;
113300035;380;191;0;425;0;189;0;2;189;5;0;4;0;9;180;2;4;111;0;4;57;2;
113300036;420;222;1;462;0;197;0;4;197;1;8;0;1;10;187;6;3;120;3;1;49;5;
113300037;345;192;0;420;0;153;0;0;153;2;3;3;0;8;145;4;0;73;1;2;64;1;
113300038;272;113;1;305;0;158;0;0;158;2;6;0;0;8;150;9;0;72;1;1;62;5;
113300039;170;86;1;189;0;83;0;0;83;1;4;0;0;5;78;6;0;40;1;1;29;1;
113300040;162;46;1;184;0;115;0;0;115;4;0;0;0;4;111;1;1;65;1;1;36;6;
113300041;47;9;0;52;0;38;0;0;38;0;0;0;0;0;38;0;1;26;2;0;8;1;
113400001;531;304;3;590;0;224;0;1;224;3;2;0;0;5;219;11;0;106;0;4;93;5;
113400002;497;310;0;553;0;187;0;3;187;4;0;0;0;4;183;16;0;82;1;5;75;4;
113400003;534;315;2;595;0;217;0;0;217;2;2;0;0;4;213;27;3;113;2;1;64;3;
113400004;522;286;0;236;0;236;0;1;236;2;5;3;0;10;226;19;1;110;1;3;73;19;
113400005;720;406;2;803;0;312;0;2;312;2;6;0;0;8;304;30;0;185;2;4;66;17;
113400006;477;286;0;531;1;191;1;0;191;4;1;2;0;7;184;27;0;101;1;2;42;11;
113400007;549;374;1;609;0;174;0;0;174;2;0;1;0;3;171;18;0;94;0;0;48;11;
113400008;504;258;1;559;0;245;0;0;245;1;3;0;0;4;241;32;2;117;1;2;75;12;
113400009;270;148;2;304;2;120;2;4;120;0;0;0;0;0;120;26;1;58;3;0;30;2;
113400010;622;364;1;690;0;257;0;0;257;3;1;0;1;5;252;32;0;130;0;2;68;20;
113400011;347;206;1;392;0;140;0;0;140;2;0;0;1;3;137;11;1;66;1;1;52;5;
113400012;545;318;0;603;3;227;3;0;227;0;2;0;0;2;225;61;3;95;0;2;51;13;
113400013;525;269;3;588;0;253;0;5;253;1;4;0;0;5;248;32;3;138;0;3;63;9;
113400014;641;352;2;712;1;287;1;5;287;2;3;0;0;5;282;30;1;145;2;1;90;13;
113400015;700;381;0;786;0;319;0;0;319;0;4;0;0;4;315;60;0;146;0;4;79;26;
113400016;620;358;0;687;2;262;2;0;262;2;0;0;0;2;260;46;0;120;0;2;82;10;
113400017;496;288;0;551;0;208;0;0;208;1;3;0;0;4;204;43;1;101;2;3;46;8;
113400018;657;342;1;735;1;314;1;2;314;0;3;0;0;3;311;38;0;170;0;3;87;13;
113400019;598;346;1;668;2;251;2;4;251;1;5;3;0;9;242;30;0;113;1;1;85;12;
113400020;483;268;1;540;0;214;0;0;214;2;2;0;0;4;210;19;0;117;1;1;61;11;
113400021;765;426;0;857;0;339;0;7;339;0;1;8;0;9;330;44;0;158;2;6;113;7;
113400022;491;274;1;545;0;216;0;0;216;0;5;0;0;5;211;29;1;102;2;1;65;11;
113400023;412;273;0;463;6;139;6;0;139;0;1;0;0;1;138;9;0;85;1;2;37;4;
113400024;740;451;0;822;2;289;2;0;289;3;5;5;0;13;276;22;2;133;1;3;109;6;
113400025;396;278;0;441;2;118;2;0;118;1;0;0;0;1;117;17;0;64;1;1;32;2;
113400026;170;91;0;193;0;79;0;4;79;3;0;0;0;3;76;9;1;34;2;0;25;5;
113400027;122;48;3;139;0;71;0;4;71;1;0;0;0;1;70;4;0;41;1;0;22;2;
113400028;84;20;0;54;26;64;26;6;64;3;0;0;0;3;61;4;0;37;0;1;15;4;
113400029;39;24;0;39;0;15;0;9;15;0;0;0;0;0;15;2;0;9;0;0;3;1;
113400030;566;355;0;632;1;211;1;3;211;2;1;0;0;3;208;20;0;106;1;4;65;12;
113400032;221;125;0;223;2;96;2;2;96;1;1;3;1;6;90;8;1;64;3;0;11;3;
113400033;334;153;0;342;8;181;8;0;181;0;4;0;0;4;177;16;0;99;1;2;59;0;
113400034;232;98;0;232;0;134;0;0;134;1;1;0;0;2;132;12;0;63;1;2;54;0;
113400035;129;25;0;132;1;104;1;0;104;2;2;0;0;4;100;0;0;81;1;2;15;1;
113400037;112;34;1;119;1;77;1;7;77;2;0;1;0;3;74;6;0;57;2;1;7;1;
113400038;159;72;1;164;5;86;5;0;86;2;4;2;0;8;78;7;1;54;2;1;11;2;
113400039;325;160;0;331;4;165;4;2;165;2;1;0;0;3;162;8;1;94;0;1;52;6;
113400041;381;212;0;384;1;169;1;0;169;4;0;5;0;9;160;11;0;104;2;6;35;2;
113400043;148;80;0;147;1;68;1;0;68;2;0;2;0;4;64;3;0;41;0;1;13;6;
113400044;193;92;0;193;4;101;4;0;101;0;2;1;0;3;98;18;1;35;0;1;37;6;
113400045;281;146;0;281;0;135;0;0;135;3;0;0;0;3;132;10;1;77;1;1;42;0;
113400046;93;20;0;96;1;73;1;3;73;2;1;2;0;5;68;6;1;36;1;0;21;3;
113400047;248;86;0;251;3;162;3;2;162;2;2;7;0;11;151;7;2;90;0;1;50;1;
113400048;314;102;0;365;6;212;6;0;212;4;2;7;0;13;199;17;1;108;1;1;68;3;
113400050;867;504;1;868;0;362;0;1;362;0;2;0;0;2;360;44;1;151;1;2;152;9;
113400051;906;576;2;908;0;328;0;0;328;3;1;0;0;4;324;25;0;144;3;3;134;15;
113400052;370;180;0;371;0;190;0;2;190;0;8;0;0;8;182;19;0;68;3;1;82;9;
113400053;455;276;0;455;0;179;0;0;179;7;4;1;1;13;166;19;0;59;1;2;76;9;
113400054;74;13;1;78;2;60;2;4;60;3;2;0;0;5;55;5;1;36;1;0;6;6;
113400055;287;132;2;289;3;153;3;2;153;0;5;0;0;5;148;24;0;106;2;0;14;2;
113400056;390;211;1;392;1;178;1;2;178;1;0;0;0;1;177;7;0;134;4;1;25;6;
113400058;175;86;1;84;4;88;4;0;88;1;0;0;0;1;87;16;2;52;3;0;12;2;
113400059;354;136;1;356;8;217;8;0;217;4;2;0;0;6;211;17;2;138;2;0;49;3;
113400060;389;151;0;392;1;238;1;3;238;1;5;1;0;7;231;12;2;167;1;2;41;6;
113400061;242;88;0;247;3;154;3;0;154;1;0;0;0;1;153;16;0;111;0;1;14;11;
113400062;265;129;0;265;3;136;3;0;136;0;8;0;0;8;128;4;0;100;4;1;16;3;
113400063;248;106;2;250;0;140;0;2;140;0;0;0;0;0;140;11;1;114;2;1;10;1;
113400064;299;148;0;298;1;151;1;0;151;1;1;10;0;12;139;7;0;103;2;3;23;1;
113400065;489;211;0;495;6;278;6;0;278;1;1;6;0;8;270;4;0;240;3;2;17;4;
113400066;211;83;0;217;6;128;6;0;128;1;0;0;0;1;127;13;1;69;4;2;29;9;
113400067;266;116;1;266;0;149;0;2;149;2;7;0;0;9;140;10;1;87;6;0;31;5;
113400068;351;158;3;351;6;190;6;0;190;2;1;8;0;11;179;10;0;125;4;1;35;4;
113400069;504;294;0;563;0;210;0;3;210;0;2;0;0;2;208;17;1;115;1;2;63;9;
113400070;468;286;0;522;0;182;0;0;182;1;2;0;2;5;177;23;1;102;0;2;43;6;
113400071;666;387;7;741;0;272;0;3;272;7;0;0;0;7;265;20;0;154;0;2;71;18;
113400072;482;261;1;539;0;220;0;0;220;0;4;1;0;5;215;25;0;106;1;0;76;7;
113400073;576;350;1;640;0;225;0;0;225;3;0;0;0;3;222;28;1;94;0;1;88;10;
113400074;549;342;1;611;0;206;0;2;206;2;1;4;0;7;199;15;2;102;3;1;71;5;
113400075;457;280;1;510;4;176;4;0;176;0;0;0;0;0;176;28;0;72;0;0;69;7;
113400076;391;242;0;438;0;149;0;0;149;0;3;1;0;4;145;13;1;69;2;1;55;4;
113600001;806;406;0;894;3;400;3;0;400;2;9;3;0;14;386;16;7;310;5;2;38;8;
113600002;695;332;0;769;1;363;1;0;363;8;4;18;0;30;333;20;6;261;3;3;34;6;
113600003;478;234;1;531;7;243;7;0;243;4;2;0;0;6;237;15;0;177;2;3;33;7;
113600004;245;63;2;276;2;180;2;2;180;5;3;0;1;9;171;25;1;125;2;4;10;4;
113600005;329;116;0;368;2;213;2;0;213;2;4;2;0;8;205;14;0;147;2;3;33;6;
113600006;124;35;1;141;1;88;1;2;88;2;1;0;0;3;85;6;0;70;1;2;5;1;
113600007;96;11;0;106;4;85;4;0;85;2;3;0;0;5;80;5;6;60;0;1;8;0;
113600008;476;240;2;528;4;234;4;0;234;5;13;2;0;20;214;12;1;121;4;1;68;7;
113600009;505;261;0;559;2;244;2;0;244;3;5;2;0;10;234;23;3;161;4;0;41;2;
113600010;824;458;0;917;2;366;2;0;366;3;1;0;1;5;361;17;3;284;7;1;45;4;
113600011;121;18;1;137;2;102;2;2;102;0;0;4;0;4;98;21;1;61;0;0;14;1;
113600012;149;60;0;166;2;89;2;1;89;2;3;0;0;5;84;7;0;61;1;1;13;1;
113600013;210;83;1;240;7;126;7;3;126;1;4;4;0;9;117;8;1;98;5;1;4;0;
113600014;204;79;0;237;0;125;0;5;125;7;2;8;0;17;108;17;2;70;1;1;12;5;
113800001;600;312;1;750;1;287;1;0;287;2;6;10;0;18;269;24;2;137;2;0;95;9;
113800002;520;263;1;649;2;256;2;3;256;1;5;5;0;11;245;29;1;138;1;3;60;13;
113800003;600;196;2;747;0;402;0;0;402;2;19;2;0;23;379;24;0;220;6;0;120;9;
113800004;130;53;1;145;7;76;7;0;76;1;0;3;0;4;72;5;0;57;0;0;8;2;
113800005;70;36;0;75;0;34;0;0;34;2;0;1;0;3;31;1;0;17;1;0;9;3;
113800006;170;82;1;185;2;87;2;1;87;2;4;1;0;7;80;7;2;53;2;0;14;2;
113800007;540;215;1;609;0;324;0;0;324;22;2;3;0;27;297;18;4;246;2;1;22;4;
113800008;140;29;0;150;4;111;4;0;111;1;8;0;0;9;102;7;1;65;3;1;24;1;
113800009;420;190;2;449;0;228;0;1;228;4;4;2;0;10;218;10;1;152;2;1;52;0;
113800010;50;24;0;60;2;26;2;0;26;0;1;0;0;1;25;5;1;11;1;0;7;0;
113800011;550;299;2;615;1;249;1;0;249;5;2;1;1;9;240;6;0;202;2;0;28;2;
113800012;220;79;2;236;2;139;2;0;139;1;2;8;0;11;128;12;0;71;3;0;42;0;
113800013;190;94;1;214;0;95;0;1;95;0;0;0;0;0;95;3;0;68;1;0;23;0;
120200001;349;193;2;320;0;154;0;5;154;7;1;0;0;8;146;15;2;54;2;2;68;3;
120200002;807;543;1;735;1;263;1;0;263;0;2;7;0;9;254;6;1;161;2;2;75;7;
120200003;890;683;0;808;0;207;0;0;207;0;3;1;0;4;203;9;0;124;1;2;48;19;
120200004;600;365;3;232;0;232;0;4;232;1;3;1;0;5;227;11;2;143;4;1;60;6;
120200005;600;334;2;572;2;264;2;8;264;8;0;0;1;9;255;23;1;145;2;1;67;16;
120200006;650;396;0;650;0;254;0;0;254;7;0;0;0;7;247;10;0;156;0;2;70;9;
120200007;600;362;3;605;0;235;0;0;235;1;5;0;0;6;229;10;0;158;0;1;52;8;
120200008;750;488;1;758;0;261;0;1;261;1;1;0;0;2;259;3;3;161;3;3;81;5;
120200009;550;296;0;550;1;254;1;4;254;0;1;0;0;1;253;8;1;159;4;3;61;17;
120200010;470;295;0;472;4;175;4;3;175;2;2;1;0;5;170;11;0;109;2;4;38;6;
120200011;700;427;1;705;1;272;1;3;272;4;5;1;0;10;262;21;1;145;0;3;75;17;
120200012;700;413;1;682;0;286;0;4;286;4;2;0;0;6;280;22;1;170;2;3;65;17;
120200013;600;374;2;574;0;224;0;0;224;1;2;0;0;3;221;9;2;138;4;1;61;6;
120200014;600;361;3;564;0;236;0;0;236;1;0;2;0;3;233;11;0;147;0;1;66;8;
120200015;650;483;2;632;1;165;1;0;165;1;2;0;0;3;162;5;1;100;2;0;50;4;
120200016;800;531;1;799;1;268;1;0;268;3;0;0;0;3;265;20;0;170;3;0;65;7;
120200017;681;501;1;629;9;179;9;9;179;1;1;0;1;3;176;4;0;128;1;0;41;2;
120200018;1000;776;2;988;0;222;0;0;222;2;1;1;0;4;218;0;0;215;2;1;0;0;
120200019;1000;802;1;954;0;197;0;0;197;6;3;0;0;9;188;2;2;178;5;0;1;0;
120200020;200;88;0;204;3;112;3;6;112;1;5;4;0;10;102;8;0;75;4;3;9;3;
120200022;250;136;0;237;0;114;0;0;114;0;1;1;0;2;112;13;1;72;1;0;16;9;
120200023;150;49;1;137;4;100;4;0;100;4;1;0;0;5;95;0;1;71;1;0;18;4;
120200024;110;51;0;109;1;59;1;0;59;0;1;0;0;1;58;2;0;45;0;0;11;0;
120200025;100;62;0;88;2;38;2;0;38;1;0;0;0;1;37;4;0;26;1;2;4;0;
120200026;50;14;1;47;0;35;0;3;35;0;0;0;0;0;35;3;0;25;0;1;6;0;
120200027;70;20;0;68;1;50;1;0;50;1;0;0;0;1;49;3;0;40;0;0;5;1;
120200028;400;201;0;368;0;199;0;0;199;1;4;0;0;5;194;11;1;143;1;0;24;14;
120200029;150;64;1;148;1;85;1;3;85;1;4;0;0;5;80;2;0;55;3;0;17;3;
120200031;160;61;2;157;4;97;4;0;97;0;2;0;0;2;95;10;2;61;2;2;16;2;
120200032;70;26;1;69;5;43;5;5;43;0;0;0;0;0;43;3;0;33;4;0;1;2;
120200033;100;48;0;77;1;52;1;0;52;0;0;0;0;0;52;1;1;46;0;0;4;0;
120200034;98;44;1;88;2;53;2;3;53;0;1;2;0;3;50;3;0;38;3;0;4;2;
120200035;200;103;1;194;0;96;0;0;96;3;0;0;0;3;93;1;2;76;3;0;6;5;
120200036;750;576;1;720;0;173;0;0;173;0;2;3;0;5;168;4;0;115;2;0;43;4;
120200037;800;543;1;767;1;256;1;0;256;1;5;0;0;6;250;15;1;158;4;2;68;2;
120200039;300;123;2;299;0;175;0;0;175;0;0;17;0;17;158;11;0;119;4;1;21;2;
120200040;650;348;0;609;0;302;0;0;302;2;7;0;0;9;293;7;2;175;5;2;98;4;
120200041;690;334;1;665;5;355;5;0;355;1;5;0;0;6;349;3;1;238;1;3;99;4;
120200043;570;325;4;564;7;241;7;1;241;2;2;0;1;5;236;18;0;150;1;1;59;7;
120400001;730;377;1;685;1;352;1;2;352;4;4;0;2;10;342;17;3;268;3;3;37;11;
120400002;590;336;5;550;6;249;6;0;249;4;0;0;0;4;245;12;1;187;4;4;28;9;
120400003;240;124;0;221;2;116;2;0;116;0;0;0;0;0;116;3;3;94;2;2;9;3;
120400004;580;337;1;538;4;242;4;1;242;1;2;1;0;4;238;8;0;200;0;2;24;4;
120400005;630;381;2;588;2;247;2;1;247;0;5;0;0;5;242;12;1;189;1;2;31;6;
120400006;840;520;1;788;2;319;2;2;319;1;4;1;0;6;313;17;1;242;7;5;29;12;
120400007;770;428;4;731;0;338;0;4;338;1;4;0;0;5;333;10;2;204;6;1;108;2;
120400008;520;298;3;487;0;219;0;4;219;0;0;0;0;0;219;5;1;187;4;0;18;4;
120400009;410;238;0;385;3;172;3;1;172;2;7;0;0;9;163;6;2;104;0;0;49;2;
120400010;350;200;2;329;0;148;0;0;148;0;1;0;0;1;147;2;1;127;1;0;16;0;
120400011;120;51;1;116;0;68;0;7;68;1;1;0;0;2;66;3;0;50;1;0;11;1;
120400012;90;35;0;82;0;55;0;3;55;0;0;0;0;0;55;3;1;34;5;1;10;1;
120400013;290;147;2;269;4;141;4;3;141;0;6;0;0;6;135;4;1;100;2;0;26;2;
120400014;570;314;2;532;6;254;6;0;254;3;2;0;0;5;249;5;1;193;4;2;37;7;
120400015;600;357;0;554;1;243;1;0;243;2;3;5;0;10;233;7;1;206;4;0;14;1;
120400016;590;345;4;549;2;241;2;0;241;2;3;1;0;6;235;18;0;165;3;4;39;6;
120400017;790;416;0;745;4;374;4;0;374;2;6;19;0;27;347;26;0;264;6;3;47;1;
120400018;330;177;1;307;0;152;0;0;152;4;0;8;0;12;140;8;0;112;4;3;11;2;
120400019;60;15;2;43;0;43;0;0;43;3;0;5;0;8;35;0;0;32;2;0;1;0;
120700001;730;477;0;701;3;253;3;0;253;3;1;12;0;16;237;7;1;187;3;2;32;5;
120700002;580;353;1;543;0;226;0;1;226;3;0;6;0;9;217;8;0;186;6;0;15;2;
120700003;500;274;2;488;4;224;4;0;224;3;0;7;0;10;214;7;0;182;5;1;16;3;
120700004;100;50;0;75;4;50;4;3;50;0;1;0;0;1;49;4;0;27;0;0;14;4;
120700005;220;104;6;198;0;110;0;0;110;5;0;0;0;5;105;8;0;75;1;1;12;8;
120700006;150;99;1;126;1;50;1;3;50;0;0;1;0;1;49;1;0;43;0;0;4;1;
120700007;520;317;1;509;5;202;5;1;202;1;0;4;0;5;197;4;1;169;1;2;15;5;
120700008;400;240;1;386;0;159;0;0;159;1;1;0;0;2;157;3;1;138;0;3;11;1;
120700009;560;336;1;547;0;223;0;0;223;1;2;2;0;5;218;6;1;162;4;1;33;11;
120700010;620;350;2;605;0;268;0;1;268;1;3;0;0;4;264;5;0;228;0;0;26;5;
120700011;400;189;3;378;0;208;0;3;208;5;6;0;0;11;197;8;3;166;4;0;14;2;
120700012;200;92;2;196;3;106;3;0;106;3;1;0;0;4;102;7;0;82;3;0;8;2;
121100001;690;473;1;639;0;216;0;1;216;3;2;0;0;5;211;10;0;142;0;1;46;12;
121100002;730;423;0;676;2;307;2;0;307;1;4;10;0;15;292;16;2;174;1;4;88;7;
121100003;692;420;0;645;6;272;6;5;272;2;8;0;0;10;262;15;0;157;3;1;76;10;
121100004;848;584;6;782;1;258;1;0;258;1;1;0;2;4;254;10;1;179;2;1;56;5;
121100005;958;646;2;888;0;310;0;2;310;14;5;2;0;21;289;12;2;185;4;0;78;8;
121100006;45;0;1;48;0;44;0;7;44;2;0;0;0;2;42;2;0;34;0;0;5;1;
121100007;485;314;0;455;0;171;0;0;171;9;5;0;0;14;157;7;1;123;4;1;17;4;
121100008;612;378;1;567;2;233;2;0;233;1;3;1;0;5;228;9;1;166;4;3;42;3;
121100009;465;262;1;436;2;202;2;2;202;4;0;0;0;4;198;12;0;146;0;0;36;4;
121100010;155;62;0;147;2;93;2;0;93;2;7;0;0;9;84;9;1;56;0;1;17;0;
121100011;500;297;0;463;0;203;0;1;203;1;4;0;0;5;198;7;0;151;3;0;30;7;
121100012;380;240;2;346;0;138;0;0;138;0;3;1;0;4;134;8;2;103;3;1;17;0;
121100013;79;34;0;73;1;45;1;0;45;1;1;0;0;2;43;1;0;42;0;0;0;0;
121100014;330;183;0;300;0;147;0;0;147;0;0;0;0;0;147;6;0;101;3;3;28;6;
121100015;440;189;3;441;0;248;0;0;248;0;1;0;0;1;247;10;0;190;4;2;40;1;
121100016;530;305;0;488;1;225;1;0;225;0;10;0;0;10;215;9;0;150;2;1;45;8;
121100017;470;288;0;429;2;182;2;0;182;6;5;0;0;11;171;7;3;136;0;1;21;3;
121100018;290;167;1;267;0;122;0;2;122;0;1;1;0;2;120;7;0;83;1;0;28;1;
121100019;690;390;4;642;0;296;0;3;296;1;2;0;0;3;293;12;0;274;1;0;5;1;
121100020;448;227;1;416;0;220;0;3;220;0;0;0;0;0;220;6;0;211;1;2;0;0;
121100021;266;137;0;244;3;129;3;0;129;0;2;5;0;7;122;2;0;81;0;2;28;9;
121200001;765;453;0;708;1;312;1;0;312;1;2;3;0;6;306;32;1;164;2;1;95;11;
121200002;970;710;1;891;2;259;2;0;259;4;1;7;0;12;247;10;0;210;5;1;21;0;
121200003;671;401;1;619;11;269;11;0;269;8;1;0;0;9;260;18;1;147;0;2;78;14;
121200004;906;548;2;836;5;356;5;0;356;0;2;2;0;4;352;33;3;200;3;2;97;14;
121200005;840;496;1;772;1;343;1;0;343;4;2;2;0;8;335;26;5;226;2;3;72;1;
121200006;650;413;2;235;2;235;2;2;235;6;3;0;0;9;226;12;0;145;0;0;64;5;
121200007;510;335;1;471;3;174;3;0;174;3;0;1;0;4;170;14;1;97;2;1;51;4;
121200008;573;336;1;531;0;236;0;0;236;1;0;2;0;3;233;14;1;133;1;2;76;6;
121200009;400;240;0;372;1;160;1;0;160;3;3;8;0;14;146;6;1;101;5;0;32;1;
121200010;100;26;1;95;6;73;6;2;73;1;1;0;0;2;71;5;0;50;6;0;10;0;
121200011;70;21;0;70;1;49;1;5;49;2;1;0;0;3;46;4;1;35;0;1;5;0;
121200012;424;249;2;404;10;173;10;0;173;14;0;0;0;14;159;5;1;97;7;2;47;0;
121200013;350;163;9;326;2;178;2;0;178;4;4;1;0;9;169;4;1;99;2;1;60;2;
121200014;63;26;1;66;0;36;0;0;36;1;1;0;0;2;34;1;1;27;1;0;2;2;
121200015;324;174;1;302;0;149;0;2;149;0;3;0;0;3;146;1;2;111;5;3;20;4;
121200016;284;142;0;267;0;142;0;0;142;0;1;2;0;3;139;5;0;108;3;1;17;5;
121400001;90;53;0;80;5;37;5;0;37;2;0;0;0;2;35;1;0;22;0;0;12;0;
121400002;250;111;1;244;2;138;2;1;138;1;1;0;0;2;136;3;0;109;0;0;19;5;
121400003;450;245;0;436;3;205;3;2;205;1;1;0;0;2;203;11;0;149;3;2;32;6;
121400004;90;36;0;80;0;54;0;2;54;0;1;0;0;1;53;3;1;45;1;0;2;1;
121400005;500;260;0;476;0;240;0;0;240;0;0;0;0;0;240;3;0;199;2;3;26;7;
121400006;130;47;3;137;7;80;7;0;80;1;2;0;0;3;77;6;0;58;1;0;12;0;
121400007;200;89;2;194;1;109;1;2;109;0;2;0;0;2;107;9;0;87;1;1;9;0;
121400008;60;25;0;54;0;35;0;0;35;0;0;0;0;0;35;6;1;24;1;0;2;1;
121400009;150;52;1;144;0;97;0;0;97;1;0;0;0;1;96;12;0;59;4;1;19;1;
121400010;270;114;0;266;0;156;0;0;156;1;1;4;0;6;150;3;1;94;0;2;49;1;
121400011;370;170;0;360;0;200;0;0;200;4;2;5;2;13;187;3;2;109;6;1;66;0;
121400012;170;73;0;160;3;97;3;3;97;4;0;0;0;4;93;7;0;73;1;1;11;0;
121400014;100;46;2;88;3;52;3;0;52;0;1;0;0;1;51;2;0;42;2;0;5;0;
122400001;800;543;1;728;4;256;4;0;256;2;3;1;3;9;247;12;0;148;4;3;76;4;
122400002;700;419;0;681;4;281;4;0;281;0;8;0;0;8;273;15;3;173;1;4;73;4;
122400003;1000;777;0;682;0;223;0;0;223;0;2;10;0;12;211;26;2;129;3;2;41;8;
122400004;450;329;1;436;0;120;0;0;120;1;0;0;0;1;119;12;0;70;0;0;34;3;
122400005;550;330;1;516;0;219;0;3;219;4;1;0;0;5;214;19;1;139;2;1;43;9;
122400006;550;390;1;540;0;159;0;6;159;1;0;0;0;1;158;4;0;110;0;1;42;1;
122400007;750;521;2;693;0;227;0;0;227;1;1;0;0;2;225;11;0;139;1;2;66;6;
122400008;750;495;1;680;0;254;0;0;254;0;0;0;0;0;254;24;0;157;0;1;64;8;
122400009;700;463;1;594;2;236;2;0;236;0;0;0;0;0;236;16;0;136;5;2;74;3;
122400010;600;411;2;572;1;187;1;1;187;0;0;0;0;0;187;22;0;108;0;1;51;5;
122400011;800;479;0;755;7;321;7;0;321;4;0;0;0;4;317;36;0;171;2;1;96;11;
122400012;700;453;0;686;3;247;3;3;247;2;0;0;0;2;245;17;0;155;1;0;66;6;
122400013;550;355;0;500;9;195;9;0;195;0;0;0;0;0;195;19;0;114;0;2;52;8;
122400014;750;475;2;719;3;273;3;8;273;1;1;0;0;2;271;28;0;166;1;0;72;4;
122400015;800;555;0;763;0;245;0;0;245;0;2;1;0;3;242;18;0;150;1;1;64;8;
122400016;750;464;3;714;6;283;6;0;283;0;7;1;0;8;275;23;0;173;1;1;66;11;
122400017;650;479;1;605;3;170;3;0;170;0;1;0;0;1;169;6;0;159;2;0;2;0;
122400018;700;512;1;650;0;187;0;0;187;1;1;7;0;9;178;1;1;163;3;2;6;2;
122400019;600;401;0;573;0;199;0;6;199;2;0;3;1;6;193;24;1;116;0;0;43;9;
122400020;800;582;1;730;0;217;0;4;217;2;1;0;0;3;214;10;1;124;1;1;75;2;
122400021;700;531;0;616;0;169;0;0;169;2;0;0;0;2;167;7;2;104;2;0;45;7;
122400022;600;402;0;547;4;198;4;4;198;0;2;0;0;2;196;16;0;110;0;2;63;5;
122400023;659;390;1;604;0;268;0;0;268;1;10;0;0;11;257;11;0;180;2;0;56;8;
122400024;700;476;2;644;7;222;7;0;222;0;2;0;0;2;220;11;1;162;2;0;42;2;
122400025;650;494;1;155;0;155;0;0;155;0;2;0;0;2;153;3;0;104;1;0;45;0;
122400026;600;452;0;581;1;148;1;8;148;0;0;0;0;0;148;3;1;90;0;0;50;4;
122400027;300;63;0;744;0;237;0;7;237;0;1;0;0;1;236;12;1;161;3;1;52;6;
122400028;600;464;0;509;1;136;1;0;136;5;0;0;0;5;131;8;1;100;3;0;16;3;
122400029;550;379;4;544;1;167;1;0;167;0;2;5;0;7;160;5;0;107;1;1;39;7;
122400030;700;482;2;649;0;216;0;0;216;2;8;0;0;10;206;17;2;111;3;0;65;8;
122400031;750;570;9;718;4;171;4;0;171;6;2;1;0;9;162;6;0;125;1;0;26;4;
122400032;550;430;1;539;0;119;0;9;119;4;2;4;0;10;109;4;0;101;1;0;3;0;
122400033;450;376;0;436;0;74;0;0;74;0;2;6;0;8;66;5;0;57;0;1;1;2;
122400034;400;224;0;355;0;176;0;0;176;2;1;0;1;4;172;0;1;155;1;3;9;3;
122400035;270;154;2;253;3;114;3;0;114;2;1;0;0;3;111;6;0;75;3;4;21;2;
122400036;541;324;0;216;1;217;1;0;217;1;3;6;0;10;207;4;0;145;2;2;47;7;
122400037;450;307;1;400;1;142;1;0;142;5;1;0;0;6;136;3;0;97;1;2;32;1;
122400038;400;259;1;356;7;140;7;0;140;0;3;0;0;3;137;8;2;90;4;1;28;4;
122400039;600;391;1;548;0;208;0;0;208;0;3;0;0;3;205;11;0;158;2;0;30;4;
122400040;700;439;0;697;1;261;1;2;261;0;12;0;0;12;249;8;0;195;2;3;37;4;
122400041;600;403;3;545;2;194;2;4;194;0;0;0;0;0;194;15;0;147;3;2;20;7;
122400042;220;122;0;207;4;98;4;0;98;3;0;0;0;3;95;4;0;78;0;0;12;1;
122400043;250;113;0;241;7;137;7;0;137;2;2;3;0;7;130;15;1;99;1;1;9;4;
122400044;100;52;1;46;1;47;1;9;47;0;1;0;0;1;46;4;0;34;1;0;6;1;
122400045;650;417;2;615;0;231;0;3;231;2;4;2;0;8;223;10;0;166;2;1;42;2;
122400046;500;345;0;464;1;155;1;1;155;7;9;0;0;16;139;8;0;94;2;2;30;3;
122400047;400;269;1;341;11;130;11;0;130;1;3;3;0;7;123;6;0;106;0;1;8;2;
122400048;50;15;1;47;0;34;0;8;34;1;0;0;0;1;33;2;0;18;0;1;12;0;
122400049;50;13;1;37;0;36;0;8;36;2;0;1;0;3;33;7;0;20;1;1;4;0;
122400050;500;421;0;487;0;79;0;6;79;1;1;2;0;4;75;2;0;69;0;1;2;1;
122400051;760;538;3;686;0;219;0;5;219;1;1;1;0;3;216;20;0;112;0;0;76;8;
122400052;530;356;1;469;0;173;0;1;173;1;1;1;1;4;169;9;1;123;2;1;28;5;
122600001;399;208;1;396;3;190;3;0;190;1;3;0;0;4;186;6;2;134;1;1;28;14;
122600002;140;56;1;144;3;83;3;1;83;0;2;0;0;2;81;4;0;58;2;2;11;4;
122600003;560;332;2;512;0;226;0;0;226;3;5;5;0;13;213;19;1;165;3;2;20;3;
122600005;600;324;0;566;2;276;2;0;276;6;0;0;0;6;270;24;2;206;7;0;24;7;
122600006;800;522;0;729;1;278;1;6;278;12;0;0;0;12;266;23;2;207;6;0;23;5;
122600007;532;253;2;481;3;277;3;0;277;3;7;11;0;21;256;16;0;191;1;8;39;1;
122600008;616;324;2;562;1;290;1;1;290;2;5;0;0;7;283;23;0;217;2;1;23;17;
122600009;652;383;0;596;1;269;1;0;269;0;4;2;1;7;262;21;0;224;3;0;6;8;
122900001;700;434;1;669;4;265;4;3;265;1;1;0;0;2;263;35;1;151;1;5;59;11;
122900002;700;407;0;664;0;293;0;3;293;1;8;0;0;9;284;24;2;171;2;5;71;9;
122900003;900;534;1;840;0;365;0;1;365;3;1;0;0;4;361;36;0;235;3;4;72;11;
122900004;900;499;3;897;1;398;1;0;398;1;6;0;0;7;391;77;0;222;0;4;76;12;
122900005;700;341;5;676;3;354;3;0;354;1;3;0;0;4;350;33;0;207;1;3;95;11;
122900006;900;575;0;855;0;325;0;3;325;0;8;4;0;12;313;32;3;202;6;3;57;10;
122900007;900;558;1;860;0;341;0;5;341;2;6;0;3;11;330;22;2;212;5;8;73;8;
122900008;700;451;1;690;0;248;0;3;248;1;1;0;0;2;246;18;1;151;2;6;58;10;
122900009;1000;704;0;945;0;296;0;0;296;0;4;11;0;15;281;22;2;189;0;1;58;9;
122900010;650;448;1;615;0;201;0;2;201;2;3;2;0;7;194;13;0;128;1;1;43;8;
122900011;800;437;12;749;0;351;0;1;351;1;11;0;0;12;339;28;3;219;0;2;78;9;
122900012;800;492;0;803;5;308;5;4;308;0;0;0;0;0;308;32;0;217;1;7;38;13;
122900013;800;524;2;738;1;274;1;0;274;3;0;5;0;8;266;19;3;170;1;6;56;11;
122900014;600;401;6;554;0;193;0;0;193;4;1;0;0;5;188;13;0;131;1;1;39;3;
122900015;900;624;1;873;0;275;0;2;275;2;0;3;0;5;270;17;0;181;1;2;56;13;
122900016;800;567;0;789;7;233;7;0;233;1;4;0;0;5;228;23;1;159;2;1;36;6;
122900017;850;565;1;846;0;284;0;0;284;1;0;4;0;5;279;8;3;204;0;3;53;8;
122900018;750;530;0;721;0;220;0;4;220;4;1;1;0;6;214;7;0;142;0;4;52;9;
122900019;750;505;0;707;0;245;0;1;245;1;4;2;0;7;238;8;3;179;1;2;42;3;
122900020;700;474;1;682;0;225;0;8;225;5;1;0;0;6;219;15;0;135;0;0;54;15;
122900021;600;332;2;604;1;266;1;15;266;2;4;0;0;6;260;30;0;160;0;1;54;15;
122900022;700;434;1;637;0;265;0;3;265;3;2;0;0;5;260;14;0;169;3;4;56;14;
122900023;700;486;1;679;0;213;0;0;213;1;4;0;0;5;208;22;0;117;0;2;58;9;
122900024;800;580;0;742;7;220;7;0;220;2;5;0;0;7;213;12;1;141;1;3;51;4;
122900025;1000;733;1;941;0;266;0;0;266;1;4;1;0;6;260;11;2;169;2;1;72;3;
122900026;1000;707;1;946;0;292;0;4;292;0;2;0;0;2;290;15;0;182;1;4;63;25;
122900027;900;630;2;859;2;268;2;0;268;3;2;1;0;6;262;16;1;173;6;1;59;6;
122900028;816;575;3;816;0;238;0;0;238;2;1;0;0;3;235;15;0;163;0;5;44;8;
122900029;800;589;3;732;0;208;0;0;208;1;2;0;0;3;205;19;1;137;1;2;36;9;
122900030;900;639;1;881;11;260;11;0;260;1;3;3;0;7;253;15;0;152;0;5;76;5;
122900031;773;545;0;773;8;228;8;8;228;2;5;0;0;7;221;16;1;133;3;1;59;8;
122900032;1100;761;2;1037;0;337;0;5;337;2;2;0;0;4;333;15;1;199;4;4;98;12;
122900033;1000;704;0;958;1;296;1;6;296;0;2;4;0;6;290;18;1;178;2;1;74;16;
122900034;900;629;1;827;0;270;0;0;270;4;1;2;0;7;263;16;0;170;2;0;68;7;
122900035;800;587;1;758;0;212;0;0;212;2;2;0;0;4;208;12;0;128;1;3;52;12;
122900036;800;564;0;766;0;236;0;0;236;2;1;0;0;3;233;12;1;150;1;5;59;5;
122900037;900;628;1;816;1;271;1;6;271;1;0;0;0;1;270;13;0;172;2;4;72;7;
122900038;700;425;1;700;0;274;0;8;274;2;2;0;0;4;270;33;0;166;3;3;56;9;
122900039;900;534;2;885;0;364;0;5;364;0;5;0;0;5;359;36;0;219;1;8;81;14;
122900040;800;469;3;777;0;328;0;0;328;0;1;1;0;2;326;29;1;223;0;4;55;14;
122900041;800;448;20;332;0;332;0;0;332;1;1;1;1;4;328;34;0;227;1;5;52;9;
122900042;600;377;1;589;0;222;0;0;222;1;0;3;0;4;218;22;4;143;1;1;39;8;
122900043;500;291;1;487;0;208;0;0;208;2;3;0;0;5;203;20;0;139;1;0;38;5;
122900044;700;425;0;610;0;275;0;6;275;3;4;0;0;7;268;22;0;159;0;1;77;9;
122900045;700;468;1;613;1;231;1;0;231;1;0;0;0;1;230;11;2;143;5;2;61;6;
122900046;900;533;0;870;0;367;0;1;367;2;2;0;0;4;363;13;1;337;3;2;5;2;
122900047;600;366;1;596;2;233;2;3;233;0;3;0;0;3;230;13;1;125;1;2;79;9;
122900048;600;402;1;597;3;197;3;0;197;1;5;8;0;14;183;10;1;115;3;0;47;7;
122900049;896;596;0;862;0;300;0;2;300;2;6;0;0;8;292;19;3;202;1;4;57;6;
122900050;800;533;0;793;0;267;0;2;267;5;4;0;0;9;258;21;1;150;2;2;77;5;
122900051;800;541;2;770;0;257;0;0;257;2;2;0;0;4;253;20;0;147;1;2;72;11;
122900052;800;615;1;663;0;184;0;0;184;1;2;0;0;3;181;26;0;103;1;1;46;4;
122900053;700;488;0;614;0;212;0;0;212;1;2;1;0;4;208;19;0;122;2;1;59;5;
122900054;693;405;0;700;0;288;0;6;288;3;2;6;0;11;277;11;4;171;1;3;77;10;
122900055;900;485;5;855;0;410;0;6;410;0;0;11;3;14;396;12;0;327;1;1;51;4;
122900056;800;458;1;781;0;341;0;0;341;6;2;0;0;8;333;10;1;312;3;4;1;2;
122900057;302;167;0;276;2;135;2;0;135;6;10;0;0;16;119;13;2;84;1;1;13;5;
122900058;500;261;0;234;5;239;5;5;239;3;5;4;0;12;227;18;3;171;3;3;24;5;
122900059;600;296;1;575;3;303;3;0;303;3;0;0;0;3;300;11;1;215;5;1;58;9;
122900060;500;249;0;495;1;251;1;6;251;0;3;0;0;3;248;28;1;156;1;1;56;5;
122900061;250;129;1;239;1;120;1;7;120;1;1;0;0;2;118;8;1;82;2;0;22;3;
122900062;340;168;3;325;3;169;3;0;169;2;1;0;0;3;166;10;1;123;2;1;25;4;
122900063;100;41;1;82;0;58;0;4;58;1;1;1;1;4;54;10;0;34;0;3;6;1;
122900064;500;311;3;414;3;186;3;8;186;0;1;0;0;1;185;4;1;148;6;2;22;2;
122900065;516;287;0;494;3;229;3;4;229;4;3;0;1;8;221;10;0;186;7;1;14;3;
122900066;150;72;0;151;9;78;9;4;78;0;5;0;0;5;73;7;1;56;0;2;5;2;
122900067;500;228;1;451;3;271;3;0;271;2;1;0;1;4;267;12;1;166;6;2;76;4;
122900068;600;347;1;575;3;252;3;0;252;4;2;1;0;7;245;8;1;184;8;2;34;8;
122900069;200;102;0;193;5;98;5;0;98;2;2;0;0;4;94;5;1;76;1;3;7;1;
122900070;294;149;0;210;0;145;0;2;145;2;4;0;0;6;139;14;0;102;1;0;10;12;
122900071;200;107;0;153;0;93;0;0;93;2;3;1;0;6;87;26;0;44;2;0;7;8;
122900072;305;155;0;290;0;150;0;1;150;3;0;3;0;6;144;9;1;108;0;3;22;1;
122900073;400;206;1;353;1;193;1;0;193;2;3;0;0;5;188;15;0;131;4;4;31;3;
122900074;400;225;1;366;0;174;0;0;174;2;4;0;0;6;168;5;0;119;2;1;38;3;
122900075;600;404;1;508;0;195;0;4;195;12;1;0;0;13;182;11;0;124;6;2;34;5;
122900076;600;423;0;509;1;177;1;0;177;2;2;5;0;9;168;9;0;112;5;2;36;4;
122900077;600;425;2;561;4;173;4;0;173;0;10;2;0;12;161;12;1;105;2;0;38;3;
122900078;600;310;0;585;5;290;5;0;290;1;6;0;0;7;283;24;0;218;5;0;33;3;
122900079;400;217;1;358;8;182;8;0;182;2;1;1;0;4;178;5;2;146;8;0;12;5;
122900080;250;115;1;251;6;134;6;0;134;1;6;0;0;7;127;7;0;87;3;2;26;2;
122900081;154;71;0;142;1;83;1;0;83;1;2;0;0;3;80;12;0;45;4;0;16;3;
122900082;50;17;1;54;0;32;0;0;32;0;3;0;0;3;29;2;1;22;1;1;2;0;
122900083;150;66;1;116;0;83;0;7;83;2;1;0;0;3;80;1;0;57;3;2;14;3;
123600001;700;440;1;672;2;259;2;0;259;4;4;4;0;12;247;15;0;118;2;1;104;7;
123600002;800;510;0;736;0;290;0;0;290;5;5;0;0;10;280;12;2;123;3;8;127;5;
123600003;650;368;0;619;0;282;0;0;282;4;7;2;0;13;269;15;1;132;1;2;114;4;
123600004;350;193;1;332;1;156;1;3;156;2;1;3;0;6;150;10;1;69;5;0;58;7;
123600005;370;178;0;346;0;192;0;0;192;0;3;0;0;3;189;2;1;114;3;3;59;7;
123600006;580;335;1;242;2;244;2;0;244;4;6;0;0;10;234;17;1;153;3;1;54;5;
123600007;230;103;1;214;1;126;1;1;126;2;2;0;1;5;121;5;0;101;1;0;14;0;
123600008;120;55;1;112;2;64;2;2;64;0;1;0;0;1;63;4;0;50;1;0;6;2;
123600009;270;128;3;255;1;139;1;0;139;1;1;0;0;2;137;3;0;117;0;1;14;2;
123600010;90;37;1;85;0;52;0;0;52;1;2;2;0;5;47;4;1;35;1;2;4;0;
123600011;140;55;1;133;3;84;3;0;84;2;2;1;0;5;79;5;0;64;5;0;5;0;
123600012;65;18;1;61;1;46;1;1;46;0;0;0;0;0;46;1;0;41;0;0;4;0;
123800001;400;185;1;372;4;214;4;2;214;3;1;2;1;7;207;10;1;175;4;2;11;4;
123800002;380;195;0;347;0;185;0;0;185;2;0;0;0;2;183;23;0;122;1;0;33;4;
123800003;540;302;1;518;1;237;1;0;237;7;0;14;1;22;215;13;1;162;1;1;27;10;
123800004;410;240;2;392;0;168;0;1;168;1;4;1;0;6;162;13;2;124;0;1;15;7;
123800005;480;263;1;456;2;216;2;0;216;5;1;0;1;7;209;3;1;190;2;1;9;3;
123800006;380;232;2;349;1;146;1;0;146;0;2;2;0;4;142;12;1;106;0;1;19;3;
123800007;650;354;1;622;6;295;6;0;295;3;4;0;1;8;287;20;2;224;8;6;20;7;
123800008;510;225;1;482;0;284;0;0;284;2;2;0;0;4;280;7;2;237;2;3;15;14;
123800009;450;190;1;436;5;259;5;1;259;1;1;6;0;8;251;7;1;216;1;2;21;3;
130300001;670;361;0;624;2;309;2;0;309;6;2;7;0;15;294;22;0;135;2;2;127;6;
130300002;560;267;1;537;1;292;1;0;292;4;4;0;2;10;282;10;0;143;2;1;123;3;
130300003;770;389;0;711;1;381;1;0;381;6;0;0;0;6;375;29;0;196;1;3;132;14;
130300004;739;341;2;728;0;396;0;0;396;4;3;2;0;9;387;15;1;232;1;2;130;6;
130300005;680;420;0;634;0;260;0;0;260;4;0;3;0;7;253;25;1;129;0;1;94;3;
130300006;650;201;0;634;0;449;0;1;449;1;1;8;0;10;439;4;1;432;0;0;2;0;
130300007;580;150;2;552;8;428;8;0;428;0;3;0;0;3;425;4;0;416;2;0;3;0;
130300008;640;125;0;616;8;515;8;0;515;2;0;10;0;12;503;1;0;501;0;0;1;0;
130300009;680;296;1;648;1;383;1;0;383;0;1;0;0;1;382;4;0;344;3;1;28;2;
130400001;601;337;2;601;1;262;1;0;262;8;2;0;0;10;252;14;1;169;2;6;48;12;
130400002;580;356;1;580;0;223;0;0;223;1;3;0;0;4;219;11;1;139;0;1;59;8;
130400003;825;516;2;825;0;307;0;0;307;8;2;1;0;11;296;24;3;172;1;4;82;10;
130400004;784;491;1;784;0;292;0;0;292;2;1;0;1;4;288;17;1;193;0;2;70;5;
130400005;578;391;1;578;0;186;0;0;186;0;0;10;0;10;176;6;0;104;1;2;57;6;
130400006;509;311;1;509;0;197;0;0;197;0;0;0;0;0;197;4;1;142;3;2;41;4;
130400007;506;333;1;506;0;172;0;0;172;0;0;0;0;0;172;10;0;120;1;0;36;5;
130400008;362;229;1;362;0;132;0;0;132;1;1;0;0;2;130;3;2;83;1;0;39;2;
130400009;479;269;3;479;2;207;2;0;207;0;6;2;0;8;199;9;4;122;5;2;53;4;
130400010;384;227;1;385;0;156;0;0;156;3;0;3;0;6;150;8;0;60;2;2;75;3;
130400011;550;292;1;551;0;257;0;0;257;4;4;4;0;12;245;8;0;109;3;3;113;9;
130400012;613;355;1;613;1;257;1;0;257;0;1;6;0;7;250;17;0;121;0;5;101;6;
130400013;627;393;1;627;0;233;0;0;233;1;3;0;0;4;229;11;0;130;4;4;76;4;
130400014;472;261;1;473;0;210;0;1;210;3;1;0;0;4;206;6;3;138;4;1;49;5;
130400015;357;209;1;358;0;147;0;0;147;1;2;0;0;3;144;11;1;85;3;0;41;3;
130400016;432;247;1;434;2;184;2;0;184;1;3;0;0;4;180;18;1;99;4;1;56;1;
130600001;918;554;2;893;1;362;1;0;362;1;5;6;0;12;350;23;1;192;1;4;119;10;
130600002;547;286;3;526;1;258;1;0;258;5;0;0;0;5;253;15;1;135;0;1;91;10;
130600003;612;350;0;594;3;262;3;0;262;3;1;0;0;4;258;18;0;140;2;3;91;4;
130600004;955;603;0;942;7;352;7;0;352;4;1;0;0;5;347;18;3;223;3;1;96;3;
130600005;748;484;1;729;1;263;1;0;263;0;2;0;1;3;260;17;1;140;2;2;88;10;
130600006;437;216;2;417;0;219;0;0;219;2;2;0;0;4;215;7;1;48;12;6;139;2;
130600007;405;183;1;385;0;221;0;2;221;2;8;0;0;10;211;9;1;58;12;1;127;3;
130600008;512;253;1;491;2;258;2;0;258;12;3;0;0;15;243;13;0;134;1;2;85;8;
130600009;620;376;1;605;2;243;2;3;243;2;3;6;0;11;232;11;1;141;3;1;72;3;
130600010;673;451;0;654;0;222;0;1;222;1;2;0;0;3;219;4;0;133;4;0;75;3;
130600011;612;344;2;583;3;266;3;0;266;0;2;6;0;8;258;23;2;107;0;0;123;3;
130600012;799;647;0;779;0;152;0;0;152;7;1;0;0;8;144;4;1;127;1;1;10;0;
130600013;471;267;1;475;2;203;2;0;203;9;2;1;0;12;191;14;0;81;2;2;87;5;
130600014;499;275;0;482;3;224;3;0;224;5;0;0;0;5;219;18;3;125;1;0;62;10;
130600016;100;56;2;87;0;42;0;0;42;0;2;0;0;2;40;0;0;20;1;1;18;0;
130800001;800;366;0;981;0;434;0;0;434;1;7;1;0;9;425;13;1;243;2;1;157;8;
130800002;800;491;1;913;0;308;0;3;308;1;1;0;0;2;306;13;1;173;1;0;111;7;
130800003;800;388;1;1001;0;411;0;0;411;2;0;4;0;6;405;10;2;255;1;2;132;3;
130800004;800;406;0;918;0;394;0;0;394;2;3;2;1;8;386;26;0;221;3;3;128;5;
130800005;800;346;1;960;0;453;0;3;453;3;6;0;1;10;443;29;2;271;4;4;113;20;
130800006;800;271;0;951;0;529;0;7;529;2;6;4;0;12;517;34;3;322;9;4;132;13;
130800007;700;308;0;840;2;392;2;0;392;4;6;2;0;12;380;24;4;217;4;3;118;10;
130800008;800;509;0;1021;0;291;0;0;291;0;2;1;1;4;287;1;0;280;1;0;5;0;
130800009;800;326;0;947;8;474;8;0;474;20;0;0;0;20;454;55;1;239;3;5;139;12;
130800010;800;403;1;950;2;396;2;0;396;4;0;1;0;5;391;48;3;206;6;4;118;6;
130800011;800;442;2;993;0;356;0;0;356;0;8;0;0;8;348;21;1;201;0;2;118;5;
130800012;680;334;0;876;1;346;1;0;346;6;3;2;0;11;335;39;1;182;2;2;97;12;
130800013;800;386;1;953;1;413;1;0;413;11;2;0;0;13;400;50;1;193;5;5;125;21;
130800014;800;426;0;919;3;374;3;2;374;2;7;0;0;9;365;33;0;194;0;3;121;14;
130800015;800;417;0;381;2;383;2;0;383;0;6;0;0;6;377;26;2;229;0;2;110;8;
130800016;800;463;0;933;1;337;1;0;337;1;3;0;0;4;333;21;2;188;3;1;112;6;
130800017;800;385;1;949;0;414;0;0;414;6;0;0;0;6;408;16;3;253;3;3;125;5;
130800018;700;413;1;812;0;286;0;0;286;7;1;0;0;8;278;14;3;180;3;2;74;2;
130800019;700;346;3;879;0;351;0;0;351;1;6;0;0;7;344;23;3;181;6;3;123;5;
130800020;600;408;0;751;0;192;0;1;192;1;1;0;0;2;190;4;0;181;1;0;2;2;
130800021;800;421;1;927;1;378;1;0;378;1;4;0;0;5;373;30;1;208;4;2;122;6;
130800022;600;309;3;775;0;288;0;0;288;3;4;0;0;7;281;16;2;170;0;2;86;5;
130800023;50;15;0;36;2;35;2;0;35;1;0;0;0;1;34;1;0;24;0;0;8;1;
130800024;50;37;1;20;3;12;3;0;12;1;0;0;0;1;11;0;0;9;0;0;2;0;
130800025;70;15;0;55;20;55;20;0;55;0;3;0;0;3;52;9;0;30;0;0;13;0;
130800026;50;11;1;29;9;38;9;1;38;0;0;1;0;1;37;2;0;29;0;0;6;0;
130800027;50;16;1;37;0;33;0;0;33;0;0;0;0;0;33;4;2;22;0;0;4;1;
130800036;1000;716;0;1014;7;284;7;0;284;2;0;0;0;2;282;17;1;247;2;4;8;3;
130800037;800;618;0;818;0;182;0;0;182;9;0;0;0;9;173;11;2;149;1;0;6;4;
130800038;800;598;0;786;7;202;7;5;202;0;0;12;0;12;190;12;3;158;2;1;12;2;
130800039;900;678;1;910;0;221;0;0;221;1;0;4;0;5;216;7;1;196;1;2;5;4;
130800041;750;570;1;760;0;179;0;0;179;1;0;0;0;1;178;8;0;168;0;0;2;0;
130800042;200;86;0;226;0;114;0;0;114;0;0;0;0;0;114;2;0;111;1;0;0;0;
130800043;600;245;0;620;0;355;0;0;355;1;1;0;0;2;353;2;0;348;2;0;1;0;
130800044;850;410;7;869;0;433;0;0;433;3;2;2;0;7;426;5;0;413;1;0;6;1;
130800045;450;208;2;438;0;240;0;5;240;0;2;0;0;2;238;1;0;231;3;2;1;0;
130800046;850;359;0;833;0;491;0;0;491;0;0;4;0;4;487;1;0;482;1;1;2;0;
130800047;350;188;1;355;0;161;0;0;161;1;0;0;0;1;160;2;1;153;0;1;1;2;
130800048;150;80;0;129;4;70;4;0;70;0;0;0;0;0;70;0;0;66;1;0;3;0;
130800049;200;120;0;183;0;80;0;0;80;0;0;0;0;0;80;0;0;75;1;0;3;1;
130800050;150;51;0;155;2;99;2;0;99;1;0;0;0;1;98;1;0;97;0;0;0;0;
130800051;300;150;0;302;3;150;3;0;150;0;0;0;0;0;150;2;0;145;0;0;3;0;
130800052;165;62;2;168;0;101;0;3;101;0;2;0;0;2;99;1;0;95;0;0;1;2;
130800053;160;75;0;161;3;85;3;0;85;0;0;8;0;8;77;12;0;64;0;0;0;1;
130800054;150;60;1;143;0;89;0;0;89;2;0;0;0;2;87;3;0;82;1;1;0;0;
130800055;300;206;0;306;0;94;0;4;94;0;1;0;0;1;93;5;1;84;0;0;0;3;
130800056;1000;582;1;965;0;417;0;3;417;13;2;3;0;18;399;8;1;388;1;0;1;0;
130800058;45;19;0;44;0;26;0;1;26;0;0;0;0;0;26;0;0;24;0;1;1;0;
130800059;1000;721;2;993;0;277;0;1;277;0;0;3;1;4;273;2;0;268;2;0;1;0;
130800060;1100;611;0;1068;0;489;0;0;489;0;0;0;0;0;489;47;0;441;0;0;1;0;
130800061;850;509;0;845;0;341;0;0;341;0;0;0;0;0;341;37;0;298;2;0;3;1;
130800064;500;323;1;487;1;176;1;0;176;1;1;0;0;2;174;13;0;150;3;0;7;1;
130800065;600;408;2;551;0;190;0;0;190;0;2;0;0;2;188;3;0;183;1;0;1;0;
131400001;845;358;1;782;10;486;10;2;486;9;9;0;1;19;467;18;2;400;3;0;43;1;
131400002;480;265;2;450;3;213;3;4;213;13;4;5;0;22;191;5;0;175;2;4;3;2;
131400003;889;529;2;848;1;358;1;4;358;11;0;1;0;12;346;13;1;297;2;1;28;4;
131400004;630;309;1;599;6;320;6;3;320;0;13;3;1;17;303;19;2;189;1;1;87;4;
131400005;588;274;0;559;3;314;3;0;314;4;3;0;0;7;307;21;2;169;4;2;103;6;
131400006;352;154;2;333;0;196;0;0;196;2;5;2;0;9;187;9;3;122;2;6;38;7;
131400007;867;437;1;810;3;429;3;1;429;5;4;1;0;10;419;33;2;342;1;4;25;12;
131400008;308;196;1;280;0;111;0;7;111;4;0;0;0;4;107;8;1;69;2;1;24;2;
131400009;41;16;1;39;0;24;0;3;24;0;1;8;0;9;15;1;0;10;0;0;4;0;
131900001;500;260;0;600;3;240;3;0;240;3;2;7;0;12;228;31;0;113;2;1;75;6;
131900002;600;314;0;676;0;286;0;0;286;1;1;0;0;2;284;56;2;129;4;3;77;13;
131900003;600;315;1;694;0;284;0;2;284;1;1;1;0;3;281;60;1;140;0;2;66;12;
131900004;600;305;0;642;0;295;0;0;295;2;3;0;0;5;290;57;1;142;3;4;73;10;
131900005;600;233;1;679;0;366;0;0;366;0;12;0;0;12;354;80;2;175;0;5;78;14;
131900006;800;372;3;914;0;425;0;3;425;9;0;0;0;9;416;57;1;211;1;2;124;20;
131900007;898;486;1;894;4;411;4;0;411;1;4;1;2;8;403;84;1;238;0;2;71;7;
131900008;800;420;2;826;0;378;0;0;378;3;4;0;0;7;371;76;2;193;1;5;83;11;
131900009;700;314;0;781;0;386;0;0;386;11;2;0;0;13;373;80;0;190;1;2;94;6;
131900010;600;332;2;622;1;266;1;1;266;4;6;0;0;10;256;44;1;126;5;1;68;11;
131900011;800;417;0;804;0;383;0;0;383;1;5;1;0;7;376;57;4;229;3;0;75;8;
131900012;586;300;2;660;4;284;4;0;284;3;4;1;0;8;276;39;1;160;0;1;64;11;
131900013;500;276;0;587;0;224;0;0;224;0;0;0;0;0;224;41;0;110;2;1;64;6;
131900014;600;255;1;702;0;344;0;0;344;0;2;0;0;2;342;23;0;223;3;1;80;12;
131900015;800;451;0;843;0;349;0;2;349;5;4;1;0;10;339;33;2;205;4;0;85;10;
131900016;800;417;0;910;0;383;0;0;383;3;2;8;0;13;370;28;0;224;1;2;108;7;
131900017;700;394;1;751;0;305;0;0;305;2;0;0;1;3;302;56;3;161;0;0;69;13;
131900018;800;367;0;881;0;433;0;4;433;0;8;0;0;8;425;46;0;266;0;1;100;12;
131900019;556;247;0;658;2;309;2;0;309;5;2;0;0;7;302;52;0;156;1;4;81;8;
131900020;500;238;1;568;0;261;0;0;261;1;5;3;0;9;252;59;0;120;0;2;59;12;
131900021;800;391;1;879;0;408;0;0;408;7;0;0;0;7;401;66;1;208;2;2;113;9;
131900022;800;427;1;814;1;372;1;0;372;2;2;4;0;8;364;66;3;200;1;4;79;11;
131900023;700;358;3;754;3;339;3;0;339;5;7;1;0;13;326;60;0;191;4;0;55;16;
131900024;653;341;1;737;0;311;0;0;311;1;2;1;0;4;307;42;1;178;1;2;74;9;
131900025;800;468;1;841;0;331;0;1;331;1;4;0;0;5;326;22;2;176;1;5;110;10;
131900026;700;408;0;721;0;292;0;0;292;0;1;0;0;1;291;26;1;157;4;2;95;6;
131900027;600;392;2;678;0;206;0;0;206;1;1;5;0;7;199;8;1;106;3;5;69;7;
131900028;800;436;1;851;5;363;5;0;363;2;4;1;0;7;356;48;0;181;3;3;103;18;
131900029;600;265;1;713;1;334;1;0;334;5;16;0;0;21;313;21;3;166;4;1;108;10;
131900030;800;386;0;880;0;414;0;0;414;1;4;5;0;10;404;73;1;202;2;2;107;17;
131900031;800;413;0;865;0;387;0;0;387;4;1;0;1;6;381;83;4;176;2;1;103;12;
131900032;780;376;0;404;0;404;0;1;404;1;3;8;0;12;392;69;0;198;6;5;96;18;
131900033;600;278;0;690;0;322;0;3;322;4;3;0;0;7;315;77;0;152;2;3;72;9;
131900034;800;415;4;895;1;381;1;3;381;2;4;2;0;8;373;54;4;190;3;5;107;10;
131900035;697;394;2;801;2;301;2;0;301;4;4;0;0;8;293;44;0;146;5;2;83;13;
131900036;800;467;1;855;0;332;0;4;332;0;3;0;0;3;329;47;0;201;0;1;72;8;
131900037;800;463;1;851;0;336;0;0;336;1;1;4;1;7;329;20;1;212;2;2;75;17;
131900038;800;465;2;825;0;333;0;0;333;1;2;0;0;3;330;50;1;163;1;4;92;19;
131900039;500;252;2;596;0;246;0;4;246;1;3;1;0;5;241;21;1;120;2;6;80;11;
131900040;707;400;0;784;1;307;1;0;307;4;4;2;0;10;297;29;0;166;2;2;95;3;
131900041;600;372;0;680;0;228;0;0;228;1;0;0;0;1;227;29;1;114;2;1;68;12;
131900042;610;336;2;701;0;272;0;0;272;12;2;2;0;16;256;27;1;116;3;1;95;13;
131900043;790;503;2;877;0;285;0;5;285;0;3;0;0;3;282;1;1;278;1;0;1;0;
131900044;600;516;0;659;0;84;0;0;84;0;1;12;0;13;71;1;0;70;0;0;0;0;
131900045;600;308;1;650;1;291;1;0;291;2;11;0;0;13;278;38;0;157;1;1;74;7;
131900046;600;263;0;697;0;337;0;0;337;3;3;0;0;6;331;28;2;194;1;6;91;9;
131900047;800;444;0;844;2;356;2;1;356;1;6;11;0;18;338;30;0;165;4;2;131;6;
131900048;803;484;1;822;0;318;0;0;318;2;4;0;0;6;312;32;1;169;1;4;93;12;
131900049;500;295;1;553;0;204;0;0;204;2;2;0;0;4;200;17;1;117;0;0;62;3;
131900050;700;435;0;744;1;265;1;0;265;0;0;0;0;0;265;24;0;142;2;3;81;13;
131900051;500;358;1;588;0;141;0;0;141;0;1;8;0;9;132;15;4;66;0;1;42;4;
131900052;700;508;0;713;1;192;1;1;192;6;1;1;0;8;184;16;1;93;0;3;64;7;
131900053;798;571;4;835;0;223;0;0;223;0;0;12;0;12;211;4;0;200;1;2;4;0;
131900054;700;455;1;760;4;244;4;0;244;2;0;20;0;22;222;9;0;183;0;3;25;2;
131900055;600;348;1;619;0;251;0;0;251;0;0;4;0;4;247;13;1;149;0;2;73;9;
131900056;500;279;1;548;0;220;0;0;220;0;0;0;0;0;220;13;1;139;0;1;60;6;
131900057;795;511;1;839;0;283;0;3;283;0;0;3;0;3;280;31;2;147;2;4;80;14;
131900058;800;513;1;286;0;286;0;0;286;0;1;0;0;1;285;23;0;163;2;1;77;19;
131900059;684;381;2;781;0;301;0;0;301;1;2;0;0;3;298;34;0;174;1;2;79;8;
131900060;800;575;2;841;0;223;0;0;223;4;11;2;0;17;206;8;1;194;1;0;2;0;
131900061;700;564;5;822;1;131;1;0;131;0;1;0;0;1;130;3;2;122;1;2;0;0;
131900062;800;470;1;810;0;329;0;0;329;9;0;0;0;9;320;33;1;178;2;5;84;17;
131900063;500;257;1;544;0;242;0;5;242;1;1;0;0;2;240;26;2;151;0;3;52;6;
131900064;500;293;0;568;0;207;0;4;207;1;2;0;0;3;204;21;1;103;1;1;71;6;
131900065;800;525;2;863;0;273;0;4;273;0;0;1;0;1;272;25;0;151;6;2;84;4;
131900066;800;529;0;815;0;271;0;0;271;1;3;0;0;4;267;35;2;138;3;1;82;6;
131900067;700;414;0;782;6;286;6;0;286;4;1;0;0;5;281;35;0;136;2;7;88;13;
131900068;706;461;1;677;0;244;0;1;244;5;1;2;0;8;236;19;0;146;2;1;64;4;
131900069;700;421;0;807;0;279;0;1;279;1;2;5;0;8;271;31;0;142;0;0;90;8;
131900070;700;396;1;784;0;303;0;0;303;4;0;0;0;4;299;31;2;162;0;1;98;5;
131900071;600;339;1;260;0;260;0;0;260;4;3;0;0;7;253;24;0;139;0;1;83;6;
131900072;700;432;2;755;4;266;4;0;266;6;0;0;0;6;260;12;1;147;1;4;86;9;
131900073;574;330;0;645;0;244;0;0;244;2;2;5;0;9;235;26;1;122;1;4;75;6;
131900074;695;483;0;746;0;212;0;0;212;1;2;0;0;3;209;14;0;121;0;0;65;9;
131900075;700;391;18;735;0;291;0;0;291;2;2;0;0;4;287;41;1;159;1;3;67;15;
131900076;500;282;1;630;1;217;1;4;217;1;0;4;0;5;212;10;1;159;1;0;40;1;
131900077;694;575;2;798;0;117;0;0;117;0;2;1;0;3;114;2;0;111;0;0;1;0;
131900078;700;465;1;766;0;234;0;4;234;0;1;0;0;1;233;24;1;120;1;1;82;4;
131900079;500;260;0;576;1;240;1;0;240;0;4;0;0;4;236;25;2;135;0;3;58;13;
131900080;696;355;1;756;0;340;0;0;340;4;5;6;0;15;325;35;3;216;0;4;64;3;
131900081;800;453;4;831;0;343;0;0;343;3;1;5;0;9;334;41;1;207;2;3;73;7;
131900082;604;419;2;612;1;183;1;0;183;0;0;0;0;0;183;19;2;91;3;0;58;10;
131900083;684;479;0;798;7;205;7;0;205;2;0;0;2;4;201;2;0;194;1;0;3;1;
131900084;496;387;2;589;0;107;0;4;107;7;0;1;0;8;99;0;0;99;0;0;0;0;
131900085;706;513;2;791;0;191;0;0;191;9;0;3;0;12;179;5;2;170;1;0;1;0;
131900086;800;613;0;888;0;187;0;0;187;1;3;0;0;4;183;2;2;176;0;1;2;0;
131900087;600;414;1;644;0;185;0;0;185;1;0;1;0;2;183;14;0;100;0;0;59;10;
131900088;100;51;0;47;2;49;2;2;49;0;0;0;0;0;49;3;0;33;1;1;9;2;
131900089;150;108;1;149;0;41;0;0;41;0;1;1;0;2;39;1;0;25;1;1;10;1;
131900093;49;7;1;49;0;41;0;0;41;1;4;0;0;5;36;4;2;17;1;1;10;1;
131900094;65;2;1;65;0;62;0;13;62;4;1;0;0;5;57;3;0;36;1;0;16;1;
131900095;25;12;1;22;0;12;0;1;12;2;0;0;0;2;10;0;0;8;0;0;2;0;
131900151;600;369;3;634;1;228;1;0;228;0;1;7;0;8;220;1;0;204;3;0;11;1;
131900152;600;319;1;702;1;280;1;0;280;2;1;0;0;3;277;3;0;234;2;1;37;0;
131900153;600;350;2;655;3;248;3;0;248;1;0;5;0;6;242;17;2;150;1;1;68;3;
131900154;600;419;1;342;0;180;0;1;180;2;0;0;0;2;178;14;2;135;2;3;17;5;
131900155;700;370;8;785;0;322;0;2;322;8;0;0;0;8;314;8;3;201;1;1;100;0;
131900156;800;585;1;818;0;214;0;1;214;3;4;0;0;7;207;5;0;171;0;4;27;0;
131900157;800;391;0;921;2;409;2;0;409;2;6;0;1;9;400;29;2;322;2;4;35;6;
131900158;500;232;0;268;0;268;0;0;268;1;2;7;0;10;258;7;1;185;1;2;60;2;
131900159;500;249;1;569;1;250;1;0;250;1;1;7;0;9;241;13;2;144;1;2;77;2;
131900160;500;300;1;198;1;199;1;0;199;0;1;0;0;1;198;1;1;124;0;1;63;8;
131900161;500;268;0;578;0;232;0;0;232;1;6;0;0;7;225;25;0;115;1;3;69;12;
131900162;500;298;0;582;0;202;0;1;202;1;2;3;0;6;196;3;1;174;2;2;12;2;
131900163;700;298;2;777;3;400;3;0;400;6;11;7;0;24;376;15;0;162;2;0;181;16;
131900164;500;239;1;594;2;260;2;0;260;0;2;1;0;3;257;13;1;159;1;3;75;5;
131900165;500;278;1;517;0;221;0;1;221;0;4;0;0;4;217;14;2;113;3;1;83;1;
131900166;800;464;0;860;0;336;0;0;336;3;17;0;0;20;316;15;1;228;4;4;54;10;
131900167;800;579;7;819;0;214;0;0;214;0;7;0;0;7;207;14;2;117;0;1;69;4;
131900168;800;529;0;876;0;271;0;1;271;1;18;0;0;19;252;10;0;169;2;1;63;7;
131900169;600;329;0;651;0;271;0;1;271;2;3;12;0;17;254;24;1;147;3;3;69;7;
131900170;800;502;1;877;0;297;0;0;297;2;12;0;0;14;283;15;0;193;0;0;71;4;
131900171;300;152;0;366;0;148;0;2;148;0;0;2;0;2;146;8;0;99;1;4;30;4;
131900172;800;504;0;872;2;296;2;0;296;3;0;0;0;3;293;16;1;140;2;4;122;8;
131900173;800;504;1;824;0;295;0;2;295;2;14;1;0;17;278;14;0;137;0;2;117;8;
131900174;900;619;0;931;0;281;0;0;281;0;4;1;0;5;276;2;4;254;5;4;6;1;
131900175;800;524;2;846;1;274;1;2;274;0;3;3;0;6;268;33;0;115;3;4;105;8;
131900176;400;181;0;494;0;219;0;0;219;2;2;7;0;11;208;11;0;105;3;2;83;4;
131900177;600;358;4;721;2;238;2;0;238;3;4;4;0;11;227;17;0;150;1;0;54;5;
131900178;800;523;0;828;0;277;0;0;277;4;0;12;0;16;261;15;1;145;5;2;88;5;
131900179;600;347;1;659;3;252;3;0;252;0;1;10;0;11;241;21;2;135;4;1;74;4;
131900180;600;373;2;642;0;225;0;0;225;17;2;0;0;19;206;10;1;167;2;1;25;0;
131900181;600;379;1;625;2;220;2;0;220;0;4;0;0;4;216;19;0;108;3;1;77;8;
131900182;500;292;2;554;3;206;3;2;206;3;1;2;0;6;200;8;1;130;0;2;54;5;
131900183;500;236;1;544;0;263;0;0;263;0;1;8;0;9;254;15;2;163;0;2;67;5;
131900184;200;64;0;244;1;136;1;0;136;11;0;0;0;11;125;15;1;88;1;2;16;2;
131900185;800;357;1;878;0;442;0;0;442;4;5;0;1;10;432;16;1;249;3;6;150;7;
131900186;800;414;8;824;0;378;0;0;378;3;2;0;0;5;373;23;0;174;2;4;165;5;
131900187;800;331;0;931;1;469;1;0;469;1;23;0;0;24;445;33;2;225;3;2;166;14;
131900188;400;156;0;484;2;244;2;0;244;8;1;2;0;11;233;19;0;113;0;2;97;2;
131900189;593;356;1;663;1;236;1;0;236;2;2;0;0;4;232;20;1;170;0;5;31;5;
131900190;500;286;0;574;2;214;2;0;214;1;0;0;0;1;213;18;0;176;2;0;14;3;
131900191;800;402;0;874;0;398;0;2;398;3;5;15;1;24;374;33;2;206;1;4;121;7;
131900192;900;456;0;938;6;444;6;0;444;4;4;6;0;14;430;15;1;280;3;4;122;5;
131900193;800;405;0;828;0;395;0;0;395;2;1;0;0;3;392;24;0;278;1;1;78;10;
131900194;300;126;2;283;1;172;1;1;172;1;0;2;0;3;169;14;0;125;3;1;24;2;
131900195;600;395;1;508;2;204;2;0;204;0;6;11;2;19;185;11;2;69;0;2;96;5;
131900196;300;151;2;294;0;147;0;2;147;4;1;0;0;5;142;12;0;111;0;0;17;2;
131900197;900;449;1;948;4;450;4;0;450;2;10;3;0;15;435;23;0;276;3;5;122;6;
131900198;150;66;1;161;0;83;0;2;83;0;0;0;0;0;83;11;0;41;1;2;26;2;
131900200;500;281;1;528;0;218;0;2;218;3;2;2;0;7;211;11;1;148;1;0;45;5;
131900201;500;260;2;529;2;238;2;0;238;1;0;15;0;16;222;5;0;206;0;0;9;2;
131900202;389;179;0;514;3;210;3;0;210;3;0;5;0;8;202;15;1;132;0;1;47;6;
131900203;600;356;1;657;1;243;1;0;243;1;1;8;0;10;233;29;2;113;0;1;73;15;
131900204;700;295;3;401;1;402;1;0;402;1;3;0;1;5;397;23;0;274;3;0;92;5;
131900205;400;182;1;515;0;217;0;2;217;4;0;0;0;4;213;4;1;194;0;0;13;1;
132000001;800;488;0;856;0;312;0;0;312;3;6;10;0;19;293;27;2;168;0;4;83;9;
132000002;800;506;0;884;0;294;0;0;294;0;3;5;0;8;286;20;1;150;1;5;102;7;
132000003;700;364;0;753;1;336;1;0;336;5;3;3;0;11;325;20;4;199;2;2;89;9;
132000004;800;542;1;845;0;257;0;2;257;6;2;1;0;9;248;19;1;159;0;3;57;9;
132000005;700;430;1;772;0;269;0;0;269;1;7;1;0;9;260;14;0;171;1;3;59;12;
132000006;700;443;2;817;0;255;0;2;255;0;3;5;0;8;247;9;1;145;1;0;85;6;
132000007;800;475;3;839;0;322;0;0;322;2;2;2;0;6;316;7;0;249;1;5;48;6;
132000008;700;343;3;784;1;354;1;0;354;3;5;0;0;8;346;26;0;219;2;5;86;8;
132000009;700;358;0;781;1;342;1;0;342;4;4;1;0;9;333;20;4;181;0;5;113;10;
132000010;1000;637;1;969;0;362;0;0;362;1;3;4;0;8;354;31;0;188;3;4;114;14;
132000011;1000;535;2;1013;0;463;0;0;463;2;4;0;0;6;457;43;4;248;0;0;135;27;
132000013;1000;581;2;1031;0;417;0;0;417;6;5;0;0;11;406;33;0;258;2;2;92;19;
132000014;1000;588;2;992;0;410;0;0;410;3;5;0;0;8;402;31;1;271;1;2;74;22;
132000015;1000;598;1;920;0;401;0;1;401;1;5;4;0;10;391;28;3;267;1;2;78;12;
132000016;700;434;2;736;0;264;0;2;264;4;0;0;1;5;259;17;1;158;1;4;70;8;
132000017;1000;731;0;935;2;269;2;0;269;2;2;6;1;11;258;12;0;176;3;7;55;5;
132000018;800;493;1;843;0;306;0;2;306;5;0;5;0;10;296;21;6;194;1;1;68;5;
132000019;1000;615;1;1058;0;384;0;0;384;3;4;1;0;8;376;31;0;199;2;2;125;17;
132000020;50;29;1;33;0;20;0;0;20;0;0;0;0;0;20;0;0;13;1;0;6;0;
132000021;600;378;0;557;0;222;0;0;222;0;0;0;0;0;222;10;2;125;2;2;71;10;
132000025;800;467;1;757;5;332;5;0;332;7;1;13;1;22;310;4;3;192;4;2;96;9;
132000026;1200;700;2;1110;5;498;5;0;498;4;6;0;0;10;488;13;1;263;0;5;193;13;
132000028;1000;611;1;778;5;388;5;0;388;1;4;0;0;5;383;12;1;256;1;4;103;6;
132000030;700;397;0;659;5;303;5;0;303;1;6;8;0;15;288;7;3;200;3;2;71;2;
132000031;700;497;0;631;0;203;0;0;203;1;2;0;0;3;200;9;2;104;1;0;84;0;
132000032;700;508;0;609;2;192;2;0;192;0;0;0;0;0;192;18;0;94;4;1;73;2;
132000034;400;253;0;308;1;147;1;4;147;3;3;0;0;6;141;13;0;82;1;1;40;4;
132000036;600;369;0;599;2;231;2;0;231;5;4;9;0;18;213;3;3;167;1;0;33;6;
132000038;1000;588;0;980;0;412;0;0;412;0;3;0;0;3;409;15;2;263;1;2;112;14;
132000039;1000;619;0;935;1;381;1;0;381;2;3;15;0;20;361;24;3;228;1;2;98;5;
132100001;600;464;1;135;0;135;0;0;135;1;4;0;0;5;130;1;2;119;0;2;3;3;
132100002;710;544;2;715;0;164;0;4;164;1;1;2;0;4;160;3;1;150;2;0;2;2;
132100003;500;272;1;501;1;227;1;0;227;0;1;0;0;1;226;31;1;109;4;2;78;1;
132100004;830;504;2;834;1;324;1;0;324;2;5;1;0;8;316;18;2;175;1;3;107;10;
132100005;730;515;1;739;0;214;0;6;214;0;0;3;0;3;211;4;0;198;2;0;7;0;
132100006;760;603;1;769;0;156;0;0;156;5;2;0;0;7;149;2;1;143;0;1;2;0;
132100007;560;312;0;565;0;248;0;2;248;1;3;0;0;4;244;9;1;142;2;1;74;15;
132100008;640;315;3;644;0;322;0;0;322;1;4;12;1;18;304;9;0;248;1;1;39;6;
132100009;770;401;2;774;0;367;0;1;367;2;0;0;0;2;365;25;2;227;7;1;94;9;
132100010;550;252;3;557;1;295;1;0;295;2;5;2;0;9;286;39;4;140;3;2;88;10;
132100011;630;343;3;634;0;284;0;0;284;1;11;0;0;12;272;19;0;138;2;4;98;11;
132100012;640;313;2;641;0;325;0;0;325;1;0;4;0;5;320;28;2;175;1;2;103;9;
132100013;500;288;2;510;0;210;0;0;210;1;1;0;0;2;208;15;0;88;1;1;97;6;
132100014;620;369;2;622;1;249;1;0;249;1;0;6;0;7;242;7;0;134;1;1;92;7;
132100015;500;263;1;502;0;236;0;0;236;4;2;2;0;8;228;12;0;109;2;0;96;9;
132100016;620;322;2;628;0;296;0;0;296;1;2;1;0;4;292;27;1;161;3;3;91;6;
132100017;520;307;2;521;0;211;0;0;211;1;1;0;0;2;209;21;1;88;3;3;88;5;
132100018;690;424;1;689;0;265;0;0;265;10;1;0;0;11;254;20;1;132;2;0;97;2;
132100019;779;458;2;786;0;319;0;0;319;6;1;0;1;8;311;21;1;141;1;5;140;2;
132100020;810;454;3;816;0;353;0;3;353;1;12;0;0;13;340;22;1;198;3;0;110;6;
132100021;700;427;0;704;0;273;0;3;273;4;1;0;0;5;268;24;3;153;3;5;71;9;
132100022;430;264;1;434;0;165;0;0;165;1;2;0;0;3;162;4;1;110;0;0;45;2;
132100023;720;431;0;289;0;289;0;6;289;6;0;0;0;6;283;6;2;272;1;0;2;0;
132100024;50;29;1;46;0;20;0;3;20;1;0;0;0;1;19;1;1;16;0;0;1;0;
132100026;700;380;2;701;2;318;2;0;318;13;0;0;0;13;305;10;0;175;2;1;112;5;
132100027;580;318;1;586;0;261;0;0;261;1;2;0;0;3;258;5;1;170;1;5;72;4;
132100028;680;301;3;685;4;376;4;0;376;0;4;0;0;4;372;22;1;200;2;1;141;5;
132400001;850;517;1;834;0;332;0;0;332;8;4;2;0;14;318;28;0;133;0;2;143;12;
132400002;800;521;4;773;0;275;0;0;275;1;3;5;0;9;266;19;0;148;0;1;94;4;
132400003;800;482;1;767;0;317;0;0;317;2;2;3;0;7;310;17;1;160;1;3;118;10;
132400004;800;554;1;745;1;245;1;0;245;0;2;6;0;8;237;21;0;132;1;3;74;6;
132400005;850;610;3;832;3;237;3;0;237;4;1;5;0;10;227;13;2;160;2;0;48;2;
132400006;850;601;0;834;2;249;2;0;249;0;7;0;0;7;242;11;1;177;1;1;41;10;
132400007;950;731;2;909;0;217;0;0;217;1;2;0;0;3;214;3;0;210;0;0;0;1;
132400008;900;777;1;886;0;122;0;0;122;2;0;0;0;2;120;4;3;113;0;0;0;0;
132400009;750;535;0;703;0;215;0;1;215;4;2;0;2;8;207;12;3;184;2;2;4;0;
132400010;800;584;1;773;0;215;0;0;215;3;3;3;0;9;206;6;3;170;3;3;17;4;
132400011;950;714;0;913;0;236;0;0;236;2;2;0;0;4;232;7;1;203;1;2;17;1;
132400012;1000;770;1;945;0;229;0;1;229;1;1;7;0;9;220;3;1;202;2;2;8;2;
132400013;800;556;2;751;0;242;0;0;242;0;2;0;0;2;240;19;2;159;2;3;53;2;
132400014;900;689;3;863;0;208;0;0;208;1;3;2;0;6;202;11;2;151;2;1;31;4;
132400015;726;552;2;726;0;172;0;0;172;0;3;15;0;18;154;24;0;110;0;0;16;4;
132900001;610;228;2;692;0;380;0;0;380;0;6;1;0;7;373;11;4;333;3;3;18;1;
132900002;834;285;1;938;0;548;0;0;548;3;26;0;0;29;519;0;1;517;1;0;0;0;
132900003;673;397;0;751;2;276;2;2;276;0;8;0;0;8;268;39;1;120;0;3;103;2;
132900004;818;479;4;916;0;335;0;0;335;9;0;0;0;9;326;33;0;154;2;3;126;8;
132900005;804;402;0;901;4;402;4;0;402;1;2;0;1;4;398;44;0;239;2;4;99;10;
132900006;767;432;1;858;0;334;0;1;334;7;0;0;0;7;327;42;0;169;0;2;101;13;
132900007;808;414;0;906;0;394;0;0;394;7;2;1;0;10;384;41;1;240;9;5;75;13;
132900008;822;476;2;919;1;344;1;0;344;0;4;0;0;4;340;30;1;208;0;3;88;10;
132900009;657;282;1;731;0;374;0;0;374;0;7;0;0;7;367;13;2;274;1;1;63;13;
132900010;852;479;3;955;0;370;0;0;370;1;5;4;0;10;360;33;4;175;5;2;136;5;
132900011;737;381;3;825;1;353;1;0;353;0;3;0;0;3;350;28;2;172;1;0;138;9;
132900012;502;322;0;563;1;180;1;0;180;1;8;0;0;9;171;29;0;99;1;5;34;3;
132900013;591;332;1;661;2;258;2;0;258;0;1;0;0;1;257;19;3;146;1;1;79;8;
132900014;773;511;0;869;0;262;0;0;262;3;3;4;0;10;252;11;0;208;0;1;30;2;
132900015;651;393;2;733;0;256;0;0;256;1;2;8;0;11;245;30;0;153;0;2;57;3;
132900016;566;334;1;637;1;231;1;1;231;3;2;1;0;6;225;18;1;141;2;2;58;3;
132900017;645;405;2;721;0;238;0;0;238;2;3;8;2;15;223;23;0;136;2;2;60;0;
132900018;576;312;0;646;0;264;0;0;264;18;2;0;0;20;244;8;1;187;1;1;39;7;
132900019;603;302;0;677;1;301;1;2;301;3;4;0;0;7;294;12;1;212;3;1;62;3;
132900020;46;8;0;50;1;38;1;0;38;0;0;0;0;0;38;6;0;27;2;0;3;0;
132900021;542;237;1;301;3;304;3;0;304;3;1;6;0;10;294;9;0;228;5;1;49;2;
132900022;759;381;1;850;0;377;0;0;377;1;11;1;0;13;364;15;1;177;2;2;161;6;
132900023;867;295;7;974;0;565;0;0;565;3;3;0;0;6;559;7;1;543;3;0;0;5;
132900024;571;283;0;641;4;288;4;0;288;0;5;11;0;16;272;24;3;163;5;0;67;10;
132900025;531;207;2;599;2;322;2;0;322;6;5;4;0;15;307;23;2;212;8;2;54;6;
132900026;819;478;2;918;0;339;0;0;339;1;5;7;0;13;326;20;3;128;2;0;165;8;
132900027;749;416;0;846;1;333;1;0;333;5;3;2;0;10;323;34;0;205;0;0;78;6;
132900028;630;306;0;708;0;324;0;0;324;2;0;11;1;14;310;14;1;288;3;0;2;2;
132900029;679;400;3;765;2;276;2;3;276;2;2;1;0;5;271;8;1;177;4;6;71;4;
132900030;321;149;2;360;0;170;0;0;170;5;1;1;0;7;163;13;0;134;2;1;12;1;
133200001;800;478;1;747;0;321;0;3;321;2;3;0;0;5;316;14;0;248;1;2;46;5;
133200002;1100;679;3;994;1;418;1;2;418;0;6;0;0;6;412;7;2;351;0;1;43;8;
133200003;800;516;1;751;3;283;3;0;283;1;3;2;0;6;277;11;0;227;1;1;34;3;
133200004;700;432;0;653;3;268;3;3;268;2;3;0;0;5;263;2;0;201;4;3;44;9;
133200005;685;369;2;688;0;314;0;1;314;1;3;5;0;9;305;12;0;260;0;1;27;5;
133200006;200;71;1;186;5;128;5;2;128;2;2;0;0;4;124;9;0;90;1;0;22;2;
133200007;302;129;1;264;0;172;0;0;172;2;2;1;0;5;167;10;0;134;1;2;10;10;
133200008;200;106;0;186;1;94;1;0;94;1;0;2;0;3;91;18;0;65;0;2;5;1;
133200009;200;81;1;177;4;118;4;2;118;0;2;0;0;2;116;13;2;73;3;3;16;6;
140800001;800;479;0;815;2;321;2;0;321;10;6;4;0;20;301;10;2;229;6;1;51;2;
140800002;900;480;1;942;4;419;4;4;419;5;3;1;1;10;409;30;3;286;4;2;76;8;
140800003;900;483;2;889;2;415;2;2;415;5;9;0;0;14;401;32;0;301;4;1;54;9;
140800004;899;508;3;951;5;388;5;5;388;8;3;2;0;13;375;14;1;286;9;0;60;5;
140800006;50;26;1;33;1;23;1;6;23;0;0;0;0;0;23;0;0;19;3;0;1;0;
140800007;50;33;1;35;0;16;0;0;16;0;0;0;0;0;16;0;0;14;0;1;1;0;
140800008;180;92;2;128;0;86;0;0;86;0;0;0;0;0;86;5;0;70;1;0;8;2;
140800009;150;68;1;109;4;81;4;0;81;1;1;3;0;5;76;3;0;63;0;0;9;1;
140800010;100;41;1;80;4;58;4;0;58;0;1;0;0;1;57;2;0;54;0;0;1;0;
140800011;90;51;0;59;0;39;0;4;39;1;2;0;0;3;36;4;0;26;2;0;4;0;
140800012;170;77;0;135;5;93;5;0;93;2;0;0;0;2;91;10;1;67;2;2;8;1;
140800013;130;63;0;106;0;67;0;0;67;2;2;0;0;4;63;9;0;48;0;0;5;1;
140800014;140;62;1;106;0;77;0;6;77;1;1;0;0;2;75;4;0;66;1;0;3;1;
140800015;170;98;1;139;1;71;1;0;71;0;0;0;0;0;71;8;0;53;0;0;8;2;
140800016;100;48;1;74;3;51;3;6;51;3;1;0;0;4;47;4;0;31;1;0;8;3;
140800017;130;46;3;74;7;81;7;0;81;0;2;6;0;8;73;10;0;49;2;2;7;3;
140800018;60;34;1;31;0;25;0;4;25;0;0;1;0;1;24;2;0;19;1;0;2;0;
140800019;240;113;1;205;4;126;4;0;126;6;2;1;0;9;117;8;1;95;2;1;8;2;
140800020;340;139;2;302;1;199;1;1;199;0;5;0;0;5;194;13;2;152;3;3;19;2;
140800021;175;81;1;150;0;93;0;0;93;1;2;0;0;3;90;6;0;69;4;0;10;1;
140800022;90;53;0;63;0;37;0;0;37;0;0;0;0;0;37;2;0;28;1;1;4;1;
140800023;600;360;1;574;1;239;1;1;239;0;0;0;0;0;239;33;2;169;1;0;28;6;
140800024;250;125;1;215;0;124;0;0;124;0;0;0;0;0;124;4;1;108;0;2;8;1;
140800025;120;65;1;98;2;54;2;0;54;0;1;0;0;1;53;5;0;36;2;2;5;3;
140800026;300;186;1;252;0;113;0;0;113;2;3;0;0;5;108;3;1;89;4;1;9;1;
141900001;400;170;7;445;2;223;2;1;223;0;3;3;1;7;216;13;4;166;2;7;21;3;
141900002;600;279;2;694;0;319;0;3;319;14;3;0;0;17;302;23;1;218;2;1;51;6;
141900003;600;329;3;584;2;268;2;2;268;1;5;0;0;6;262;23;3;171;3;2;56;4;
141900004;120;52;2;103;3;66;3;5;66;1;1;1;0;3;63;16;0;30;2;2;13;0;
141900005;150;78;1;132;3;71;3;6;71;1;0;0;1;2;69;6;0;54;3;1;4;1;
141900006;180;82;1;143;8;97;8;1;97;1;1;4;0;6;91;11;1;68;3;1;7;0;
141900007;50;24;2;39;4;24;4;6;24;0;0;0;0;0;24;10;0;12;0;1;1;0;
141900008;100;43;0;52;5;57;5;3;57;0;1;0;0;1;56;18;0;33;1;0;4;0;
141900009;200;110;1;150;6;89;6;1;89;6;1;0;1;8;81;7;0;64;2;1;6;1;
141900010;99;48;2;76;0;49;0;4;49;0;0;1;0;1;48;11;0;33;0;0;3;1;
141900011;60;29;1;38;0;30;0;4;30;0;0;0;1;1;29;3;0;22;0;1;3;0;
141900012;101;56;1;60;5;44;5;0;44;1;0;0;0;1;43;2;0;25;1;1;13;1;
141900013;120;73;1;45;1;46;1;5;46;0;0;0;0;0;46;2;0;36;2;0;5;1;
141900014;200;111;1;155;1;88;1;0;88;0;1;0;0;1;87;9;0;70;1;0;5;2;
141900015;80;31;1;62;4;48;4;3;48;0;0;0;0;0;48;6;0;35;1;2;3;1;
141900016;60;28;0;39;0;32;0;2;32;0;2;0;0;2;30;11;0;14;1;0;3;1;
142200001;150;59;0;133;3;91;3;0;91;2;1;0;0;3;88;4;0;83;0;0;1;0;
142200002;150;54;1;124;1;95;1;1;95;3;1;0;0;4;91;5;2;66;0;0;18;0;
142200003;270;119;1;246;4;150;4;0;150;1;1;6;0;8;142;6;0;126;0;1;9;0;
142200004;270;90;1;251;6;179;6;0;179;2;3;0;0;5;174;24;1;129;3;0;17;0;
142200005;100;47;1;73;2;52;2;4;52;0;0;0;0;0;52;10;0;35;0;0;6;1;
142200006;220;83;1;197;4;136;4;0;136;0;2;4;0;6;130;9;1;81;0;1;35;3;
142200007;350;95;2;325;8;253;8;0;253;3;3;0;0;6;247;14;0;188;1;4;34;6;
142200008;220;106;2;196;2;112;2;0;112;3;0;0;0;3;109;2;0;95;0;1;4;7;
142200009;70;27;1;54;4;42;4;0;42;0;3;0;0;3;39;1;1;35;0;0;2;0;
143200001;600;403;1;588;0;196;0;0;196;1;1;0;0;2;194;13;0;152;1;0;21;7;
143200002;600;426;1;611;0;173;0;5;173;1;1;0;0;2;171;8;2;123;2;0;34;2;
143200003;800;502;2;881;0;296;0;0;296;0;2;1;0;3;293;23;0;177;2;4;77;10;
143200004;600;359;1;617;0;240;0;1;240;1;2;0;0;3;237;11;3;167;0;2;48;6;
143200005;600;392;1;572;0;207;0;0;207;2;3;1;0;6;201;16;3;136;3;1;36;6;
143200006;600;401;1;198;0;198;0;0;198;1;0;6;0;7;191;11;1;121;0;3;50;5;
143200007;600;379;2;613;0;219;0;0;219;5;2;0;0;7;212;16;0;141;2;1;46;6;
143200008;600;375;2;627;5;223;5;3;223;1;1;0;0;2;221;13;0;165;1;2;35;5;
143200009;700;414;1;741;0;285;0;0;285;0;2;1;0;3;282;26;1;195;0;6;45;9;
143200010;700;395;0;737;1;305;1;0;305;6;0;0;0;6;299;29;2;200;1;4;53;10;
143200011;600;352;0;624;0;248;0;0;248;2;3;6;0;11;237;12;1;191;2;0;27;4;
143200012;630;386;1;575;0;243;0;0;243;1;2;0;0;3;240;14;0;169;2;5;48;2;
143200013;800;487;2;852;0;311;0;1;311;2;2;0;0;4;307;21;3;212;3;0;61;7;
143200014;495;283;1;541;0;211;0;5;211;1;3;0;0;4;207;11;1;152;2;1;27;13;
143200015;600;378;1;631;0;221;0;0;221;7;0;0;0;7;214;15;1;157;0;1;26;14;
143200016;600;441;1;567;0;158;0;3;158;2;4;0;0;6;152;13;1;104;0;0;30;4;
143200017;600;368;3;652;0;229;0;0;229;3;2;1;1;7;222;13;3;174;1;0;30;1;
143200018;900;550;3;923;3;347;3;0;347;2;3;0;0;5;342;22;2;246;7;2;54;9;
143200019;500;249;2;551;0;249;0;1;249;2;2;0;0;4;245;13;2;149;2;5;65;9;
143200020;600;366;2;646;0;232;0;1;232;2;1;1;0;4;228;17;0;156;1;4;48;2;
143200021;600;390;2;557;0;208;0;0;208;6;2;0;0;8;200;9;0;149;1;1;33;7;
143200022;600;377;1;689;0;222;0;0;222;0;2;0;0;2;220;13;0;152;1;1;40;13;
143200023;700;463;3;702;0;234;0;0;234;1;2;0;0;3;231;13;3;165;0;0;43;7;
143200024;600;411;1;572;0;188;0;0;188;1;2;0;0;3;185;10;0;134;0;0;32;9;
143200025;600;436;3;586;0;161;0;0;161;1;1;0;0;2;159;12;1;105;0;0;36;5;
143200026;700;468;1;728;0;231;0;0;231;0;4;0;0;4;227;26;0;147;0;0;44;10;
143200027;800;546;1;808;0;253;0;1;253;1;3;0;0;4;249;21;0;161;1;1;53;12;
143200028;700;448;1;251;0;251;0;4;251;0;2;0;0;2;249;16;2;188;0;1;39;3;
143200029;500;326;0;489;3;174;3;0;174;3;0;0;0;3;171;17;0;113;1;2;30;8;
143200030;500;381;1;470;0;118;0;3;118;1;1;0;0;2;116;11;0;67;0;1;31;6;
143200031;700;450;1;702;0;249;0;0;249;1;1;1;0;3;246;10;2;171;3;1;48;11;
143200032;600;408;3;647;0;189;0;2;189;0;4;1;0;5;184;17;1;134;0;1;26;5;
143200033;1000;676;1;1025;0;323;0;0;323;1;6;0;0;7;316;15;1;224;0;0;68;8;
143200034;900;602;1;946;0;297;0;0;297;3;2;0;0;5;292;16;0;205;2;5;55;9;
143200035;600;373;1;537;0;226;0;2;226;2;3;2;0;7;219;11;0;153;7;3;36;9;
143200036;650;455;1;574;3;194;3;0;194;0;5;0;0;5;189;10;1;124;2;2;44;6;
143200037;495;332;2;460;0;161;0;0;161;2;1;1;0;4;157;7;0;113;1;0;32;4;
143200038;600;437;1;539;0;162;0;4;162;1;1;0;0;2;160;10;0;102;1;2;36;9;
143200039;700;463;3;654;0;234;0;4;234;3;1;0;0;4;230;34;0;139;2;4;43;8;
143200040;800;522;0;750;0;278;0;4;278;7;1;5;0;13;265;22;0;173;2;1;57;10;
143200041;650;439;2;616;0;209;0;0;209;0;3;4;0;7;202;12;1;131;1;1;46;10;
143200042;700;466;1;661;0;233;0;3;233;0;5;4;0;9;224;12;1;148;3;4;51;5;
143200043;750;547;1;706;0;202;0;6;202;1;8;0;0;9;193;6;2;144;1;2;33;5;
143200044;700;507;1;657;1;192;1;7;192;1;3;1;0;5;187;12;1;117;9;0;43;5;
143200045;800;504;1;841;0;295;0;0;295;6;3;2;0;11;284;15;1;184;2;0;76;6;
143200046;950;635;3;892;1;312;1;0;312;2;6;0;0;8;304;21;2;169;2;3;97;10;
143200047;700;467;1;637;2;232;2;4;232;0;6;1;0;7;225;13;0;126;3;2;77;4;
143200048;535;270;1;535;7;264;7;0;264;1;9;0;0;10;254;36;1;171;4;0;30;12;
143200049;900;540;4;846;7;356;7;3;356;1;7;5;0;13;343;35;1;187;2;4;101;13;
143200050;1050;654;3;956;2;393;2;0;393;0;7;0;0;7;386;35;2;225;4;0;112;8;
143200051;240;146;1;156;6;93;6;0;93;1;1;1;0;3;90;9;2;64;1;1;9;4;
143200052;60;22;1;30;7;37;7;0;37;0;1;0;0;1;36;2;0;31;0;0;3;0;
143200053;500;310;1;544;0;189;0;2;189;4;0;1;0;5;184;11;0;132;1;0;40;0;
143200054;700;430;1;708;0;269;0;2;269;0;2;1;0;3;266;11;0;194;1;0;51;9;
143200055;602;368;0;604;0;234;0;0;234;2;0;0;0;2;232;19;1;174;0;0;30;8;
143200056;700;486;0;672;0;214;0;0;214;0;0;1;0;1;213;24;1;137;0;0;38;13;
143200057;600;357;0;667;3;243;3;0;243;0;2;2;0;4;239;11;0;174;3;1;46;4;
143200058;600;402;0;594;0;198;0;0;198;0;3;0;0;3;195;18;0;131;3;2;37;4;
143200059;600;391;1;656;0;208;0;7;208;0;2;0;0;2;206;4;0;153;0;4;41;4;
143200060;600;441;2;635;0;157;0;5;157;1;2;1;0;4;153;15;0;107;1;0;28;2;
143200061;608;397;0;674;0;211;0;4;211;0;1;0;0;1;210;19;1;154;1;0;28;7;
143200062;900;576;1;902;0;323;0;3;323;3;4;0;0;7;316;6;3;274;7;1;22;3;
143200063;600;451;1;611;0;148;0;0;148;1;0;1;0;2;146;1;0;134;1;1;8;1;
143200064;800;479;1;887;0;320;0;0;320;2;3;0;0;5;315;18;0;259;1;1;30;6;
143200065;800;470;1;828;1;329;1;0;329;5;1;0;0;6;323;25;3;231;0;0;54;10;
143200066;906;572;0;916;0;334;0;0;334;7;0;2;2;11;323;34;1;212;1;3;64;8;
143200067;500;304;2;533;3;194;3;0;194;1;0;0;0;1;193;6;1;153;2;1;28;2;
143200068;800;452;1;844;4;347;4;4;347;2;5;0;0;7;340;32;1;243;3;1;49;11;
143200069;600;345;2;577;0;253;0;0;253;2;6;0;0;8;245;14;1;178;6;2;35;9;
143200070;800;427;1;888;0;372;0;2;372;0;4;1;0;5;367;38;1;264;2;1;48;13;
143200071;900;542;1;901;0;357;0;0;357;3;9;0;0;12;345;37;1;238;2;1;57;9;
143200072;800;568;0;780;0;232;0;4;232;9;2;1;0;12;220;4;1;197;2;0;16;0;
143200073;1000;576;3;996;2;421;2;0;421;2;5;2;0;9;412;35;0;291;1;0;72;13;
143200074;600;282;2;667;0;316;0;1;316;2;0;0;0;2;314;54;1;198;1;0;45;15;
143200075;600;309;2;578;0;289;0;6;289;3;0;0;0;3;286;31;7;213;0;4;24;7;
143200076;800;390;1;853;0;409;0;3;409;4;3;1;0;8;401;49;1;268;1;2;64;16;
143200077;600;290;1;685;1;309;1;5;309;2;5;0;0;7;302;47;1;182;1;0;59;12;
143200078;700;360;0;711;0;340;0;0;340;0;5;1;0;6;334;45;0;240;0;1;31;17;
143200079;600;380;3;530;3;217;3;4;217;1;0;0;0;1;216;29;1;138;3;0;37;8;
143200080;600;273;0;322;5;327;5;5;327;4;4;0;0;8;319;43;0;214;1;0;50;11;
143200081;600;310;2;689;2;288;2;0;288;5;1;0;0;6;282;29;2;194;2;0;44;11;
143200082;600;368;1;576;0;231;0;0;231;0;0;0;0;0;231;37;0;153;0;0;33;8;
143200083;700;389;2;750;0;309;0;4;309;2;1;0;0;3;306;50;3;179;0;4;56;14;
143200084;900;500;2;902;0;398;0;0;398;2;4;0;0;6;392;73;1;252;1;4;49;12;
143200085;600;362;2;643;0;236;0;0;236;2;4;0;0;6;230;31;1;160;0;1;32;5;
143200086;600;374;1;604;0;225;0;0;225;0;5;0;1;6;219;20;1;149;0;5;38;6;
143200087;595;372;0;625;0;223;0;0;223;4;2;3;0;9;214;15;0;148;3;1;43;4;
143200088;1000;631;3;958;0;366;0;0;366;2;4;0;0;6;360;33;1;236;6;2;80;2;
143200089;500;307;0;510;0;193;0;0;193;3;3;0;0;6;187;25;0;113;2;0;40;7;
143200090;600;396;1;650;0;203;0;0;203;2;1;9;1;13;190;3;0;130;2;0;54;1;
143200091;600;382;1;605;0;217;0;2;217;2;3;0;0;5;212;4;0;172;3;0;25;8;
143200092;900;539;1;931;0;360;0;0;360;1;5;6;0;12;348;44;1;224;4;1;58;16;
143200093;600;378;2;637;0;220;0;0;220;2;2;0;0;4;216;16;0;142;0;5;45;8;
143200094;800;470;7;855;1;323;1;0;323;5;2;0;0;7;316;26;2;231;1;1;44;11;
143200095;800;498;1;766;0;301;0;3;301;3;3;0;0;6;295;30;1;183;0;2;72;7;
143200096;800;550;1;741;1;249;1;1;249;2;2;0;0;4;245;20;0;176;1;0;38;10;
143200097;600;381;3;573;0;216;0;6;216;1;1;0;0;2;214;14;1;132;2;0;59;6;
143200098;700;440;0;708;0;260;0;0;260;4;2;0;0;6;254;23;1;167;1;2;52;8;
143200099;600;382;0;623;0;218;0;2;218;1;4;3;0;8;210;6;1;151;1;1;47;3;
143200100;600;418;1;563;0;181;0;0;181;1;1;3;0;5;176;13;0;124;3;2;29;5;
143200101;800;496;0;833;1;304;1;0;304;4;3;5;0;12;292;13;0;210;4;2;53;10;
143200102;600;426;1;501;1;173;1;0;173;1;0;0;0;1;172;14;0;133;4;0;21;0;
143200103;600;400;1;575;0;199;0;0;199;2;1;0;0;3;196;7;2;154;2;2;25;4;
143200104;598;409;0;561;1;189;1;0;189;0;2;0;0;2;187;10;0;140;2;3;31;1;
143200105;800;592;4;748;0;204;0;0;204;2;0;0;0;2;202;20;0;152;1;0;22;7;
143200106;800;550;1;762;0;249;0;3;249;0;3;1;0;4;245;21;0;170;0;0;46;8;
143200107;600;310;0;674;4;290;4;0;290;0;4;3;0;7;283;28;1;198;2;2;42;10;
143200108;600;395;1;573;0;204;0;0;204;0;1;0;0;1;203;16;1;143;0;2;35;6;
143200109;600;383;4;606;0;213;0;0;213;3;0;5;0;8;205;16;1;142;1;0;41;4;
143200110;600;288;1;910;0;311;0;2;311;4;2;0;0;6;305;24;0;219;0;0;53;9;
143200111;594;385;10;570;0;199;0;0;199;6;1;2;0;9;190;18;0;135;3;3;28;3;
143200112;800;516;1;803;1;283;1;3;283;0;4;2;0;6;277;25;1;199;2;1;40;9;
143200113;600;372;1;560;0;227;0;0;227;1;1;0;0;2;225;13;0;173;1;0;32;6;
143200114;600;333;0;637;0;267;0;3;267;0;2;3;1;6;261;21;0;183;0;0;52;5;
143200115;800;418;1;813;1;381;1;4;381;1;10;0;0;11;370;30;1;281;0;3;52;3;
143200116;500;294;1;484;4;205;4;0;205;8;3;0;0;11;194;20;2;143;0;1;21;7;
143200117;900;487;1;889;1;412;1;1;412;0;1;0;0;1;411;44;2;294;1;1;61;8;
143200118;900;617;1;792;3;282;3;0;282;1;6;1;0;8;274;25;2;197;5;1;24;20;
143200119;1000;688;1;852;0;311;0;0;311;1;7;3;3;14;297;16;0;213;3;1;60;4;
143200120;1000;709;1;824;0;290;0;0;290;1;2;0;0;3;287;12;0;222;2;0;44;7;
143200121;900;544;0;818;0;356;0;4;356;4;7;0;1;12;344;15;0;288;6;3;30;2;
143200122;300;155;6;257;3;139;3;0;139;2;5;6;0;13;126;5;0;92;1;0;24;4;
143200123;445;262;0;382;1;183;1;0;183;2;1;0;0;3;180;19;0;136;3;0;14;8;
143200124;150;72;2;106;2;76;2;6;76;2;1;0;0;3;73;16;3;51;0;0;3;0;
143200125;60;29;1;39;6;30;6;0;30;0;0;0;0;0;30;5;0;21;0;0;4;0;
143200126;800;508;1;715;0;291;0;0;291;12;3;0;0;15;276;8;0;236;1;0;30;1;
143200127;800;512;1;699;2;287;2;1;287;3;5;1;0;9;278;24;2;206;2;0;35;9;
143200128;700;431;1;661;1;268;1;0;268;0;2;0;0;2;266;17;2;200;3;1;40;3;
143200129;348;192;2;292;0;154;0;1;154;0;3;4;0;7;147;3;0;128;1;0;13;2;
143200130;550;372;1;473;1;177;1;4;177;0;2;1;0;3;174;11;1;120;2;0;37;3;
143200131;545;344;2;455;0;199;0;2;199;5;2;0;0;7;192;11;0;128;2;2;48;1;
143200132;600;341;1;528;0;258;0;0;258;1;3;0;0;4;254;20;1;168;3;1;56;5;
143200133;150;92;2;94;1;56;1;5;56;1;2;0;0;3;53;8;0;37;0;1;5;2;
143200134;150;87;1;93;2;62;2;0;62;1;2;1;0;4;58;7;1;47;1;0;1;1;
143200135;328;240;0;139;0;88;0;5;88;2;1;0;2;5;83;7;0;66;2;2;4;2;
143200136;98;61;0;61;0;37;0;7;37;0;0;0;0;0;37;3;1;28;1;0;4;0;
143200137;100;60;1;43;0;39;0;0;39;0;1;0;0;1;38;3;0;29;2;0;2;2;
143200138;100;75;1;27;0;24;0;7;24;1;0;0;0;1;23;0;0;18;0;0;5;0;
143600001;600;369;1;591;0;230;0;6;230;0;2;0;0;2;228;17;0;137;3;1;55;15;
143600002;900;658;2;891;1;240;1;0;240;4;1;0;0;5;235;11;1;169;1;3;46;4;
143600003;800;580;1;820;1;219;1;0;219;1;0;0;0;1;218;21;1;139;1;3;45;8;
143600004;700;439;2;659;1;259;1;2;259;4;2;0;0;6;253;23;0;171;2;1;52;4;
143600005;600;388;1;618;1;211;1;4;211;4;2;0;0;6;205;32;2;134;1;2;25;9;
143600006;695;439;1;724;0;255;0;2;255;3;3;1;0;7;248;16;1;174;1;0;54;2;
143600007;1000;703;1;947;0;296;0;0;296;3;6;0;0;9;287;12;2;178;4;1;79;11;
143600008;600;353;1;607;0;246;0;0;246;1;1;3;0;5;241;16;2;177;2;0;40;4;
143600009;800;610;1;606;0;189;0;0;189;1;3;0;0;4;185;9;0;128;3;2;41;2;
143600010;726;542;1;704;0;183;0;0;183;2;1;0;0;3;180;16;1;132;0;1;26;4;
143600011;528;327;2;479;0;199;0;3;199;1;2;1;0;4;195;22;2;134;0;3;26;8;
143600012;804;551;2;814;0;251;0;0;251;0;0;1;0;1;250;5;2;200;1;3;31;8;
143600013;790;551;3;846;0;236;0;0;236;1;3;0;0;4;232;11;1;180;2;0;34;4;
143600014;727;501;1;713;0;225;0;0;225;1;3;1;0;5;220;15;1;158;2;2;38;4;
143600015;850;636;1;865;0;213;0;0;213;2;1;1;0;4;209;8;0;155;4;0;39;3;
143600016;412;287;2;438;0;123;0;1;123;0;1;0;0;1;122;4;0;88;1;1;24;4;
143600017;904;700;1;863;1;203;1;1;203;0;3;5;0;8;195;15;0;128;1;2;42;7;
143600018;600;360;0;639;2;240;2;0;240;1;0;6;0;7;233;11;1;155;3;0;59;4;
143600019;400;227;2;353;0;171;0;2;171;11;1;2;0;14;157;10;1;99;5;0;39;3;
143600020;500;272;1;440;1;227;1;0;227;2;2;0;0;4;223;18;1;137;12;1;54;0;
143600021;300;175;1;270;1;124;1;0;124;4;1;1;0;6;118;5;0;90;4;0;16;3;
143600022;500;332;1;395;7;167;7;4;167;0;3;2;0;5;162;13;3;122;2;2;19;1;
143600023;288;169;0;102;17;119;17;0;119;1;1;5;0;7;112;7;0;89;0;1;11;4;
143600024;350;193;1;269;4;156;4;1;156;0;9;0;0;9;147;22;1;108;1;0;7;8;
143600025;500;305;1;443;4;194;4;4;194;10;4;0;0;14;180;13;1;139;4;0;15;8;
143600026;199;114;2;163;1;83;1;4;83;2;1;4;0;7;76;4;1;63;0;0;4;4;
143600027;250;157;1;178;1;92;1;5;92;1;1;6;0;8;84;1;2;72;1;0;3;5;
143600028;150;74;1;112;5;75;5;3;75;2;0;0;0;2;73;8;0;43;0;0;19;3;
143600029;195;97;1;157;4;97;4;2;97;4;3;1;0;8;89;8;1;61;2;2;11;4;
143600030;100;69;0;68;0;31;0;4;31;0;0;0;0;0;31;6;1;15;0;0;9;0;
143600031;150;94;0;97;0;56;0;4;56;2;0;1;0;3;53;8;1;33;0;1;9;1;
143600032;400;216;0;309;3;184;3;5;184;2;10;2;0;14;170;7;0;109;1;2;48;3;
143600033;500;322;2;388;2;176;2;7;176;3;2;4;0;9;167;18;0;112;3;2;32;0;
143600034;100;75;1;55;3;24;3;0;24;0;3;1;0;4;20;1;0;17;1;0;1;0;
143600035;151;101;1;116;0;49;0;3;49;0;1;0;0;1;48;0;0;25;0;0;18;5;
143600036;300;220;3;227;0;77;0;5;77;0;0;2;0;2;75;4;1;34;2;0;29;5;
143600037;445;232;2;491;1;211;1;3;211;1;5;2;0;8;203;8;0;130;2;2;57;4;
143600038;150;74;0;106;3;76;3;5;76;0;0;3;0;3;73;12;0;52;2;1;3;3;
143600039;99;63;0;67;1;36;1;0;36;0;0;0;0;0;36;2;0;26;0;0;8;0;
143600040;99;64;1;77;1;34;1;0;34;1;0;0;0;1;33;0;1;24;1;0;5;2;
143600041;200;93;2;171;0;105;0;5;105;0;5;0;0;5;100;6;1;81;2;0;6;4;
143600042;251;167;1;200;3;83;3;5;83;3;2;0;0;5;78;4;0;64;3;0;5;2;
143600043;198;132;1;100;0;65;0;0;65;2;0;3;0;5;60;11;1;42;1;0;5;0;
143600044;139;73;0;109;1;66;1;4;66;0;0;0;0;0;66;9;0;43;1;1;7;5;
143600045;100;60;2;64;3;38;3;4;38;0;2;0;0;2;36;6;0;24;1;1;4;0;
143600046;259;146;2;216;2;111;2;4;111;0;0;1;1;2;109;5;0;95;2;1;5;1;
143600047;100;58;1;54;0;41;0;0;41;0;0;0;0;0;41;0;0;40;0;0;1;0;
143600048;100;71;0;51;0;29;0;0;29;1;0;1;0;2;27;5;0;20;1;1;0;0;
143600049;100;59;1;66;4;40;4;0;40;0;1;0;0;1;39;4;0;24;0;0;9;2;
143600050;150;98;1;96;0;51;0;5;51;1;2;0;0;3;48;2;1;29;1;1;13;1;
143600051;110;32;1;97;1;77;1;6;77;4;1;0;0;5;72;2;2;45;2;2;16;3;
145100001;500;253;1;565;1;246;1;0;246;1;1;0;0;2;244;13;1;184;4;0;35;7;
145100002;400;176;2;473;0;222;0;0;222;1;0;0;0;1;221;11;1;169;0;2;33;5;
145100003;500;249;1;620;1;250;1;0;250;4;1;0;0;5;245;7;1;198;1;1;36;1;
145100004;500;306;0;550;0;194;0;1;194;1;2;0;0;3;191;8;1;151;1;1;25;4;
145100005;160;76;0;128;1;84;1;4;84;1;4;0;0;5;79;1;0;63;1;2;12;0;
145100006;60;29;0;39;7;31;7;0;31;0;0;0;0;0;31;4;0;17;0;0;10;0;
145100007;120;63;1;88;3;56;3;3;56;0;0;0;0;0;56;2;0;43;0;0;8;3;
145100008;60;36;0;31;3;24;3;0;24;0;0;0;0;0;24;6;0;17;0;0;0;1;
145100009;70;44;0;38;0;26;0;7;26;0;0;0;0;0;26;1;0;22;0;0;2;1;
145100010;160;90;0;119;3;70;3;5;70;0;1;0;0;1;69;2;0;64;0;0;3;0;
145100011;120;59;2;69;1;59;1;0;59;0;0;0;0;0;59;2;0;54;0;0;3;0;
145100012;150;82;0;97;4;68;4;3;68;4;0;0;0;4;64;7;1;46;1;0;8;1;
145100013;100;61;2;69;2;37;2;5;37;1;0;0;0;1;36;1;0;32;0;0;0;3;
145100014;70;38;0;40;0;32;0;3;32;0;0;0;0;0;32;0;0;24;1;1;4;2;
145100015;60;32;0;35;5;28;5;0;28;1;0;0;0;1;27;0;0;27;0;0;0;0;
145100016;60;19;1;36;4;40;4;4;40;0;0;0;0;0;40;1;0;38;0;0;1;0;
145100017;69;25;0;46;2;44;2;3;44;0;0;0;0;0;44;0;0;39;0;0;4;1;
145100018;120;76;0;72;2;44;2;0;44;1;0;0;0;1;43;0;0;43;0;0;0;0;
145100019;70;32;0;46;5;38;5;7;38;0;0;0;0;0;38;0;0;32;1;0;5;0;
145100020;60;27;2;29;4;31;4;0;31;0;0;0;0;0;31;0;0;29;0;0;2;0;
145100021;110;35;3;67;5;72;5;2;72;1;0;0;0;1;71;1;0;70;0;0;0;0;
145100022;80;40;0;45;6;40;6;0;40;0;1;0;0;1;39;0;0;38;0;0;1;0;
145100023;80;35;0;54;5;45;5;0;45;0;0;0;0;0;45;0;0;42;0;0;3;0;
145100024;70;35;1;38;2;34;2;2;34;0;0;0;0;0;34;4;0;25;1;0;4;0;
145100025;101;53;1;62;1;47;1;3;47;0;0;0;0;0;47;1;0;41;0;0;4;1;
145100026;70;32;1;39;3;37;3;0;37;0;0;0;0;0;37;2;0;31;1;0;3;0;
145100027;120;70;0;77;11;50;11;1;50;0;0;0;0;0;50;0;0;40;0;1;8;1;
145100028;80;47;0;50;0;33;0;6;33;0;0;0;0;0;33;2;0;29;0;0;2;0;
145100029;79;52;0;37;0;27;0;0;27;0;0;0;0;0;27;1;0;24;0;1;1;0;
145100030;80;34;0;48;1;46;1;5;46;0;0;0;0;0;46;2;0;42;0;0;2;0;
145100031;90;50;0;63;0;40;0;4;40;0;0;0;0;0;40;4;0;30;2;0;4;0;
145100032;80;52;1;46;0;27;0;0;27;2;0;1;0;3;24;1;0;14;0;0;8;1;
145100033;300;182;0;196;1;118;1;4;118;1;1;0;0;2;116;4;1;87;3;1;14;6;
145100034;60;46;0;26;0;14;0;6;14;0;0;0;0;0;14;2;1;8;0;0;3;0;
145100035;89;57;0;63;0;32;0;3;32;0;0;0;0;0;32;0;0;27;1;1;2;1;
145100036;90;47;0;54;4;43;4;0;43;1;0;0;0;1;42;1;0;39;0;1;1;0;
145100037;120;73;0;80;1;47;1;7;47;0;1;0;0;1;46;4;0;37;0;0;3;2;
150300001;1040;508;3;950;0;529;0;0;529;3;4;4;2;13;516;52;2;259;6;6;181;10;
150300002;813;453;1;742;3;359;3;0;359;2;4;0;0;6;353;31;5;196;3;1;101;16;
150300003;1046;601;2;956;0;443;0;1;443;3;7;3;0;13;430;38;2;258;0;5;119;8;
150300004;703;373;1;639;0;329;0;0;329;3;2;0;0;5;324;13;2;177;1;4;121;6;
150300005;561;314;2;510;0;245;0;0;245;1;1;0;0;2;243;20;0;138;4;1;75;5;
150300006;809;440;3;741;4;366;4;0;366;1;8;4;0;13;353;14;1;190;1;3;142;2;
150300007;937;466;1;856;3;470;3;3;470;3;7;0;1;11;459;11;2;307;2;1;128;8;
150300008;1090;592;2;996;5;496;5;5;496;1;7;1;0;9;487;14;2;309;1;6;145;10;
150300009;582;307;2;529;4;273;4;0;273;3;6;4;1;14;259;18;3;144;4;3;79;8;
150300010;454;184;0;413;2;270;2;0;270;4;4;1;0;9;261;10;4;184;6;2;54;1;
150300011;474;218;1;432;5;255;5;0;255;0;10;18;0;28;227;6;0;133;3;0;83;2;
150300012;260;107;8;238;0;145;0;2;145;3;3;1;0;7;138;11;0;95;1;0;28;3;
150300013;376;197;1;346;0;178;0;0;178;0;2;1;1;4;174;2;0;116;3;1;52;0;
150300014;57;10;1;50;0;46;0;0;46;1;2;2;0;5;41;4;0;28;2;2;5;0;
150300015;612;285;0;560;3;327;3;1;327;6;2;2;0;10;317;16;3;181;5;1;98;13;
150300016;817;502;1;748;0;314;0;0;314;1;3;0;0;4;310;31;1;158;0;5;108;7;
150800001;717;372;1;669;0;344;0;1;344;2;1;1;0;4;340;28;2;209;3;2;86;10;
150800002;617;388;2;571;0;227;0;0;227;3;8;1;0;12;215;14;1;90;5;0;104;1;
150800003;980;545;0;907;0;435;0;0;435;3;1;2;0;6;429;20;3;203;2;3;193;5;
150800004;851;507;0;788;1;344;1;0;344;3;4;10;0;17;327;19;1;168;4;0;130;5;
150800005;393;172;0;368;0;221;0;0;221;3;4;2;0;9;212;18;0;106;2;0;82;4;
150800006;324;160;3;161;0;161;0;0;161;0;3;0;0;3;158;9;1;121;1;0;26;0;
150800007;457;202;0;426;3;255;3;0;255;3;3;0;1;7;248;10;1;145;5;2;82;3;
150800008;712;424;0;661;2;288;2;3;288;0;16;0;0;16;272;20;0;152;2;3;89;6;
150800009;631;370;0;585;1;261;1;0;261;3;8;0;0;11;250;17;2;126;2;0;99;4;
150800010;660;405;1;611;0;254;0;2;254;9;2;0;0;11;243;17;1;114;3;3;100;5;
150800011;598;274;13;556;0;311;0;0;311;2;4;7;0;13;298;9;1;187;5;2;93;1;
150800012;761;392;2;706;1;367;1;0;367;4;1;0;0;5;362;18;2;211;4;1;118;8;
150800013;797;540;2;738;0;255;0;0;255;3;7;0;0;10;245;13;0;98;1;6;123;4;
150800014;886;555;3;823;1;328;1;0;328;1;12;6;0;19;309;10;0;133;5;0;160;1;
150800015;662;433;0;616;1;229;1;0;229;0;4;7;0;11;218;11;1;117;2;3;83;1;
150800016;841;537;2;776;0;302;0;0;302;0;3;8;0;11;291;10;0;174;3;3;100;1;
150800017;829;531;2;770;0;296;0;0;296;2;2;9;0;13;283;5;0;207;0;1;68;2;
150800018;594;361;3;551;2;230;2;0;230;4;6;0;0;10;220;2;0;144;3;0;70;1;
150800019;397;143;2;370;0;252;0;0;252;1;12;0;0;13;239;13;2;158;8;3;55;0;
150800020;475;229;2;443;1;244;1;0;244;5;8;0;0;13;231;18;4;151;4;3;50;1;
150800021;577;362;0;535;0;215;0;1;215;3;0;1;0;4;211;8;0;155;4;1;42;1;
151000001;518;214;2;518;3;302;3;0;302;4;9;1;0;14;288;14;1;235;7;2;23;6;
151000002;457;273;4;457;2;180;2;0;180;1;1;1;1;4;176;5;0;123;5;2;35;6;
151000003;876;471;1;876;0;404;0;0;404;23;6;1;1;31;373;11;2;241;6;4;103;6;
151000004;642;290;2;640;5;350;5;0;350;2;4;9;0;15;335;15;1;271;4;0;36;8;
151000005;521;284;1;522;0;236;0;1;236;6;1;2;0;9;227;4;1;158;1;1;58;4;
151000006;513;255;2;513;0;256;0;0;256;2;4;0;0;6;250;8;0;148;8;5;79;2;
151000007;502;271;3;500;0;228;0;0;228;2;3;0;0;5;223;7;0;139;1;1;73;2;
151000008;246;81;1;247;2;164;2;0;164;0;1;4;0;5;159;10;0;123;2;0;19;5;
151000009;822;413;2;824;0;407;0;0;407;8;0;0;0;8;399;8;3;238;5;6;132;7;
151000010;863;455;0;865;0;408;0;0;408;3;6;2;0;11;397;16;2;235;4;7;129;4;
151000011;817;428;0;815;1;389;1;0;389;3;2;0;0;5;384;18;2;197;5;4;145;13;
151000012;884;509;0;881;0;375;0;0;375;8;5;9;0;22;353;14;0;259;3;2;73;2;
151000013;751;465;2;753;2;284;2;0;284;4;10;0;2;16;268;12;1;152;3;2;96;2;
151000014;469;219;0;475;0;250;0;6;250;7;5;7;0;19;231;18;1;100;4;3;98;7;
151000015;477;252;0;477;1;225;1;0;225;12;0;0;0;12;213;8;1;145;1;2;52;4;
151000016;657;335;2;659;2;320;2;0;320;1;1;10;0;12;308;9;1;223;2;4;63;6;
151000017;477;199;6;478;0;272;0;0;272;3;2;1;0;6;266;7;0;184;1;4;69;1;
151000018;475;236;1;475;1;238;1;0;238;3;3;0;0;6;232;6;1;156;3;1;64;1;
151000019;375;168;1;375;0;206;0;0;206;2;6;7;0;15;191;3;0;136;0;2;50;0;
151000020;500;215;0;501;1;285;1;0;285;9;8;2;0;19;266;12;1;177;7;2;67;0;
151000021;894;431;2;897;3;461;3;1;461;5;8;19;1;33;428;10;1;258;3;3;150;3;
151000022;647;259;2;646;5;386;5;1;386;4;7;0;0;11;375;16;4;273;3;1;77;1;
151000023;571;215;0;572;0;356;0;0;356;3;3;0;0;6;350;26;0;248;5;1;61;9;
151000024;430;254;3;431;2;173;2;3;173;0;1;1;0;2;171;13;2;100;1;1;51;3;
151000025;549;289;3;547;5;257;5;0;257;1;7;4;1;13;244;12;2;169;7;2;47;5;
151000026;615;312;19;284;2;284;2;0;284;2;7;7;3;19;265;9;0;205;5;0;45;1;
151000027;564;296;0;565;0;268;0;0;268;2;1;1;0;4;264;10;2;204;1;6;40;1;
151000028;469;261;3;473;0;205;0;3;205;1;2;2;0;5;200;17;0;114;3;0;65;1;
151000029;509;301;0;511;1;208;1;0;208;0;3;0;0;3;205;25;4;131;0;2;39;4;
151000030;499;294;2;503;0;203;0;2;203;8;1;0;2;11;192;26;1;100;2;1;60;2;
151000031;568;280;23;575;0;265;0;4;265;19;4;0;0;23;242;21;4;127;1;1;86;2;
151000032;597;334;1;601;1;262;1;1;262;4;2;1;0;7;255;23;2;136;5;1;84;4;
151000033;521;374;2;522;0;145;0;0;145;0;2;1;0;3;142;15;1;73;4;2;45;2;
151100001;600;321;4;657;0;275;0;0;275;11;3;1;0;15;260;6;0;223;2;0;28;1;
151100002;500;254;1;566;3;245;3;0;245;0;8;0;0;8;237;26;3;130;4;3;62;9;
151100003;450;220;1;493;0;229;0;0;229;2;3;0;0;5;224;28;1;120;1;1;68;5;
151100004;600;313;1;600;0;286;0;0;286;2;4;0;0;6;280;36;0;184;2;2;49;7;
151100005;450;214;1;476;0;235;0;0;235;1;2;0;0;3;232;28;0;139;3;3;52;7;
151100006;400;229;1;452;0;170;0;0;170;3;2;0;0;5;165;16;0;106;0;3;32;8;
151100007;450;232;1;474;1;217;1;0;217;1;5;4;0;10;207;11;1;142;4;1;45;3;
151100008;500;260;4;494;0;236;0;4;236;4;5;24;0;33;203;4;1;135;2;1;58;2;
151100009;500;150;1;540;0;349;0;0;349;7;8;11;1;27;322;18;0;170;3;2;126;3;
151100010;650;274;6;660;1;370;1;0;370;2;4;10;2;18;352;10;2;206;2;1;130;1;
151100011;500;199;2;505;5;299;5;0;299;3;4;24;1;32;267;7;0;210;6;0;42;2;
151100012;350;148;3;352;6;199;6;3;199;2;1;21;0;24;175;6;1;112;2;3;49;2;
151100013;500;222;5;543;0;273;0;2;273;5;0;0;0;5;268;22;1;117;2;2;118;6;
151100014;450;203;2;448;0;245;0;2;245;3;1;1;0;5;240;3;1;212;1;0;23;0;
151100015;450;199;2;470;1;249;1;0;249;1;2;0;0;3;246;16;0;177;2;2;45;4;
151100016;500;280;2;518;4;218;4;0;218;2;0;0;0;2;216;12;0;139;0;1;61;3;
151100017;350;170;1;364;0;179;0;2;179;8;0;0;0;8;171;19;0;93;0;0;54;5;
151100018;400;226;1;405;1;173;1;0;173;0;1;1;1;3;170;6;1;130;4;2;25;2;
151100019;500;242;1;521;3;257;3;1;257;2;0;0;0;2;255;12;1;173;3;0;63;3;
151100020;350;159;7;381;1;184;1;0;184;7;0;0;0;7;177;15;1;126;1;0;33;1;
151100021;400;265;0;385;0;135;0;0;135;3;0;8;0;11;124;12;0;91;1;1;18;1;
151600001;600;212;1;699;0;387;0;0;387;1;3;0;1;5;382;31;0;217;3;1;122;8;
151600002;800;437;2;858;1;361;1;3;361;4;9;0;0;13;348;38;0;188;1;3;114;4;
151600003;800;421;2;847;3;377;3;0;377;3;1;9;0;13;364;47;0;162;2;3;137;13;
151600004;600;332;2;639;0;266;0;0;266;1;6;2;0;9;257;20;1;140;4;0;88;4;
151600005;600;309;0;590;0;291;0;0;291;0;11;0;0;11;280;20;0;141;5;0;109;5;
151600006;800;387;1;909;0;412;0;0;412;1;1;6;0;8;404;51;1;181;0;3;158;10;
151600007;800;388;1;813;0;411;0;2;411;3;3;16;0;22;389;37;1;213;0;2;131;5;
151600008;800;382;3;835;2;415;2;0;415;3;1;8;0;12;403;10;1;329;2;1;57;3;
151600009;1000;578;0;893;2;422;2;1;422;16;2;16;1;35;387;10;3;356;4;0;11;3;
151600010;800;433;2;831;0;365;0;0;365;0;0;6;0;6;359;24;0;263;3;1;64;4;
151600011;600;238;0;644;0;362;0;0;362;4;2;0;0;6;356;30;0;203;7;2;106;8;
151600012;600;211;2;729;0;387;0;4;387;1;1;2;1;5;382;27;1;196;4;2;146;6;
151600013;600;301;2;553;0;297;0;0;297;1;3;0;0;4;293;25;0;173;1;3;84;7;
151600015;600;318;1;637;0;281;0;7;281;3;1;0;0;4;277;9;4;223;5;0;34;2;
151600016;600;358;6;596;0;236;0;0;236;2;3;0;0;5;231;3;1;203;5;1;17;1;
151600017;400;154;1;487;3;245;3;3;245;1;2;0;1;4;241;5;0;147;0;0;85;4;
151600018;200;127;0;117;5;73;5;0;73;1;0;0;0;1;72;4;1;58;1;0;5;3;
151600019;800;391;1;930;2;408;2;0;408;4;3;12;0;19;389;40;0;233;3;5;101;7;
151600020;50;9;0;55;2;41;2;0;41;4;1;2;1;8;33;6;0;18;0;0;7;2;
151600021;800;478;3;680;1;319;1;0;319;0;5;5;0;10;309;15;1;179;3;5;99;7;
151600022;400;156;0;492;0;244;0;0;244;0;2;1;0;3;241;5;2;138;2;2;90;2;
151600023;401;116;2;457;4;283;4;0;283;11;2;0;1;14;269;16;3;217;3;2;26;2;
151600024;800;403;0;854;0;397;0;2;397;4;15;0;0;19;378;22;2;182;7;1;161;3;
151600025;600;346;2;631;0;252;0;3;252;6;1;0;0;7;245;28;0;96;1;2;117;1;
151600026;800;508;0;805;1;292;1;0;292;8;7;8;0;23;269;21;0;92;0;6;145;5;
151600027;600;322;1;553;1;277;1;2;277;3;13;0;1;17;260;17;1;140;1;1;96;4;
151600028;600;275;2;669;4;323;4;2;323;1;8;0;0;9;314;24;2;191;1;3;86;7;
151600029;600;348;0;706;0;252;0;1;252;2;10;9;0;21;231;15;2;140;2;0;68;4;
151600030;600;315;0;554;1;285;1;0;285;0;5;9;0;14;271;20;1;162;2;3;72;11;
151600031;800;476;0;756;0;324;0;1;324;5;7;0;0;12;312;13;2;176;2;2;114;3;
152100001;950;414;2;992;2;534;2;0;534;9;6;0;0;15;519;7;4;487;10;5;5;1;
152100002;600;324;3;647;0;273;0;0;273;2;1;4;0;7;266;8;0;195;2;2;53;6;
152100003;800;283;0;836;6;517;6;1;517;16;7;6;0;29;488;4;1;473;1;2;4;3;
152100004;900;453;1;940;0;446;0;0;446;3;7;1;0;11;435;33;1;311;2;4;77;7;
152100005;600;251;0;608;0;349;0;0;349;1;5;0;2;8;341;1;2;260;7;1;68;2;
152100006;800;377;1;848;4;422;4;0;422;3;11;5;0;19;403;16;2;248;3;1;130;3;
152100007;230;66;0;232;3;164;3;0;164;0;7;0;0;7;157;14;1;114;2;0;22;4;
152100008;292;91;0;306;1;201;1;1;201;1;1;2;0;4;197;16;1;134;2;0;37;7;
152100009;500;247;0;493;1;253;1;0;253;2;4;0;0;6;247;4;0;127;3;5;105;3;
152100010;100;20;3;99;2;77;2;0;77;0;0;2;0;2;75;5;0;49;1;1;16;3;
152100011;800;436;1;793;2;363;2;0;363;0;3;2;0;5;358;14;2;175;2;0;162;3;
152100012;130;45;0;121;0;85;0;0;85;0;3;0;0;3;82;8;0;61;1;0;10;2;
152100013;600;310;2;616;4;288;4;0;288;4;6;1;0;11;277;17;1;202;1;1;51;4;
152100014;270;93;2;275;2;175;2;0;175;2;8;6;0;16;159;12;2;118;1;1;18;7;
152100015;600;330;1;591;5;269;5;0;269;1;3;8;0;12;257;24;1;181;2;1;45;3;
152100016;620;295;2;322;1;323;1;0;323;3;10;0;0;13;310;10;1;208;7;2;77;5;
152100017;370;219;1;373;0;150;0;2;150;1;4;3;0;8;142;7;0;106;9;2;14;4;
152100018;480;226;3;481;5;251;5;0;251;0;3;0;0;3;248;11;0;164;6;1;65;1;
152300001;600;321;2;586;1;277;1;0;277;23;4;8;0;35;242;3;0;184;5;1;46;3;
152300002;700;359;2;717;1;339;1;0;339;4;5;14;2;25;314;22;1;207;1;2;74;7;
152300003;700;358;4;719;0;338;0;1;338;11;2;2;0;15;323;8;2;229;5;1;72;6;
152300004;700;432;1;732;0;267;0;0;267;3;3;0;0;6;261;7;3;188;3;2;56;2;
152300005;500;279;0;483;0;221;0;0;221;1;3;0;0;4;217;16;0;139;1;3;54;4;
152300006;700;417;0;699;0;283;0;0;283;1;9;1;0;11;272;6;0;147;6;2;106;5;
152300007;500;299;3;508;0;198;0;0;198;10;2;3;0;15;183;1;1;143;6;1;29;2;
152300008;700;301;0;748;5;399;5;0;399;6;11;19;0;36;363;19;3;248;5;1;81;6;
152300009;500;249;1;536;4;250;4;0;250;1;12;0;0;13;237;7;6;157;4;0;62;1;
152300010;500;274;3;519;0;223;0;1;223;0;6;9;0;15;208;9;1;136;7;3;48;4;
152400001;811;426;0;813;2;385;2;0;385;6;2;1;0;9;376;39;10;236;4;3;74;10;
152400002;761;444;0;766;21;317;21;0;317;1;10;0;0;11;306;36;5;179;2;2;74;8;
152400003;710;388;0;747;6;322;6;0;322;0;2;2;0;4;318;30;3;170;1;3;102;9;
152400004;888;559;1;325;3;328;3;0;328;20;2;0;0;22;306;36;2;168;4;7;82;7;
152400005;888;474;1;955;2;413;2;0;413;0;4;2;2;8;405;62;2;192;2;4;135;8;
152400006;919;521;0;925;7;398;7;5;398;0;10;0;2;12;386;64;3;210;0;0;95;14;
152400007;828;450;1;377;0;377;0;7;377;1;1;2;1;5;372;44;3;220;1;4;90;10;
152400008;827;425;0;860;29;402;29;0;402;7;2;5;1;15;387;85;1;193;2;2;88;16;
152400009;907;494;1;911;0;412;0;3;412;0;3;0;0;3;409;46;7;204;1;7;128;16;
152400010;870;515;1;877;0;354;0;0;354;4;5;0;0;9;345;35;4;173;2;4;112;15;
152400011;901;575;1;906;5;325;5;0;325;2;1;3;0;6;319;29;3;158;2;3;114;10;
152400012;845;551;1;845;5;293;5;0;293;1;3;0;0;4;289;31;2;142;1;4;102;7;
152400013;926;642;0;930;5;284;5;0;284;0;5;1;0;6;278;25;1;151;0;1;92;8;
152400014;810;561;4;817;0;245;0;2;245;2;1;1;0;4;241;23;3;112;0;1;93;9;
152400015;888;611;0;892;0;277;0;5;277;2;2;0;0;4;273;27;3;150;2;1;82;8;
152400016;783;539;0;737;3;244;3;0;244;1;1;0;0;2;242;28;4;147;0;3;56;4;
152400017;782;515;2;788;0;265;0;2;265;0;1;0;0;1;264;21;1;150;1;0;79;12;
152400018;869;606;0;874;0;263;0;5;263;3;3;0;0;6;257;25;1;146;1;2;76;6;
152400019;905;599;1;902;1;305;1;1;305;0;1;0;0;1;304;26;0;157;1;4;110;6;
152400020;915;604;1;921;0;310;0;3;310;0;0;0;0;0;310;24;3;198;1;2;77;5;
152400021;930;610;0;320;4;320;4;0;320;1;3;0;0;4;316;27;2;196;0;4;77;10;
152400022;860;593;1;865;2;266;2;1;266;0;2;1;0;3;263;18;0;153;0;2;83;7;
152400023;757;510;4;807;4;243;4;0;243;2;2;1;0;5;238;32;0;125;3;0;73;5;
152400024;736;526;0;674;0;210;0;4;210;4;0;0;0;4;206;18;1;106;1;5;71;4;
152400025;912;598;0;951;3;314;3;0;314;1;8;0;0;9;305;42;0;164;1;1;95;2;
152400026;884;554;4;886;3;326;3;0;326;1;1;0;0;2;324;35;1;180;3;3;94;8;
152400027;840;582;1;847;0;257;0;7;257;2;5;0;0;7;250;23;1;131;1;4;82;8;
152400028;845;558;1;846;1;286;1;3;286;4;5;0;1;10;276;39;1;128;0;0;98;10;
152400029;919;603;1;859;6;315;6;0;315;0;2;0;0;2;313;38;2;147;2;3;112;9;
152400030;918;581;0;921;3;337;3;3;337;1;3;1;0;5;332;35;0;169;1;3;115;9;
152400031;956;622;1;963;0;333;0;2;333;0;3;0;0;3;330;47;5;158;1;4;101;14;
152400032;841;525;1;842;0;315;0;2;315;4;5;0;0;9;306;59;1;136;3;0;95;12;
152400033;920;601;2;858;15;317;15;8;317;0;4;6;0;10;307;35;0;167;1;1;90;13;
152400034;847;463;0;887;0;384;0;0;384;1;2;2;2;7;377;48;2;204;2;0;116;5;
152400035;801;503;0;806;1;298;1;0;298;2;0;4;0;6;292;30;0;145;1;4;103;9;
152400036;964;599;6;962;0;359;0;1;359;5;1;0;0;6;353;34;1;200;1;1;108;8;
152400037;712;440;3;727;4;269;4;2;269;2;1;0;0;3;266;31;4;119;1;3;100;8;
152400038;838;515;15;889;0;308;0;0;308;2;6;7;0;15;293;40;2;158;2;1;77;13;
152400039;892;579;11;802;0;302;0;0;302;4;1;13;0;18;284;38;1;148;0;2;90;5;
152400040;830;501;1;876;0;328;0;2;328;4;5;2;0;11;317;34;2;145;1;1;116;18;
152400041;724;469;0;255;0;255;0;0;255;0;1;1;0;2;253;27;1;135;1;3;80;6;
152400042;848;484;15;892;0;349;0;4;349;2;10;3;0;15;334;40;2;189;0;6;91;6;
152400043;721;429;1;728;1;291;1;6;291;2;0;0;0;2;289;22;2;154;0;1;106;4;
152400044;694;415;0;702;0;279;0;5;279;5;3;0;1;9;270;19;1;167;1;3;75;4;
152400045;760;519;1;699;0;240;0;2;240;2;2;0;0;4;236;18;0;124;0;1;81;12;
152400046;840;602;2;777;1;236;1;0;236;1;2;7;0;10;226;22;1;112;3;2;82;4;
152400047;824;573;0;824;4;251;4;0;251;0;7;0;0;7;244;29;1;121;2;2;84;5;
152400048;946;539;33;944;7;374;7;0;374;6;0;0;0;6;368;24;2;216;0;3;108;15;
152400049;925;613;1;929;0;311;0;0;311;1;3;0;0;4;307;16;4;166;1;1;107;12;
152400050;894;595;1;951;0;298;0;0;298;2;1;0;1;4;294;27;0;140;2;3;113;9;
152400051;800;526;2;738;0;272;0;0;272;0;0;1;0;1;271;23;0;140;0;3;103;2;
152400052;800;434;1;809;0;365;0;0;365;0;10;3;1;14;351;37;0;169;1;4;131;9;
152400053;849;478;0;888;0;371;0;0;371;2;4;3;2;11;360;42;3;187;0;0;118;10;
152400054;813;568;7;812;0;238;0;5;238;2;2;2;1;7;231;23;1;98;3;2;98;6;
152400055;850;562;7;855;0;281;0;2;281;3;2;0;2;7;274;30;2;140;2;2;91;7;
152400056;844;519;3;848;0;322;0;2;322;1;1;0;0;2;320;19;2;208;0;2;81;8;
152400057;737;398;1;670;10;338;10;0;338;10;0;0;0;10;328;50;1;169;3;1;90;14;
152400058;864;580;1;1206;1;283;1;3;283;0;5;2;0;7;276;30;3;141;1;4;90;7;
152400059;867;601;1;866;0;265;0;4;265;0;1;0;0;1;264;40;2;138;1;4;74;5;
152400060;644;361;3;644;0;280;0;0;280;1;1;0;0;2;278;34;2;143;3;0;88;8;
152400061;623;326;1;631;0;296;0;0;296;2;2;5;0;9;287;71;2;121;1;2;76;14;
152400062;540;239;3;540;4;298;4;0;298;2;0;0;0;2;296;53;0;152;2;1;83;5;
152400063;857;503;2;861;0;352;0;4;352;0;0;2;0;2;350;71;0;172;1;3;94;9;
152400064;950;550;3;954;0;397;0;0;397;0;5;9;0;14;383;71;2;220;3;3;76;8;
152400065;961;566;3;962;0;392;0;0;392;1;5;0;0;6;386;49;2;223;1;5;89;17;
152400066;944;621;0;948;2;323;2;0;323;1;3;1;0;5;318;21;5;176;1;7;101;7;
152400067;832;491;0;830;0;341;0;0;341;1;2;2;0;5;336;50;0;169;0;2;100;15;
152400068;849;432;2;1192;0;415;0;0;415;4;3;1;1;9;406;56;1;223;0;2;109;15;
152400069;1004;611;2;1004;2;391;2;5;391;9;1;0;1;11;380;41;2;231;0;4;93;9;
152400070;900;481;2;905;5;417;5;2;417;2;2;3;0;7;410;63;3;209;4;3;112;16;
152400071;1075;682;1;1182;3;392;3;0;392;0;0;0;0;0;392;53;1;235;1;2;94;6;
152400072;1050;662;2;1054;1;386;1;1;386;1;5;0;1;7;379;57;1;206;0;5;96;14;
152400073;741;407;1;742;0;333;0;0;333;10;3;0;0;13;320;45;2;183;1;3;78;8;
152400074;837;546;1;839;3;290;3;3;290;3;3;0;0;6;284;34;0;144;1;4;94;7;
152400075;605;408;4;613;0;193;0;0;193;2;0;0;0;2;191;30;3;117;1;3;32;5;
152400076;720;401;1;724;1;318;1;3;318;1;1;2;2;6;312;28;1;176;4;1;94;8;
152400077;871;539;2;877;0;330;0;4;330;2;5;11;0;18;312;34;2;175;2;1;92;6;
152400078;899;522;0;903;0;377;0;4;377;1;4;0;0;5;372;48;1;208;5;7;93;10;
152400079;617;292;1;629;1;324;1;0;324;0;1;2;0;3;321;24;2;213;2;3;69;8;
152400080;779;449;1;784;1;329;1;0;329;2;2;3;0;7;322;51;4;182;0;2;71;12;
152400081;789;464;1;792;0;324;0;0;324;2;1;0;0;3;321;59;0;174;2;4;70;12;
152400082;598;291;0;598;0;307;0;0;307;1;4;0;0;5;302;40;5;166;2;2;77;10;
152400083;886;503;2;872;0;381;0;1;381;3;2;1;0;6;375;68;2;178;1;6;106;14;
152400084;859;464;1;865;0;394;0;0;394;2;1;6;0;9;385;58;4;194;1;2;118;8;
152400085;962;527;4;964;0;431;0;1;431;1;2;0;1;4;427;77;0;237;2;4;88;19;
152400086;825;418;0;830;0;407;0;0;407;1;4;0;0;5;402;68;5;224;2;1;85;17;
152400087;856;508;3;861;0;345;0;5;345;3;0;0;0;3;342;45;3;192;2;0;88;12;
152400088;916;584;8;839;0;324;0;0;324;1;1;4;0;6;318;60;0;169;2;6;71;10;
152400089;808;468;0;808;0;340;0;1;340;1;8;0;0;9;331;72;3;152;1;0;96;7;
152400090;918;493;2;922;2;423;2;2;423;2;10;1;0;13;410;62;1;240;0;1;100;6;
152400091;728;419;9;730;2;300;2;0;300;0;4;5;0;9;291;59;1;132;2;2;78;17;
152400092;614;334;3;276;1;277;1;0;277;1;1;3;1;6;271;53;1;131;1;4;68;13;
152400093;749;412;0;739;0;337;0;0;337;7;0;0;0;7;330;86;0;161;3;1;69;10;
152400094;940;526;2;861;2;412;2;0;412;2;4;2;0;8;404;94;6;208;3;4;79;10;
152400095;871;476;2;881;10;393;10;3;393;0;4;2;0;6;387;100;1;176;0;3;93;14;
152400096;843;428;2;842;4;413;4;0;413;6;0;0;0;6;407;66;1;232;2;2;91;13;
152400097;722;375;1;341;8;346;8;1;346;1;3;2;0;6;340;72;2;167;1;5;80;13;
152400098;681;357;3;687;0;321;0;0;321;3;5;5;0;13;308;57;3;163;3;2;75;5;
152400099;845;448;3;852;1;394;1;0;394;0;0;0;1;1;393;95;3;199;2;2;83;9;
152400100;545;250;2;545;0;293;0;0;293;3;0;0;0;3;290;53;2;143;3;2;75;12;
152400101;590;309;0;589;0;281;0;6;281;3;5;2;0;10;271;53;4;141;3;2;47;21;
152400102;945;524;2;946;0;419;0;0;419;9;0;0;1;10;409;88;4;207;0;6;90;14;
152400103;708;391;1;720;12;316;12;0;316;1;3;3;0;7;309;54;1;183;1;3;61;6;
152400104;770;465;2;731;1;303;1;0;303;1;5;1;2;9;294;39;3;194;2;1;45;10;
152400105;796;441;0;773;2;355;2;0;355;5;1;0;0;6;349;79;2;184;1;4;70;9;
152400106;730;426;0;730;1;304;1;0;304;0;1;0;0;1;303;65;1;165;0;3;61;8;
152400107;720;373;3;722;0;344;0;0;344;0;0;0;0;0;344;56;1;189;0;5;83;10;
152400108;969;527;1;977;2;441;2;4;441;1;4;10;0;15;426;63;2;236;1;1;104;19;
152400109;945;550;2;944;1;393;1;1;393;1;14;0;0;15;378;52;3;217;2;1;95;8;
152400110;760;474;0;700;1;286;1;1;286;0;5;7;1;13;273;27;1;148;2;3;85;7;
152400111;631;363;2;633;0;266;0;4;266;1;3;1;0;5;261;49;2;147;1;1;45;16;
152400112;774;428;0;706;3;346;3;3;346;0;6;0;0;6;340;46;2;200;6;0;74;12;
152400113;790;432;1;731;0;357;0;0;357;2;2;7;0;11;346;54;2;200;1;1;83;5;
152400114;735;364;15;744;0;356;0;0;356;2;7;6;0;15;341;45;1;202;3;2;80;8;
152400115;890;494;2;901;1;394;1;2;394;2;1;2;1;6;388;43;1;232;1;2;100;9;
152400116;777;465;0;777;0;312;0;0;312;1;3;5;1;10;302;35;0;181;2;3;71;10;
152400117;795;498;1;790;0;296;0;5;296;3;2;0;0;5;291;39;2;151;1;2;87;9;
152400118;764;499;1;768;0;264;0;0;264;0;5;0;2;7;257;20;0;142;3;1;85;6;
152400119;662;384;1;604;6;277;6;3;277;4;2;0;0;6;271;5;3;196;0;0;59;8;
152400120;617;299;1;620;0;317;0;1;317;5;4;11;0;20;297;8;0;118;1;4;165;1;
152400121;755;417;2;333;3;336;3;0;336;2;3;0;1;6;330;33;2;160;4;3;121;7;
152400122;632;259;13;625;6;360;6;0;360;0;13;0;0;13;347;10;4;151;4;4;170;4;
152400123;636;366;0;639;0;270;0;2;270;3;1;2;1;7;263;17;0;164;2;1;77;2;
152400124;918;557;1;930;0;360;0;1;360;16;2;0;0;18;342;31;2;294;3;3;9;0;
152400125;797;475;0;800;0;322;0;3;322;4;6;3;0;13;309;16;0;235;3;0;53;2;
152400126;405;163;5;401;7;237;7;0;237;0;6;0;0;6;231;13;7;150;0;2;56;3;
152400127;109;19;1;111;11;89;11;4;89;0;0;0;0;0;89;30;2;44;1;1;10;1;
152400128;560;330;5;221;4;225;4;4;225;0;11;0;0;11;214;16;1;118;4;1;72;2;
152400129;831;546;7;823;1;278;1;0;278;0;6;0;0;6;272;19;0;150;4;3;85;11;
152400130;484;245;0;474;1;239;1;0;239;2;5;3;1;11;228;8;0;143;5;1;70;1;
152400131;493;259;3;507;4;231;4;0;231;0;4;7;0;11;220;4;2;156;9;2;46;1;
152400132;87;7;1;87;6;79;6;0;79;1;0;0;0;1;78;15;1;45;0;1;16;0;
152400133;239;90;1;241;2;148;2;0;148;2;4;0;0;6;142;42;1;73;0;0;25;1;
152400134;106;30;1;97;4;75;4;2;75;3;2;2;0;7;68;11;0;49;0;0;8;0;
152400135;554;142;4;596;0;408;0;0;408;12;4;2;4;22;386;33;3;231;2;0;113;4;
152400136;485;217;1;481;16;267;16;3;267;2;2;1;0;5;262;19;2;204;4;2;23;8;
152400137;776;406;0;706;0;370;0;0;370;0;8;7;0;15;355;18;3;127;0;0;198;9;
152400138;741;497;0;244;0;244;0;0;244;6;10;0;0;16;228;19;1;90;2;0;107;9;
152400139;496;242;2;492;4;252;4;0;252;2;2;4;2;10;242;22;0;160;4;2;53;1;
152400140;412;267;1;144;0;144;0;1;144;2;1;2;0;5;139;11;0;71;1;2;53;1;
152400141;287;63;6;236;27;218;27;0;218;3;2;1;0;6;212;144;0;53;1;0;10;4;
152400142;587;308;0;589;0;279;0;0;279;0;4;0;0;4;275;16;1;112;0;1;141;4;
152400143;494;216;1;496;0;277;0;0;277;3;2;0;0;5;272;11;2;208;0;3;46;2;
152400144;691;276;3;716;0;412;0;0;412;2;1;19;0;22;390;6;2;369;2;0;7;4;
152400145;913;454;1;916;0;458;0;0;458;4;5;17;1;27;431;39;2;246;3;3;128;10;
152400146;960;486;6;963;2;468;2;0;468;3;3;0;0;6;462;35;0;210;0;5;204;8;
152400147;302;104;1;303;2;197;2;2;197;2;7;0;0;9;188;23;3;103;6;1;48;4;
152400148;279;141;1;283;2;137;2;3;137;2;6;6;0;14;123;5;2;61;2;0;50;3;
152400149;578;293;1;580;2;284;2;2;284;5;2;17;0;24;260;11;2;157;4;0;82;4;
152400150;819;459;2;822;0;358;0;1;358;3;2;14;0;19;339;26;1;153;3;3;147;6;
152400151;1159;676;1;1159;2;482;2;0;482;3;21;0;0;24;458;23;0;240;0;3;185;7;
152400152;500;187;0;574;0;313;0;0;313;3;2;7;1;13;300;63;0;159;1;3;71;3;
152400153;45;6;1;34;4;38;4;4;38;1;0;1;0;2;36;1;0;16;2;1;15;1;
152400154;881;589;1;882;0;291;0;0;291;0;1;1;0;2;289;18;3;173;1;4;82;8;
152400155;861;591;3;896;1;267;1;2;267;2;1;4;0;7;260;31;8;142;0;4;72;3;
152400156;807;522;0;798;1;285;1;0;285;1;1;1;1;4;281;20;1;162;3;2;85;8;
152400157;840;589;3;840;0;248;0;1;248;0;1;0;0;1;247;16;0;140;2;1;75;13;
152400158;773;528;2;785;0;243;0;4;243;2;2;1;0;5;238;26;2;136;0;4;63;7;
152400159;644;423;3;647;0;218;0;3;218;0;0;1;0;1;217;15;0;107;0;0;90;5;
152400160;391;129;9;612;0;253;0;5;253;0;0;0;0;0;253;25;2;136;1;2;84;3;
152400161;688;393;2;740;1;293;1;6;293;1;2;0;0;3;290;39;2;154;1;3;86;5;
152400162;497;340;2;512;0;155;0;4;155;0;3;0;0;3;152;10;0;75;0;1;59;7;
152400163;90;15;2;89;0;73;0;7;73;0;2;3;0;5;68;30;3;24;3;0;8;0;
152400164;108;39;1;93;0;68;0;5;68;1;0;3;0;4;64;8;1;31;1;1;22;0;
152400165;35;19;1;33;0;15;0;0;15;0;0;0;0;0;15;0;0;7;0;0;7;1;
152400166;82;35;1;69;1;46;1;6;46;0;0;1;0;1;45;7;0;24;1;0;10;3;
152400167;21;16;0;19;0;5;0;0;5;1;0;0;0;1;4;1;0;2;0;0;1;0;
152700001;650;386;2;597;4;262;4;0;262;3;1;17;0;21;241;27;1;143;5;3;59;3;
152700002;620;372;1;571;0;247;0;0;247;1;3;6;0;10;237;13;1;162;1;1;56;3;
152700003;600;316;1;551;0;283;0;0;283;5;4;6;0;15;268;13;0;142;2;1;103;7;
152700004;230;89;1;207;3;140;3;0;140;0;3;3;0;6;134;9;1;92;4;1;20;7;
152700005;520;273;2;473;0;245;0;1;245;4;3;15;0;22;223;23;0;137;2;1;55;5;
152700006;550;311;1;504;1;238;1;2;238;3;5;0;0;8;230;16;0;129;7;1;74;3;
152700007;570;312;1;523;0;257;0;4;257;7;8;0;0;15;242;6;0;189;4;3;35;5;
152700008;930;497;1;856;4;432;4;3;432;3;2;25;0;30;402;18;0;202;6;5;162;9;
152700009;110;36;1;94;1;73;1;0;73;0;1;0;0;1;72;22;0;40;0;0;9;1;
152700010;950;419;2;865;6;529;6;0;529;4;14;0;0;18;511;17;1;357;6;3;123;4;
152700011;470;233;2;438;5;235;5;0;235;5;9;0;0;14;221;21;1;105;5;3;80;6;
153700001;330;136;1;378;5;193;5;7;193;2;5;4;1;12;181;11;2;140;5;0;22;1;
153700002;420;214;0;468;3;206;3;2;206;2;4;0;0;6;200;22;0;121;0;1;52;4;
153700003;550;311;0;613;0;239;0;0;239;0;6;1;0;7;232;8;1;191;4;2;26;0;
153700004;340;140;1;385;2;199;2;4;199;1;0;3;0;4;195;7;1;139;3;4;41;0;
153700005;410;240;1;470;0;169;0;0;169;1;1;6;0;8;161;1;2;131;3;2;22;0;
153700006;610;280;0;682;3;330;3;2;330;7;9;10;0;26;304;7;2;250;3;3;34;5;
153700007;750;445;3;841;2;302;2;0;302;1;1;6;1;9;293;8;1;217;1;2;64;0;
153700008;570;353;2;636;1;215;1;0;215;2;1;10;0;13;202;9;4;157;0;0;28;4;
153700009;710;399;0;794;4;311;4;0;311;0;3;11;0;14;297;14;2;189;0;0;91;1;
153700010;640;424;2;716;0;214;0;0;214;1;6;0;0;7;207;2;1;159;6;1;38;0;
153700011;556;327;0;554;0;229;0;2;229;9;0;0;0;9;220;8;0;197;1;1;11;2;
153700012;360;121;2;406;6;237;6;0;237;3;2;4;1;10;227;5;3;166;2;1;39;11;
153700013;550;307;2;605;1;241;1;0;241;2;0;0;0;2;239;11;1;157;2;2;61;5;
153700014;530;238;1;601;5;291;5;0;291;2;0;3;1;6;285;14;3;164;2;3;92;7;
153700015;690;233;2;769;3;455;3;0;455;24;12;0;0;36;419;94;2;202;1;0;108;12;
153700016;800;363;3;885;1;434;1;0;434;4;0;7;1;12;422;12;2;264;2;2;132;8;
153700017;820;350;2;909;0;468;0;1;468;2;5;0;0;7;461;23;2;292;10;5;122;7;
153700018;530;196;2;587;6;332;6;1;332;6;4;3;0;13;319;9;1;272;2;1;30;4;
153700019;440;209;2;486;6;229;6;0;229;4;3;0;0;7;222;14;1;147;4;1;50;5;
153700020;460;240;2;508;2;218;2;0;218;5;2;1;0;8;210;9;1;135;0;1;55;9;
153700021;630;309;1;701;1;320;1;0;320;1;4;11;0;16;304;13;1;162;1;1;119;7;
153700022;590;324;1;655;0;265;0;3;265;0;3;0;0;3;262;30;2;154;0;1;71;4;
153700023;700;393;1;785;1;306;1;0;306;17;1;0;1;19;287;30;0;180;2;3;66;6;
153700024;690;386;1;764;0;303;0;3;303;5;3;0;2;10;293;29;0;163;0;1;94;6;
153700025;630;344;1;705;1;285;1;2;285;1;3;7;0;11;274;34;4;158;0;2;68;8;
153700026;700;397;2;774;1;301;1;0;301;2;3;6;0;11;290;32;0;151;0;0;85;22;
153700027;580;303;1;648;1;276;1;0;276;2;0;3;0;5;271;32;0;157;2;1;73;6;
153700028;770;472;1;861;0;297;0;0;297;0;3;0;0;3;294;20;3;169;0;4;73;25;
153700029;670;377;1;746;1;292;1;0;292;1;2;3;1;7;285;26;1;150;1;4;93;10;
153700030;650;350;0;722;1;300;1;3;300;3;1;4;0;8;292;32;6;149;0;3;84;18;
153700031;790;468;1;880;0;321;0;0;321;4;10;0;1;15;306;27;1;164;1;3;101;9;
153700032;600;335;2;677;0;263;0;0;263;2;2;0;0;4;259;24;1;152;1;2;76;3;
153700033;810;551;1;902;0;258;0;3;258;1;1;5;0;7;251;17;0;141;0;0;83;10;
153700034;830;505;2;925;0;323;0;0;323;7;3;1;0;11;312;19;1;148;1;2;123;18;
153700035;900;619;0;1003;0;281;0;0;281;0;5;0;0;5;276;24;0;160;2;1;77;12;
153700036;580;323;2;642;0;255;0;0;255;2;2;0;0;4;251;3;1;220;3;0;21;3;
153700037;440;270;1;483;3;169;3;1;169;2;1;0;0;3;166;10;0;121;3;1;25;6;
153700038;440;236;1;495;0;203;0;0;203;1;3;0;0;4;199;6;0;121;2;2;65;3;
153700039;440;211;3;504;9;226;9;0;226;4;2;0;2;8;218;13;1;148;1;0;49;6;
153700040;30;6;1;30;0;23;0;0;23;0;1;2;0;3;20;1;0;14;0;0;4;1;
153900001;1000;623;1;917;1;376;1;2;376;11;4;0;1;16;360;30;0;172;3;1;143;11;
153900002;800;493;1;784;0;306;0;3;306;11;3;3;0;17;289;17;0;128;3;1;130;10;
153900003;1000;706;2;895;0;292;0;0;292;0;6;0;0;6;286;7;1;180;2;2;87;7;
153900004;800;480;1;786;0;319;0;0;319;2;4;0;0;6;313;31;1;185;1;1;82;12;
153900005;900;550;0;810;0;350;0;0;350;13;2;0;0;15;335;27;1;203;1;1;97;5;
153900006;700;501;1;618;7;198;7;0;198;1;2;13;0;16;182;11;3;130;4;1;30;3;
153900007;900;625;2;806;0;273;0;1;273;4;0;0;0;4;269;16;0;170;3;2;59;19;
153900008;900;557;0;859;8;343;8;0;343;17;0;0;0;17;326;17;1;151;1;2;145;9;
153900009;700;504;1;663;2;195;2;0;195;8;3;0;0;11;184;2;0;99;0;2;78;3;
153900010;700;467;0;629;1;233;1;0;233;8;0;0;0;8;225;7;2;113;4;0;94;5;
153900011;700;459;0;591;8;241;8;0;241;0;6;1;0;7;234;15;2;104;4;4;98;7;
153900012;700;412;0;662;4;288;4;0;288;1;2;7;0;10;278;5;0;243;3;0;15;12;
153900013;601;332;1;576;2;268;2;0;268;1;4;2;1;8;260;1;0;250;1;1;3;4;
153900014;900;549;2;863;2;349;2;0;349;0;3;0;0;3;346;11;0;214;4;0;115;2;
153900015;900;553;1;780;3;346;3;0;346;1;3;4;0;8;338;24;1;164;6;2;137;4;
153900016;900;512;2;799;12;386;12;0;386;2;1;0;0;3;383;8;1;295;5;5;61;8;
153900017;500;284;0;427;0;216;0;0;216;2;4;3;0;9;207;4;0;136;1;3;57;6;
153900018;50;34;1;24;0;15;0;0;15;0;0;0;0;0;15;0;0;13;0;0;2;0;
162201001;515;219;0;534;20;296;20;6;296;2;3;6;0;11;285;101;3;122;1;1;43;14;
162201002;504;249;0;503;16;255;16;0;255;4;5;0;0;9;246;87;2;110;1;1;38;7;
162201003;402;167;3;400;6;232;6;4;232;0;0;0;0;0;232;53;2;132;1;1;38;5;
162201004;695;354;3;757;3;338;3;9;338;8;0;0;0;8;330;82;1;172;0;1;60;14;
162201005;444;199;1;472;4;244;4;5;244;0;3;0;0;3;241;87;0;109;0;1;36;8;
162201006;380;182;0;384;0;198;0;4;198;0;0;3;0;3;195;75;2;84;0;2;25;7;
162201007;531;284;0;533;6;247;6;6;247;4;3;1;0;8;239;79;0;106;0;0;47;7;
162201008;760;410;0;760;1;350;1;5;350;0;5;0;0;5;345;114;0;130;1;8;78;14;
162201009;755;368;0;762;4;387;4;3;387;1;8;0;0;9;378;111;2;160;3;5;80;17;
162201010;542;299;2;545;2;241;2;2;241;1;2;0;0;3;238;75;3;119;3;3;30;5;
162201011;400;203;1;394;1;196;1;7;196;0;6;0;0;6;190;46;1;85;1;2;46;9;
162201012;704;298;3;713;3;403;3;4;403;0;4;0;0;4;399;120;1;195;1;2;64;16;
162201013;851;437;2;853;2;412;2;2;412;1;5;0;1;7;405;91;2;211;2;2;77;20;
162201014;628;358;1;634;6;269;6;0;269;5;0;0;0;5;264;70;2;122;0;2;49;19;
162201015;435;212;6;436;6;217;6;0;217;6;0;0;0;6;211;40;3;110;2;1;52;3;
162201016;767;410;2;766;10;355;10;0;355;1;6;2;0;9;346;63;1;197;1;2;71;11;
162201017;600;355;0;603;1;245;1;0;245;6;2;0;0;8;237;37;0;134;3;2;50;11;
162201018;445;259;0;455;2;186;2;1;186;4;0;0;0;4;182;61;3;88;0;1;26;3;
162201019;569;285;0;575;6;284;6;0;284;4;3;0;0;7;277;103;1;113;0;5;47;8;
162201020;556;249;0;567;7;307;7;4;307;4;1;0;0;5;302;112;1;116;3;3;59;8;
162201021;677;321;1;685;1;355;1;0;355;1;7;0;0;8;347;149;4;106;1;1;66;20;
162201022;651;329;0;677;0;322;0;6;322;3;0;6;0;9;313;122;0;125;0;5;50;11;
162201023;662;357;3;662;1;302;1;8;302;0;9;1;0;10;292;99;1;122;3;1;56;10;
162201024;940;558;0;781;7;382;7;0;382;3;5;6;0;14;368;130;1;142;2;1;71;21;
162201025;453;239;0;454;1;214;1;8;214;0;1;4;0;5;209;65;1;100;0;1;34;8;
162201026;747;424;6;664;0;317;0;0;317;0;6;0;0;6;311;83;0;139;1;1;77;10;
162201027;713;414;1;713;0;298;0;2;298;1;0;0;0;1;297;85;1;145;0;2;59;5;
162201028;954;549;3;952;0;402;0;8;402;0;6;0;0;6;396;94;4;202;0;2;67;27;
162201029;694;306;9;705;4;379;4;6;379;7;0;0;0;7;372;100;1;185;2;1;71;12;
162201030;884;455;0;885;1;429;1;1;429;3;3;4;0;10;419;116;1;227;0;2;64;9;
162201031;454;191;0;455;22;263;22;20;263;2;4;0;0;6;257;68;1;138;2;4;29;15;
162201032;590;326;0;628;0;264;0;0;264;2;2;4;0;8;256;65;0;130;1;1;50;9;
162201033;700;309;1;707;0;390;0;3;390;1;10;1;0;12;378;81;0;180;2;5;87;23;
162201034;695;397;3;702;0;295;0;3;295;1;0;0;0;1;294;74;2;145;0;4;67;2;
162201035;646;455;0;650;4;191;4;1;191;1;2;0;0;3;188;42;1;89;1;1;49;5;
162201036;853;472;0;853;0;381;0;5;381;2;4;1;0;7;374;92;0;207;2;2;60;11;
162201037;600;295;4;622;4;301;4;2;301;5;0;0;0;5;296;68;2;146;3;3;68;6;
162201038;701;324;1;685;4;376;4;0;376;5;3;0;0;8;368;71;1;219;0;3;54;20;
162201039;498;237;0;517;0;261;0;5;261;5;4;0;1;10;251;72;1;129;1;4;31;13;
162201040;855;423;2;862;7;430;7;0;430;5;1;0;0;6;424;76;3;249;1;3;84;8;
162201041;500;248;0;531;4;252;4;4;252;0;2;0;0;2;250;41;0;156;2;0;42;9;
162201042;729;351;1;732;0;377;0;0;377;2;8;0;0;10;367;89;2;190;2;3;70;11;
162201043;668;377;1;679;1;290;1;0;290;1;4;0;0;5;285;64;3;138;2;4;56;18;
162201044;785;445;0;813;0;340;0;3;340;3;0;0;1;4;336;88;0;162;0;1;70;15;
162201045;505;221;0;252;32;284;32;6;284;0;3;7;0;10;274;43;0;169;0;2;48;12;
162201046;771;370;2;769;20;399;20;4;399;5;8;0;1;14;385;77;0;218;1;2;66;21;
162201047;701;314;0;707;51;387;51;6;387;5;3;4;0;12;375;72;1;208;0;5;71;18;
162201048;705;374;1;709;22;330;22;4;330;0;7;0;0;7;323;79;0;162;0;3;70;9;
162201049;540;253;2;570;16;285;16;12;285;4;4;5;0;13;272;62;0;135;1;2;66;6;
162201050;685;361;2;687;19;322;19;3;322;1;3;0;0;4;318;45;3;181;1;4;68;16;
162201051;587;295;0;593;18;292;18;3;292;3;6;0;0;9;283;47;2;146;1;4;69;14;
162201052;508;208;1;507;25;299;25;1;299;5;0;0;0;5;294;56;2;172;1;3;48;12;
162201053;639;353;0;651;2;286;2;4;286;1;1;0;0;2;284;61;0;170;0;2;44;7;
162201054;931;488;0;938;9;443;9;5;443;11;4;2;0;17;426;74;1;266;1;6;75;3;
162201055;771;431;0;776;0;340;0;0;340;1;5;0;0;6;334;95;2;160;1;2;54;20;
162201056;605;334;1;609;0;270;0;4;270;0;3;0;0;3;267;73;1;120;0;2;59;12;
162201057;680;401;0;681;4;279;4;0;279;1;4;0;0;5;274;70;0;124;1;2;65;12;
162201058;852;457;0;842;3;395;3;12;395;1;5;0;0;6;389;91;3;201;3;2;79;10;
162201059;615;326;0;617;6;289;6;4;289;3;2;3;2;10;279;39;0;180;2;1;49;8;
162201060;728;396;0;734;0;332;0;0;332;1;0;0;0;1;331;79;0;170;1;1;68;12;
162201061;792;414;0;794;3;378;3;0;378;1;5;0;0;6;372;89;3;179;2;5;81;13;
162201062;608;294;1;676;0;313;0;0;313;2;4;4;0;10;303;63;0;150;7;4;63;16;
162201063;670;342;1;674;0;327;0;6;327;5;0;0;0;5;322;78;0;151;0;1;79;13;
162201064;841;440;0;844;0;401;0;3;401;2;8;0;0;10;391;69;0;206;0;7;95;14;
162201065;669;369;0;667;10;300;10;0;300;0;7;0;0;7;293;59;1;156;1;5;62;9;
162201066;800;412;6;825;6;382;6;0;382;2;4;0;0;6;376;113;1;162;2;1;82;15;
162201067;497;271;0;502;0;226;0;4;226;0;1;0;0;1;225;71;1;118;0;1;26;8;
162201068;413;206;0;419;0;207;0;3;207;9;0;0;0;9;198;64;1;82;2;2;44;3;
162201069;744;357;5;745;0;382;0;2;382;1;9;0;0;10;372;127;0;149;2;3;85;6;
162201070;689;382;0;691;2;307;2;3;307;4;3;1;0;8;299;87;0;118;1;4;74;15;
162201071;448;229;0;458;5;219;5;5;219;3;0;0;0;3;216;61;1;102;1;2;37;12;
162201072;697;357;1;713;7;339;7;8;339;3;6;2;3;14;325;93;0;145;4;4;69;10;
162201073;754;387;3;745;1;364;1;5;364;1;2;0;0;3;361;85;7;184;1;0;73;11;
162201074;846;376;3;863;15;467;15;4;467;7;0;0;1;8;459;141;4;197;3;6;81;27;
162201075;468;234;1;460;7;233;7;4;233;1;0;0;0;1;232;55;2;124;0;1;42;8;
162201076;695;365;2;697;1;328;1;5;328;0;2;0;0;2;326;70;0;164;2;2;75;13;
162201077;597;318;0;604;0;279;0;3;279;1;3;0;0;4;275;81;1;114;1;3;64;11;
162201078;400;158;0;434;1;242;1;2;242;0;3;4;0;7;235;46;0;147;4;2;31;5;
162201079;700;354;0;702;0;346;0;0;346;2;12;0;0;14;332;95;1;135;1;5;76;19;
162201080;694;394;2;696;1;298;1;1;298;14;1;1;0;16;282;17;1;256;1;1;5;1;
162201081;413;224;2;452;1;187;1;11;187;1;1;0;0;2;185;35;0;110;0;0;36;4;
162201082;587;334;5;593;0;248;0;6;248;2;9;2;0;13;235;68;0;109;0;8;43;7;
162201083;737;464;2;758;2;271;2;6;271;0;3;0;0;3;268;46;0;152;0;2;61;7;
162201084;411;207;2;449;4;202;4;32;202;5;0;0;0;5;197;14;1;154;1;0;24;3;
162201085;473;249;1;476;3;223;3;4;223;2;0;0;0;2;221;29;1;150;0;2;35;4;
162201086;687;404;1;690;0;282;0;5;282;1;6;0;0;7;275;35;1;158;0;0;72;9;
162201087;602;311;2;600;4;289;4;3;289;3;3;0;0;6;283;56;0;150;1;2;66;8;
162201088;761;435;4;763;3;322;3;9;322;0;1;6;0;7;315;57;2;162;0;1;78;15;
162201089;696;451;3;701;0;242;0;5;242;0;4;0;0;4;238;53;1;114;0;1;63;6;
162201090;736;424;0;743;2;312;2;0;312;7;7;0;0;14;298;62;0;136;2;6;79;13;
162201091;710;372;0;715;1;338;1;3;338;0;3;0;0;3;335;58;4;174;1;0;86;12;
162201092;865;430;2;878;16;433;16;6;433;4;2;1;0;7;426;127;2;190;3;7;85;12;
162201093;497;205;2;577;2;290;2;0;290;1;2;4;0;7;283;76;0;135;2;3;58;9;
162201094;415;189;4;444;4;222;4;4;222;3;4;5;0;12;210;65;1;101;1;4;26;12;
162201095;795;407;0;798;0;388;0;5;388;0;8;0;0;8;380;96;3;187;1;1;86;6;
162201096;641;362;2;649;2;277;2;4;277;1;3;0;0;4;273;74;1;134;2;1;51;10;
162201097;372;216;1;382;0;155;0;8;155;3;0;0;0;3;152;56;0;47;1;2;34;12;
162201098;503;274;7;507;4;222;4;0;222;0;5;1;0;6;216;81;1;84;0;5;33;12;
162201099;610;381;0;614;4;229;4;0;229;1;0;0;0;1;228;72;0;97;0;1;55;3;
162201100;561;290;0;568;0;271;0;4;271;2;4;0;0;6;265;138;0;76;0;5;35;11;
162201101;100;56;0;51;18;44;18;2;44;0;0;0;0;0;44;2;0;28;0;2;10;2;
162201102;250;165;1;197;0;84;0;5;84;0;0;0;0;0;84;8;0;50;1;1;22;2;
162201103;50;29;4;53;0;17;0;7;17;0;0;0;0;0;17;2;0;11;0;1;3;0;
162201104;92;4;4;93;0;84;0;4;84;3;1;5;0;9;75;16;2;37;2;5;12;1;
162201105;95;70;0;25;0;25;0;6;25;0;0;0;0;0;25;1;0;19;0;0;4;1;
162202001;596;373;6;653;0;217;0;7;217;8;0;0;0;8;209;14;3;115;0;0;67;10;
162202002;600;365;2;744;1;233;1;0;233;2;10;2;0;14;219;10;0;146;0;1;54;8;
162202003;712;463;0;713;0;249;0;0;249;3;1;3;0;7;242;26;3;109;3;0;93;8;
162202004;773;505;0;778;0;268;0;0;268;3;10;2;0;15;253;26;2;128;0;2;89;6;
162202005;503;335;0;554;0;168;0;1;168;1;1;12;0;14;154;5;0;82;1;3;61;2;
162202006;590;342;0;644;7;248;7;0;248;0;7;0;0;7;241;35;1;133;1;1;59;11;
162202007;506;316;1;581;0;189;0;3;189;0;1;0;1;2;187;16;0;94;1;0;74;2;
162202008;686;419;1;722;6;266;6;0;266;0;1;1;0;2;264;20;2;134;1;3;95;9;
162202009;674;410;0;677;1;264;1;0;264;9;0;0;0;9;255;19;2;136;1;3;88;6;
162202010;479;282;7;593;0;190;0;12;190;0;7;0;0;7;183;12;1;71;2;0;88;9;
162202011;722;439;0;721;0;283;0;3;283;3;1;1;0;5;278;19;2;145;2;5;95;10;
162202012;477;243;0;574;1;234;1;0;234;2;4;0;0;6;228;18;0;137;3;1;62;7;
162202013;616;342;1;616;1;273;1;0;273;0;0;0;0;0;273;23;2;185;0;2;59;2;
162202014;584;320;9;584;0;255;0;0;255;3;6;0;0;9;246;17;0;152;0;4;64;9;
162202015;698;352;1;787;0;345;0;4;345;5;5;0;0;10;335;33;2;177;1;1;102;19;
162202016;315;126;0;440;4;189;4;2;189;0;5;0;0;5;184;16;1;95;0;3;60;9;
162202017;645;403;1;645;5;241;5;0;241;2;2;1;0;5;236;44;1;137;0;0;52;2;
162202018;595;352;0;599;4;243;4;2;243;0;3;0;0;3;240;39;0;108;2;1;85;5;
162202019;644;416;0;644;0;228;0;4;228;1;4;0;0;5;223;35;1;86;0;5;84;12;
162202020;639;377;0;641;0;262;0;3;262;0;7;0;0;7;255;40;0;127;0;5;74;9;
162202021;498;337;1;568;0;160;0;14;160;6;2;0;0;8;152;4;2;136;1;1;8;0;
162202022;500;312;0;654;0;188;0;10;188;0;1;0;0;1;187;17;0;87;1;2;75;5;
162202023;485;329;0;585;0;156;0;5;156;1;0;1;0;2;154;8;1;105;0;2;37;1;
162202024;558;349;0;690;0;209;0;7;209;2;0;5;1;8;201;5;0;186;2;1;6;1;
162202025;423;254;0;518;0;169;0;0;169;0;3;0;0;3;166;2;1;153;4;1;5;0;
162202026;515;303;0;619;1;212;1;0;212;4;1;4;0;9;203;2;0;196;3;0;2;0;
162202027;628;385;0;628;1;243;1;1;243;16;0;0;0;16;227;4;0;203;3;2;15;0;
162202028;400;171;1;546;0;228;0;5;228;2;5;1;0;8;220;19;0;130;2;1;61;7;
162202029;503;315;2;573;0;186;0;4;186;1;1;0;0;2;184;20;2;99;4;4;51;4;
162202030;395;202;1;508;0;192;0;9;192;1;0;0;0;1;191;16;0;141;0;2;28;4;
162202031;521;350;0;565;0;171;0;6;171;1;0;0;0;1;170;2;2;162;0;0;4;0;
162202032;563;362;3;563;0;198;0;1;198;8;0;0;0;8;190;2;0;184;1;2;0;1;
162202033;518;417;1;562;4;100;4;0;100;1;1;5;0;7;93;4;0;84;0;1;3;1;
162202034;594;416;0;592;0;178;0;6;178;16;0;0;0;16;162;4;2;150;3;0;3;0;
162202035;502;311;4;502;0;187;0;3;187;1;2;8;0;11;176;1;0;172;0;0;3;0;
162202036;505;393;0;512;1;112;1;4;112;1;0;9;0;10;102;4;1;88;1;0;8;0;
162202037;494;332;2;501;0;160;0;7;160;2;1;0;0;3;157;0;2;150;1;1;3;0;
162202038;512;362;0;512;0;150;0;0;150;0;2;0;0;2;148;4;0;140;1;2;1;0;
162202039;563;409;1;604;0;153;0;5;153;0;0;0;0;0;153;2;2;143;1;0;5;0;
162202040;605;439;0;605;0;166;0;0;166;0;14;0;0;14;152;1;1;149;1;0;0;0;
162202041;596;441;1;676;0;154;0;7;154;0;0;0;0;0;154;5;0;143;1;1;2;2;
162202042;523;398;0;615;2;125;2;5;125;0;1;0;0;1;124;3;0;114;2;1;2;2;
162202043;480;367;1;558;0;112;0;4;112;2;1;0;0;3;109;2;2;103;0;1;0;1;
162202044;687;523;1;690;3;163;3;1;163;2;2;0;0;4;159;11;0;92;1;1;53;1;
162202045;686;524;0;686;4;162;4;2;162;1;2;0;0;3;159;14;0;72;1;1;70;1;
162202046;663;493;0;759;0;170;0;1;170;2;1;0;0;3;167;5;1;85;0;2;70;4;
162202047;521;401;5;488;0;115;0;0;115;7;0;0;0;7;108;5;0;77;0;0;26;0;
162202048;484;367;1;501;0;116;0;5;116;1;0;0;0;1;115;2;2;108;1;1;0;1;
162202049;579;474;0;105;0;105;0;6;105;0;1;2;0;3;102;0;0;95;0;1;4;2;
162202050;576;463;0;572;3;113;3;3;113;2;1;0;1;4;109;4;0;100;0;0;5;0;
162202051;505;350;0;633;0;155;0;0;155;0;1;0;0;1;154;3;0;149;0;0;2;0;
162202052;525;351;4;658;0;170;0;5;170;14;1;0;0;15;155;2;1;150;1;0;1;0;
162202053;649;504;2;640;0;143;0;7;143;0;0;0;0;0;143;2;0;135;2;1;3;0;
162202054;728;496;0;748;1;232;1;12;232;3;4;0;0;7;225;16;3;169;0;0;33;4;
162202055;671;343;0;825;3;328;3;2;328;1;0;0;0;1;327;25;2;202;2;3;88;5;
162202056;725;358;0;821;10;367;10;0;367;0;2;0;0;2;365;31;2;257;0;5;66;4;
162202057;675;338;0;699;0;337;0;0;337;6;0;0;0;6;331;18;6;230;3;2;68;4;
162202058;522;261;2;569;1;259;1;6;259;2;4;2;0;8;251;15;2;177;1;1;47;8;
162202059;493;234;0;614;2;259;2;1;259;3;4;0;1;8;251;25;2;169;2;0;51;2;
162202060;564;307;2;562;5;255;5;0;255;5;3;1;0;9;246;67;0;101;0;2;70;6;
162202061;665;336;1;368;2;328;2;0;328;6;10;0;0;16;312;52;1;168;2;2;82;5;
162202062;601;308;1;602;0;292;0;2;292;1;4;0;0;5;287;72;0;156;1;2;52;4;
162202063;731;388;6;737;0;337;0;0;337;2;8;8;0;18;319;48;3;193;1;2;63;9;
162202064;480;243;0;487;1;237;1;1;237;1;3;0;0;4;233;54;2;113;3;3;44;14;
162202065;672;378;1;678;1;293;1;3;293;2;5;2;0;9;284;53;1;153;3;2;55;17;
162202066;673;377;0;672;19;296;19;0;296;1;1;13;0;15;281;48;2;136;1;3;78;13;
162202067;730;360;0;729;20;370;20;3;370;0;3;0;0;3;367;56;0;233;1;1;66;10;
162202068;728;416;1;738;1;311;1;6;311;1;0;0;0;1;310;45;1;157;0;3;95;9;
162202069;509;299;0;522;13;210;13;0;210;0;6;0;0;6;204;34;0;117;0;4;43;6;
162202070;510;309;1;481;1;200;1;3;200;2;0;0;0;2;198;35;0;127;1;3;26;6;
162203001;600;327;1;682;5;272;5;6;272;0;3;0;0;3;269;26;3;148;1;4;83;4;
162203002;700;363;1;751;3;336;3;0;336;2;4;0;0;6;330;55;3;179;1;3;73;16;
162203003;700;347;2;781;0;351;0;4;351;2;6;0;3;11;340;48;0;192;4;0;83;13;
162203004;700;419;1;722;0;280;0;0;280;1;4;0;0;5;275;46;2;139;1;5;73;9;
162203005;700;398;0;713;3;302;3;3;302;2;3;0;0;5;297;37;1;161;1;4;86;7;
162203006;600;176;2;699;2;422;2;0;422;5;4;0;0;9;413;44;3;307;0;4;47;8;
162203007;700;312;1;781;2;387;2;9;387;0;8;1;1;10;377;20;2;273;2;2;71;7;
162203008;600;340;0;638;1;260;1;6;260;0;1;0;0;1;259;35;2;151;0;1;60;10;
162203009;600;297;0;666;0;303;0;10;303;1;0;1;0;2;301;38;0;182;1;2;64;14;
162203010;700;424;2;764;2;274;2;4;274;4;3;2;0;9;265;51;1;120;2;3;69;19;
162203011;600;359;1;649;0;240;0;5;240;0;6;0;0;6;234;31;1;139;2;3;53;5;
162203012;600;285;0;707;1;315;1;0;315;0;2;0;0;2;313;53;1;175;1;4;59;20;
162203013;600;334;2;660;1;264;1;2;264;8;2;0;0;10;254;35;2;134;0;7;69;7;
162203014;200;85;0;36;103;115;103;6;115;0;0;0;0;0;115;17;0;78;2;1;12;5;
162203015;500;264;1;614;3;235;3;0;235;0;1;0;0;1;234;40;0;125;0;1;60;8;
162203016;500;241;0;603;0;259;0;0;259;1;1;4;0;6;253;31;1;161;0;2;51;7;
162203017;600;297;0;648;0;303;0;0;303;3;7;0;0;10;293;28;2;180;1;1;65;16;
162203018;600;297;0;671;5;303;5;4;303;3;1;1;0;5;298;55;0;152;5;3;75;8;
162203019;600;320;1;695;0;279;0;0;279;1;3;0;1;5;274;49;0;153;1;3;54;14;
162203020;604;353;0;251;1;251;1;0;251;8;1;0;0;9;242;32;2;138;3;5;55;7;
162203021;700;376;2;750;0;322;0;0;322;2;2;8;0;12;310;29;9;164;3;3;96;6;
162203022;700;384;2;739;0;314;0;2;314;0;7;0;0;7;307;33;1;194;0;1;71;7;
162203023;600;245;0;717;0;355;0;0;355;5;7;8;0;20;335;43;1;204;1;6;69;11;
162203024;600;341;1;627;3;258;3;3;258;3;2;0;0;5;253;39;1;138;1;4;56;14;
162203025;500;219;3;605;2;278;2;18;278;6;4;0;0;10;268;38;2;160;0;3;60;5;
162203026;600;286;1;684;1;313;1;5;313;3;3;0;0;6;307;27;1;186;0;4;82;7;
162203027;500;272;3;577;1;225;1;2;225;7;3;0;0;10;215;22;4;139;0;2;44;4;
162203028;600;326;3;656;0;271;0;4;271;1;3;0;0;4;267;37;2;155;1;1;66;5;
162203029;700;433;3;764;0;264;0;14;264;1;1;11;0;13;251;28;0;129;0;5;82;7;
162203030;600;327;3;719;0;270;0;3;270;1;7;2;0;10;260;39;1;146;1;1;60;12;
162203031;600;299;0;705;0;301;0;2;301;5;5;1;0;11;290;68;1;155;0;1;54;11;
162203032;600;300;2;668;1;298;1;0;298;1;11;0;1;13;285;52;1;180;0;5;39;8;
162203033;500;252;1;247;0;247;0;2;247;1;2;0;0;3;244;51;2;124;2;1;54;10;
162203034;600;293;3;675;1;304;1;0;304;0;3;0;0;3;301;67;1;140;2;4;74;13;
162203035;600;306;0;649;1;294;1;0;294;2;3;0;0;5;289;42;1;153;3;3;79;8;
162203036;600;288;0;734;1;312;1;0;312;1;1;4;0;6;306;43;2;172;4;5;65;15;
162203037;500;226;1;581;0;273;0;0;273;0;0;1;0;1;272;59;0;145;1;0;56;11;
162203038;600;310;0;697;6;290;6;0;290;0;3;0;0;3;287;44;0;170;0;2;60;11;
162203039;600;284;1;704;1;315;1;0;315;0;3;0;0;3;312;17;3;217;0;5;51;19;
162203040;600;233;2;698;0;365;0;3;365;0;3;0;0;3;362;35;4;268;1;2;45;7;
162203041;600;319;0;700;3;281;3;6;281;3;1;10;0;14;267;45;2;124;3;0;83;10;
162203042;745;432;3;742;1;310;1;0;310;1;1;0;1;3;307;47;0;175;0;0;78;7;
162203043;700;417;0;283;0;283;0;0;283;4;4;3;0;11;272;37;3;139;1;1;84;7;
162203044;700;354;0;838;4;346;4;3;346;3;3;4;0;10;336;35;1;155;0;1;125;19;
162203045;700;382;1;839;6;317;6;1;317;0;3;0;0;3;314;54;1;132;3;2;111;11;
162203046;500;295;0;505;5;205;5;0;205;4;2;2;0;8;197;21;0;102;2;2;61;9;
162203047;300;251;0;206;0;49;0;3;49;0;0;0;0;0;49;5;1;32;0;0;9;2;
162203048;200;107;0;157;0;93;0;6;93;1;0;1;0;2;91;10;1;64;0;2;12;2;
162204001;484;279;0;497;2;205;2;12;205;2;3;0;0;5;200;54;2;83;0;1;55;5;
162204002;443;235;0;447;1;208;1;0;208;6;0;0;0;6;202;43;0;104;2;1;44;8;
162204003;622;394;0;627;1;228;1;4;228;2;2;0;1;5;223;39;2;118;1;1;56;6;
162204004;700;424;5;701;1;271;1;0;271;5;0;0;0;5;266;51;3;129;0;2;75;6;
162204005;805;473;2;814;2;330;2;3;330;2;6;0;0;8;322;53;0;167;1;1;87;13;
162204006;539;393;1;539;0;145;0;0;145;2;2;0;0;4;141;23;1;75;2;2;37;1;
162204007;365;222;1;142;0;142;0;5;142;0;0;0;0;0;142;28;0;74;1;3;35;1;
162204008;555;351;2;555;0;202;0;0;202;0;3;0;0;3;199;33;1;102;0;0;54;9;
162204009;837;486;0;785;0;351;0;0;351;1;4;1;0;6;345;63;1;188;1;5;77;10;
162204010;706;408;2;707;6;296;6;4;296;0;5;0;0;5;291;37;1;159;0;2;77;15;
162204011;878;446;0;880;4;432;4;0;432;2;3;0;0;5;427;85;4;233;1;5;81;18;
162204012;461;249;1;463;0;211;0;0;211;3;3;0;0;6;205;33;2;117;5;1;42;5;
162204013;804;485;6;806;2;313;2;2;313;1;2;4;0;7;306;46;3;161;0;8;81;7;
162204014;814;479;3;814;3;332;3;3;332;7;1;2;0;10;322;17;2;273;1;0;27;2;
162204015;709;382;0;711;0;327;0;2;327;2;7;0;0;9;318;15;3;266;1;1;26;6;
162204016;529;329;5;195;0;195;0;0;195;0;0;9;0;9;186;8;1;171;4;1;1;0;
162204017;731;441;2;747;0;288;0;11;288;4;1;0;0;5;283;63;0;123;0;3;80;14;
162204018;498;283;0;503;0;215;0;16;215;2;3;0;0;5;210;44;1;108;0;3;45;9;
162204019;1009;611;1;1013;0;397;0;3;397;1;2;0;0;3;394;72;2;201;0;1;95;23;
162204020;502;314;0;498;0;188;0;5;188;0;3;0;0;3;185;52;0;90;1;2;28;12;
162204021;523;298;0;222;3;225;3;1;225;2;5;1;1;9;216;58;2;101;0;1;47;7;
162204022;347;197;2;361;1;148;1;3;148;1;0;0;0;1;147;35;0;77;1;3;29;2;
162204023;864;428;1;871;3;435;3;0;435;3;9;3;0;15;420;100;4;214;1;7;75;19;
162204024;506;218;1;505;1;287;1;0;287;3;2;0;1;6;281;27;9;186;4;4;46;5;
162204025;492;291;0;199;2;201;2;6;201;0;1;1;0;2;199;30;2;73;0;1;86;7;
162204026;615;399;0;604;0;216;0;2;216;0;6;0;0;6;210;31;0;124;0;2;40;13;
162204027;564;376;1;561;0;187;0;0;187;2;0;0;0;2;185;38;2;72;0;4;55;14;
162204028;528;276;2;530;1;250;1;6;250;4;2;1;0;7;243;37;2;129;3;4;57;11;
162204029;642;349;3;652;0;290;0;2;290;3;5;0;0;8;282;43;0;180;1;3;44;11;
162204030;375;181;3;375;0;191;0;5;191;0;0;0;0;0;191;35;2;118;1;1;29;5;
162204031;786;378;1;812;4;407;4;16;407;5;9;7;0;21;386;68;0;234;0;0;72;12;
162204032;636;366;0;645;9;270;9;2;270;3;2;0;0;5;265;69;1;113;2;1;64;15;
162204033;695;424;0;708;3;271;3;0;271;3;4;0;1;8;263;2;0;260;0;0;1;0;
162204034;723;372;3;727;0;348;0;3;348;1;12;0;0;13;335;40;3;203;1;7;70;11;
162204035;515;271;2;522;0;242;0;3;242;1;4;3;0;8;234;19;0;140;2;3;63;7;
162204036;549;280;0;556;1;269;1;6;269;1;5;2;0;8;261;40;2;140;1;1;69;8;
162204037;762;468;0;762;3;294;3;1;294;0;4;0;0;4;290;81;1;104;1;4;87;12;
162204038;941;548;0;943;0;393;0;0;393;1;8;2;0;11;382;72;0;188;2;6;89;25;
162204039;538;318;2;551;0;218;0;0;218;1;1;1;0;3;215;34;1;112;0;2;55;11;
162204040;673;394;1;676;0;278;0;0;278;7;6;0;0;13;265;65;0;119;1;2;62;16;
162204041;751;405;2;755;0;344;0;0;344;1;3;2;0;6;338;81;0;170;2;4;72;9;
162204042;323;171;2;323;0;150;0;1;150;0;3;0;1;4;146;32;0;67;2;0;40;5;
162204043;555;313;0;555;0;242;0;0;242;1;7;0;0;8;234;37;0;145;0;4;43;5;
162204044;886;518;0;899;1;368;1;0;368;4;2;1;0;7;361;37;1;217;0;2;92;12;
162204045;840;513;0;850;0;327;0;2;327;3;1;0;0;4;323;14;1;301;3;3;1;0;
162204046;806;521;2;795;0;283;0;3;283;4;1;2;0;7;276;49;0;135;2;0;75;15;
162204047;675;418;0;674;1;257;1;0;257;1;7;0;0;8;249;23;0;160;2;3;51;10;
162204048;495;288;1;492;0;206;0;1;206;0;5;0;0;5;201;40;0;111;0;4;32;14;
162204049;426;275;0;426;0;151;0;0;151;4;0;0;0;4;147;22;0;84;0;0;35;6;
162204050;464;318;2;464;3;144;3;0;144;2;0;0;0;2;142;21;0;83;0;2;27;9;
162204051;665;396;0;663;1;269;1;7;269;4;3;2;0;9;260;46;1;136;0;2;69;6;
162204052;736;343;2;751;10;391;10;15;391;2;3;0;0;5;386;85;1;207;3;7;76;7;
162204053;679;320;3;684;0;356;0;0;356;3;2;0;0;5;351;43;1;204;2;7;75;19;
162204054;382;206;0;175;1;176;1;1;176;0;0;0;0;0;176;21;0;89;0;2;56;8;
162204055;469;234;0;480;0;235;0;7;235;1;1;0;0;2;233;44;7;105;2;3;61;11;
162204056;449;256;2;440;3;191;3;2;191;2;4;0;0;6;185;23;1;114;1;3;39;4;
162204057;512;294;1;513;0;217;0;2;217;6;0;0;0;6;211;31;0;88;0;1;84;7;
162204058;757;398;3;762;2;356;2;5;356;2;3;3;0;8;348;38;0;191;3;5;99;12;
162204059;463;248;0;459;0;215;0;1;215;1;0;0;0;1;214;32;0;121;0;4;55;2;
162204060;745;378;0;755;0;367;0;0;367;2;7;0;0;9;358;45;2;231;1;3;63;13;
162204061;795;462;0;817;4;333;4;0;333;6;3;0;1;10;323;49;2;184;0;5;72;11;
162204062;711;350;1;731;1;360;1;0;360;1;3;0;0;4;356;47;4;190;0;5;98;12;
162204063;544;335;0;544;0;209;0;1;209;2;8;0;0;10;199;35;0;91;1;2;62;8;
162204064;1000;643;0;908;0;357;0;0;357;3;3;2;0;8;349;36;0;202;2;4;89;16;
162204065;505;230;1;599;3;274;3;7;274;11;0;0;0;11;263;43;0;137;2;1;70;10;
162204066;115;75;0;74;0;40;0;0;40;0;1;1;0;2;38;3;0;26;1;0;8;0;
162205001;450;233;9;447;1;208;1;6;208;0;4;5;0;9;199;26;0;114;0;1;50;8;
162205002;800;405;2;809;2;393;2;0;393;2;2;3;0;7;386;73;2;216;0;2;78;15;
162205003;690;370;0;684;2;320;2;6;320;0;3;0;0;3;317;65;3;174;0;3;59;13;
162205004;530;300;0;535;8;230;8;0;230;1;4;4;0;9;221;48;1;107;1;4;54;6;
162205005;777;426;2;785;1;349;1;0;349;5;3;0;0;8;341;57;2;178;2;5;79;18;
162205006;810;466;3;804;0;341;0;7;341;2;5;0;0;7;334;59;3;182;1;3;65;21;
162205007;380;190;0;379;0;190;0;0;190;1;0;2;0;3;187;46;0;90;1;1;45;4;
162205008;760;461;7;757;5;292;5;0;292;0;3;4;0;7;285;61;0;124;1;4;83;12;
162205009;650;351;15;654;0;284;0;6;284;0;15;0;0;15;269;65;0;119;5;3;64;13;
162205010;710;446;0;716;0;264;0;5;264;4;0;12;0;16;248;46;0;97;0;2;89;14;
162205011;740;432;2;733;0;306;0;0;306;0;1;0;0;1;305;56;1;166;0;2;69;11;
162205012;630;343;1;636;1;286;1;4;286;0;2;2;0;4;282;41;1;130;2;2;94;12;
162205013;450;251;1;462;0;198;0;17;198;1;1;0;1;3;195;46;1;97;1;0;40;10;
162205014;480;268;0;482;4;212;4;3;212;4;4;1;2;11;201;26;1;117;2;0;48;7;
162205015;470;237;1;460;9;232;9;0;232;3;6;4;0;13;219;25;2;132;1;0;49;10;
162205016;600;351;4;596;0;245;0;1;245;0;2;2;0;4;241;49;1;108;1;2;68;12;
162205017;750;433;0;741;2;317;2;0;317;3;5;0;0;8;309;48;2;173;1;1;77;7;
162205018;570;337;1;570;6;232;6;2;232;2;2;9;0;13;219;40;2;113;5;2;51;6;
162205019;540;327;0;537;2;213;2;0;213;4;1;3;0;8;205;28;1;120;0;1;44;11;
162205020;750;417;1;749;0;332;0;1;332;2;3;0;0;5;327;43;2;193;1;1;80;7;
162205021;800;428;0;804;0;372;0;8;372;1;6;0;0;7;365;40;4;198;2;6;105;10;
162205022;526;314;0;524;0;212;0;4;212;0;2;0;0;2;210;26;0;120;1;0;47;16;
162205023;540;322;0;534;2;218;2;0;218;0;2;0;0;2;216;38;0;106;2;2;58;10;
162205024;530;292;1;532;0;237;0;5;237;0;0;0;0;0;237;28;1;122;1;2;75;8;
162205025;630;417;0;626;0;213;0;5;213;2;3;0;0;5;208;46;0;97;2;1;55;7;
162205026;649;342;0;652;1;307;1;0;307;0;2;0;0;2;305;44;0;168;2;5;80;6;
162205027;673;408;0;673;8;265;8;1;265;0;8;0;0;8;257;44;3;113;2;0;88;7;
162205028;469;290;0;469;0;179;0;0;179;4;0;1;0;5;174;29;0;105;1;1;34;4;
162205029;520;321;0;520;0;199;0;5;199;1;6;0;0;7;192;30;3;90;4;1;54;10;
162205030;640;416;0;631;1;224;1;0;224;0;1;0;0;1;223;28;1;105;1;1;79;8;
162205031;640;334;0;632;0;306;0;9;306;1;2;0;0;3;303;28;0;210;0;4;51;10;
162205032;750;509;0;732;0;241;0;3;241;8;0;0;0;8;233;39;1;115;2;1;72;3;
162205033;730;445;0;285;6;285;6;0;285;0;4;9;0;13;272;42;2;160;0;1;58;9;
162205034;670;426;0;660;0;244;0;0;244;0;5;0;0;5;239;38;5;113;0;2;75;6;
162205035;623;381;3;621;8;239;8;8;239;3;0;0;0;3;236;36;3;117;0;2;67;11;
162205036;764;529;0;765;3;235;3;2;235;1;0;0;0;1;234;37;2;122;0;5;63;5;
162205037;620;341;2;617;0;277;0;2;277;2;4;0;0;6;271;31;3;180;1;5;44;7;
162205038;720;407;8;712;0;305;0;7;305;8;0;0;0;8;297;55;0;138;2;2;88;12;
162205039;558;312;3;558;1;243;1;0;243;1;3;2;0;6;237;36;0;154;1;1;39;6;
162205040;750;447;1;752;0;302;0;2;302;4;8;0;0;12;290;55;1;161;1;3;59;10;
162205041;660;369;0;658;1;291;1;5;291;9;0;0;0;9;282;50;2;167;1;1;52;9;
162205042;750;427;0;749;0;323;0;3;323;0;5;1;1;7;316;67;1;153;2;6;79;8;
162205043;765;418;2;767;0;345;0;0;345;8;11;0;1;20;325;52;2;180;1;6;71;13;
162205044;720;426;3;714;0;291;0;0;291;3;2;0;0;5;286;37;0;152;0;1;86;10;
162205045;600;318;2;592;1;280;1;9;280;2;4;4;0;10;270;55;2;138;2;6;53;14;
162205046;530;307;0;535;1;223;1;7;223;0;3;1;0;4;219;40;1;143;1;3;26;5;
162205047;740;447;0;736;10;293;10;0;293;0;1;0;0;1;292;19;0;202;1;1;60;9;
162205048;690;353;0;697;0;337;0;10;337;7;3;0;0;10;327;56;2;189;3;2;57;18;
162205049;790;445;0;791;0;345;0;2;345;1;9;0;0;10;335;45;5;186;0;2;91;6;
162205050;830;473;3;828;0;354;0;0;354;10;1;0;0;11;343;61;4;186;1;1;80;10;
162205051;630;308;0;624;0;322;0;0;322;2;6;0;0;8;314;37;7;187;3;4;60;16;
162205052;546;323;2;566;0;221;0;1;221;3;4;0;0;7;214;36;4;106;1;0;56;11;
162205053;460;278;1;456;2;181;2;6;181;0;1;0;0;1;180;21;3;101;0;3;48;4;
162205054;480;286;0;476;4;194;4;0;194;5;2;0;0;7;187;25;3;125;0;0;30;4;
162205055;760;470;3;759;0;287;0;0;287;3;1;0;0;4;283;43;1;179;2;3;45;10;
162205056;530;304;0;554;0;226;0;34;226;2;1;0;1;4;222;27;0;119;0;0;68;8;
162205057;633;376;0;620;0;257;0;5;257;0;1;0;0;1;256;30;1;141;2;3;74;5;
162205058;817;481;0;821;0;336;0;5;336;1;9;0;0;10;326;52;0;163;1;0;98;12;
162205059;760;426;0;763;1;334;1;2;334;3;0;0;0;3;331;47;0;177;0;3;95;9;
162205060;570;241;1;629;3;328;3;3;328;2;2;0;0;4;324;48;8;179;2;3;75;9;
162205061;630;349;3;624;5;278;5;0;278;0;4;0;0;4;274;30;0;164;0;5;70;5;
162205062;761;449;1;714;0;311;0;8;311;0;4;0;0;4;307;53;3;163;0;2;77;9;
162205063;810;487;0;814;0;323;0;7;323;3;4;0;0;7;316;35;1;174;1;1;93;11;
162205064;730;431;0;728;0;299;0;5;299;2;5;1;0;8;291;47;2;147;1;3;76;15;
162205065;670;392;0;669;2;278;2;5;278;2;2;5;0;9;269;42;1;137;2;4;69;14;
162205066;700;438;0;694;1;262;1;1;262;2;6;1;0;9;253;28;1;152;0;3;65;4;
162205067;430;254;0;429;0;176;0;2;176;0;3;0;0;3;173;26;1;98;0;1;42;5;
162205068;540;321;2;543;0;217;0;4;217;2;1;0;0;3;214;33;1;119;1;1;51;8;
162205069;750;420;0;753;0;330;0;6;330;1;5;0;0;6;324;41;4;194;1;3;71;10;
162205070;610;364;4;607;0;242;0;4;242;2;0;2;0;4;238;30;1;139;1;2;57;8;
162205071;707;351;0;710;0;356;0;0;356;2;4;0;2;8;348;70;0;173;0;2;82;21;
162205072;810;444;0;804;6;366;6;6;366;5;6;0;0;11;355;47;4;193;2;3;91;15;
162205073;700;389;0;311;0;311;0;0;311;0;11;0;0;11;300;51;0;165;0;1;71;12;
162205074;680;415;3;671;0;262;0;4;262;0;3;0;0;3;259;38;1;151;2;2;60;5;
162205075;800;536;0;802;0;264;0;3;264;0;0;5;0;5;259;30;0;126;1;6;88;8;
162205076;604;357;0;604;0;247;0;7;247;7;0;0;0;7;240;32;0;140;1;3;55;9;
162205077;590;340;0;582;2;250;2;5;250;4;1;4;1;10;240;36;2;140;0;1;48;13;
162205078;680;400;0;680;0;280;0;0;280;0;3;4;0;7;273;37;2;158;0;5;63;8;
162205079;760;454;0;761;4;306;4;0;306;2;1;1;0;4;302;49;0;153;0;6;86;8;
162205080;740;496;0;735;0;244;0;0;244;0;8;0;0;8;236;30;0;120;0;3;75;8;
162205081;860;573;2;822;0;285;0;3;285;2;2;0;0;4;281;46;2;147;0;5;74;7;
162205082;880;559;0;872;1;321;1;0;321;0;1;0;0;1;320;45;3;178;2;1;67;24;
162205083;750;492;0;752;1;258;1;0;258;1;4;1;0;6;252;29;2;157;0;2;58;4;
162205084;470;278;1;466;2;191;2;6;191;2;1;7;0;10;181;21;1;115;0;0;38;6;
162205085;970;608;2;967;0;360;0;0;360;2;5;0;0;7;353;47;0;223;0;3;68;12;
162205086;660;475;1;669;13;184;13;0;184;0;2;0;0;2;182;26;2;92;0;1;55;6;
162205087;559;390;1;555;1;168;1;5;168;0;3;0;0;3;165;10;0;91;2;1;53;8;
162205088;550;309;0;543;0;241;0;0;241;2;0;0;0;2;239;23;1;120;1;1;85;8;
162205089;600;359;0;587;0;241;0;1;241;1;1;1;0;3;238;36;1;98;2;6;84;11;
162205090;850;513;0;843;0;337;0;0;337;3;1;3;0;7;330;53;1;145;3;3;116;9;
162205091;710;407;5;703;0;298;0;3;298;0;2;0;0;2;296;43;0;109;5;0;131;8;
162205092;470;290;0;465;0;180;0;1;180;1;4;0;0;5;175;23;0;80;0;3;58;11;
162205093;550;337;0;547;0;213;0;0;213;2;0;0;0;2;211;13;0;106;0;2;76;14;
162205094;630;383;2;622;0;245;0;0;245;1;1;0;0;2;243;25;0;111;1;2;94;10;
162205095;650;412;0;649;3;238;3;2;238;0;4;0;0;4;234;45;1;117;1;0;62;8;
162205096;50;6;0;56;0;44;0;6;44;0;0;0;0;0;44;6;1;28;0;0;8;1;
162205099;50;19;0;46;0;31;0;5;31;0;0;0;0;0;31;3;0;20;0;0;6;2;
162205100;253;19;2;251;0;232;0;0;232;19;1;2;0;22;210;16;1;141;1;3;42;6;
162206001;700;465;0;631;5;235;5;0;235;0;3;1;0;4;231;28;2;128;2;1;63;7;
162206002;700;442;0;648;3;258;3;1;258;4;0;0;0;4;254;38;2;145;0;3;52;14;
162206003;500;244;2;500;0;254;0;27;254;0;2;0;0;2;252;17;0;189;3;1;35;7;
162206004;750;467;1;710;1;282;1;2;282;0;10;2;0;12;270;40;2;147;0;0;75;6;
162206005;650;354;8;618;2;288;2;0;288;0;5;3;0;8;280;32;2;183;1;4;52;6;
162206006;700;473;0;620;0;227;0;1;227;0;2;0;0;2;225;28;2;114;0;2;66;13;
162206007;700;471;0;610;1;229;1;0;229;1;0;0;0;1;228;32;0;129;0;3;53;11;
162206008;800;527;0;729;0;273;0;2;273;2;0;0;0;2;271;50;1;141;1;2;65;11;
162206009;700;400;2;676;2;298;2;6;298;0;1;0;0;1;297;52;0;158;1;2;74;10;
162206010;650;423;2;614;0;225;0;0;225;1;2;0;0;3;222;34;0;123;0;4;56;5;
162206011;700;434;0;675;0;266;0;5;266;2;2;6;0;10;256;19;1;197;0;2;30;7;
162206012;700;491;0;665;1;209;1;1;209;5;5;0;0;10;199;30;0;114;1;3;42;9;
162206013;700;431;0;644;0;269;0;3;269;1;1;10;0;12;257;36;1;144;1;0;68;7;
162206014;700;459;0;640;0;241;0;0;241;0;5;0;0;5;236;35;0;138;0;4;48;11;
162206015;750;487;0;711;1;263;1;0;263;1;0;4;0;5;258;42;1;144;2;8;54;7;
162206016;700;470;0;697;0;230;0;8;230;0;0;1;0;1;229;26;2;123;1;0;65;12;
162206017;650;418;1;614;0;231;0;7;231;3;1;0;0;4;227;38;1;110;1;1;74;2;
162206018;700;484;2;646;0;214;0;0;214;0;10;0;0;10;204;22;2;116;0;0;59;5;
162206019;663;435;0;607;0;228;0;0;228;2;1;0;0;3;225;42;2;118;1;2;52;8;
162206020;700;467;1;651;0;232;0;1;232;5;2;0;0;7;225;26;0;137;0;1;55;6;
162206021;800;560;1;718;0;239;0;2;239;2;4;2;0;8;231;45;0;134;1;0;41;10;
162206022;805;520;1;740;1;284;1;2;284;0;3;1;0;4;280;42;4;156;0;1;69;8;
162206023;600;396;2;581;0;202;0;0;202;3;1;0;0;4;198;25;0;118;0;2;47;6;
162206024;700;469;2;654;2;229;2;0;229;1;2;1;0;4;225;23;0;141;0;2;50;9;
162206025;701;473;0;643;0;228;0;1;228;1;2;0;0;3;225;39;0;124;0;2;54;6;
162206026;498;291;0;488;0;207;0;2;207;1;4;0;0;5;202;30;1;113;1;1;49;7;
162206027;500;323;3;457;1;174;1;12;174;1;2;0;0;3;171;21;0;94;0;3;46;7;
162206028;600;377;1;586;0;222;0;1;222;3;3;0;0;6;216;33;1;108;0;3;60;11;
162206029;740;449;3;703;2;288;2;0;288;2;3;0;0;5;283;30;2;183;0;2;59;7;
162206030;600;402;1;576;1;197;1;1;197;2;1;0;0;3;194;22;4;93;2;2;65;6;
162206031;600;383;5;588;2;212;2;0;212;0;3;0;0;3;209;28;0;99;2;2;70;8;
162206032;693;437;1;628;0;255;0;0;255;0;12;0;0;12;243;37;1;134;1;2;63;5;
162206033;700;448;2;658;0;250;0;2;250;2;3;0;0;5;245;29;1;149;0;4;48;14;
162206034;800;489;2;734;0;309;0;0;309;1;7;2;0;10;299;46;3;163;0;8;72;7;
162206035;700;441;2;681;0;257;0;3;257;0;3;0;0;3;254;40;1;128;0;1;78;6;
162206036;803;529;1;773;0;273;0;1;273;2;3;0;0;5;268;37;1;157;0;2;57;14;
162206037;700;446;0;623;8;254;8;0;254;1;9;0;0;10;244;18;2;140;1;1;77;5;
162206038;800;543;1;737;1;256;1;2;256;1;3;3;0;7;249;40;2;124;2;0;68;13;
162206039;500;323;0;482;3;177;3;3;177;0;3;0;0;3;174;25;5;83;0;3;48;10;
162206040;500;326;0;466;2;174;2;4;174;1;0;0;0;1;173;10;2;84;0;0;64;13;
162206041;700;445;0;638;2;255;2;1;255;3;0;3;0;6;249;29;0;144;0;5;60;11;
162206042;550;367;1;518;0;182;0;3;182;2;2;0;0;4;178;21;0;112;0;1;33;11;
162206043;474;256;0;494;1;218;1;2;218;3;0;0;0;3;215;33;1;122;0;2;50;7;
162206044;500;308;7;455;3;185;3;0;185;1;6;0;0;7;178;30;1;109;2;1;29;6;
162206045;500;291;0;506;4;209;4;0;209;3;0;0;0;3;206;54;1;98;2;3;39;9;
162206046;500;308;1;469;1;191;1;7;191;0;2;2;0;4;187;17;0;115;0;1;46;8;
162206047;700;423;0;693;0;277;0;0;277;0;1;0;0;1;276;26;2;186;4;1;48;9;
162206048;800;464;0;785;0;336;0;3;336;1;1;1;0;3;333;29;1;199;2;5;90;7;
162206049;700;394;4;643;1;302;1;0;302;1;0;0;0;1;301;32;3;186;1;2;67;10;
162206050;700;435;2;663;0;263;0;4;263;1;2;0;0;3;260;21;5;161;1;4;57;11;
162206051;600;344;4;589;1;252;1;0;252;1;0;0;0;1;251;15;3;174;1;4;46;8;
162206052;700;433;0;673;1;267;1;7;267;1;1;0;0;2;265;45;1;144;0;1;65;9;
162206053;700;477;1;631;4;222;4;2;222;2;2;4;1;9;213;22;0;118;0;6;63;4;
162206054;700;469;0;684;0;231;0;0;231;2;2;2;0;6;225;34;0;97;4;6;69;15;
162206055;700;406;0;697;6;294;6;3;294;2;4;0;0;6;288;32;0;181;5;7;57;6;
162206056;800;507;0;806;9;293;9;7;293;6;2;0;0;8;285;39;1;127;0;1;105;12;
162206057;800;524;3;773;5;273;5;1;273;4;2;0;0;6;267;39;0;142;0;3;74;9;
162206058;800;533;1;755;0;266;0;4;266;0;0;2;0;2;264;40;1;145;4;4;56;14;
162206059;750;487;1;715;6;262;6;0;262;2;9;0;0;11;251;29;1;161;0;3;49;8;
162206060;750;478;1;715;5;271;5;5;271;0;2;0;0;2;269;48;1;142;2;2;67;7;
162206061;900;566;2;847;0;332;0;6;332;3;9;0;0;12;320;48;1;159;2;4;98;8;
162206062;800;451;4;769;1;345;1;3;345;3;9;0;0;12;333;62;0;191;2;2;67;9;
162206063;1000;618;1;950;8;381;8;8;381;0;11;0;0;11;370;48;0;215;1;1;96;9;
162206064;700;450;1;667;0;249;0;0;249;1;8;0;0;9;240;37;0;136;1;1;58;7;
162206065;700;424;1;661;0;275;0;6;275;2;8;0;0;10;265;30;0;148;0;5;76;6;
162206066;800;494;2;738;1;304;1;3;304;2;6;1;0;9;295;34;0;147;1;6;90;17;
162206067;600;324;2;571;3;274;3;26;274;8;5;0;0;13;261;35;2;146;0;7;60;11;
162206068;800;491;0;816;4;309;4;0;309;1;2;0;0;3;306;61;1;149;1;5;82;7;
162206069;700;451;0;698;6;249;6;0;249;0;1;7;0;8;241;33;1;125;1;3;71;7;
162206070;1000;752;0;675;0;248;0;0;248;2;1;0;0;3;245;27;1;143;0;3;60;11;
162206071;700;423;5;741;4;272;4;8;272;2;0;2;0;4;268;30;0;162;0;1;72;3;
162206072;200;89;0;195;0;111;0;0;111;3;0;11;1;15;96;9;1;66;1;2;16;1;
170100001;900;550;4;920;0;346;0;2;346;1;3;0;0;4;342;32;0;199;1;2;104;4;
170100002;800;459;1;751;1;340;1;0;340;0;10;0;0;10;330;37;0;135;2;6;143;7;
170100003;800;450;0;844;0;350;0;0;350;0;2;7;0;9;341;41;0;161;1;3;123;12;
170100004;700;386;0;756;0;314;0;3;314;3;1;14;0;18;296;36;0;126;1;2;129;2;
170100005;800;488;1;839;0;311;0;3;311;0;4;0;0;4;307;33;4;149;1;6;107;7;
170100006;512;276;0;236;0;236;0;0;236;0;3;0;0;3;233;17;1;124;0;4;78;9;
170100007;700;330;0;728;1;370;1;1;370;1;5;10;0;16;354;44;2;138;1;5;156;8;
170100008;800;402;0;902;4;398;4;3;398;1;2;0;0;3;395;42;0;190;2;7;146;8;
170100009;700;287;1;750;0;412;0;4;412;1;6;8;2;17;395;57;0;183;2;7;136;10;
170100010;600;298;1;570;0;301;0;0;301;1;4;0;0;5;296;49;1;125;3;4;102;12;
170100011;700;311;0;778;3;389;3;1;389;5;3;2;0;10;379;58;0;178;1;2;133;7;
170100012;700;319;2;713;0;379;0;5;379;0;2;0;0;2;377;82;1;177;0;4;96;17;
170100013;400;173;0;442;0;227;0;2;227;1;5;0;0;6;221;37;0;112;0;4;59;9;
170100014;601;302;1;587;2;298;2;0;298;2;2;1;0;5;293;74;0;135;0;4;75;5;
170100015;700;372;0;670;0;328;0;5;328;3;0;4;0;7;321;49;2;158;0;2;97;13;
170100016;700;323;4;755;2;373;2;6;373;4;1;5;0;10;363;50;5;181;2;6;110;9;
170100017;500;248;0;500;0;252;0;4;252;2;5;0;0;7;245;50;0;123;0;2;64;6;
170100018;500;252;0;542;0;248;0;4;248;1;1;4;0;6;242;37;1;114;0;3;79;8;
170100019;505;256;0;521;0;249;0;0;249;2;8;10;0;20;229;24;4;108;1;0;88;4;
170100020;700;318;0;700;0;382;0;0;382;2;2;14;0;18;364;74;1;141;0;3;118;27;
170100021;800;354;1;864;3;445;3;0;445;0;0;10;0;10;435;102;2;183;1;1;129;17;
170100022;800;361;0;837;0;439;0;0;439;1;2;8;0;11;428;43;2;209;4;2;161;7;
170100023;600;278;0;593;1;322;1;0;322;1;3;6;1;11;311;59;0;140;0;4;97;11;
170100024;700;289;0;773;0;411;0;2;411;0;3;0;0;3;408;77;0;171;1;6;144;9;
170100025;400;189;1;376;0;210;0;0;210;0;1;0;0;1;209;45;0;87;0;4;65;8;
170100026;600;268;1;661;0;331;0;0;331;1;1;0;1;3;328;59;0;163;1;4;93;8;
170100027;500;226;0;530;0;274;0;3;274;1;0;4;0;5;269;31;0;127;1;1;105;4;
170100028;400;204;0;398;0;196;0;0;196;8;0;0;0;8;188;26;1;94;1;0;63;3;
170100029;600;328;2;642;0;270;0;3;270;3;0;3;1;7;263;17;0;154;6;2;79;5;
170100030;400;184;0;449;1;216;1;3;216;0;1;8;0;9;207;23;2;105;2;2;69;4;
170100031;600;280;0;635;5;320;5;2;320;0;1;6;0;7;313;34;0;201;0;2;74;2;
170100032;500;221;2;567;0;277;0;4;277;1;1;1;0;3;274;17;0;148;3;2;93;11;
170100033;500;227;2;591;0;271;0;3;271;1;2;1;0;4;267;20;0;178;0;1;67;1;
170100034;800;451;4;827;0;345;0;0;345;3;1;0;0;4;341;26;1;195;1;2;110;6;
170100035;600;324;1;625;0;275;0;0;275;2;2;1;1;6;269;54;1;105;2;2;96;9;
170100036;500;279;3;507;1;218;1;0;218;1;0;0;0;1;217;10;0;119;2;1;84;1;
170100037;600;331;0;624;0;269;0;0;269;0;1;0;0;1;268;55;2;106;1;2;89;13;
170100038;800;432;0;806;2;368;2;9;368;2;6;6;0;14;354;34;3;212;4;1;96;4;
170100039;700;384;0;742;0;316;0;3;316;2;0;0;0;2;314;47;1;170;1;1;84;10;
170100040;506;220;1;285;0;285;0;0;285;3;2;4;0;9;276;14;1;215;0;2;44;0;
170100041;500;259;0;492;1;241;1;0;241;0;0;3;0;3;238;41;1;103;1;2;83;7;
170100042;600;341;3;624;0;256;0;0;256;2;2;6;0;10;246;34;0;99;1;1;100;11;
170100043;700;370;0;684;1;330;1;0;330;3;5;0;0;8;322;32;0;163;1;3;116;7;
170100044;700;372;0;686;0;328;0;0;328;5;1;1;0;7;321;46;0;151;1;2;114;7;
170100045;508;284;0;498;0;224;0;0;224;1;1;0;0;2;222;17;1;113;1;2;87;1;
170100046;800;342;1;838;0;457;0;0;457;4;20;0;0;24;433;20;0;229;1;5;164;14;
170100047;800;451;0;784;1;349;1;0;349;2;0;0;0;2;347;14;0;210;1;1;119;2;
170100048;600;309;0;607;1;291;1;0;291;0;0;9;0;9;282;10;0;195;4;3;65;5;
170100049;600;303;0;663;0;297;0;5;297;0;1;0;0;1;296;20;3;157;0;3;109;4;
170100050;600;326;0;643;2;274;2;2;274;0;3;1;0;4;270;15;0;165;0;2;84;4;
170100051;400;180;1;434;4;219;4;0;219;4;0;0;0;4;215;17;0;129;3;0;60;6;
170100052;700;436;0;692;0;264;0;0;264;1;2;0;0;3;261;16;3;142;0;5;91;4;
170100053;600;338;0;648;0;262;0;4;262;1;3;0;0;4;258;26;0;126;0;0;100;6;
170100054;699;397;5;719;0;297;0;6;297;4;2;0;0;6;291;2;0;262;4;3;20;0;
170100055;500;311;1;552;0;188;0;12;188;2;0;3;0;5;183;3;1;152;0;0;27;0;
170100056;700;383;2;750;5;315;5;0;315;3;1;12;0;16;299;7;2;264;4;0;20;2;
170100057;800;449;0;351;0;351;0;0;351;2;1;4;0;7;344;2;1;332;4;1;4;0;
170100058;691;491;3;764;0;197;0;0;197;1;3;0;0;4;193;15;0;168;3;2;5;0;
170100059;900;676;0;969;0;224;0;0;224;1;1;19;0;21;203;8;2;185;2;3;2;1;
170100060;500;222;2;491;0;276;0;2;276;1;9;3;0;13;263;10;3;155;1;0;90;4;
170100061;500;232;0;504;0;268;0;0;268;4;0;0;0;4;264;5;2;228;0;1;28;0;
170100062;800;373;2;828;0;425;0;0;425;4;3;8;0;15;410;9;1;358;2;2;37;1;
170100063;900;417;0;929;0;483;0;4;483;5;3;0;0;8;475;23;1;341;2;1;106;1;
170100064;800;294;2;854;0;504;0;3;504;3;3;0;0;6;498;6;0;472;1;2;17;0;
170100065;700;306;1;705;0;393;0;0;393;1;3;17;0;21;372;7;0;330;1;0;34;0;
170100066;700;273;0;747;0;427;0;0;427;5;2;4;0;11;416;6;0;384;1;0;25;0;
170100067;300;130;0;334;0;170;0;4;170;4;0;8;0;12;158;18;1;97;0;3;31;8;
170100068;500;301;1;481;2;198;2;2;198;1;0;3;0;4;194;7;1;103;1;0;81;1;
170100069;70;38;0;41;0;32;0;0;32;0;0;0;0;0;32;0;0;31;0;0;1;0;
170100070;60;36;1;37;0;23;0;4;23;0;2;1;0;3;20;1;2;15;1;0;1;0;
170100071;100;32;0;95;0;68;0;0;68;0;5;0;0;5;63;4;0;29;0;2;22;6;
170100072;300;142;0;272;1;158;1;2;158;0;3;0;0;3;155;12;0;89;1;0;50;3;
170100073;80;27;1;70;0;52;0;6;52;0;0;0;0;0;52;7;0;31;0;0;11;3;
170100074;500;236;0;503;0;264;0;0;264;3;3;0;0;6;258;7;1;161;2;2;81;4;
170100075;600;295;0;592;3;305;3;0;305;3;1;15;0;19;286;24;2;191;4;2;61;2;
170100076;500;240;0;531;0;260;0;3;260;4;2;8;0;14;246;12;2;110;3;0;117;2;
170100077;700;447;0;660;4;253;4;0;253;0;15;0;0;15;238;8;2;138;5;1;80;4;
170100078;40;16;1;33;1;23;1;0;23;1;0;1;0;2;21;6;1;11;1;0;2;0;
170100079;600;239;4;626;4;357;4;0;357;4;0;0;0;4;353;6;1;326;2;0;18;0;
170100080;120;57;0;104;0;63;0;4;63;0;0;0;0;0;63;0;0;63;0;0;0;0;
170100081;500;266;0;463;1;234;1;2;234;2;5;8;0;15;219;6;0;165;6;1;36;5;
170100082;300;122;0;286;3;178;3;3;178;0;0;0;0;0;178;2;0;166;1;0;9;0;
170100083;300;190;2;263;0;108;0;0;108;4;0;0;0;4;104;10;0;55;1;0;33;5;
170100084;450;240;0;416;6;210;6;6;210;0;4;6;0;10;200;9;0;105;0;4;72;10;
170100085;200;94;0;171;0;106;0;0;106;5;0;0;0;5;101;6;0;78;1;0;15;1;
170100086;150;55;0;128;1;95;1;0;95;0;0;8;0;8;87;0;2;82;0;0;3;0;
170100087;80;26;0;65;3;54;3;4;54;3;0;0;0;3;51;5;1;33;1;0;10;1;
170100088;400;90;1;418;1;309;1;0;309;7;11;0;0;18;291;6;0;232;5;1;46;1;
170100089;500;169;2;527;0;329;0;0;329;12;2;5;0;19;310;3;2;288;1;2;14;0;
170100090;500;188;13;500;1;299;1;0;299;1;4;4;0;9;290;1;0;274;4;0;10;1;
170100091;700;368;0;631;8;332;8;0;332;2;0;13;1;16;316;7;1;190;1;0;115;2;
170100092;1000;464;0;973;3;536;3;0;536;5;2;12;0;19;517;9;4;301;4;3;193;3;
170100093;800;432;2;765;1;366;1;2;366;2;3;11;0;16;350;8;3;228;1;5;96;9;
170100094;80;28;0;69;6;52;6;0;52;0;0;0;0;0;52;0;0;52;0;0;0;0;
170100095;40;30;0;29;0;10;0;0;10;0;0;0;0;0;10;1;0;8;1;0;0;0;
170100096;600;314;0;566;2;286;2;2;286;8;5;0;0;13;273;17;4;180;1;1;66;4;
170100097;60;22;1;45;0;37;0;5;37;0;1;0;0;1;36;6;1;12;0;0;14;3;
170100098;800;312;0;803;0;488;0;0;488;2;0;6;0;8;480;7;3;428;1;3;34;4;
170100099;475;224;2;426;3;249;3;0;249;13;0;0;2;15;234;12;2;141;2;2;65;10;
170100100;500;188;6;485;7;306;7;0;306;6;0;0;0;6;300;3;0;289;1;0;5;2;
170100101;70;47;0;42;1;23;1;0;23;0;2;0;0;2;21;3;3;10;1;0;4;0;
170100102;300;217;0;63;23;83;23;0;83;2;0;6;0;8;75;4;2;53;0;0;15;1;
170700001;540;164;0;540;4;376;4;0;376;0;3;9;0;12;364;18;1;286;2;2;45;10;
170700002;450;176;0;436;1;274;1;0;274;6;2;2;0;10;264;15;3;190;2;3;45;6;
170700003;660;195;1;660;0;464;0;0;464;1;4;0;0;5;459;14;5;391;3;5;39;2;
170700004;400;180;1;391;1;219;1;0;219;6;2;2;0;10;209;11;7;119;1;2;66;3;
170700005;450;256;1;429;0;193;0;1;193;2;0;0;1;3;190;10;1;134;3;1;38;3;
170700006;350;118;1;346;0;231;0;1;231;2;3;6;0;11;220;8;0;178;0;0;27;7;
170700007;460;165;2;457;2;293;2;1;293;2;4;1;0;7;286;14;0;240;1;1;23;7;
170700008;90;13;0;84;6;77;6;1;77;0;0;0;0;0;77;7;0;66;0;0;2;2;
170700009;278;64;3;284;6;211;6;2;211;9;0;0;0;9;202;11;0;173;3;0;15;0;
170700010;90;13;0;87;2;77;2;0;77;0;0;0;0;0;77;3;0;66;1;0;4;3;
170700011;160;38;1;159;5;121;5;0;121;3;0;0;0;3;118;9;1;91;4;3;8;2;
170700012;160;39;1;155;4;120;4;1;120;6;0;0;0;6;114;11;0;95;0;0;5;3;
170700013;320;107;1;311;1;212;1;0;212;5;6;0;0;11;201;11;1;159;4;4;12;10;
170700014;290;105;0;281;1;185;1;1;185;1;4;0;0;5;180;7;3;135;7;3;20;5;
170700015;630;265;1;620;3;364;3;0;364;4;3;4;0;11;353;26;0;258;9;5;51;4;
170700016;200;74;2;193;0;124;0;0;124;0;0;0;0;0;124;27;1;80;2;1;11;2;
170700017;500;212;0;494;4;288;4;1;288;14;1;0;0;15;273;32;4;198;1;1;36;1;
170700018;550;188;2;547;3;360;3;2;360;6;2;3;1;12;348;18;4;273;3;1;43;6;
170700019;150;33;0;146;3;117;3;3;117;9;0;0;0;9;108;21;0;74;2;0;8;3;
171200001;786;409;0;786;0;377;0;0;377;4;10;0;0;14;363;94;1;172;4;2;69;21;
171200002;711;277;0;711;0;434;0;0;434;6;7;10;0;23;411;101;2;222;2;2;63;19;
171200003;635;275;2;638;0;358;0;1;358;11;0;0;0;11;347;52;2;190;1;1;94;7;
171200004;479;253;1;483;0;225;0;0;225;2;1;0;0;3;222;47;1;94;1;0;72;7;
171200005;717;413;1;719;2;303;2;0;303;1;4;0;0;5;298;58;1;124;0;4;102;9;
171200006;656;323;16;656;2;317;2;0;317;1;15;0;0;16;301;51;1;126;3;6;104;10;
171200007;947;608;3;946;2;336;2;0;336;4;20;0;0;24;312;28;1;169;1;5;104;4;
171200008;699;370;13;698;0;316;0;0;316;3;9;1;0;13;303;28;2;113;5;2;147;6;
171200009;713;379;0;710;0;334;0;0;334;2;7;2;0;11;323;27;0;194;3;2;94;3;
171200010;651;317;1;651;3;333;3;1;333;20;2;3;0;25;308;31;3;186;0;3;75;10;
171200011;198;72;0;198;0;126;0;0;126;3;0;0;0;3;123;6;0;95;2;3;15;2;
171200012;226;62;10;226;3;154;3;0;154;0;2;8;0;10;144;20;4;98;1;1;17;3;
171200013;322;149;1;323;1;172;1;1;172;0;0;6;0;6;166;15;1;74;4;1;43;28;
171200014;635;418;2;638;3;215;3;0;215;3;1;7;0;11;204;9;2;163;3;1;25;1;
171200015;181;35;1;181;5;145;5;1;145;6;6;3;0;15;130;35;2;75;1;0;17;0;
171200016;209;53;0;209;7;156;7;2;156;3;8;0;0;11;145;30;3;84;0;1;10;17;
171200017;355;180;1;355;0;174;0;1;174;0;1;2;0;3;171;14;1;127;1;0;24;4;
171200018;229;92;0;228;6;137;6;7;137;5;2;0;0;7;130;22;2;91;0;2;12;1;
171200019;297;123;0;297;0;174;0;0;174;4;5;0;1;10;164;34;2;97;1;3;24;3;
171200020;626;351;2;630;4;273;4;0;273;1;14;0;0;15;258;22;0;171;4;1;53;7;
171300001;911;496;10;899;2;405;2;4;405;8;0;0;2;10;395;19;1;266;4;4;94;7;
171300002;950;514;0;949;1;436;1;4;436;3;1;7;0;11;425;53;2;204;0;2;142;22;
171300003;880;497;0;895;0;383;0;1;383;4;9;0;0;13;370;36;3;220;1;4;95;11;
171300004;539;284;0;563;0;255;0;5;255;0;5;4;0;9;246;26;2;117;2;3;89;7;
171300005;650;382;0;653;1;268;1;0;268;0;0;3;0;3;265;32;0;108;2;4;106;13;
171300006;560;285;5;572;0;270;0;5;270;2;2;5;0;9;261;12;1;158;0;1;84;5;
171300007;459;222;0;457;0;237;0;2;237;2;1;2;0;5;232;33;1;121;0;4;63;10;
171300008;850;468;0;851;0;382;0;0;382;0;5;0;0;5;377;39;0;203;2;3;118;12;
171300009;965;544;0;971;4;421;4;0;421;0;6;6;2;14;407;22;1;297;2;4;67;14;
171300010;931;474;0;946;6;457;6;0;457;0;1;14;0;15;442;3;0;431;2;0;6;0;
171300011;901;525;1;912;1;375;1;0;375;2;7;0;0;9;366;36;1;199;0;2;122;6;
171300012;852;460;2;856;1;390;1;0;390;3;4;0;1;8;382;34;0;180;0;4;161;3;
171300013;971;540;3;871;0;428;0;0;428;1;12;0;0;13;415;38;4;225;4;3;128;13;
171300014;650;382;2;643;0;266;0;0;266;0;4;3;0;7;259;41;2;121;2;2;83;8;
171300015;576;258;1;742;0;317;0;0;317;1;1;4;0;6;311;38;3;169;0;1;91;9;
171300016;576;296;2;585;0;278;0;0;278;2;2;7;0;11;267;22;0;155;0;0;82;8;
171300017;615;330;0;600;0;285;0;0;285;2;3;0;0;5;280;24;1;136;2;2;104;11;
171300018;789;392;3;394;2;394;2;0;394;1;2;3;1;7;387;27;0;182;2;2;165;9;
171300019;686;386;2;674;1;298;1;0;298;3;5;5;0;13;285;30;2;133;1;4;103;12;
171300020;765;430;2;753;0;333;0;0;333;0;4;0;0;4;329;25;1;176;1;1;111;14;
171300021;570;301;0;562;24;269;24;0;269;2;1;0;0;3;266;41;1;125;1;3;91;4;
171300022;546;281;0;544;5;265;5;0;265;0;4;0;0;4;261;63;1;102;0;5;79;11;
171300023;600;346;0;584;0;254;0;0;254;0;3;6;0;9;245;22;2;117;0;3;91;10;
171300024;793;313;0;798;1;480;1;0;480;19;3;0;0;22;458;31;3;251;3;0;164;6;
171300025;500;274;0;483;0;226;0;0;226;0;2;0;0;2;224;23;3;134;0;0;60;4;
171300026;591;328;0;590;0;263;0;0;263;1;5;0;0;6;257;32;4;145;1;1;69;5;
171300027;948;586;0;956;0;362;0;0;362;2;5;0;0;7;355;26;0;229;2;2;87;9;
171300028;880;522;0;886;4;358;4;0;358;1;3;0;1;5;353;34;4;175;2;8;118;12;
171300029;705;420;2;717;1;283;1;0;283;7;3;0;0;10;273;25;1;137;2;3;95;10;
171300030;564;270;0;561;0;294;0;0;294;2;2;4;0;8;286;33;3;140;1;4;91;14;
171300031;70;42;0;60;0;28;0;0;28;0;0;0;0;0;28;0;0;18;0;1;7;2;
171300032;550;263;0;549;2;287;2;0;287;4;8;0;0;12;275;8;2;178;4;2;80;1;
171300033;686;322;0;693;6;364;6;0;364;9;5;2;0;16;348;20;3;151;2;5;161;6;
171300034;724;391;1;724;2;332;2;0;332;1;2;16;1;20;312;39;2;167;1;2;96;5;
171300035;132;54;1;130;2;77;2;0;77;0;1;0;0;1;76;2;1;60;1;2;9;1;
171300036;250;131;0;241;1;119;1;0;119;1;1;0;0;2;117;10;0;65;0;0;38;4;
171300037;40;16;0;40;1;24;1;0;24;0;0;0;0;0;24;4;0;16;1;0;2;1;
171300038;486;284;0;495;10;202;10;9;202;0;3;1;0;4;198;11;1;107;3;5;67;4;
171300039;800;493;2;767;0;305;0;0;305;0;15;0;0;15;290;16;4;155;1;3;108;3;
171300040;594;336;1;595;1;257;1;1;257;0;4;1;0;5;252;16;2;143;1;2;80;8;
171300041;477;252;0;471;3;225;3;0;225;2;3;5;0;10;215;12;1;102;0;2;92;6;
171300042;627;375;0;626;0;252;0;5;252;7;2;0;0;9;243;6;0;137;2;2;93;3;
171300043;226;77;2;228;0;147;0;1;147;7;2;0;0;9;138;3;1;97;1;2;29;5;
171300044;280;131;0;279;2;149;2;0;149;0;2;0;0;2;147;2;2;125;3;1;13;1;
171300045;720;400;0;719;14;320;14;0;320;0;3;0;0;3;317;20;0;168;5;4;109;11;
171300046;758;405;0;764;21;353;21;0;353;2;9;0;0;11;342;32;0;160;3;0;135;12;
171300047;774;420;0;351;3;354;3;0;354;0;2;12;0;14;340;26;1;206;4;2;96;5;
171300048;766;517;0;768;1;249;1;1;249;1;0;8;0;9;240;23;2;155;1;2;55;2;
171300049;379;188;0;378;0;191;0;0;191;0;3;0;0;3;188;10;1;123;4;4;44;2;
171300050;546;291;0;552;0;255;0;0;255;0;5;0;0;5;250;18;1;140;4;2;78;7;
171300051;397;197;0;399;0;200;0;0;200;2;3;0;0;5;195;21;1;108;1;3;57;4;
171300052;633;369;0;633;2;264;2;0;264;1;4;6;0;11;253;16;1;158;3;1;71;3;
171300053;505;275;0;509;1;230;1;0;230;1;1;6;0;8;222;12;0;120;0;2;87;1;
171300054;450;303;0;428;0;147;0;0;147;1;2;0;0;3;144;13;0;62;1;1;55;12;
171300055;650;433;0;624;2;217;2;0;217;2;13;0;0;15;202;29;0;82;0;2;82;7;
171300056;450;327;1;428;0;122;0;1;122;1;0;0;0;1;121;6;0;82;3;1;26;3;
171300057;507;308;0;506;1;199;1;0;199;2;6;0;0;8;191;18;0;92;0;4;68;9;
171300058;443;281;1;450;1;161;1;0;161;0;3;0;0;3;158;25;1;69;0;1;58;4;
171300059;483;276;0;493;1;207;1;0;207;1;5;0;0;6;201;21;1;115;1;1;58;4;
171300060;600;261;0;581;0;339;0;0;339;1;1;18;0;20;319;24;1;156;4;3;125;6;
171300061;600;274;1;578;4;325;4;0;325;0;7;11;0;18;307;22;1;126;4;2;141;11;
171300062;684;400;1;629;0;283;0;0;283;1;2;16;0;19;264;5;1;114;3;2;135;4;
171300063;684;300;23;695;0;361;0;0;361;1;7;15;0;23;338;4;0;205;4;4;119;2;
171300064;1049;564;3;1053;4;482;4;1;482;14;14;0;0;28;454;7;1;326;5;1;111;3;
171300065;680;285;0;688;0;395;0;0;395;1;10;0;0;11;384;15;4;295;1;5;61;3;
171300066;733;337;0;749;0;396;0;0;396;0;4;10;0;14;382;11;3;320;1;0;45;2;
171300067;759;324;5;758;0;430;0;0;430;2;4;0;0;6;424;6;3;359;2;2;49;3;
171300068;800;422;0;809;0;378;0;0;378;34;1;0;0;35;343;6;1;306;1;1;28;0;
171300069;387;172;0;388;2;215;2;0;215;6;2;1;0;9;206;11;3;106;1;2;79;4;
171300070;473;226;0;470;0;247;0;0;247;3;4;1;0;8;239;4;3;138;1;2;88;3;
171300071;600;301;0;597;5;299;5;0;299;0;2;0;0;2;297;10;5;194;4;0;79;5;
171300072;581;311;4;588;0;266;0;0;266;1;5;2;0;8;258;4;2;166;2;0;79;5;
171300073;533;309;2;535;4;222;4;0;222;2;4;0;0;6;216;15;0;122;8;4;67;0;
171300074;960;585;1;945;3;374;3;0;374;1;4;0;0;5;369;12;1;274;3;3;70;6;
171300075;486;255;2;480;2;229;2;0;229;5;2;6;0;13;216;4;2;176;0;0;29;5;
171300076;475;253;0;424;0;222;0;2;222;2;0;0;0;2;220;8;0;153;4;0;52;3;
171300077;400;200;0;391;1;200;1;0;200;13;4;0;2;19;181;5;1;133;1;0;30;11;
171500001;800;556;1;795;2;243;2;0;243;4;0;5;0;9;234;10;0;173;6;2;40;3;
171500002;505;357;1;503;2;147;2;1;147;0;0;0;0;0;147;4;1;97;3;0;37;5;
171500003;720;542;1;726;1;177;1;0;177;8;0;0;1;9;168;5;0;123;1;5;30;4;
171500004;80;36;1;80;0;43;0;0;43;0;1;0;0;1;42;1;1;36;1;0;3;0;
171500005;81;26;0;87;2;55;2;4;55;2;0;0;0;2;53;1;0;34;3;0;13;2;
171500006;240;98;1;242;0;141;0;0;141;1;7;0;0;8;133;0;2;123;0;0;6;2;
171500007;37;12;0;45;0;25;0;8;25;0;1;0;0;1;24;4;0;19;0;0;0;1;
171500008;110;38;1;112;2;71;2;0;71;1;0;0;0;1;70;5;1;46;1;0;13;4;
171500009;215;137;0;216;0;78;0;0;78;0;1;0;0;1;77;4;1;61;1;0;9;1;
171500010;100;64;1;104;0;35;0;6;35;0;0;1;0;1;34;2;0;26;0;0;5;1;
171500011;57;29;1;63;1;27;1;7;27;4;0;0;0;4;23;0;0;16;1;0;5;1;
171700001;898;518;3;857;0;377;0;0;377;0;0;3;0;3;374;34;1;154;1;3;165;16;
171700002;946;511;3;905;0;432;0;1;432;0;10;3;0;13;419;31;1;220;2;2;144;19;
171700003;490;289;1;469;2;200;2;0;200;11;1;1;0;13;187;19;1;93;1;1;66;6;
171700004;832;485;2;791;0;345;0;0;345;7;3;0;1;11;334;36;2;200;2;6;84;4;
171700005;597;241;1;570;0;355;0;3;355;4;8;9;0;21;334;14;0;206;4;3;103;4;
171700006;529;278;2;504;0;249;0;1;249;8;1;0;0;9;240;30;2;133;1;1;67;6;
171700007;823;479;0;791;1;344;1;2;344;2;3;7;0;12;332;12;3;246;2;4;61;4;
171700008;758;464;0;720;3;294;3;0;294;3;3;1;0;7;287;36;1;172;0;1;71;6;
171700009;941;576;1;900;0;364;0;1;364;2;1;8;0;11;353;42;3;198;1;2;95;12;
171700010;800;488;1;768;0;311;0;1;311;17;1;0;0;18;293;40;0;155;1;7;81;9;
171700011;758;492;0;758;0;266;0;0;266;2;3;6;1;12;254;12;1;190;0;1;49;1;
171700012;671;431;1;638;1;239;1;0;239;1;3;4;0;8;231;15;1;120;1;4;78;12;
171700013;874;509;2;833;1;363;1;0;363;2;3;3;2;10;353;25;0;210;2;3;110;3;
171700014;718;436;0;684;0;282;0;0;282;7;0;0;1;8;274;34;0;150;2;1;71;16;
171700015;819;516;2;795;2;301;2;0;301;9;0;0;0;9;292;34;1;155;1;4;78;19;
171700016;909;566;2;868;2;341;2;1;341;3;3;0;1;7;334;17;1;163;1;2;132;18;
171700017;757;470;0;724;2;287;2;1;287;2;3;0;0;5;282;21;1;168;0;0;86;6;
171700018;1068;605;1;1018;0;462;0;0;462;3;3;0;1;7;455;16;2;308;2;4;117;6;
171700019;943;531;0;899;0;412;0;0;412;2;4;0;0;6;406;14;4;233;5;1;143;6;
171700020;312;146;1;298;0;165;0;1;165;3;3;0;0;6;159;9;2;119;3;1;19;6;
171700021;492;278;0;470;0;214;0;0;214;1;1;9;0;11;203;12;0;146;0;0;42;3;
171700022;552;225;6;525;3;321;3;0;321;0;0;6;0;6;315;4;1;297;1;0;12;0;
171700023;806;474;1;771;0;331;0;2;331;0;5;0;0;5;326;29;1;179;4;3;105;5;
171700024;998;533;3;952;0;462;0;0;462;4;4;1;0;9;453;32;0;284;5;2;118;12;
171700025;645;387;0;616;3;258;3;1;258;9;6;0;0;15;243;7;2;147;2;2;75;8;
171700026;867;528;16;827;0;323;0;0;323;4;5;6;0;15;308;13;0;163;1;1;119;11;
171700027;937;689;1;893;2;247;2;0;247;6;5;13;0;24;223;16;2;152;3;1;48;1;
171700028;644;273;0;635;0;371;0;1;371;24;6;0;0;30;341;25;3;234;4;1;64;10;
171700029;863;564;3;828;1;296;1;0;296;4;3;0;2;9;287;14;1;231;1;6;33;1;
171700030;1004;642;2;960;0;360;0;0;360;2;2;0;0;4;356;23;0;226;0;2;100;5;
171700031;602;353;1;577;2;248;2;0;248;2;1;0;0;3;245;25;2;135;2;0;74;7;
171700032;647;313;2;618;0;332;0;3;332;2;5;0;2;9;323;27;1;159;3;0;124;9;
171700033;641;381;0;611;0;260;0;0;260;6;3;2;1;12;248;6;0;163;3;2;67;7;
171700034;547;325;3;520;0;219;0;0;219;5;2;11;0;18;201;37;0;111;0;1;50;2;
172300001;700;370;1;693;0;329;0;0;329;2;5;0;0;7;322;20;0;161;2;2;132;5;
172300002;539;257;2;540;3;280;3;0;280;4;2;2;0;8;272;10;1;164;1;0;95;1;
172300003;670;370;0;664;0;300;0;0;300;2;1;0;1;4;296;17;2;150;1;3;113;10;
172300004;795;411;1;801;1;383;1;0;383;2;0;0;1;3;380;31;1;209;4;8;114;13;
172300005;860;399;0;860;0;461;0;0;461;0;0;10;0;10;451;32;1;255;2;3;147;11;
172300006;804;500;1;799;0;303;0;4;303;3;4;5;0;12;291;6;2;212;3;1;60;7;
172300007;760;378;0;753;0;382;0;1;382;5;2;0;0;7;375;35;1;207;1;7;111;13;
172300008;809;426;0;808;4;383;4;0;383;1;5;0;0;6;377;29;1;200;0;3;135;9;
172300009;640;329;0;639;1;311;1;1;311;3;4;0;0;7;304;28;1;127;3;3;141;1;
172300010;510;218;1;517;2;291;2;0;291;2;2;0;0;4;287;27;1;168;0;5;73;13;
172300011;750;386;1;743;0;363;0;5;363;1;1;0;0;2;361;38;0;189;3;3;119;9;
172300012;710;381;1;703;0;328;0;0;328;1;2;0;1;4;324;27;1;183;1;0;102;10;
172300013;625;328;0;629;1;297;1;0;297;1;1;0;0;2;295;32;0;176;2;2;79;4;
172300014;526;358;2;526;0;166;0;0;166;3;6;0;2;11;155;14;1;81;1;3;55;0;
172300015;430;253;0;432;0;177;0;0;177;1;2;12;0;15;162;11;2;81;2;3;58;5;
172300016;800;423;0;796;0;377;0;0;377;2;3;0;0;5;372;20;1;162;3;0;173;13;
172300017;806;431;3;812;0;372;0;0;372;5;2;0;0;7;365;26;1;228;2;1;102;5;
172300018;920;501;2;917;1;417;1;1;417;1;1;0;0;2;415;25;0;206;3;3;166;12;
172300019;770;414;0;761;3;356;3;1;356;11;2;0;0;13;343;8;1;136;2;3;192;1;
172300020;730;344;1;714;0;385;0;0;385;2;10;0;0;12;373;22;2;129;1;0;213;6;
172300021;720;317;0;714;3;403;3;0;403;3;7;0;0;10;393;18;1;150;0;2;215;7;
172300022;740;323;1;740;6;416;6;2;416;1;1;0;5;7;409;13;0;163;0;2;229;2;
172300023;100;39;0;90;1;61;1;3;61;0;0;0;0;0;61;7;1;41;1;1;10;0;
172300024;460;306;1;449;1;153;1;2;153;5;4;1;0;10;143;5;1;74;2;0;61;0;
172300025;550;333;0;544;1;217;1;0;217;0;0;0;0;0;217;10;0;142;5;3;56;1;
172300026;690;334;0;684;1;356;1;2;356;0;7;0;0;7;349;17;4;202;3;0;111;12;
172300027;320;149;2;301;1;169;1;0;169;2;0;0;0;2;167;10;0;128;5;1;20;3;
172300028;670;296;1;661;2;373;2;2;373;6;5;4;0;15;358;12;0;249;5;2;89;1;
172300029;540;181;1;530;0;358;0;0;358;0;1;0;0;1;357;8;5;339;2;0;3;0;
172300030;460;148;2;443;1;310;1;3;310;0;6;0;0;6;304;27;1;229;4;1;38;4;
172300031;400;147;4;384;4;249;4;0;249;2;1;3;0;6;243;11;1;219;2;0;9;1;
172300032;560;262;0;550;2;298;2;2;298;1;6;14;0;21;277;23;1;188;4;4;55;2;
172300033;680;303;1;665;0;376;0;0;376;0;1;0;0;1;375;9;3;168;5;6;184;0;
172300034;770;463;0;751;1;307;1;0;307;2;0;0;0;2;305;22;1;186;4;5;86;1;
172300035;630;352;0;620;2;278;2;0;278;0;3;2;1;6;272;18;0;136;2;0;113;3;
172300036;700;275;1;688;3;424;3;0;424;1;3;0;0;4;420;32;3;222;1;3;151;8;
172300037;130;56;0;115;3;74;3;0;74;0;0;0;0;0;74;5;0;52;1;0;15;1;
172300038;570;290;1;557;0;279;0;0;279;11;2;0;0;13;266;11;1;173;2;2;69;8;
172300039;710;409;3;708;0;298;0;0;298;1;2;3;0;6;292;9;5;230;3;1;39;5;
172500001;850;627;0;834;0;223;0;0;223;2;1;10;0;13;210;17;2;67;4;5;108;7;
172500002;820;533;0;813;0;287;0;2;287;2;2;1;0;5;282;9;2;121;5;2;141;2;
172500003;550;406;0;546;0;144;0;0;144;1;4;0;0;5;139;3;1;45;2;5;80;3;
172500004;450;318;0;467;0;132;0;0;132;1;1;5;0;7;125;3;1;55;0;1;64;1;
172500005;870;687;2;867;0;181;0;0;181;5;0;0;0;5;176;10;0;59;2;2;102;1;
172500006;800;590;1;779;0;209;0;1;209;0;0;3;0;3;206;9;1;113;2;1;74;6;
172500007;810;547;0;800;0;263;0;0;263;1;2;8;0;11;252;17;2;123;1;2;101;6;
172500008;500;318;0;481;0;182;0;0;182;1;0;0;0;1;181;12;0;82;0;2;80;5;
172500009;600;380;2;602;4;218;4;0;218;0;2;0;0;2;216;13;0;95;1;1;102;4;
172500010;794;540;0;797;0;254;0;0;254;3;2;10;0;15;239;15;2;84;3;3;125;7;
172500011;700;495;0;699;0;205;0;0;205;1;3;0;0;4;201;4;1;99;1;2;86;8;
172500012;810;558;2;806;1;250;1;2;250;1;1;0;0;2;248;25;1;90;2;1;119;10;
172500013;820;579;1;816;0;240;0;1;240;2;2;0;0;4;236;17;0;93;0;3;118;5;
172500014;960;643;0;954;0;317;0;1;317;5;3;0;0;8;309;13;4;195;3;5;87;2;
172500016;730;449;2;724;0;279;0;1;279;4;2;0;0;6;273;17;1;162;3;2;84;4;
172500017;500;296;1;490;0;203;0;0;203;0;0;7;0;7;196;10;0;125;1;0;58;2;
172500018;700;401;1;684;2;298;2;0;298;3;20;1;2;26;272;3;1;246;4;0;16;2;
172500019;710;409;0;710;3;301;3;0;301;0;1;14;0;15;286;15;0;139;1;2;124;5;
172500020;610;237;1;606;3;372;3;0;372;4;0;10;0;14;358;9;2;297;1;0;46;3;
172500021;770;399;2;762;0;369;0;0;369;3;17;3;0;23;346;21;2;234;4;4;76;5;
172500022;380;220;0;370;0;160;0;0;160;3;4;1;0;8;152;14;0;83;0;1;53;1;
172500023;360;125;0;753;0;235;0;1;235;0;1;0;0;1;234;13;1;126;5;1;83;5;
172500024;800;467;0;785;0;333;0;0;333;2;5;0;0;7;326;21;1;176;5;1;119;3;
172500025;750;519;0;748;1;231;1;0;231;1;4;5;0;10;221;14;1;107;4;3;88;4;
172500026;710;433;3;708;0;274;0;1;274;1;1;0;0;2;272;7;3;191;2;0;61;8;
172500027;850;540;2;853;2;308;2;0;308;9;1;2;0;12;296;22;1;231;4;3;27;8;
172500028;630;314;2;624;1;314;1;0;314;2;1;17;0;20;294;0;1;287;1;2;3;0;
172500029;300;129;3;299;1;168;1;0;168;3;5;0;0;8;160;27;1;99;1;1;28;3;
172500030;450;300;4;448;0;146;0;0;146;4;0;0;0;4;142;11;1;63;3;4;58;2;
172500031;960;723;0;957;0;237;0;0;237;12;2;12;0;26;211;6;1;115;1;3;83;2;
172500032;728;478;0;731;0;250;0;0;250;2;2;12;0;16;234;14;2;92;2;3;116;5;
172500033;750;510;0;754;1;240;1;0;240;0;8;0;0;8;232;20;0;96;1;1;94;20;
172600001;700;316;0;792;0;384;0;0;384;2;10;0;0;12;372;21;3;167;1;3;164;13;
172600002;600;379;0;535;0;221;0;0;221;2;0;3;0;5;216;16;1;82;1;2;108;6;
172600003;174;81;1;109;6;92;6;0;92;0;2;0;0;2;90;33;2;43;0;0;9;3;
172600004;1200;566;1;1260;0;633;0;0;633;3;3;23;0;29;604;27;4;466;1;1;101;4;
172600005;1000;586;0;889;3;414;3;0;414;2;2;10;0;14;400;36;3;247;1;1;105;7;
172600006;555;324;1;599;1;230;1;0;230;2;6;0;0;8;222;12;2;97;1;2;106;2;
172600007;600;373;0;622;0;227;0;0;227;3;5;0;0;8;219;28;2;104;2;1;78;4;
172600008;700;408;0;684;0;292;0;0;292;4;5;0;0;9;283;48;0;100;1;0;128;6;
172600009;600;386;0;558;1;214;1;1;214;2;10;2;0;14;200;30;0;44;1;2;116;7;
172600010;600;298;2;626;2;300;2;0;300;1;2;0;0;3;297;16;0;230;1;1;45;4;
172600011;800;412;0;745;1;388;1;0;388;2;6;0;0;8;380;68;0;156;8;2;135;11;
172600012;800;406;7;750;3;387;3;0;387;4;3;0;0;7;380;32;0;197;0;1;135;15;
172600014;430;184;2;517;0;244;0;2;244;3;0;0;0;3;241;23;3;123;0;1;83;8;
172600015;519;276;0;538;1;243;1;0;243;1;6;0;0;7;236;16;1;124;5;1;86;3;
172600016;150;87;1;89;0;62;0;0;62;0;1;0;0;1;61;7;0;36;0;0;18;0;
172600017;1000;598;0;918;0;402;0;0;402;0;10;0;0;10;392;48;3;190;2;3;134;12;
172600018;621;349;1;716;1;271;1;0;271;5;5;0;0;10;261;26;0;112;2;5;110;6;
172600019;700;418;0;704;1;282;1;0;282;3;1;0;0;4;278;41;0;101;1;3;124;8;
172600020;746;402;1;789;0;343;0;0;343;1;15;1;0;17;326;28;3;148;3;7;132;5;
172600021;443;220;1;544;0;222;0;0;222;2;7;3;0;12;210;21;5;85;2;6;86;5;
172600028;100;72;1;31;0;27;0;1;27;0;0;0;0;0;27;3;0;14;0;0;10;0;
172600029;989;532;16;1015;5;441;5;0;441;0;0;16;0;16;425;26;2;173;2;2;207;13;
172600030;800;476;1;738;0;323;0;1;323;0;5;0;0;5;318;41;1;108;2;1;158;7;
172600031;300;169;1;244;2;130;2;0;130;0;1;0;0;1;129;8;0;95;0;2;24;0;
172600032;1000;564;12;1015;0;424;0;0;424;3;9;0;0;12;412;41;1;147;1;0;211;11;
172600033;600;381;0;534;0;219;0;0;219;2;4;0;0;6;213;26;0;74;1;2;109;1;
172600034;600;311;0;601;0;289;0;0;289;3;0;3;0;6;283;17;0;105;1;2;147;11;
172600035;714;319;3;380;12;392;12;9;392;2;0;0;0;2;390;21;0;213;4;0;148;4;
172600036;150;104;1;53;5;45;5;1;45;0;1;0;0;1;44;3;1;34;1;0;5;0;
172600037;187;91;1;141;2;95;2;0;95;1;3;0;0;4;91;0;0;60;1;0;28;2;
172600038;600;348;0;576;3;252;3;0;252;4;0;5;0;9;243;7;0;180;1;0;52;3;
172600039;700;478;1;657;0;221;0;1;221;10;0;3;1;14;207;11;1;146;2;2;42;3;
172600040;700;406;0;673;0;294;0;0;294;2;0;4;1;7;287;9;3;197;1;0;75;2;
172600041;600;260;1;526;1;339;1;0;339;2;2;2;0;6;333;27;0;152;1;0;150;3;
172600043;500;305;0;440;0;195;0;4;195;1;1;3;0;5;190;8;2;139;1;2;36;2;
172600044;504;313;0;464;0;191;0;2;191;0;4;0;0;4;187;20;0;101;2;0;62;2;
172600045;460;307;3;454;1;150;1;14;150;3;9;0;0;12;138;20;1;77;1;1;37;1;
172600046;488;276;0;597;0;212;0;1;212;1;1;7;0;9;203;13;1;150;1;1;35;2;
172600047;460;282;0;555;1;178;1;7;178;1;3;5;0;9;169;16;0;93;0;5;52;3;
172600048;620;407;0;655;0;213;0;2;213;0;3;0;0;3;210;15;0;96;0;3;90;6;
172600049;600;415;0;539;0;185;0;0;185;1;2;8;0;11;174;16;0;102;0;0;54;2;
172600051;1000;633;1;941;0;366;0;0;366;1;3;2;0;6;360;23;0;164;0;1;165;7;
172600052;800;486;1;748;0;313;0;0;313;3;7;4;0;14;299;28;3;114;1;0;146;7;
172600053;800;557;0;796;0;243;0;0;243;2;1;7;2;12;231;6;0;150;0;2;71;2;
172600054;171;102;1;83;5;68;5;0;68;0;0;0;0;0;68;6;0;50;0;0;9;3;
172800001;1150;848;0;1113;1;302;1;1;302;1;3;4;1;9;293;19;1;215;1;2;53;2;
172800002;920;602;2;884;0;316;0;0;316;11;1;1;0;13;303;17;0;201;0;3;77;5;
172800003;880;582;0;853;0;298;0;2;298;1;3;10;0;14;284;29;2;158;4;1;83;7;
172800004;780;479;0;735;2;301;2;0;301;1;1;9;0;11;290;22;2;170;5;0;83;8;
172800005;750;457;2;717;6;291;6;1;291;9;4;2;0;15;276;17;0;124;2;2;126;5;
172800006;710;471;0;684;2;239;2;0;239;0;10;0;0;10;229;28;0;120;1;2;72;6;
172800007;650;418;2;612;0;230;0;0;230;2;2;6;0;10;220;15;1;152;0;0;50;2;
172800008;210;61;1;204;1;148;1;0;148;1;12;0;0;13;135;8;1;99;5;0;21;1;
172800009;440;207;0;410;0;233;0;0;233;2;2;7;0;11;222;5;3;155;1;3;54;1;
172800010;500;324;0;473;4;176;4;0;176;3;4;0;0;7;169;6;7;75;2;1;76;2;
172800011;680;415;0;653;1;265;1;0;265;0;3;0;0;3;262;5;0;187;2;5;62;1;
172800012;780;472;4;751;2;304;2;3;304;0;2;5;0;7;297;12;1;192;4;1;77;10;
172800013;700;454;0;661;0;246;0;1;246;0;5;0;0;5;241;1;0;234;2;1;3;0;
172800014;380;214;0;360;3;166;3;0;166;2;0;0;0;2;164;6;1;129;1;0;22;5;
172800015;480;231;0;454;2;249;2;2;249;3;2;0;0;5;244;14;1;149;2;1;76;1;
172800016;790;475;2;763;0;313;0;0;313;2;4;0;0;6;307;9;2;243;2;3;45;3;
172800017;750;479;0;718;0;271;0;1;271;2;0;0;0;2;269;15;0;167;1;2;82;2;
172800018;560;372;0;521;2;188;2;0;188;2;1;1;0;4;184;31;0;73;0;1;73;6;
172800019;780;492;1;748;0;287;0;0;287;5;3;0;0;8;279;29;2;132;3;7;101;5;
173300001;800;510;0;726;2;290;2;0;290;2;2;14;0;18;272;26;1;126;0;4;98;17;
173300002;700;421;3;636;0;276;0;0;276;2;1;1;0;4;272;24;0;142;1;1;98;6;
173300003;610;341;0;554;2;269;2;0;269;8;0;0;0;8;261;37;2;112;3;3;93;11;
173300004;520;269;0;471;0;251;0;0;251;4;2;0;0;6;245;19;1;139;1;0;81;4;
173300005;550;338;0;498;0;212;0;1;212;0;9;0;0;9;203;31;0;88;0;4;76;4;
173300006;710;390;1;654;0;319;0;3;319;5;7;0;0;12;307;45;1;130;1;0;123;7;
173300007;840;580;0;766;0;260;0;0;260;1;2;0;0;3;257;13;0;193;1;1;44;5;
173300008;510;288;0;459;0;222;0;0;222;2;11;0;0;13;209;23;0;91;1;3;86;5;
173300009;140;82;0;139;0;58;0;0;58;0;1;0;0;1;57;12;0;36;0;0;8;1;
173300010;450;251;1;408;4;198;4;0;198;3;7;0;0;10;188;15;4;108;3;3;51;4;
173300011;690;402;0;624;1;288;1;0;288;3;4;16;0;23;265;27;2;130;3;3;97;3;
173300012;400;212;0;369;0;188;0;3;188;2;3;2;0;7;181;11;2;96;2;3;62;5;
173300013;430;238;0;393;0;192;0;6;192;2;0;4;0;6;186;16;0;99;2;3;60;6;
173300014;430;236;0;385;1;194;1;0;194;9;6;7;1;23;171;15;0;134;2;1;16;3;
173300015;460;205;2;417;2;253;2;0;253;4;5;14;0;23;230;21;0;156;1;2;49;1;
173300016;460;283;3;420;3;174;3;3;174;3;0;3;1;7;167;23;1;92;3;2;46;0;
173300017;610;405;2;553;4;203;4;4;203;0;2;0;0;2;201;9;0;93;0;1;88;10;
173300018;349;169;1;321;3;179;3;0;179;2;1;3;0;6;173;9;2;134;1;1;26;0;
173300019;300;155;0;272;1;145;1;0;145;1;1;1;0;3;142;10;3;84;2;0;39;4;
173700001;784;433;0;790;0;351;0;3;351;3;6;0;0;9;342;54;0;178;1;4;96;9;
173700002;904;573;1;894;5;330;5;0;330;3;0;0;0;3;327;18;2;169;1;5;115;17;
173700003;929;559;0;929;0;370;0;0;370;2;2;4;0;8;362;46;1;181;2;2;123;7;
173700004;724;411;0;734;9;313;9;5;313;2;0;0;1;3;310;29;1;156;1;2;116;5;
173700005;814;479;1;820;0;334;0;6;334;4;4;1;0;9;325;13;1;146;2;4;150;9;
173700006;488;324;0;494;1;164;1;6;164;4;0;0;0;4;160;9;1;75;3;3;66;3;
173700007;790;441;0;799;0;349;0;9;349;4;2;0;0;6;343;12;0;237;0;0;89;5;
173700008;535;361;1;538;1;173;1;3;173;4;1;0;0;5;168;12;1;83;4;1;62;5;
173700009;148;61;0;152;1;87;1;0;87;4;2;0;0;6;81;5;2;65;1;0;7;1;
173700010;321;146;0;321;6;175;6;0;175;1;1;2;0;4;171;11;4;136;3;1;12;4;
173700011;547;259;0;548;8;288;8;0;288;7;1;2;0;10;278;16;1;199;10;4;39;9;
173700012;285;94;0;287;3;191;3;2;191;17;2;0;0;19;172;19;1;119;1;3;28;1;
173700014;930;498;1;936;1;431;1;3;431;4;8;0;0;12;419;18;2;267;10;3;107;12;
173700015;119;50;2;119;0;67;0;0;67;1;2;2;0;5;62;13;1;33;0;1;12;2;
173700016;633;376;1;640;7;256;7;0;256;0;5;0;0;5;251;7;0;170;3;0;70;1;
173700017;583;296;0;591;3;287;3;8;287;0;8;0;0;8;279;10;2;209;0;4;52;2;
173700018;900;468;7;898;8;425;8;1;425;2;5;0;2;9;416;32;2;227;2;4;136;13;
173700019;200;189;1;10;0;10;0;9;10;0;0;0;0;0;10;0;0;9;0;0;1;0;
173700020;776;385;0;782;3;391;3;3;391;3;8;1;2;14;377;24;4;268;3;2;69;7;
173700021;343;111;0;347;0;232;0;4;232;4;2;0;0;6;226;17;4;191;2;1;9;2;
173700022;328;149;0;331;1;179;1;2;179;3;0;0;1;4;175;7;4;126;3;0;29;6;
173700023;184;107;8;186;0;69;0;0;69;8;0;0;0;8;61;9;1;31;2;0;11;7;
173700024;200;90;1;77;34;109;34;0;109;0;1;0;0;1;108;7;1;78;0;2;17;3;
173700025;200;125;0;63;14;75;14;8;75;0;2;1;0;3;72;10;0;41;2;0;18;1;
173700026;200;140;3;48;12;57;12;7;57;1;0;0;0;1;56;6;0;34;0;1;14;1;
173900001;700;387;1;674;2;312;2;0;312;0;3;0;0;3;309;46;3;128;0;2;125;5;
173900002;800;463;0;765;0;337;0;0;337;1;3;0;0;4;333;17;3;188;2;2;113;8;
173900003;950;535;0;871;2;415;2;0;415;2;9;0;1;12;403;18;1;235;1;2;137;9;
173900004;794;579;6;695;0;209;0;0;209;1;0;5;0;6;203;2;1;199;0;1;0;0;
173900005;750;440;0;699;0;310;0;0;310;4;0;6;0;10;300;19;0;210;1;1;61;8;
173900006;700;420;1;679;2;279;2;0;279;1;2;7;0;10;269;20;1;156;2;3;78;9;
173900007;500;290;1;496;0;209;0;0;209;1;6;0;0;7;202;15;2;126;2;0;50;7;
173900008;600;324;1;566;0;275;0;0;275;4;4;7;0;15;260;16;0;163;0;1;73;7;
173900009;850;512;0;820;0;338;0;0;338;0;3;0;0;3;335;9;3;282;0;1;37;3;
173900010;600;376;3;582;0;221;0;0;221;2;1;0;0;3;218;5;3;173;1;0;33;3;
174000001;580;313;2;531;1;265;1;2;265;3;2;3;0;8;257;40;0;129;2;3;80;3;
174000002;830;435;2;733;0;393;0;0;393;4;5;1;0;10;383;44;1;234;2;3;90;9;
174000003;830;542;1;729;0;287;0;0;287;2;4;11;1;18;269;16;0;140;0;7;101;5;
174000004;830;469;0;738;2;361;2;1;361;0;8;8;0;16;345;62;2;180;0;2;92;7;
174000005;880;475;0;780;0;405;0;1;405;2;0;16;0;18;387;56;0;221;2;3;94;11;
174000006;890;480;0;793;0;410;0;0;410;4;2;0;0;6;404;3;0;400;1;0;0;0;
174100001;850;525;2;800;1;323;1;0;323;1;7;1;0;9;314;38;1;135;0;6;116;18;
174100002;1060;539;3;1011;0;518;0;0;518;7;10;0;0;17;501;18;1;380;4;6;86;6;
174100003;660;439;0;612;1;221;1;0;221;2;3;9;0;14;207;27;1;89;1;2;80;7;
174100004;850;556;0;816;0;294;0;0;294;2;2;2;0;6;288;50;0;136;4;2;87;9;
174100005;678;326;1;800;0;351;0;0;351;0;0;11;0;11;340;51;1;195;2;2;78;11;
174100006;640;284;0;776;0;356;0;0;356;1;7;0;2;10;346;46;0;192;2;4;87;15;
174100007;750;404;0;346;0;346;0;0;346;6;0;0;0;6;340;71;1;139;2;6;110;11;
174100008;900;555;1;841;0;344;0;0;344;1;2;0;0;3;341;50;0;148;3;2;132;6;
174100009;750;457;0;721;3;293;3;0;293;0;4;3;0;7;286;28;0;150;2;3;92;11;
174100010;522;361;0;522;0;161;0;2;161;0;1;0;0;1;160;12;0;67;0;2;76;3;
174100011;683;378;7;688;0;298;0;0;298;1;6;0;0;7;291;21;0;159;0;3;97;11;
174100012;700;420;3;643;0;277;0;0;277;4;0;0;0;4;273;27;2;120;1;1;116;6;
174100013;700;416;3;640;0;281;0;2;281;2;9;0;0;11;270;49;0;126;4;2;78;11;
174100014;601;288;17;794;0;296;0;3;296;3;14;0;0;17;279;43;1;117;1;3;105;9;
174100015;615;429;3;543;0;183;0;2;183;4;0;2;0;6;177;10;1;106;3;2;53;2;
174100016;850;547;2;818;1;301;1;0;301;1;4;0;0;5;296;17;3;165;1;3;101;6;
174100017;700;442;0;672;0;258;0;3;258;0;2;1;0;3;255;24;3;113;0;4;102;9;
174100018;800;509;0;760;0;291;0;1;291;4;0;10;0;14;277;26;0;169;2;1;75;4;
174100019;750;482;2;692;1;266;1;0;266;5;0;0;0;5;261;44;1;111;0;0;97;8;
174100020;800;483;3;747;0;314;0;1;314;2;2;8;1;13;301;33;2;138;1;0;123;4;
174100021;900;431;1;878;0;468;0;0;468;7;7;1;0;15;453;56;0;205;3;1;183;5;
174100022;1050;513;3;534;0;534;0;0;534;4;5;0;0;9;525;19;0;442;3;1;59;1;
174100023;953;501;4;928;1;448;1;0;448;10;10;0;1;21;427;13;1;310;1;1;99;2;
174200001;670;369;0;301;0;301;0;2;301;17;0;0;0;17;284;12;4;192;1;0;67;8;
174200002;550;327;0;502;0;223;0;0;223;3;3;9;0;15;208;12;1;140;2;1;51;1;
174200003;820;486;1;750;0;333;0;0;333;4;4;11;0;19;314;55;2;172;2;1;75;7;
174200004;760;454;1;699;0;305;0;0;305;6;4;0;0;10;295;17;0;220;2;1;54;1;
174200005;640;365;2;621;0;273;0;0;273;2;1;0;0;3;270;13;1;181;1;2;66;6;
174200006;520;289;2;492;0;229;0;0;229;3;1;13;0;17;212;14;1;125;2;1;65;4;
174200007;700;387;3;664;0;310;0;0;310;8;1;1;0;10;300;19;1;173;2;3;96;6;
174200008;700;425;0;661;0;275;0;0;275;3;10;0;0;13;262;19;0;180;2;0;58;3;
174200009;130;38;1;129;2;91;2;0;91;2;0;0;0;2;89;21;1;50;0;0;16;1;
174200010;110;33;0;104;5;77;5;0;77;0;1;3;0;4;73;17;0;40;0;1;12;3;
174200011;160;37;0;146;0;123;0;1;123;0;2;1;1;4;119;17;0;82;2;0;15;3;
174200012;80;25;0;70;0;55;0;2;55;3;0;0;0;3;52;19;0;19;2;0;10;2;
174200013;70;18;0;66;2;52;2;2;52;1;0;0;0;1;51;6;0;39;0;2;4;0;
174300001;600;234;0;700;0;366;0;0;366;4;4;3;0;11;355;23;1;177;3;2;142;7;
174300002;700;301;1;844;1;398;1;0;398;4;7;0;0;11;387;41;2;204;0;4;124;12;
174300003;699;287;0;852;4;412;4;0;412;0;6;2;2;10;402;33;2;209;1;2;148;7;
174300004;700;352;2;853;0;346;0;0;346;1;5;0;0;6;340;22;0;169;0;8;136;5;
174300005;700;308;0;804;0;392;0;0;392;3;8;2;0;13;379;30;5;183;2;3;139;17;
174300006;500;233;0;640;0;267;0;0;267;1;3;7;0;11;256;22;1;123;0;3;98;9;
174300007;700;375;0;851;0;325;0;0;325;2;3;0;0;5;320;24;2;175;3;1;102;13;
174300008;700;300;2;867;2;398;2;4;398;5;4;6;0;15;383;23;1;206;2;5;138;8;
174300009;700;396;1;871;5;303;5;0;303;1;1;0;0;2;301;25;2;149;1;1;113;10;
174300010;700;265;15;881;3;420;3;1;420;2;5;6;0;13;407;24;1;216;2;1;146;17;
174300011;800;313;1;908;0;486;0;0;486;3;3;15;0;21;465;13;2;309;5;2;128;6;
181100001;800;357;1;834;0;442;0;0;442;2;2;0;0;4;438;2;1;388;2;0;45;0;
181100002;700;296;2;734;0;402;0;0;402;3;5;0;0;8;394;2;1;376;1;1;13;0;
181100003;820;401;0;865;0;419;0;0;419;9;0;1;1;11;408;1;0;390;2;1;14;0;
181100004;900;366;2;958;1;532;1;0;532;1;2;2;0;5;527;4;1;506;0;3;9;4;
181100005;750;373;1;782;1;376;1;0;376;1;4;1;0;6;370;10;0;189;2;3;164;2;
181100006;620;241;1;707;0;378;0;0;378;4;4;0;0;8;370;0;3;341;2;1;23;0;
181100007;620;194;0;696;0;426;0;0;426;0;4;0;0;4;422;6;1;382;0;0;32;1;
181100008;620;302;1;671;1;317;1;0;317;1;0;4;0;5;312;3;1;237;2;0;66;3;
181100009;310;95;0;373;0;215;0;4;215;5;3;0;0;8;207;1;0;195;0;0;10;1;
181100010;619;189;1;670;1;429;1;0;429;1;0;0;0;1;428;1;3;413;1;0;10;0;
181100011;520;159;4;576;11;357;11;3;357;0;0;0;0;0;357;3;0;347;0;0;7;0;
181100012;600;188;2;644;0;410;0;2;410;0;1;0;0;1;409;3;3;395;2;3;3;0;
181100013;800;305;1;492;2;494;2;0;494;4;1;0;0;5;489;3;1;475;1;1;4;4;
181100014;520;59;2;589;0;459;0;0;459;3;0;0;0;3;456;4;0;439;1;2;7;3;
181400001;431;105;1;507;2;325;2;2;325;4;2;0;0;6;319;0;2;312;0;1;3;1;
181400002;259;93;0;280;0;166;0;3;166;9;1;0;0;10;156;0;3;145;5;0;3;0;
181400003;887;427;4;975;5;456;5;0;456;9;3;0;0;12;444;5;1;427;2;2;6;1;
181400004;508;175;0;565;1;333;1;5;333;6;4;4;0;14;319;4;3;288;6;4;14;0;
181400005;574;177;1;640;5;396;5;5;396;7;0;5;0;12;384;3;1;373;2;2;3;0;
181400006;427;113;0;475;2;314;2;2;314;3;1;7;0;11;303;2;0;296;4;0;0;1;
181400007;868;320;13;940;0;535;0;0;535;5;4;0;0;9;526;3;2;403;5;1;109;3;
181400008;894;402;0;962;1;492;1;7;492;2;11;4;0;17;475;12;0;291;4;3;161;4;
181400009;788;352;1;838;2;435;2;0;435;3;9;0;0;12;423;6;1;268;3;3;138;4;
181400010;819;317;1;884;0;501;0;0;501;1;1;4;0;6;495;8;2;315;3;1;164;2;
181400011;908;387;0;967;0;521;0;0;521;5;8;4;0;17;504;10;1;300;3;5;180;5;
181400012;907;407;4;978;6;496;6;0;496;10;8;2;0;20;476;13;1;343;5;5;106;3;
181400013;972;406;0;1040;0;566;0;0;566;7;5;0;0;12;554;15;2;298;3;2;228;6;
181400014;598;240;0;629;0;358;0;0;358;3;3;10;1;17;341;5;0;204;2;0;126;4;
181400015;565;216;4;611;0;345;0;3;345;0;4;2;0;6;339;6;0;244;2;1;80;6;
181400016;635;356;0;685;5;279;5;5;279;2;5;14;1;22;257;3;2;178;1;1;71;1;
181400017;725;342;0;815;6;383;6;0;383;3;12;0;0;15;368;4;2;342;4;5;9;2;
181400018;423;170;1;492;0;252;0;0;252;3;1;4;0;8;244;1;2;237;1;0;2;1;
181400019;550;246;1;611;6;303;6;0;303;23;0;0;0;23;280;7;1;261;3;3;5;0;
181400020;628;259;1;713;0;368;0;6;368;3;2;2;0;7;361;1;0;353;1;1;4;1;
181400021;93;19;0;97;5;74;5;0;74;1;2;0;0;3;71;1;0;58;1;2;9;0;
181400022;189;38;0;226;5;151;5;2;151;0;7;1;0;8;143;0;0;139;0;1;3;0;
181400023;718;244;1;802;1;473;1;5;473;18;4;2;0;24;449;4;1;423;4;2;15;0;
181400024;436;158;1;492;2;277;2;0;277;2;3;0;0;5;272;2;3;243;4;1;18;1;
181400025;570;231;2;633;1;337;1;4;337;7;2;24;0;33;304;8;3;280;0;0;12;1;
181400026;250;73;1;281;5;176;5;1;176;1;0;0;0;1;175;1;0;169;0;2;3;0;
181400027;243;59;0;261;3;184;3;3;184;2;1;23;0;26;158;2;0;133;3;0;19;1;
181400028;658;177;0;735;2;481;2;0;481;2;4;0;3;9;472;1;2;464;0;1;4;0;
181400029;641;158;0;735;3;483;3;0;483;5;14;0;0;19;464;3;0;459;0;0;2;0;
181400030;262;60;0;307;4;202;4;2;202;0;2;10;0;12;190;1;1;182;2;0;3;1;
181400031;451;169;1;485;4;281;4;3;281;1;2;1;0;4;277;3;3;222;2;0;47;0;
181400032;616;227;0;685;5;389;5;5;389;4;4;0;0;8;381;5;3;353;2;0;18;0;
181400033;355;84;1;402;4;270;4;0;270;2;3;0;0;5;265;0;3;249;6;1;4;2;
181400034;290;50;0;337;2;240;2;3;240;0;0;0;0;0;240;1;0;238;0;0;1;0;
181400035;709;184;0;827;4;525;4;4;525;3;4;16;0;23;502;4;1;490;1;2;3;1;
181400036;232;44;2;263;5;186;5;0;186;0;1;6;0;7;179;1;1;173;0;0;4;0;
181600001;830;334;5;859;0;491;0;3;491;3;2;2;0;7;484;2;1;458;1;1;19;2;
181600002;750;456;2;772;0;292;0;0;292;5;1;8;0;14;278;3;2;234;5;1;32;1;
181600003;750;372;1;767;1;377;1;5;377;1;7;1;0;9;368;12;1;338;6;3;6;2;
181600004;560;213;1;593;0;346;0;2;346;5;0;0;0;5;341;0;0;337;1;1;2;0;
181600005;400;172;1;414;1;227;1;0;227;1;3;0;0;4;223;7;2;209;2;0;3;0;
181600006;300;76;1;318;1;223;1;0;223;2;3;1;0;6;217;0;1;212;1;0;2;1;
181600007;400;141;2;255;2;257;2;0;257;4;2;3;0;9;248;3;0;227;2;2;11;3;
181600008;550;211;4;576;1;335;1;2;335;2;0;0;0;2;333;3;5;295;1;1;28;0;
181600009;380;186;3;406;2;191;2;0;191;2;5;7;2;16;175;10;2;138;1;1;20;3;
181600010;750;408;0;789;0;342;0;4;342;1;3;2;0;6;336;10;3;241;2;1;75;4;
181600011;850;399;1;881;6;450;6;0;450;1;1;0;0;2;448;20;0;342;1;1;71;13;
181600012;900;537;2;926;0;361;0;9;361;4;1;0;0;5;356;11;1;291;1;0;51;1;
181600013;950;544;2;964;0;404;0;0;404;3;12;0;0;15;389;10;3;263;2;3;103;5;
181600014;860;432;2;885;0;426;0;1;426;2;10;0;0;12;414;13;0;256;4;2;135;4;
181600015;760;407;1;777;1;352;1;0;352;0;8;0;0;8;344;8;7;197;1;1;125;5;
181600016;840;403;1;865;0;436;0;2;436;0;3;7;0;10;426;34;1;275;4;1;106;5;
181600017;700;326;6;737;0;368;0;0;368;2;2;5;0;9;359;20;2;216;3;5;100;13;
181600018;800;392;1;806;6;407;6;0;407;14;2;6;0;22;385;8;4;348;8;4;10;3;
181600019;300;133;1;306;0;166;0;0;166;2;2;2;0;6;160;1;0;139;3;2;15;0;
181600020;470;152;2;501;0;316;0;4;316;1;4;2;1;8;308;5;1;298;1;0;1;2;
181600021;450;139;0;465;0;311;0;0;311;2;2;0;0;4;307;2;0;303;0;0;2;0;
181600022;580;253;2;611;1;325;1;5;325;1;2;2;0;5;320;3;1;308;3;1;4;0;
181600023;420;162;0;449;2;258;2;3;258;2;2;10;0;14;244;4;0;222;2;2;9;5;
181600024;800;376;2;822;1;422;1;5;422;3;1;0;0;4;418;1;2;410;0;1;1;3;
181600025;770;308;1;810;0;461;0;3;461;9;1;0;0;10;451;3;0;443;1;0;1;3;
181600026;640;249;3;656;1;388;1;0;388;3;3;1;0;7;381;7;2;350;8;3;11;0;
181600027;180;78;2;193;7;100;7;0;100;1;2;0;0;3;97;5;2;62;3;1;22;2;
181600028;270;55;2;299;0;213;0;8;213;5;2;1;0;8;205;0;0;204;0;0;1;0;
181600029;540;273;3;550;3;264;3;0;264;2;9;3;0;14;250;6;0;172;3;2;62;5;
181600030;50;29;1;32;0;20;0;0;20;2;0;0;0;2;18;1;1;12;0;0;3;1;
181600031;60;17;0;44;6;43;6;6;43;3;0;0;0;3;40;1;3;28;1;0;5;2;
181700001;730;213;1;778;0;516;0;1;516;7;3;12;0;22;494;8;2;479;1;0;1;3;
181700002;880;283;2;964;0;595;0;4;595;2;2;0;0;4;591;1;1;586;1;1;1;0;
181700003;320;115;2;332;0;203;0;4;203;1;5;0;0;6;197;3;1;181;1;0;11;0;
181700004;320;52;0;347;11;268;11;4;268;0;0;0;0;0;268;1;0;266;0;0;1;0;
181700005;360;132;0;375;6;228;6;0;228;0;0;0;0;0;228;0;0;223;2;1;1;1;
181700006;140;40;0;153;0;100;0;0;100;2;0;0;0;2;98;2;0;90;0;0;6;0;
181700007;830;365;0;840;1;465;1;0;465;3;13;0;0;16;449;9;0;300;1;1;137;1;
181700008;550;240;0;560;5;310;5;0;310;1;11;0;0;12;298;5;0;198;0;4;85;6;
181700009;700;290;0;408;2;410;2;1;410;0;10;0;0;10;400;15;0;275;3;1;103;3;
181700010;620;297;2;611;0;321;0;5;321;2;3;3;0;8;313;1;2;285;4;1;18;2;
181700011;220;47;0;228;2;173;2;2;173;0;0;2;0;2;171;1;0;167;0;0;2;1;
181700012;160;43;0;193;0;117;0;5;117;3;0;0;0;3;114;1;0;112;0;0;1;0;
181700013;420;229;0;427;1;191;1;2;191;0;2;4;0;6;185;22;0;153;1;0;8;1;
181700014;820;318;0;854;1;502;1;0;502;6;0;7;0;13;489;8;0;476;1;1;1;2;
181700015;300;79;1;310;0;220;0;4;220;0;1;2;0;3;217;1;0;212;0;1;2;1;
181700016;530;170;1;570;1;359;1;0;359;9;0;2;0;11;348;6;0;328;1;2;11;0;
181700017;140;64;1;75;7;75;7;4;75;0;0;0;0;0;75;2;0;70;1;0;2;0;
181700018;280;90;1;304;0;189;0;0;189;2;3;0;0;5;184;10;0;162;1;0;11;0;
181700019;36;8;1;35;0;27;0;4;27;0;0;1;0;1;26;0;0;25;0;0;1;0;
182600001;200;93;1;214;4;106;4;6;106;0;4;0;0;4;102;4;0;77;1;0;17;3;
182600002;500;240;0;473;2;260;2;4;260;1;4;4;0;9;251;8;1;206;1;1;30;4;
182600003;800;397;3;831;0;400;0;0;400;9;2;0;0;11;389;17;0;185;1;0;178;8;
182600004;800;368;1;798;0;431;0;0;431;2;5;1;0;8;423;22;1;201;7;5;180;7;
182600005;600;332;1;595;1;267;1;5;267;2;2;0;0;4;263;10;1;158;5;0;84;5;
182600006;700;356;1;757;1;343;1;0;343;0;4;1;0;5;338;6;2;315;2;0;12;1;
182600007;800;320;2;891;0;478;0;0;478;2;1;7;0;10;468;6;0;454;0;2;5;1;
182600008;800;363;3;873;0;434;0;0;434;10;4;8;8;30;404;1;3;393;1;1;4;1;
182600009;700;351;1;687;7;348;7;3;348;1;1;0;0;2;346;14;0;321;1;4;6;0;
182600010;500;222;2;524;0;276;0;6;276;2;0;0;0;2;274;2;0;265;2;2;3;0;
182600011;1000;498;1;1105;0;501;0;4;501;1;9;0;0;10;491;0;5;480;3;0;2;1;
182600012;200;76;1;196;1;123;1;6;123;0;0;1;0;1;122;4;1;111;3;0;3;0;
182600013;700;352;3;694;1;345;1;6;345;4;6;0;0;10;335;7;2;151;8;2;162;3;
182600014;120;36;0;93;8;84;8;6;84;2;0;0;0;2;82;0;0;66;0;1;14;1;
182600015;250;134;0;114;2;116;2;2;116;1;1;1;0;3;113;10;1;65;2;2;31;2;
182600016;400;122;2;386;1;276;1;0;276;3;1;0;0;4;272;4;0;221;1;0;45;1;
182600017;140;56;0;123;0;84;0;0;84;0;0;0;0;0;84;4;0;62;0;1;15;2;
182600018;270;128;2;271;2;140;2;3;140;0;4;0;0;4;136;2;1;129;0;1;2;1;
182600019;700;356;1;787;0;343;0;0;343;3;3;0;0;6;337;2;1;319;2;1;12;0;
182600020;800;363;3;867;0;434;0;6;434;34;2;0;0;36;398;7;3;382;1;0;2;3;
182600021;500;249;0;524;0;251;0;3;251;0;4;0;0;4;247;4;0;234;2;0;7;0;
182600022;700;314;1;815;1;385;1;6;385;4;1;8;0;13;372;5;5;306;3;1;46;6;
182600023;700;384;2;726;0;314;0;7;314;3;8;0;0;11;303;24;1;222;5;3;45;3;
182600024;400;170;2;228;0;228;0;6;228;3;1;1;0;5;223;5;2;157;5;3;48;3;
182600025;200;87;0;185;2;113;2;5;113;0;0;0;0;0;113;5;0;75;2;0;29;2;
182600026;110;29;1;78;2;80;2;6;80;0;1;0;0;1;79;7;3;54;2;3;9;1;
182600027;600;273;1;599;0;326;0;0;326;2;6;0;0;8;318;1;0;306;2;1;8;0;
182600028;600;188;4;652;2;408;2;2;408;0;0;4;0;4;404;0;0;403;0;0;1;0;
182600029;700;276;1;720;0;423;0;3;423;1;2;1;0;4;419;2;1;412;0;0;4;0;
182600030;800;388;1;853;0;411;0;0;411;1;3;2;0;6;405;21;0;233;3;4;140;4;
182600031;800;411;3;852;0;386;0;0;386;2;7;0;0;9;377;18;2;230;0;1;120;6;
182600032;1000;600;3;995;0;397;0;2;397;1;6;0;1;8;389;25;0;257;0;1;103;3;
182600033;900;436;1;936;0;463;0;2;463;2;8;0;0;10;453;35;1;280;7;8;118;4;
182600034;900;473;4;904;0;423;0;0;423;0;6;0;0;6;417;32;0;223;2;2;142;16;
182600035;900;412;1;939;0;487;0;8;487;4;7;0;0;11;476;39;1;284;0;0;131;21;
182600036;900;424;3;946;0;473;0;4;473;3;3;1;0;7;466;35;5;293;1;5;112;15;
182600037;800;389;2;867;0;409;0;0;409;7;0;0;0;7;402;31;0;201;2;7;154;7;
182600038;800;420;1;846;0;379;0;0;379;0;2;0;0;2;377;31;1;217;2;3;113;10;
182600039;900;462;3;435;0;435;0;0;435;6;1;0;0;7;428;35;0;251;1;7;124;10;
182600040;900;504;2;933;0;394;0;0;394;2;4;7;0;13;381;26;3;201;3;2;140;6;
182600041;800;448;2;873;0;350;0;4;350;0;7;1;0;8;342;19;0;169;0;5;140;9;
182600042;800;396;2;885;0;402;0;5;402;0;6;0;0;6;396;25;1;239;3;3;121;4;
182600043;900;445;0;922;3;455;3;0;455;2;4;0;0;6;449;43;1;269;1;6;120;9;
182600044;800;370;3;854;3;427;3;4;427;1;2;0;0;3;424;37;1;276;4;4;93;9;
182600045;900;392;0;949;0;508;0;7;508;1;8;7;0;16;492;36;9;293;3;1;140;10;
182600046;800;332;5;862;0;463;0;0;463;8;0;0;0;8;455;49;1;247;4;2;140;12;
182600047;900;513;1;933;1;386;1;8;386;2;3;0;0;5;381;18;1;249;1;4;98;10;
182600048;800;426;1;898;6;373;6;0;373;3;5;0;0;8;365;17;2;212;2;1;122;9;
182600049;800;377;2;893;2;421;2;0;421;1;4;8;0;13;408;18;3;219;3;3;153;9;
182600050;800;484;2;887;0;314;0;6;314;11;0;0;0;11;303;12;1;142;2;2;138;6;
182600051;900;481;1;944;0;418;0;6;418;4;3;0;0;7;411;10;2;244;0;3;143;9;
182600052;937;550;1;938;2;386;2;0;386;4;4;0;0;8;378;9;0;199;0;1;162;7;
182600053;800;578;1;875;0;221;0;10;221;9;1;7;0;17;204;0;0;169;2;1;30;2;
182600054;800;446;1;872;1;353;1;0;353;2;6;0;0;8;345;11;2;259;0;0;72;1;
182600055;900;497;1;958;2;402;2;0;402;2;8;0;0;10;392;12;2;241;3;3;122;9;
182600056;800;441;2;889;0;357;0;0;357;4;6;9;0;19;338;13;0;255;1;0;66;3;
182600057;701;380;1;700;0;320;0;11;320;3;2;3;0;8;312;14;0;197;0;1;94;6;
182600058;1000;670;0;797;1;330;1;2;330;2;2;0;0;4;326;10;0;237;1;1;73;4;
182600059;700;421;1;765;0;278;0;0;278;1;5;0;0;6;272;10;1;182;1;1;73;4;
182600060;800;492;1;829;0;307;0;0;307;3;1;0;0;4;303;9;0;199;2;1;83;9;
182600061;700;405;1;787;1;294;1;8;294;3;1;0;0;4;290;9;0;176;2;3;97;3;
182600062;800;510;1;839;0;289;0;0;289;1;2;0;0;3;286;10;0;173;1;2;92;8;
182600063;800;480;2;825;0;318;0;4;318;2;6;0;0;8;310;10;1;201;0;2;86;10;
182600064;800;507;1;813;0;292;0;0;292;6;4;3;0;13;279;4;0;170;1;3;98;3;
182600065;800;469;3;906;0;328;0;8;328;1;1;0;0;2;326;12;1;180;0;4;118;11;
182600066;809;496;0;854;0;313;0;0;313;0;4;0;0;4;309;7;0;192;1;2;101;6;
182600067;100;47;1;86;0;52;0;0;52;0;0;0;0;0;52;3;1;31;1;0;13;3;
182600068;70;23;0;49;0;47;0;0;47;0;1;0;0;1;46;2;1;34;0;0;9;0;
182600069;90;12;1;79;0;77;0;5;77;4;2;0;0;6;71;3;0;58;2;0;8;0;
182600070;100;46;0;85;0;54;0;6;54;0;0;0;0;0;54;4;1;35;1;0;12;1;
182900001;502;155;0;515;0;347;0;0;347;5;2;0;0;7;340;2;1;328;0;0;9;0;
182900002;306;115;2;320;3;189;3;3;189;0;0;0;0;0;189;1;0;185;2;0;1;0;
182900003;714;354;1;726;3;359;3;0;359;2;6;0;1;9;350;3;3;333;3;2;4;2;
182900004;378;211;1;381;3;166;3;0;166;2;1;0;0;3;163;6;0;148;1;0;8;0;
182900005;326;89;1;330;1;236;1;2;236;0;0;0;0;0;236;1;0;230;1;2;1;1;
182900006;275;75;3;280;0;197;0;4;197;3;1;0;0;4;193;5;2;179;0;1;5;1;
182900007;652;373;1;652;2;278;2;0;278;3;0;0;0;3;275;6;1;247;3;6;11;1;
182900008;386;124;1;390;0;261;0;0;261;0;9;0;0;9;252;4;0;247;1;0;0;0;
182900009;302;108;2;302;1;192;1;0;192;0;0;0;0;0;192;0;0;190;1;1;0;0;
182900010;578;125;1;581;0;452;0;0;452;0;1;0;0;1;451;1;2;445;0;2;0;1;
182900011;312;121;2;316;0;189;0;0;189;0;2;0;0;2;187;1;1;181;3;1;0;0;
182900012;81;17;4;81;2;60;2;0;60;1;3;0;0;4;56;0;0;51;1;0;4;0;
182900013;260;83;1;267;0;176;0;1;176;0;2;0;0;2;174;0;0;174;0;0;0;0;
182900014;92;16;1;94;1;75;1;2;75;3;0;5;0;8;67;0;0;55;1;0;11;0;
182900015;358;160;1;359;3;197;3;1;197;2;4;0;0;6;191;2;1;160;4;0;24;0;
182900016;831;418;3;846;5;410;5;0;410;1;0;0;0;1;409;10;2;386;3;1;2;5;
182900017;648;339;1;658;1;308;1;5;308;4;0;10;2;16;292;1;1;285;0;1;1;3;
183600001;700;269;0;772;0;431;0;2;431;3;23;12;1;39;392;9;1;373;5;2;2;0;
183600002;470;183;2;543;1;285;1;3;285;11;0;0;0;11;274;16;4;234;2;1;17;0;
183600003;520;213;0;586;0;307;0;2;307;5;3;0;0;8;299;17;1;276;1;1;3;0;
183600004;390;167;2;451;3;221;3;2;221;2;1;0;0;3;218;5;2;106;3;2;99;1;
183600005;530;129;2;601;2;399;2;7;399;1;5;6;0;12;387;8;0;103;3;5;266;2;
183600006;580;134;2;649;0;444;0;0;444;1;4;9;0;14;430;4;1;339;2;0;83;1;
183600007;590;90;1;670;0;499;0;0;499;13;2;0;0;15;484;1;1;461;1;1;17;2;
183600008;710;162;3;545;0;545;0;0;545;4;2;11;0;17;528;2;1;495;0;2;23;5;
183600009;800;224;2;849;2;574;2;0;574;3;4;1;0;8;566;5;2;379;1;2;174;3;
190300001;600;255;0;621;1;345;1;0;345;6;2;0;0;8;337;12;1;134;2;5;178;5;
190300002;600;226;0;635;2;374;2;0;374;2;5;3;0;10;364;20;0;175;3;4;151;11;
190300003;700;311;3;759;2;386;2;0;386;4;3;8;0;15;371;11;5;215;4;4;128;4;
190300004;150;83;2;140;0;65;0;3;65;1;1;0;1;3;62;2;0;44;1;0;14;1;
190300005;250;102;2;250;1;146;1;2;146;0;2;0;1;3;143;6;0;66;0;1;70;0;
190300006;700;405;1;624;0;294;0;0;294;5;2;2;0;9;285;7;0;203;3;1;70;1;
190300007;500;270;1;494;1;229;1;0;229;1;5;2;0;8;221;6;1;163;1;1;48;1;
190300008;650;301;2;603;1;347;1;0;347;5;11;12;0;28;319;10;2;170;4;4;128;1;
190300009;400;216;1;375;2;183;2;0;183;4;2;6;0;12;171;2;0;85;4;2;77;1;
190300010;600;408;1;543;0;191;0;1;191;0;2;1;0;3;188;4;3;134;4;0;42;1;
190300011;700;279;0;666;0;421;0;2;421;1;6;4;0;11;410;3;0;357;4;1;44;1;
190400001;550;343;0;497;0;207;0;1;207;2;3;1;0;6;201;8;1;104;0;2;82;4;
190400002;850;488;0;807;1;362;1;0;362;1;4;0;0;5;357;17;2;183;1;2;142;10;
190400003;650;348;1;627;1;301;1;0;301;2;3;11;0;16;285;23;1;170;2;2;85;2;
190400004;994;512;2;950;3;480;3;2;480;6;2;0;0;8;472;33;0;248;1;3;173;14;
190400005;750;395;2;701;1;353;1;0;353;2;5;1;0;8;345;28;2;178;0;2;125;10;
190400006;900;675;1;224;0;224;0;4;224;1;2;2;0;5;219;14;0;161;0;2;41;1;
190400007;1000;563;2;961;0;435;0;3;435;5;7;0;0;12;423;19;1;194;2;1;195;11;
190400008;750;422;3;691;0;325;0;0;325;3;3;0;0;6;319;12;0;170;1;2;127;7;
190400009;600;330;1;556;0;269;0;0;269;5;2;0;0;7;262;10;1;120;3;0;124;4;
190400010;750;409;2;723;0;339;0;0;339;3;1;0;0;4;335;24;1;187;2;2;115;4;
190400011;700;412;0;684;0;288;0;0;288;3;5;9;0;17;271;20;0;119;1;4;124;3;
190400012;100;61;1;43;0;38;0;0;38;1;1;0;0;2;36;0;0;18;3;0;15;0;
190400013;100;59;2;61;0;39;0;0;39;0;1;1;0;2;37;6;1;14;1;1;12;2;
190400014;300;137;0;249;0;163;0;0;163;1;1;0;0;2;161;1;2;146;3;1;8;0;
190400015;300;143;0;272;1;157;1;3;157;2;4;0;0;6;151;7;1;83;3;2;51;4;
190400016;100;64;0;58;0;36;0;5;36;0;0;0;0;0;36;3;1;18;0;0;12;2;
190400017;700;507;1;645;0;192;0;0;192;12;8;0;0;20;172;11;0;101;3;2;55;0;
190400018;650;379;1;629;3;270;3;2;270;2;3;0;0;5;265;5;1;150;5;2;102;0;
190400019;400;211;0;331;3;189;3;1;189;2;11;2;0;15;174;5;2;131;4;0;31;1;
190400020;650;296;1;626;0;353;0;1;353;1;3;2;0;6;347;22;4;174;6;3;125;13;
190400021;350;185;0;327;3;165;3;3;165;2;2;9;0;13;152;14;0;98;2;2;30;6;
190400022;500;227;0;469;0;273;0;0;273;1;5;0;0;6;267;17;2;125;1;2;118;2;
190400023;450;219;2;419;1;229;1;5;229;2;1;9;1;13;216;6;0;87;5;3;114;1;
190400024;600;309;8;549;0;283;0;0;283;2;6;0;0;8;275;5;0;170;1;1;97;1;
190400025;350;200;0;275;6;150;6;0;150;1;7;1;0;9;141;5;0;97;1;3;33;2;
190500001;450;217;4;460;1;229;1;0;229;0;2;0;0;2;227;5;1;186;0;0;32;3;
190500002;660;340;0;623;0;320;0;0;320;1;1;0;0;2;318;11;1;288;0;2;14;2;
190500003;700;414;0;604;0;286;0;0;286;0;0;12;0;12;274;3;0;191;0;2;76;2;
190500004;650;331;0;635;2;319;2;0;319;1;11;0;0;12;307;11;3;165;4;1;120;3;
190500005;900;538;0;771;1;362;1;0;362;4;1;10;0;15;347;13;2;214;4;4;108;2;
190500006;700;353;0;602;0;347;0;0;347;1;4;1;0;6;341;4;2;180;2;0;152;1;
190500007;900;481;2;747;7;417;7;0;417;2;3;1;0;6;411;1;0;391;1;2;15;1;
190500008;900;519;0;728;1;381;1;0;381;2;1;0;0;3;378;2;2;348;1;1;24;0;
190500009;500;188;0;503;0;312;0;0;312;1;3;0;0;4;308;1;0;293;2;4;7;1;
190500010;500;213;0;438;0;287;0;0;287;2;1;0;0;3;284;3;0;262;0;2;17;0;
190500011;550;262;0;510;2;288;2;1;288;1;0;9;0;10;278;5;1;262;1;0;8;1;
190500012;800;474;0;673;0;326;0;0;326;7;5;0;0;12;314;2;2;300;1;1;7;1;
190500013;600;301;0;500;0;299;0;0;299;1;1;24;0;26;273;0;0;263;0;1;7;2;
190500014;600;314;0;487;0;286;0;0;286;2;1;13;0;16;270;1;1;259;1;1;7;0;
190500015;650;381;2;522;3;267;3;0;267;2;2;14;0;18;249;3;3;168;1;2;67;5;
190500016;451;268;2;378;5;181;5;0;181;2;12;1;0;15;166;7;1;125;1;1;29;2;
190500017;450;267;0;345;3;183;3;0;183;1;2;0;0;3;180;8;0;65;2;0;105;0;
190500018;500;298;1;526;0;201;0;0;201;0;1;0;0;1;200;5;0;139;4;2;49;1;
190500019;500;290;1;421;0;209;0;0;209;0;0;0;1;1;208;6;0;94;0;1;106;1;
190500020;700;322;0;601;1;378;1;0;378;0;1;0;0;1;377;3;2;361;3;4;3;1;
190500021;650;373;0;500;0;277;0;0;277;2;0;0;0;2;275;3;1;263;2;0;6;0;
190500022;600;229;2;587;0;369;0;1;369;0;4;0;0;4;365;1;0;361;2;0;1;0;
190500023;600;160;0;606;0;440;0;0;440;2;2;0;0;4;436;1;0;423;1;3;7;1;
190800001;632;266;1;640;2;365;2;0;365;6;6;0;0;12;353;27;1;138;1;4;173;9;
190800002;586;279;0;580;1;307;1;0;307;2;5;2;0;9;298;13;2;97;1;3;172;10;
190800003;816;365;2;815;1;449;1;0;449;2;5;7;0;14;435;15;0;207;7;2;193;11;
190800004;1015;473;0;1014;1;542;1;0;542;10;7;0;0;17;525;23;3;364;4;1;124;6;
190800005;571;397;1;173;0;173;0;9;173;5;4;0;0;9;164;3;0;146;4;1;9;1;
190800006;629;215;1;631;7;413;7;0;413;1;6;0;0;7;406;3;0;344;7;0;51;1;
190800007;84;12;0;95;6;72;6;0;72;3;2;3;0;8;64;2;2;36;1;0;23;0;
190800008;24;4;0;24;5;20;5;0;20;0;0;0;0;0;20;4;1;11;0;0;4;0;
190800009;317;144;3;319;0;170;0;0;170;3;0;0;0;3;167;2;1;146;5;1;11;1;
190800010;444;184;2;447;2;258;2;0;258;2;17;0;0;19;239;8;1;204;4;0;20;2;
190800011;834;360;1;833;1;473;1;0;473;6;5;2;0;13;460;6;3;293;10;1;140;7;
190800012;853;360;1;853;0;492;0;0;492;6;4;0;0;10;482;4;2;314;4;0;157;1;
190800013;453;181;0;454;0;272;0;1;272;2;0;17;0;19;253;13;1;169;2;2;65;1;
190800014;838;420;0;836;0;418;0;0;418;11;44;3;0;58;360;8;2;265;6;4;70;5;
190800015;250;90;0;157;3;160;3;1;160;1;2;2;0;5;155;8;0;111;1;1;34;0;
190800016;459;189;1;464;0;269;0;5;269;3;2;0;0;5;264;11;2;234;0;1;15;1;
191300001;130;24;0;143;2;106;2;0;106;1;2;0;0;3;103;7;0;69;1;0;22;4;
191300002;749;334;2;752;2;413;2;1;413;6;10;2;1;19;394;10;3;286;3;3;87;2;
191300003;342;185;1;354;0;156;0;0;156;1;4;0;0;5;151;7;0;110;3;0;26;5;
191300004;274;132;1;284;0;141;0;0;141;1;0;0;0;1;140;6;3;79;3;0;46;3;
191300005;107;29;0;112;3;78;3;1;78;0;1;0;0;1;77;12;1;42;3;1;16;2;
191300006;839;477;0;850;1;362;1;1;362;1;2;13;0;16;346;20;1;164;4;0;150;7;
191300007;731;392;0;737;3;339;3;4;339;0;7;0;0;7;332;15;0;162;3;2;144;6;
191300008;638;294;2;665;2;342;2;2;342;12;2;0;0;14;328;23;1;184;4;4;101;11;
191300009;796;497;0;800;2;299;2;0;299;7;14;0;0;21;278;17;2;178;6;3;63;9;
191300010;621;351;1;621;2;269;2;0;269;0;6;3;0;9;260;9;2;184;2;4;51;8;
191300011;538;275;2;559;0;261;0;0;261;3;2;2;0;7;254;14;0;177;3;3;48;9;
191300012;786;396;2;782;2;388;2;0;388;3;7;1;0;11;377;30;1;231;2;4;103;6;
191300013;630;413;1;642;1;216;1;1;216;2;1;4;0;7;209;4;3;190;1;1;5;5;
191300014;691;295;12;692;5;384;5;0;384;0;12;0;0;12;372;11;2;227;3;2;106;21;
191300015;79;21;0;93;3;58;3;3;58;0;0;0;0;0;58;1;1;41;0;1;12;2;
191300016;883;425;0;894;0;458;0;0;458;2;2;10;0;14;444;4;2;345;3;2;86;2;
191300017;101;35;1;109;0;65;0;4;65;0;0;0;0;0;65;0;0;54;2;1;8;0;
192700001;700;371;1;690;0;328;0;4;328;1;3;0;0;4;324;76;0;141;1;3;90;13;
192700002;700;409;1;680;0;290;0;1;290;1;7;2;0;10;280;58;0;106;0;2;104;10;
192700003;900;434;2;908;0;464;0;5;464;0;0;13;0;13;451;74;8;246;3;8;98;14;
192700004;900;494;0;871;1;406;1;1;406;1;1;6;0;8;398;68;2;173;2;2;139;12;
192700005;920;501;1;922;0;418;0;6;418;6;4;0;0;10;408;74;0;216;0;2;108;8;
192700006;950;623;1;954;0;326;0;0;326;1;1;3;0;5;321;53;1;147;1;4;99;16;
192700007;670;415;2;668;0;253;0;0;253;0;2;0;0;2;251;30;1;131;3;2;69;15;
192700008;750;447;0;740;0;303;0;0;303;1;8;2;0;11;292;36;1;141;1;3;95;15;
192700009;800;451;0;791;1;349;1;3;349;3;0;1;0;4;345;74;1;149;2;2;98;19;
192700010;820;443;1;810;0;376;0;6;376;1;9;0;0;10;366;53;0;196;5;2;94;16;
192700011;880;495;1;873;0;384;0;0;384;1;4;0;0;5;379;59;2;170;1;4;116;27;
192700012;1000;524;0;993;4;476;4;0;476;1;4;0;0;5;471;105;1;214;2;7;105;37;
192700013;680;351;0;676;0;329;0;0;329;3;9;0;0;12;317;65;1;154;2;3;83;9;
192700014;900;434;4;887;4;462;4;0;462;3;5;0;0;8;454;103;0;216;0;3;107;25;
192700015;750;383;0;761;0;367;0;0;367;2;2;3;0;7;360;89;1;181;0;2;77;10;
192700016;630;355;2;628;0;273;0;0;273;1;4;1;0;6;267;67;1;124;2;2;63;8;
192700017;710;353;1;706;1;356;1;3;356;1;5;0;0;6;350;80;0;170;0;3;87;10;
192700018;1000;545;3;998;1;452;1;0;452;1;2;2;0;5;447;97;4;210;3;4;103;26;
192700019;830;431;1;837;3;398;3;0;398;3;1;4;0;8;390;89;1;173;3;3;106;15;
192700020;730;409;2;732;0;319;0;4;319;4;3;1;0;8;311;61;1;172;1;4;60;12;
192700021;740;392;0;751;1;348;1;5;348;2;5;0;0;7;341;42;2;194;0;5;85;13;
192700022;720;394;1;714;0;325;0;0;325;4;2;0;0;6;319;62;0;175;3;1;67;11;
192700023;850;462;3;836;0;385;0;6;385;1;0;3;2;6;379;82;2;189;2;4;87;13;
192700024;850;452;0;838;2;398;2;2;398;3;3;1;0;7;391;68;2;206;4;6;91;14;
192700025;710;417;2;717;1;291;1;0;291;5;3;1;0;9;282;52;2;141;1;3;71;12;
192700026;770;422;1;769;0;347;0;0;347;3;3;0;0;6;341;51;2;188;0;5;84;11;
192700027;710;387;1;718;0;322;0;3;322;0;7;0;0;7;315;86;0;143;0;1;79;6;
192700028;810;517;1;813;0;292;0;0;292;7;0;3;0;10;282;53;3;135;0;3;74;14;
192700029;270;179;2;261;0;89;0;0;89;1;0;0;0;1;88;10;0;49;1;1;24;3;
192700030;920;508;0;915;0;412;0;8;412;3;2;1;0;6;406;59;2;212;4;1;103;25;
192700031;890;492;1;898;0;397;0;3;397;3;5;0;0;8;389;54;5;187;1;7;111;24;
192700032;680;388;0;675;0;292;0;5;292;3;1;3;1;8;284;34;0;174;2;2;63;9;
192700033;550;316;1;556;1;233;1;5;233;4;0;0;0;4;229;43;0;108;0;4;66;8;
192700034;850;446;0;852;0;404;0;3;404;0;2;0;0;2;402;66;3;224;3;2;87;17;
192700035;980;584;2;989;1;394;1;0;394;3;3;1;0;7;387;56;1;208;0;4;102;16;
192700036;870;484;1;876;1;385;1;0;385;2;6;0;0;8;377;38;2;191;3;7;121;15;
192700037;630;429;0;627;0;201;0;2;201;0;0;0;0;0;201;29;1;82;0;1;82;6;
192700038;500;276;2;492;0;222;0;1;222;0;1;0;0;1;221;24;0;132;1;0;58;6;
192700039;680;372;2;678;0;306;0;1;306;2;4;0;0;6;300;43;0;169;0;1;76;11;
192700040;830;460;0;826;2;370;2;0;370;3;11;0;0;14;356;58;2;172;1;0;108;15;
192700041;840;431;0;839;0;409;0;0;409;0;8;0;0;8;401;92;0;178;5;3;114;9;
192700042;860;464;2;868;1;394;1;0;394;1;6;1;0;8;386;77;1;198;2;5;85;18;
192700043;770;443;1;326;0;326;0;0;326;0;5;0;0;5;321;49;0;158;0;5;99;10;
192700044;760;441;1;761;0;318;0;4;318;4;0;0;0;4;314;36;0;163;3;2;92;18;
192700045;910;557;3;899;0;350;0;0;350;0;8;1;0;9;341;46;1;183;1;2;93;15;
192700046;880;515;0;364;1;365;1;0;365;10;0;0;0;10;355;47;0;182;2;3;105;16;
192700047;990;588;2;988;0;400;0;1;400;2;0;0;5;7;393;51;1;179;0;0;141;21;
192700048;850;529;0;866;5;321;5;0;321;0;5;0;0;5;316;36;2;141;1;3;120;13;
192700049;826;513;0;838;0;313;0;6;313;3;2;0;0;5;308;22;0;165;2;5;105;9;
192700050;900;642;3;906;0;255;0;7;255;3;0;7;0;10;245;16;2;168;1;0;53;5;
192700051;810;571;1;820;4;238;4;0;238;0;1;0;0;1;237;5;4;189;5;1;29;4;
192700052;790;497;1;818;0;292;0;0;292;0;16;0;0;16;276;9;2;211;2;2;49;1;
192700053;800;488;0;806;0;312;0;1;312;1;0;9;0;10;302;30;1;193;1;5;65;7;
192700054;710;471;3;703;0;236;0;2;236;2;1;0;0;3;233;20;1;152;0;1;56;3;
192700055;780;448;3;780;0;329;0;0;329;3;3;0;0;6;323;38;4;161;1;6;105;8;
192700056;840;539;1;834;0;300;0;0;300;3;8;0;0;11;289;25;2;136;0;5;112;9;
192700057;960;646;1;974;0;313;0;0;313;1;1;0;0;2;311;42;0;159;0;4;93;13;
192700058;600;390;1;606;4;209;4;0;209;2;2;2;0;6;203;13;0;116;1;1;67;5;
192700059;700;455;1;702;0;244;0;0;244;2;4;4;0;10;234;22;2;117;2;3;84;4;
192700060;830;496;1;831;0;333;0;2;333;1;2;1;0;4;329;22;2;191;1;5;100;8;
192700061;950;608;1;961;0;341;0;2;341;1;1;23;0;25;316;22;1;169;0;8;100;16;
192700062;640;402;2;639;0;236;0;0;236;3;3;0;0;6;230;20;1;110;2;4;86;7;
192700063;900;542;1;1000;0;357;0;3;357;7;0;0;0;7;350;17;3;188;0;3;125;14;
192700064;690;433;0;690;1;257;1;1;257;2;2;0;0;4;253;17;1;157;1;1;67;9;
192700065;710;409;1;712;0;300;0;0;300;0;6;1;0;7;293;16;2;178;0;0;86;11;
192700066;670;389;0;280;1;281;1;0;281;0;1;0;0;1;280;21;0;167;0;0;80;12;
192700067;690;456;2;694;8;232;8;0;232;2;1;1;0;4;228;19;0;139;0;3;61;6;
192700068;810;572;0;805;0;238;0;1;238;3;0;0;0;3;235;23;2;113;2;3;86;6;
192700069;910;610;0;924;0;300;0;0;300;1;0;0;1;2;298;36;2;147;1;4;99;9;
192700070;960;583;2;968;0;375;0;6;375;3;0;0;1;4;371;24;2;204;7;2;122;10;
192700071;700;492;0;712;0;208;0;8;208;2;2;0;0;4;204;18;0;105;0;6;66;9;
192700072;560;344;0;565;0;216;0;0;216;2;5;0;0;7;209;19;1;114;2;2;65;6;
192700073;720;461;1;730;0;258;0;5;258;2;2;5;0;9;249;22;1;129;2;1;83;11;
192700074;620;439;1;634;0;180;0;1;180;3;1;0;0;4;176;18;0;89;0;1;66;2;
192700075;900;651;0;905;4;249;4;0;249;0;2;1;0;3;246;13;0;158;1;3;62;9;
192700076;970;637;0;972;0;333;0;5;333;2;3;4;0;9;324;29;2;186;2;2;90;13;
192700077;960;584;1;974;0;375;0;5;375;0;2;9;0;11;364;37;2;211;3;3;95;13;
192700078;590;389;1;588;1;200;1;0;200;7;0;1;0;8;192;16;0;124;0;3;42;7;
192700079;950;578;0;964;7;372;7;0;372;0;16;0;0;16;356;20;0;205;1;2;111;17;
192700080;860;569;0;865;0;291;0;6;291;8;0;0;0;8;283;15;2;157;0;4;100;5;
192700081;700;462;0;707;0;238;0;2;238;4;7;0;0;11;227;18;1;126;1;1;69;11;
192700082;880;593;2;899;0;285;0;0;285;1;0;5;0;6;279;7;0;166;0;2;95;9;
192700083;880;591;1;884;0;288;0;0;288;2;2;0;0;4;284;16;0;150;0;2;101;15;
192700084;1100;730;2;1108;0;368;0;4;368;2;4;2;0;8;360;22;0;213;1;2;114;8;
192700085;860;526;0;867;0;334;0;3;334;0;2;0;0;2;332;14;0;196;3;3;104;12;
192700086;920;630;1;934;0;289;0;0;289;1;1;2;0;4;285;12;0;156;0;1;105;11;
192700087;870;576;1;880;0;293;0;1;293;0;1;0;0;1;292;22;0;148;1;2;111;8;
192700088;670;446;0;686;0;224;0;4;224;3;3;0;0;6;218;16;1;113;1;2;79;6;
192700089;740;479;2;755;0;259;0;0;259;0;3;0;0;3;256;17;2;121;2;5;99;10;
192700090;720;514;2;714;5;204;5;5;204;1;1;3;0;5;199;31;2;98;1;3;62;2;
192700091;630;374;0;640;0;256;0;4;256;1;1;0;0;2;254;7;1;174;2;1;65;4;
192700092;960;666;0;965;2;294;2;0;294;1;2;3;1;7;287;24;4;166;2;4;79;8;
192700093;990;674;0;986;2;316;2;1;316;1;2;0;0;3;313;21;2;180;1;0;97;12;
192700094;1040;696;2;1045;1;342;1;0;342;0;2;0;0;2;340;24;2;202;2;2;97;11;
192700095;820;485;1;834;4;334;4;0;334;1;9;0;0;10;324;28;1;173;3;4;98;17;
192700096;640;365;0;644;0;275;0;4;275;0;3;0;0;3;272;30;5;141;2;1;91;2;
192700097;770;473;2;759;6;295;6;0;295;8;2;0;0;10;285;31;0;144;4;0;99;7;
192700098;700;399;2;705;0;299;0;2;299;2;4;0;1;7;292;32;1;142;1;3;100;13;
192700099;900;508;1;898;2;391;2;0;391;0;5;5;0;10;381;33;0;200;1;5;128;14;
192700100;790;517;0;791;0;273;0;0;273;7;6;1;0;14;259;17;1;153;0;1;80;7;
192700101;730;430;3;735;1;297;1;0;297;4;0;1;0;5;292;40;0;135;1;5;99;12;
192700102;600;381;2;598;0;217;0;0;217;6;0;0;0;6;211;21;1;105;1;2;71;10;
192700103;760;465;0;771;0;295;0;6;295;1;3;0;1;5;290;34;2;138;0;4;99;13;
192700104;920;577;3;925;0;340;0;0;340;3;0;2;0;5;335;40;1;172;2;4;101;15;
192700105;690;395;5;683;0;290;0;0;290;0;5;0;0;5;285;22;0;185;1;3;67;7;
192700106;670;416;2;672;0;252;0;0;252;0;10;0;1;11;241;31;2;127;2;1;69;9;
192700107;780;513;1;791;0;266;0;0;266;1;4;0;0;5;261;24;1;147;1;2;72;14;
192700108;800;500;0;798;0;300;0;0;300;1;0;8;0;9;291;20;0;149;2;7;91;22;
192700109;870;519;2;874;0;349;0;0;349;3;3;0;0;6;343;36;0;158;2;1;136;10;
192700110;840;456;2;846;0;382;0;0;382;0;0;0;0;0;382;25;0;216;3;3;126;9;
192700111;940;545;0;929;1;395;1;0;395;2;8;0;0;10;385;39;0;193;3;4;133;13;
192700112;750;433;0;737;0;317;0;3;317;1;3;0;0;4;313;30;2;174;2;3;90;12;
192700113;610;339;0;602;0;271;0;5;271;0;4;0;0;4;267;29;4;139;3;6;75;11;
192700114;720;393;1;707;1;326;1;2;326;0;2;0;0;2;324;29;2;155;3;2;110;23;
192700115;670;375;0;674;1;295;1;8;295;1;6;0;0;7;288;25;1;154;1;1;87;19;
192700116;800;417;0;785;0;383;0;5;383;4;0;0;0;4;379;50;3;197;1;1;105;22;
192700117;760;423;0;759;0;337;0;3;337;3;3;2;0;8;329;33;3;166;3;2;111;11;
192700118;560;303;5;556;2;252;2;0;252;1;2;1;0;4;248;44;0;117;3;1;69;14;
192700119;670;404;2;678;0;264;0;0;264;1;9;1;0;11;253;28;0;147;3;1;60;14;
192700120;690;406;0;682;0;284;0;0;284;0;11;0;0;11;273;32;0;139;1;4;87;10;
192700121;790;459;2;789;0;329;0;5;329;0;1;1;0;2;327;22;2;181;0;4;109;9;
192700122;660;404;1;661;0;255;0;2;255;2;3;0;0;5;250;22;0;140;1;2;79;6;
192700123;860;471;3;863;0;386;0;5;386;4;1;1;1;7;379;41;3;201;2;3;108;21;
192700124;540;305;3;541;1;232;1;0;232;1;7;0;0;8;224;16;2;144;1;2;50;9;
192700125;720;417;0;720;0;303;0;5;303;0;3;0;0;3;300;30;2;183;0;3;75;7;
192700126;680;421;1;675;1;258;1;3;258;1;4;0;0;5;253;13;1;154;1;4;74;6;
192700127;640;366;2;640;5;272;5;2;272;0;0;0;0;0;272;34;1;144;1;2;77;13;
192700128;610;352;0;606;0;258;0;2;258;2;2;7;0;11;247;17;1;138;1;0;78;12;
192700129;670;360;8;675;0;302;0;0;302;5;3;0;0;8;294;32;1;177;3;3;71;7;
192700130;540;311;0;552;0;229;0;4;229;0;3;3;0;6;223;15;0;131;2;2;66;7;
192700131;760;478;0;758;0;282;0;0;282;0;2;4;0;6;276;38;2;149;1;3;77;6;
192700132;880;565;4;878;0;311;0;0;311;2;5;0;0;7;304;26;1;172;1;3;94;7;
192700133;720;438;2;719;3;280;3;8;280;1;5;1;0;7;273;22;0;154;1;1;81;14;
192700134;700;440;1;714;1;259;1;0;259;1;0;2;0;3;256;23;0;138;3;3;81;8;
192700135;580;391;0;576;0;189;0;0;189;0;0;0;0;0;189;18;1;102;2;2;57;7;
192700136;910;584;0;919;0;326;0;4;326;2;7;0;0;9;317;24;1;167;3;2;110;10;
192700137;680;377;0;690;4;303;4;0;303;4;0;2;0;6;297;22;0;161;0;4;83;27;
192700138;850;485;0;848;7;365;7;3;365;2;2;10;0;14;351;34;0;210;2;2;88;15;
192700139;800;429;0;797;1;371;1;8;371;11;4;0;0;15;356;29;0;202;3;3;104;15;
192700140;959;518;1;966;1;440;1;5;440;2;1;0;0;3;437;42;5;243;5;2;121;19;
192700141;600;364;0;604;1;236;1;0;236;0;0;0;0;0;236;22;1;139;2;3;61;8;
192700142;880;459;2;875;0;419;0;3;419;1;3;3;2;9;410;30;2;282;2;2;78;14;
192700143;690;387;0;697;10;303;10;2;303;0;0;10;0;10;293;47;3;156;0;2;75;10;
192700144;900;473;0;910;4;427;4;0;427;2;6;0;0;8;419;64;3;247;1;4;87;13;
192700145;720;383;0;733;9;337;9;0;337;9;1;0;0;10;327;45;0;194;0;6;62;20;
192700146;630;329;0;628;0;301;0;3;301;1;5;0;0;6;295;50;2;158;1;0;72;12;
192700147;670;362;4;663;0;304;0;0;304;3;2;0;0;5;299;47;1;162;0;5;64;20;
192700148;790;415;0;774;3;375;3;0;375;2;2;0;0;4;371;58;3;202;2;4;94;8;
192700149;750;391;0;753;5;359;5;0;359;0;11;0;0;11;348;49;4;184;3;3;97;8;
192700150;630;329;3;626;0;298;0;0;298;1;1;0;0;2;296;66;6;145;2;3;65;9;
192700151;750;419;0;755;1;331;1;3;331;0;2;0;0;2;329;39;2;183;1;5;75;24;
192700152;880;496;1;884;1;383;1;0;383;1;11;0;0;12;371;48;1;212;0;4;89;17;
192700153;860;442;0;864;30;418;30;1;418;0;7;0;0;7;411;36;0;215;1;6;131;22;
192700154;630;345;1;625;0;284;0;0;284;0;2;1;0;3;281;28;0;166;2;2;71;12;
192700155;350;99;0;243;147;251;147;6;251;2;2;0;0;4;247;31;1;149;0;3;59;4;
192700156;810;478;3;814;4;329;4;4;329;7;3;0;0;10;319;53;2;180;3;2;65;14;
192700157;670;366;0;675;0;304;0;0;304;0;6;1;0;7;297;38;1;141;3;2;88;24;
192700158;710;394;1;708;4;315;4;0;315;0;0;0;0;0;315;42;3;167;1;4;81;17;
192700159;790;452;1;795;3;337;3;2;337;5;2;1;0;8;329;42;2;167;0;0;105;13;
192700160;830;468;0;813;13;362;13;0;362;4;0;4;1;9;353;46;0;216;1;1;75;14;
192700161;610;337;2;602;1;271;1;0;271;7;0;0;0;7;264;38;0;135;2;3;74;12;
192700162;720;365;0;712;0;355;0;1;355;2;2;6;0;10;345;56;0;178;1;3;87;20;
192700163;810;427;3;817;0;380;0;3;380;4;6;0;0;10;370;39;1;200;1;4;115;10;
192700164;900;523;0;902;4;377;4;3;377;0;3;0;0;3;374;54;3;211;1;1;89;15;
192700165;670;399;12;658;1;259;1;0;259;1;4;4;2;11;248;32;2;125;2;2;79;6;
192700166;770;446;1;776;0;323;0;12;323;2;8;0;0;10;313;29;1;170;2;8;88;15;
192700167;810;557;0;808;0;253;0;1;253;6;0;11;0;17;236;14;0;132;2;6;79;3;
192700168;490;299;3;488;0;188;0;0;188;1;1;4;0;6;182;12;1;118;0;2;43;6;
192700169;450;337;2;442;0;111;0;0;111;0;0;3;0;3;108;3;0;85;2;2;15;1;
192700170;960;677;2;958;0;281;0;0;281;2;3;0;1;6;275;18;1;106;2;4;138;6;
192700171;880;517;0;884;3;363;3;0;363;1;6;0;0;7;356;23;0;151;1;3;175;3;
192700172;789;457;0;789;1;332;1;0;332;0;8;8;0;16;316;18;1;130;1;1;162;3;
192700173;600;350;0;602;0;250;0;2;250;2;7;0;0;9;241;16;0;133;1;3;83;5;
192700174;620;369;4;619;0;247;0;7;247;0;5;0;0;5;242;31;0;121;1;5;77;7;
192700175;150;67;1;150;0;82;0;0;82;1;1;0;0;2;80;2;0;66;0;0;12;0;
192700176;310;171;0;309;0;139;0;5;139;2;2;1;0;5;134;10;3;69;4;2;45;1;
192700177;560;322;1;564;0;237;0;2;237;1;0;0;0;1;236;19;0;111;0;0;83;23;
192700178;500;324;1;490;0;175;0;3;175;2;0;0;0;2;173;8;0;111;1;2;45;6;
192700179;188;68;2;195;0;118;0;7;118;0;3;1;0;4;114;10;0;47;1;1;51;4;
192700180;840;475;0;840;1;365;1;0;365;3;1;15;0;19;346;20;3;156;4;5;149;9;
192700181;780;456;0;782;0;324;0;0;324;2;5;0;0;7;317;21;2;174;2;2;109;7;
192700182;580;373;0;581;5;207;5;0;207;2;0;0;0;2;205;20;2;98;2;1;82;0;
192700183;800;524;0;797;0;276;0;1;276;0;5;0;0;5;271;21;0;158;2;3;82;5;
192700184;710;383;1;712;1;326;1;0;326;3;4;2;0;9;317;20;1;140;1;3;145;7;
192700185;550;273;1;550;1;276;1;0;276;2;7;0;0;9;267;8;2;122;1;1;132;1;
192700186;560;326;2;567;10;232;10;1;232;0;3;5;0;8;224;17;0;75;1;0;127;4;
192700187;560;314;1;566;0;245;0;0;245;1;8;0;0;9;236;14;0;82;1;4;127;8;
192700188;470;246;2;463;1;222;1;3;222;4;2;0;0;6;216;9;0;137;2;1;59;8;
192700189;450;208;1;453;1;241;1;4;241;1;3;2;0;6;235;4;1;177;4;1;45;3;
192700190;510;267;2;511;0;241;0;2;241;11;3;0;0;14;227;5;1;168;0;1;48;4;
192700191;560;333;0;558;0;227;0;8;227;2;0;0;0;2;225;14;0;105;2;0;94;10;
192700192;550;342;0;556;0;208;0;3;208;1;1;1;0;3;205;5;0;105;1;1;86;7;
192700193;450;213;1;444;2;236;2;2;236;0;2;0;0;2;234;3;0;197;2;2;27;3;
192700194;580;281;0;588;0;299;0;0;299;2;1;0;0;3;296;3;2;261;0;0;29;1;
192700195;910;436;3;931;1;471;1;1;471;2;3;3;0;8;463;4;0;318;2;2;130;7;
192700196;780;386;2;795;0;392;0;3;392;0;7;0;0;7;385;6;3;257;3;1;115;0;
192700197;500;241;0;509;0;259;0;0;259;0;3;6;0;9;250;5;0;221;5;2;15;2;
192700198;580;338;1;583;2;241;2;3;241;0;1;0;0;1;240;17;1;87;0;1;127;7;
192700199;530;347;0;523;3;183;3;0;183;1;2;0;0;3;180;10;0;92;4;1;70;3;
192700200;340;129;2;340;0;209;0;5;209;0;0;0;0;0;209;0;0;205;3;1;0;0;
192700201;100;76;1;48;2;23;2;0;23;0;0;0;0;0;23;2;0;12;3;0;6;0;
192700202;80;11;0;120;9;69;9;0;69;0;0;0;0;0;69;4;3;34;6;2;16;4;
192700203;200;28;1;209;0;171;0;0;171;8;3;1;0;12;159;13;1;104;2;2;35;2;
192700204;230;110;1;211;2;119;2;5;119;0;4;0;0;4;115;8;0;72;2;0;28;5;
192700205;50;22;0;33;0;28;0;0;28;0;0;0;0;0;28;5;2;15;1;0;5;0;
192700206;50;14;0;40;0;36;0;0;36;0;0;1;0;1;35;4;0;21;2;0;7;1;
192700207;130;64;0;105;0;66;0;0;66;3;0;0;0;3;63;2;2;33;1;0;23;2;
193300001;700;373;0;726;0;327;0;1;327;8;0;1;0;9;318;12;1;231;0;2;69;3;
193300002;800;414;0;840;0;386;0;0;386;1;6;0;0;7;379;24;2;299;3;0;43;8;
193300003;600;295;2;601;0;303;0;1;303;3;1;0;0;4;299;3;2;272;0;3;15;4;
193300004;500;306;1;486;1;193;1;0;193;1;1;0;0;2;191;4;0;184;0;0;3;0;
193300005;700;325;1;711;2;374;2;1;374;3;1;16;0;20;354;16;1;265;5;4;60;3;
193300006;850;418;0;844;2;432;2;0;432;3;4;11;0;18;414;4;1;371;5;1;30;2;
193300007;550;280;1;559;0;269;0;0;269;3;4;0;1;8;261;5;3;240;0;0;10;3;
193300008;600;262;3;629;0;335;0;0;335;1;0;0;0;1;334;4;1;323;2;2;2;0;
193300009;700;387;1;672;4;312;4;0;312;3;0;0;0;3;309;5;0;280;1;0;17;6;
193300010;800;478;1;809;0;321;0;0;321;3;1;1;0;5;316;4;1;306;1;0;4;0;
193300011;796;502;0;780;0;294;0;0;294;16;3;0;0;19;275;9;1;246;1;1;16;1;
193300012;500;228;1;500;1;271;1;0;271;12;3;0;0;15;256;15;2;175;6;0;50;8;
193300013;400;187;1;383;0;212;0;4;212;1;2;0;0;3;209;10;2;129;4;1;52;11;
193300014;650;385;1;565;1;264;1;0;264;0;4;0;0;4;260;10;0;140;3;2;100;5;
193300015;650;357;2;658;1;291;1;0;291;2;3;7;0;12;279;22;1;163;1;4;81;7;
193300016;501;294;0;207;0;207;0;0;207;3;8;0;0;11;196;9;0;99;2;3;79;4;
193300017;100;38;0;101;2;62;2;0;62;0;3;1;0;4;58;3;0;41;3;1;9;1;
193700001;850;420;1;803;1;429;1;0;429;4;8;10;0;22;407;7;0;220;5;4;161;10;
193700002;800;503;0;775;0;297;0;0;297;7;4;0;0;11;286;11;1;170;0;3;92;9;
193700003;550;318;0;522;0;232;0;0;232;1;4;2;0;7;225;9;1;120;8;2;78;7;
193700004;800;447;1;755;0;352;0;1;352;2;7;0;1;10;342;24;0;195;1;5;111;6;
193700005;950;508;1;932;0;441;0;0;441;6;5;0;0;11;430;12;5;312;5;3;91;2;
193700006;550;265;1;516;0;284;0;0;284;0;3;2;0;5;279;11;2;148;7;1;104;6;
193700007;300;154;1;289;0;145;0;0;145;0;2;1;0;3;142;16;0;98;1;0;25;2;
193700008;150;60;0;148;0;90;0;1;90;0;0;4;0;4;86;4;1;57;2;2;18;2;
193700009;950;508;3;909;0;439;0;0;439;2;12;0;0;14;425;6;0;242;4;3;160;10;
193700010;450;233;0;439;0;217;0;0;217;1;6;3;0;10;207;7;2;96;6;4;86;6;
200100201;740;401;2;698;0;337;0;0;337;3;6;0;0;9;328;21;0;200;7;1;93;6;
200100202;610;286;3;575;1;321;1;2;321;5;5;4;0;14;307;16;1;219;1;4;61;5;
200100203;330;148;1;315;1;181;1;0;181;3;7;2;1;13;168;10;1;110;0;3;43;1;
200100204;500;290;1;466;0;209;0;4;209;1;4;2;0;7;202;11;2;152;3;1;33;0;
200100205;320;110;2;307;2;208;2;2;208;2;2;0;0;4;204;2;1;194;1;0;6;0;
200100206;100;40;0;90;2;60;2;5;60;0;2;0;0;2;58;1;0;48;0;0;9;0;
200100207;100;31;1;82;5;68;5;0;68;0;4;0;0;4;64;6;0;36;1;0;21;0;
200100208;100;32;1;90;1;67;1;0;67;2;2;0;0;4;63;2;0;55;0;0;6;0;
200100209;300;124;1;293;0;175;0;5;175;2;1;0;0;3;172;2;2;167;1;0;0;0;
200700301;850;416;2;779;0;432;0;1;432;7;1;0;0;8;424;14;1;288;5;2;112;2;
200700302;880;432;1;823;4;447;4;0;447;9;2;3;0;14;433;7;2;291;7;6;119;1;
200700303;180;61;1;173;1;118;1;3;118;0;3;0;0;3;115;2;1;111;1;0;0;0;
200700304;470;233;2;444;1;235;1;0;235;1;0;0;0;1;234;1;0;217;4;1;10;1;
200700305;340;84;2;334;0;254;0;5;254;1;3;0;0;4;250;3;0;244;0;0;3;0;
200700306;480;182;2;464;1;296;1;0;296;4;6;0;0;10;286;2;3;277;3;1;0;0;
200700307;330;98;1;326;10;231;10;0;231;3;4;0;0;7;224;9;1;202;1;3;8;0;
200700308;410;141;1;388;5;268;5;5;268;1;2;0;0;3;265;6;3;253;1;1;1;0;
200700309;390;241;1;376;1;148;1;4;148;1;1;0;0;2;146;2;0;108;2;1;32;1;
200700310;450;256;1;427;0;193;0;0;193;1;2;1;0;4;189;3;0;151;1;1;30;3;
200700311;650;215;1;617;0;434;0;0;434;2;2;0;1;5;429;3;0;422;0;1;2;1;
200700312;410;113;4;390;5;293;5;0;293;1;0;0;0;1;292;2;1;281;1;3;3;1;
200700313;540;193;1;524;0;346;0;0;346;3;5;0;0;8;338;5;2;322;4;0;5;0;
200700314;330;148;3;328;0;179;0;6;179;2;3;0;0;5;174;3;1;153;2;1;9;5;
200700315;200;68;2;190;1;130;1;0;130;0;0;0;0;0;130;2;0;124;2;0;1;1;
200700316;498;131;1;489;0;366;0;5;366;3;1;0;0;4;362;4;0;354;0;1;3;0;
200700317;300;159;1;279;1;140;1;0;140;4;0;0;0;4;136;9;2;98;3;2;21;1;
200700318;520;189;2;484;1;329;1;5;329;2;5;3;0;10;319;13;1;294;4;3;4;0;
200700319;150;36;2;149;1;112;1;0;112;0;2;3;0;5;107;2;1;68;1;1;31;3;
200700320;350;92;0;345;1;258;1;0;258;0;2;2;0;4;254;2;1;242;2;2;2;3;
200700321;170;48;1;166;0;121;0;5;121;2;2;7;0;11;110;5;1;58;3;2;39;2;
200700322;390;153;3;360;2;234;2;1;234;0;5;1;0;6;228;15;3;163;6;1;40;0;
200700323;660;250;1;637;1;409;1;0;409;2;6;4;0;12;397;4;0;305;5;1;80;2;
200700324;640;272;2;619;1;366;1;4;366;0;2;0;0;2;364;7;0;354;1;0;2;0;
200700325;410;165;1;388;0;244;0;0;244;3;1;1;0;5;239;4;0;211;1;1;22;0;
201000401;830;417;1;787;2;412;2;3;412;3;5;0;2;10;402;16;4;247;0;3;127;5;
201000402;480;231;1;451;0;248;0;1;248;4;1;0;1;6;242;10;1;113;2;1;113;2;
201000403;980;451;3;943;2;526;2;0;526;4;14;2;0;20;506;9;2;390;0;0;102;3;
201000404;850;399;1;800;0;450;0;0;450;8;1;7;1;17;433;21;0;261;1;1;141;8;
201000405;670;322;1;640;1;347;1;0;347;2;1;0;0;3;344;14;0;155;1;2;164;8;
201000406;980;507;5;932;0;468;0;0;468;2;3;0;0;5;463;6;1;413;1;0;39;3;
201000407;800;391;2;752;0;407;0;1;407;0;0;0;0;0;407;12;0;262;1;3;125;4;
201000408;910;401;1;870;0;508;0;9;508;3;3;2;0;8;500;3;1;439;2;9;45;1;
201000409;950;390;6;917;0;554;0;0;554;2;4;0;0;6;548;5;1;511;0;0;31;0;
201000410;820;307;0;791;0;513;0;3;513;4;3;0;0;7;506;1;0;494;0;0;11;0;
201000411;500;151;1;461;0;348;0;4;348;3;3;0;0;6;342;2;3;334;0;0;3;0;
201000412;46;9;2;43;4;35;4;0;35;1;0;0;0;1;34;2;1;25;0;1;4;1;
201000413;845;294;1;783;7;550;7;6;550;4;6;0;0;10;540;2;4;524;0;0;8;2;
201000414;440;177;1;424;0;262;0;0;262;1;1;1;0;3;259;2;0;245;1;1;9;1;
201000415;470;200;1;444;4;269;4;0;269;1;4;0;0;5;264;6;1;217;2;1;36;1;
201000416;195;55;0;186;3;140;3;0;140;6;0;0;0;6;134;1;0;117;1;3;12;0;
201000417;573;191;3;551;4;379;4;0;379;0;2;3;0;5;374;3;0;366;0;1;4;0;
201000418;552;179;1;538;0;372;0;5;372;1;3;0;0;4;368;0;3;362;0;0;3;0;
201000419;655;316;1;616;0;338;0;2;338;6;4;20;0;30;308;2;0;243;5;3;54;1;
201000420;75;21;3;73;0;51;0;0;51;0;0;0;0;0;51;1;1;43;1;0;4;1;
201000421;390;136;1;388;1;253;1;0;253;4;1;0;0;5;248;1;1;242;0;1;3;0;
201000422;287;104;0;284;0;183;0;4;183;2;1;0;0;3;180;0;1;174;1;0;2;2;
201000423;980;307;27;939;2;646;2;0;646;25;0;0;0;25;621;0;0;609;2;3;7;0;
201000424;630;210;2;618;0;418;0;6;418;4;0;14;1;19;399;2;0;388;2;1;4;2;
201000425;700;333;1;672;11;366;11;3;366;5;3;0;0;8;358;10;5;277;6;3;57;0;
201000426;180;72;0;181;0;108;0;3;108;1;7;0;0;8;100;3;2;78;1;0;14;2;
201000427;730;290;1;699;0;439;0;6;439;7;0;6;0;13;426;2;0;417;3;1;3;0;
201000428;590;218;4;569;0;368;0;6;368;2;5;0;0;7;361;2;2;350;0;1;5;1;
201000429;850;360;5;807;0;485;0;0;485;2;5;0;0;7;478;2;1;471;2;0;2;0;
201000430;640;208;0;432;0;432;0;0;432;9;2;0;0;11;421;2;0;415;2;0;0;2;
201000431;660;169;0;631;5;491;5;0;491;0;0;0;1;1;490;0;2;485;1;0;2;0;
201000432;670;177;1;634;2;492;2;4;492;0;2;0;0;2;490;1;5;480;0;0;4;0;
201000433;850;177;1;672;0;672;0;4;672;3;2;0;1;6;666;6;0;655;0;0;5;0;
201000434;450;126;1;438;0;323;0;0;323;3;0;0;0;3;320;2;1;312;1;1;3;0;
201000435;840;267;1;814;0;572;0;0;572;3;3;0;2;8;564;3;1;547;4;1;6;2;
201000436;350;46;1;344;2;303;2;0;303;0;1;9;2;12;291;2;1;285;1;0;2;0;
201000437;960;369;1;913;19;590;19;4;590;2;1;0;0;3;587;3;3;566;1;1;12;1;
201000438;770;349;3;742;0;418;0;2;418;3;6;1;0;10;408;5;4;315;2;0;78;4;
201000439;650;291;2;627;0;357;0;9;357;5;5;0;1;11;346;2;2;252;3;2;83;2;
201000440;620;102;2;598;4;516;4;0;516;0;2;0;0;2;514;0;1;512;0;0;1;0;
201000441;545;170;1;524;4;374;4;0;374;0;3;0;3;6;368;2;2;356;1;0;5;2;
201000442;960;286;4;937;0;670;0;0;670;15;2;4;0;21;649;0;4;638;3;0;3;1;
201500501;160;52;1;157;1;107;1;4;107;0;0;0;0;0;107;12;0;77;3;2;9;4;
201500502;870;470;3;805;0;397;0;1;397;0;0;0;0;0;397;0;0;387;5;0;4;1;
201500503;115;52;1;110;0;62;0;3;62;0;0;0;0;0;62;0;1;58;1;0;1;1;
201500504;115;40;3;103;0;72;0;3;72;0;1;3;0;4;68;2;1;42;1;0;20;2;
201500505;340;184;3;317;0;153;0;1;153;0;0;0;0;0;153;2;0;150;1;0;0;0;
201500506;440;191;3;399;0;246;0;1;246;1;0;10;0;11;235;7;1;159;3;1;62;2;
201500507;430;210;2;395;0;218;0;0;218;2;3;0;0;5;213;3;1;135;1;2;69;2;
201500508;160;45;2;149;0;113;0;0;113;2;1;1;0;4;109;2;2;97;1;2;4;1;
201500509;170;111;1;164;0;58;0;3;58;0;0;6;0;6;52;6;2;35;3;0;2;4;
201500510;160;80;1;151;0;79;0;4;79;1;1;0;1;3;76;4;1;69;0;0;2;0;
201500511;30;8;1;28;0;21;0;2;21;0;0;3;0;3;18;1;0;14;0;1;2;0;
201500512;110;51;1;103;0;58;0;3;58;0;2;1;0;3;55;2;1;34;1;0;16;1;
201500513;540;316;0;507;0;224;0;0;224;0;0;0;0;0;224;5;1;193;1;1;19;4;
201500514;550;419;2;516;0;129;0;2;129;0;0;1;0;1;128;1;3;120;1;1;1;1;
201500515;40;14;1;38;0;25;0;0;25;0;0;0;0;0;25;2;0;17;0;0;4;2;
201500516;40;10;1;37;0;29;0;2;29;0;0;0;0;0;29;0;0;23;0;0;6;0;
203100101;640;316;1;598;1;323;1;6;323;1;0;1;0;2;321;32;2;189;2;2;71;23;
203100102;550;261;1;521;0;288;0;0;288;0;1;0;0;1;287;22;1;185;2;1;63;13;
203100103;600;316;0;564;0;284;0;7;284;1;3;0;0;4;280;33;0;159;2;3;71;12;
203100104;620;316;2;582;0;302;0;1;302;0;9;8;0;17;285;21;1;178;1;1;72;11;
203100105;548;286;6;522;0;256;0;0;256;0;1;0;0;1;255;22;1;165;2;2;55;8;
203100106;550;281;0;519;0;269;0;0;269;2;2;0;0;4;265;27;0;160;1;2;68;7;
203100107;500;249;7;481;0;244;0;0;244;3;1;0;3;7;237;24;1;134;2;6;61;9;
203100108;750;413;3;708;0;334;0;3;334;1;0;4;0;5;329;29;2;213;1;4;69;11;
203100109;600;315;5;568;0;280;0;6;280;1;4;9;2;16;264;24;1;152;3;2;63;19;
203100110;820;422;1;771;0;397;0;0;397;2;2;3;1;8;389;19;0;238;5;5;114;8;
203100111;770;399;1;721;0;370;0;0;370;2;7;2;0;11;359;35;2;226;1;3;78;14;
203100112;870;460;1;823;2;409;2;0;409;1;4;0;0;5;404;24;1;236;4;9;115;15;
203100113;580;303;1;567;4;276;4;0;276;1;3;8;1;13;263;22;1;169;0;5;63;3;
203100114;750;400;1;715;0;349;0;0;349;0;4;0;0;4;345;28;1;214;10;4;68;20;
203100115;980;488;2;924;0;490;0;0;490;2;3;16;0;21;469;34;1;286;6;5;125;12;
203100116;620;278;2;585;0;340;0;3;340;4;2;0;0;6;334;16;0;204;6;4;90;14;
203100117;750;380;1;708;0;369;0;6;369;1;3;0;0;4;365;24;2;228;3;5;97;6;
203100118;960;494;7;907;0;459;0;5;459;2;3;2;0;7;452;22;1;301;5;3;99;21;
203100119;720;396;1;683;0;323;0;0;323;0;8;0;0;8;315;18;1;191;2;4;91;8;
203100120;560;315;2;536;0;243;0;0;243;0;2;0;0;2;241;11;1;157;0;0;59;13;
203100121;540;290;7;518;0;243;0;9;243;3;3;1;0;7;236;12;0;142;2;2;64;14;
203100122;600;338;1;575;0;261;0;0;261;1;3;0;1;5;256;6;0;171;1;0;72;6;
203100123;900;508;3;851;0;389;0;7;389;3;4;15;0;22;367;9;2;271;4;5;67;9;
203100124;620;349;5;593;1;266;1;0;266;0;3;8;4;15;251;17;1;157;1;3;63;9;
203100125;530;309;2;499;0;219;0;0;219;3;1;7;0;11;208;9;1;116;2;0;68;12;
203100126;660;337;2;634;0;321;0;0;321;0;0;0;0;0;321;17;1;214;2;0;76;11;
203100127;750;403;3;717;1;344;1;0;344;0;4;0;0;4;340;22;1;202;2;5;91;17;
203100128;560;309;2;537;0;249;0;7;249;0;4;0;0;4;245;20;0;161;2;2;56;4;
203100129;790;383;0;748;0;407;0;0;407;0;0;0;3;3;404;28;1;242;5;3;111;14;
203100130;750;400;3;709;0;347;0;0;347;4;3;1;0;8;339;13;0;197;2;5;105;17;
203100131;820;402;1;776;0;417;0;5;417;5;4;3;3;15;402;32;1;249;1;3;100;16;
203100132;920;466;4;450;0;450;0;0;450;7;1;0;0;8;442;42;0;274;3;5;93;25;
203100133;970;453;1;930;0;516;0;0;516;0;3;5;0;8;508;47;5;298;3;7;130;18;
203100134;510;240;1;481;1;269;1;0;269;0;3;0;0;3;266;15;2;171;1;2;67;8;
203100135;530;268;2;505;0;260;0;0;260;3;2;11;0;16;244;8;0;179;3;0;49;5;
203100136;560;310;1;522;0;249;0;4;249;2;2;0;0;4;245;24;3;160;1;3;49;5;
203100137;720;362;2;664;0;356;0;8;356;0;0;10;0;10;346;6;2;287;4;2;41;4;
203100138;580;281;1;551;0;298;0;0;298;1;2;0;0;3;295;17;2;187;0;1;82;6;
203100139;920;462;6;894;0;452;0;0;452;2;1;1;0;4;448;9;3;394;3;4;28;7;
203100140;640;442;5;601;6;193;6;0;193;1;2;1;0;4;189;4;1;151;0;1;27;5;
203100141;680;367;1;645;1;312;1;0;312;0;4;5;0;9;303;18;1;171;1;2;97;13;
203100142;550;300;3;527;0;247;0;0;247;9;0;0;0;9;238;11;2;175;2;1;41;6;
203100143;840;441;2;795;0;397;0;0;397;3;4;3;0;10;387;36;1;245;9;2;77;17;
203100144;970;448;11;909;0;511;0;0;511;0;7;0;4;11;500;62;2;269;2;3;144;18;
203100145;980;476;1;931;2;503;2;3;503;2;8;0;0;10;493;55;1;304;4;3;105;21;
203100146;908;460;1;871;10;447;10;0;447;3;7;4;0;14;433;29;1;265;2;1;112;23;
203100147;751;381;4;706;2;366;2;0;366;0;2;0;0;2;364;29;3;221;0;1;101;9;
203100148;490;244;1;480;0;245;0;0;245;0;1;0;0;1;244;31;2;143;2;4;60;2;
203100149;660;344;0;628;0;316;0;2;316;1;1;7;0;9;307;14;1;178;4;3;95;12;
203100150;570;248;1;558;0;321;0;9;321;1;2;1;0;4;317;28;1;171;3;3;99;12;
203100151;800;407;5;769;0;388;0;0;388;0;3;3;2;8;380;26;2;250;6;1;83;12;
203100152;520;262;1;490;0;257;0;5;257;7;3;0;0;10;247;18;0;148;1;1;64;15;
203100153;590;299;2;572;1;289;1;8;289;1;2;0;0;3;286;29;1;186;1;3;50;16;
203100154;540;300;1;513;0;239;0;5;239;3;2;4;0;9;230;12;1;140;3;0;65;9;
203100155;810;400;2;757;0;408;0;5;408;0;5;3;0;8;400;43;0;252;1;3;82;19;
203100156;55;16;1;51;0;38;0;4;38;2;0;0;0;2;36;2;0;29;1;0;4;0;
203100157;220;69;0;209;0;151;0;0;151;1;10;1;0;12;139;5;1;109;5;3;14;2;
203100158;560;325;3;542;0;232;0;4;232;0;3;0;0;3;229;4;1;170;2;3;44;5;
203100159;560;309;2;528;0;249;0;5;249;0;6;0;0;6;243;6;1;161;3;0;65;7;
203100160;650;370;2;618;0;278;0;0;278;2;1;0;0;3;275;10;0;208;0;2;50;5;
203100161;510;288;1;484;0;221;0;0;221;0;0;1;0;1;220;6;0;152;4;1;51;6;
203100162;511;321;2;487;4;188;4;0;188;3;1;0;0;4;184;4;0;107;5;4;58;6;
203100163;730;426;0;692;0;304;0;2;304;2;1;2;1;6;298;7;1;206;1;1;71;11;
203100164;880;444;2;826;0;434;0;5;434;3;7;23;0;33;401;25;2;228;5;4;131;6;
203100165;630;312;0;599;0;318;0;0;318;3;1;0;0;4;314;21;0;174;2;3;101;13;
203100166;540;269;3;517;0;268;0;0;268;3;1;5;1;10;258;19;3;124;2;2;104;4;
203100167;540;331;1;519;0;208;0;0;208;0;2;0;0;2;206;14;4;132;1;1;52;2;
203100168;100;20;1;95;0;79;0;0;79;2;0;3;0;5;74;4;0;55;2;1;11;1;
203100169;520;216;2;490;0;302;0;3;302;9;11;0;0;20;282;20;4;204;6;5;39;4;
203100170;70;18;1;69;4;51;4;0;51;3;0;0;0;3;48;1;0;37;1;0;8;1;
203100171;480;176;2;465;0;302;0;2;302;0;1;0;0;1;301;1;0;294;2;1;2;1;
203100172;520;198;0;496;2;322;2;0;322;0;2;4;0;6;316;0;0;310;1;1;4;0;
203100173;140;62;1;133;2;77;2;5;77;0;4;0;0;4;73;6;1;58;2;0;4;2;
203100174;290;81;0;284;3;209;3;5;209;0;1;11;0;12;197;11;0;151;2;0;27;6;
203100175;90;23;0;87;0;67;0;5;67;0;0;0;0;0;67;1;0;59;1;1;4;1;
203100176;500;176;1;474;4;323;4;0;323;0;1;0;0;1;322;4;2;313;0;1;2;0;
203100177;750;347;3;714;2;400;2;0;400;16;0;0;0;16;384;6;0;244;1;1;130;2;
203100178;780;403;2;744;0;375;0;0;375;2;2;0;0;4;371;13;0;255;5;0;93;5;
203100179;530;288;3;500;0;239;0;0;239;0;6;1;0;7;232;12;1;138;3;3;74;1;
203100180;730;348;1;681;1;381;1;0;381;1;7;0;0;8;373;8;2;240;7;3;111;2;
203100181;650;371;1;627;0;278;0;5;278;4;1;2;0;7;271;3;1;257;0;3;6;1;
203100182;540;340;1;514;0;199;0;6;199;0;1;1;0;2;197;8;2;138;6;1;41;1;
203100183;138;31;1;131;0;106;0;6;106;2;1;3;1;7;99;8;1;80;2;0;7;1;
203100184;50;9;1;45;2;40;2;7;40;0;1;0;0;1;39;4;1;26;1;1;6;0;
203100185;90;27;1;91;0;62;0;5;62;2;2;0;0;4;58;6;1;42;0;0;8;1;
203100186;630;251;3;595;0;376;0;2;376;4;10;15;0;29;347;7;3;282;4;0;49;2;
203100187;560;182;0;539;1;378;1;0;378;2;4;1;0;7;371;8;2;284;3;1;65;8;
203100188;90;18;1;90;7;71;7;0;71;1;1;0;0;2;69;3;2;57;0;0;7;0;
203100189;420;206;1;396;1;213;1;0;213;1;4;0;0;5;208;5;1;152;7;2;39;2;
203100190;300;84;0;293;7;216;7;0;216;1;1;0;0;2;214;10;1;165;5;2;26;5;
203100191;700;310;0;662;0;390;0;2;390;2;2;0;0;4;386;15;4;319;4;2;38;4;
203100192;40;5;0;38;9;35;9;0;35;0;0;0;0;0;35;0;0;30;1;1;1;2;
203200601;870;404;4;804;1;462;1;0;462;9;11;3;0;23;439;18;1;341;7;3;58;11;
203200602;410;129;1;390;0;280;0;3;280;0;0;0;0;0;280;0;1;276;1;0;0;2;
203200603;407;180;2;412;3;225;3;5;225;2;4;0;0;6;219;6;4;143;9;1;54;2;
203200604;470;178;2;429;1;290;1;1;290;1;2;0;0;3;287;12;3;144;2;0;125;1;
203200605;110;56;1;104;0;53;0;6;53;0;1;0;0;1;52;4;3;35;1;0;9;0;
203200606;1086;459;1;1019;1;626;1;3;626;4;22;0;1;27;599;4;0;587;5;0;3;0;
203200607;590;260;1;560;0;329;0;4;329;1;1;10;0;12;317;2;0;312;1;0;2;0;
203200608;550;221;1;518;0;328;0;6;328;4;3;2;0;9;319;0;2;307;5;2;1;2;
203200609;75;21;2;69;0;52;0;6;52;0;0;0;0;0;52;4;0;41;1;0;6;0;
203200610;160;69;1;156;6;90;6;6;90;0;1;2;0;3;87;8;0;55;1;1;20;2;
203200611;710;397;2;663;3;311;3;6;311;1;1;0;0;2;309;15;0;194;7;5;84;4;
203200612;129;46;1;127;0;82;0;0;82;0;0;0;0;0;82;1;0;67;1;0;12;1;
203400701;680;357;1;636;1;322;1;5;322;1;11;4;0;16;306;14;1;160;3;2;122;4;
203400702;910;478;3;852;0;429;0;0;429;1;6;0;0;7;422;26;4;270;3;7;107;5;
203400703;880;428;1;829;0;451;0;0;451;4;2;0;0;6;445;7;1;412;0;1;21;3;
203400704;960;507;3;899;0;450;0;1;450;2;9;0;0;11;439;17;2;314;2;0;99;5;
203400705;930;542;1;859;0;387;0;1;387;2;5;6;0;13;374;26;1;252;3;2;84;6;
203400706;990;580;3;919;0;407;0;1;407;1;5;0;0;6;401;11;1;250;2;3;129;5;
203400707;874;453;2;803;0;419;0;0;419;8;7;7;0;22;397;8;2;226;5;3;147;6;
203400708;940;542;3;873;0;395;0;5;395;19;3;1;0;23;372;19;0;202;7;1;138;5;
203400709;930;489;2;858;0;439;0;3;439;3;3;2;0;8;431;17;2;276;6;3;118;9;
203400710;960;449;1;908;0;510;0;0;510;2;8;1;0;11;499;8;3;419;6;3;56;4;
203400711;650;313;1;604;1;336;1;0;336;0;5;2;1;8;328;13;1;154;3;2;149;6;
203400712;750;422;0;697;0;328;0;1;328;1;1;0;1;3;325;11;1;235;0;2;67;9;
203400713;880;404;2;831;0;474;0;2;474;5;0;6;0;11;463;3;1;444;1;3;8;3;
203400714;110;37;4;104;2;69;2;2;69;1;1;0;0;2;67;2;0;44;1;0;19;1;
203400715;590;232;1;566;0;357;0;0;357;1;1;7;0;9;348;3;0;342;0;1;2;0;
203400716;240;127;0;227;0;113;0;0;113;2;3;1;0;6;107;1;1;103;2;0;0;0;
203400717;490;255;2;453;2;233;2;0;233;0;6;1;0;7;226;5;0;151;5;2;63;0;
203400718;640;350;3;594;0;287;0;2;287;2;1;14;1;18;269;8;2;159;3;0;95;2;
203400719;590;293;0;550;1;297;1;0;297;3;2;5;0;10;287;12;1;228;5;1;38;2;
203400720;365;168;1;340;0;196;0;0;196;1;12;0;0;13;183;11;1;143;3;1;22;2;
203400721;115;49;1;106;1;65;1;0;65;2;0;0;0;2;63;3;0;52;0;0;8;0;
203400722;580;241;3;547;0;336;0;0;336;11;0;0;0;11;325;8;1;274;3;2;36;1;
203400723;840;295;0;783;0;545;0;0;545;3;1;0;0;4;541;4;6;519;3;0;9;0;
203400724;330;109;2;305;0;219;0;3;219;0;0;0;0;0;219;0;0;214;0;0;5;0;
203400725;60;25;1;55;1;34;1;3;34;1;1;0;0;2;32;3;1;25;1;0;2;0;
203400726;60;27;1;57;0;32;0;0;32;2;0;0;0;2;30;2;0;22;0;0;5;1;
203400727;60;22;1;57;0;37;0;0;37;0;0;0;0;0;37;1;2;28;2;0;3;1;
211100001;150;71;0;149;0;79;0;3;79;1;1;4;0;6;73;6;1;42;3;3;18;0;
211100002;40;10;2;45;0;28;0;5;28;0;0;0;0;0;28;1;0;26;1;0;0;0;
211100003;730;519;0;736;1;211;1;6;211;0;2;2;0;4;207;2;0;111;1;6;87;0;
211100004;1110;1034;0;1107;0;76;0;5;76;0;0;21;0;21;55;3;0;48;2;0;2;0;
211100005;1320;1246;0;1320;0;74;0;3;74;1;3;0;0;4;70;2;6;54;2;2;4;0;
211100006;75;38;0;71;3;37;3;0;37;0;1;1;0;2;35;1;1;33;0;0;0;0;
211100007;400;218;10;393;2;172;2;0;172;2;7;0;0;9;163;11;1;115;2;1;30;3;
211100008;40;4;0;40;0;36;0;9;36;2;0;0;0;2;34;4;0;17;0;0;12;1;
211100009;600;341;2;593;0;257;0;3;257;1;1;0;1;3;254;6;1;127;2;1;111;6;
211100010;820;470;2;815;3;348;3;0;348;0;8;0;0;8;340;13;2;149;0;2;166;8;
211100011;920;497;3;911;4;420;4;3;420;3;4;5;0;12;408;27;2;168;0;5;202;4;
211100012;1080;704;2;1075;1;374;1;1;374;4;0;1;0;5;369;27;1;194;3;4;128;12;
211100013;1000;793;1;983;0;206;0;0;206;4;1;0;0;5;201;10;3;137;1;2;46;2;
211100014;1000;666;0;983;5;334;5;0;334;8;0;0;0;8;326;16;0;192;1;1;110;6;
211100015;700;594;0;678;0;106;0;0;106;1;2;0;0;3;103;3;1;87;1;0;11;0;
211100016;570;261;0;569;0;309;0;5;309;2;2;5;0;9;300;3;1;292;0;3;1;0;
211100017;160;43;0;161;3;117;3;3;117;1;3;3;0;7;110;9;2;78;0;0;21;0;
211100018;620;298;5;608;9;317;9;0;317;3;2;17;0;22;295;12;1;214;3;0;61;4;
211100019;370;213;0;370;2;157;2;4;157;2;1;0;1;4;153;1;1;117;5;3;26;0;
211100020;200;88;1;195;0;111;0;0;111;0;0;7;0;7;104;4;0;95;0;2;3;0;
211100021;290;179;0;286;1;111;1;4;111;0;0;5;0;5;106;0;2;100;2;2;0;0;
211100022;460;264;0;463;0;196;0;1;196;3;9;10;0;22;174;14;1;106;3;1;42;7;
211100023;40;11;0;37;0;29;0;7;29;0;2;0;0;2;27;6;0;18;0;0;3;0;
211100024;540;269;0;527;0;271;0;0;271;0;3;9;0;12;259;9;0;248;0;0;2;0;
211100025;440;234;0;438;0;206;0;4;206;11;0;0;0;11;195;3;1;187;1;1;2;0;
211100026;930;442;2;923;1;486;1;0;486;5;3;1;0;9;477;5;2;410;3;4;50;3;
211100027;170;91;0;174;4;79;4;0;79;3;0;0;1;4;75;2;0;71;0;0;2;0;
211100028;600;282;3;595;3;315;3;0;315;7;2;0;0;9;306;3;2;294;4;1;1;1;
211100029;770;377;2;771;0;391;0;0;391;0;1;0;1;2;389;7;1;378;0;1;1;1;
211100030;680;388;0;678;0;292;0;0;292;0;0;11;0;11;281;6;0;275;0;0;0;0;
211100031;650;305;0;632;0;345;0;3;345;2;1;4;0;7;338;2;0;333;1;1;1;0;
211100032;780;368;2;764;0;410;0;1;410;3;2;0;0;5;405;5;1;396;0;0;3;0;
211600001;900;412;0;1176;0;488;0;0;488;15;4;0;0;19;469;49;0;196;3;3;204;14;
211600002;900;550;2;950;3;348;3;0;348;1;1;0;0;2;346;32;1;172;0;3;130;8;
211600003;600;275;1;746;1;324;1;0;324;2;6;0;0;8;316;41;3;143;3;3;115;8;
211600004;900;406;1;1030;0;493;0;4;493;4;3;6;0;13;480;65;0;190;4;7;182;32;
211600005;600;288;1;781;0;311;0;0;311;1;3;3;0;7;304;53;2;121;1;1;113;13;
211600006;700;381;2;824;0;317;0;0;317;5;0;0;0;5;312;42;0;127;0;3;121;19;
211600007;500;230;1;607;6;269;6;0;269;8;2;1;0;11;258;23;0;118;1;1;109;6;
211600008;800;450;0;908;2;350;2;0;350;4;6;2;0;12;338;19;1;171;2;1;133;11;
211600009;400;227;5;469;5;168;5;0;168;0;0;5;0;5;163;1;0;160;0;0;1;1;
211600010;605;494;2;506;0;109;0;2;109;1;9;0;0;10;99;0;1;96;1;0;0;1;
211600011;700;602;0;630;0;98;0;0;98;3;0;0;0;3;95;0;0;95;0;0;0;0;
211600012;200;143;0;288;2;57;2;0;57;0;2;7;0;9;48;0;0;47;1;0;0;0;
211600013;300;239;1;321;0;60;0;0;60;1;0;0;0;1;59;0;0;55;0;0;4;0;
211600014;500;404;19;511;8;77;8;0;77;3;6;5;0;14;63;0;0;61;1;0;1;0;
211600015;500;381;6;547;1;113;1;0;113;0;0;6;0;6;107;2;0;103;1;0;0;1;
211600016;700;474;0;639;15;226;15;0;226;4;0;0;0;4;222;1;3;216;1;0;0;1;
211600017;600;260;0;704;2;340;2;1;340;9;2;2;0;13;327;42;1;140;2;4;128;10;
211600018;701;330;21;846;6;350;6;0;350;5;15;0;0;20;330;30;0;170;0;5;115;10;
211600019;400;191;0;482;0;209;0;0;209;1;1;0;1;3;206;13;1;107;1;0;78;6;
211600020;400;212;0;436;0;188;0;0;188;1;4;0;0;5;183;16;0;79;0;0;78;10;
211600021;600;324;3;689;1;273;1;0;273;4;0;0;0;4;269;51;0;115;2;2;93;6;
211600022;600;328;1;595;0;271;0;2;271;6;1;0;1;8;263;30;0;113;0;1;111;8;
211600023;600;291;0;731;1;309;1;0;309;7;1;0;0;8;301;34;1;132;0;1;123;10;
211600024;595;358;0;703;7;237;7;0;237;2;3;2;1;8;229;13;1;124;0;2;81;8;
211600025;800;508;2;911;0;290;0;3;290;4;0;0;0;4;286;24;1;123;1;3;126;8;
211600026;600;328;2;696;7;270;7;0;270;3;1;4;0;8;262;15;2;143;1;2;90;9;
211600027;700;321;1;855;4;378;4;0;378;3;3;6;1;13;365;42;1;176;3;2;126;15;
211600028;700;322;11;783;3;367;3;3;367;1;8;0;2;11;356;41;2;193;0;2;107;11;
211600030;600;229;4;717;0;367;0;1;367;5;2;3;0;10;357;15;0;236;2;1;100;3;
211600031;800;411;2;816;0;387;0;2;387;1;2;2;0;5;382;30;2;202;4;8;130;6;
211600032;500;250;1;512;5;249;5;5;249;1;2;8;0;11;238;15;0;153;0;1;58;11;
211600033;300;178;0;272;10;122;10;0;122;3;1;7;0;11;111;3;2;75;3;2;24;2;
211600034;500;155;1;585;0;344;0;0;344;6;0;12;0;18;326;5;0;257;2;2;59;1;
211600035;30;11;1;34;0;18;0;0;18;0;0;0;0;0;18;3;0;12;0;1;2;0;
211600036;500;329;1;453;5;170;5;0;170;4;4;23;0;31;139;2;2;133;2;0;0;0;
211600037;500;309;2;460;0;189;0;2;189;9;1;0;0;10;179;8;1;135;3;0;25;7;
211600038;600;220;0;690;4;380;4;1;380;5;8;0;0;13;367;10;0;214;3;0;133;7;
211600039;100;36;1;114;6;63;6;5;63;9;0;0;0;9;54;1;0;44;0;0;9;0;
211600040;300;145;1;295;0;154;0;3;154;6;1;0;0;7;147;20;0;94;2;1;26;4;
211600041;150;46;2;144;3;102;3;0;102;0;0;0;0;0;102;14;0;69;0;3;15;1;
211600042;400;247;0;344;0;153;0;7;153;3;1;5;0;9;144;13;0;103;0;2;24;2;
211600043;700;280;2;417;1;418;1;3;418;2;4;0;0;6;412;18;3;288;3;0;91;9;
211600044;400;202;1;404;0;197;0;3;197;0;0;3;0;3;194;17;1;109;2;2;53;10;
211600045;300;177;0;123;6;123;6;0;123;1;0;10;0;11;112;2;1;70;1;3;34;1;
211600046;300;100;0;376;2;200;2;0;200;1;1;2;5;9;191;7;1;95;3;6;76;3;
211600047;300;64;1;410;2;235;2;4;235;5;3;6;0;14;221;23;2;140;2;6;33;15;
211600048;150;70;2;166;0;78;0;2;78;0;2;0;0;2;76;1;0;49;0;1;25;0;
211600049;500;269;2;494;1;229;1;0;229;1;3;2;0;6;223;12;0;153;7;2;43;6;
211600050;150;73;2;166;0;75;0;4;75;0;2;4;0;6;69;2;0;49;1;0;14;3;
211600051;200;104;1;201;1;95;1;0;95;1;1;6;0;8;87;19;0;44;1;1;21;1;
211600052;600;300;2;663;1;298;1;1;298;1;3;12;0;16;282;15;2;130;5;2;122;6;
211600053;250;126;0;272;5;124;5;0;124;1;2;0;0;3;121;5;0;83;2;1;23;7;
211600054;350;131;0;403;8;219;8;0;219;2;4;2;0;8;211;14;0;151;6;2;35;3;
211600055;400;208;0;404;2;192;2;2;192;1;1;0;0;2;190;32;1;109;1;2;39;6;
211600056;500;219;17;502;2;264;2;0;264;1;16;0;0;17;247;15;1;117;5;1;104;4;
211600057;500;232;2;521;0;266;0;0;266;7;4;1;0;12;254;15;2;176;3;1;50;7;
211600058;300;168;1;312;0;131;0;4;131;3;1;0;0;4;127;3;1;73;2;1;44;3;
211600059;300;128;0;299;0;172;0;0;172;1;4;0;0;5;167;13;0;119;0;1;28;6;
211600060;800;418;1;757;0;381;0;0;381;3;4;0;0;7;374;45;0;164;4;2;143;16;
211600061;400;163;10;393;0;227;0;0;227;10;0;0;0;10;217;23;2;140;2;0;46;4;
211600062;300;147;1;299;3;152;3;2;152;3;6;0;0;9;143;7;0;98;2;2;31;3;
211600063;300;130;0;300;0;170;0;0;170;1;7;0;0;8;162;9;0;116;6;1;28;2;
212000001;700;422;0;653;0;278;0;7;278;4;2;1;0;7;271;42;1;157;1;5;58;7;
212000002;700;415;0;694;7;285;7;0;285;2;2;5;0;9;276;26;1;160;0;2;80;7;
212000003;600;340;2;604;0;258;0;6;258;0;0;5;0;5;253;32;0;125;0;1;84;11;
212000004;700;453;3;682;0;244;0;3;244;1;6;0;0;7;237;22;3;138;2;5;58;9;
212000005;700;477;2;651;0;221;0;0;221;0;3;2;0;5;216;32;2;94;1;2;68;17;
212000006;900;600;4;861;0;296;0;0;296;3;2;0;0;5;291;30;0;160;0;2;91;8;
212000007;700;444;1;683;1;255;1;2;255;5;0;1;0;6;249;18;1;157;0;2;68;3;
212000008;700;459;2;694;0;239;0;3;239;0;8;0;0;8;231;18;0;137;2;3;59;12;
212000009;699;472;0;699;1;227;1;0;227;3;0;0;0;3;224;19;1;123;1;0;71;9;
212000010;500;295;0;494;0;205;0;4;205;1;0;10;0;11;194;18;0;119;1;1;44;11;
212000011;595;366;1;588;1;228;1;0;228;1;6;4;0;11;217;26;1;106;1;1;75;7;
212000012;708;463;1;670;0;244;0;0;244;1;3;8;0;12;232;13;0;138;1;3;68;9;
212000013;450;292;2;451;0;156;0;7;156;4;0;0;0;4;152;15;1;84;1;2;41;8;
212000014;600;397;1;202;0;202;0;0;202;1;5;0;0;6;196;26;0;112;0;1;49;8;
212000015;450;278;3;441;2;169;2;0;169;2;1;0;0;3;166;15;1;94;0;1;50;5;
212000016;595;404;2;188;1;189;1;0;189;0;1;3;0;4;185;13;2;113;0;1;47;9;
212000017;700;379;3;720;0;318;0;6;318;2;2;2;1;7;311;34;3;180;0;3;80;11;
212000018;600;349;2;593;0;249;0;0;249;1;5;0;0;6;243;35;1;139;2;2;56;8;
212000019;449;260;1;449;0;188;0;5;188;0;0;7;0;7;181;16;1;139;0;2;20;3;
212000020;610;401;12;567;0;197;0;5;197;8;0;4;0;12;185;3;0;166;2;1;12;1;
212000021;700;418;25;706;0;257;0;4;257;1;2;22;0;25;232;3;1;222;0;1;5;0;
212000022;600;426;2;572;1;172;1;3;172;3;0;0;0;3;169;8;0;135;3;1;17;5;
212000023;693;453;2;662;5;238;5;0;238;1;6;0;0;7;231;27;2;148;0;4;45;5;
212000024;600;375;2;561;0;223;0;4;223;0;2;2;0;4;219;23;1;108;1;1;81;4;
212000025;700;452;1;247;0;247;0;10;247;1;0;1;0;2;245;30;0;149;1;3;58;4;
212000026;800;474;0;794;2;326;2;7;326;1;3;0;1;5;321;61;2;189;1;2;48;18;
212000027;500;289;1;531;0;210;0;16;210;1;3;0;0;4;206;44;2;115;1;0;39;5;
212000028;450;287;0;440;0;163;0;0;163;0;1;2;0;3;160;16;0;89;0;2;49;4;
212000029;700;424;0;682;0;276;0;4;276;1;7;5;0;13;263;38;1;163;1;0;57;3;
212000030;600;313;2;610;3;285;3;4;285;0;2;3;0;5;280;47;0;151;0;2;73;7;
212000031;579;334;2;603;1;243;1;4;243;6;5;0;0;11;232;31;0;136;0;0;51;14;
212000032;744;411;0;744;1;333;1;0;333;0;6;0;0;6;327;45;4;202;2;1;64;9;
212000033;700;344;2;700;0;354;0;4;354;1;3;5;0;9;345;60;4;210;4;1;60;6;
212000034;600;287;3;607;0;310;0;5;310;2;1;0;0;3;307;34;3;202;0;1;55;12;
212000035;400;212;0;407;0;188;0;0;188;1;2;2;0;5;183;21;1;124;2;1;32;2;
212000036;595;315;1;604;1;279;1;9;279;5;2;1;0;8;271;49;1;156;2;4;50;9;
212000037;550;248;1;551;1;301;1;0;301;1;5;0;0;6;295;69;3;157;0;4;54;8;
212000038;495;256;1;494;0;238;0;5;238;7;1;0;0;8;230;30;3;136;3;3;45;10;
212000039;650;317;1;645;9;332;9;0;332;0;2;4;3;9;323;60;4;197;0;1;50;11;
212000040;600;342;2;601;2;256;2;0;256;6;1;0;0;7;249;32;1;166;0;1;41;8;
212000041;641;354;1;631;3;286;3;3;286;2;3;5;1;11;275;47;1;149;2;0;62;14;
212000042;450;305;8;464;0;137;0;2;137;0;5;3;0;8;129;5;2;102;2;0;16;2;
212000043;661;381;2;644;1;278;1;2;278;1;4;1;0;6;272;27;3;166;1;1;65;9;
212000044;493;248;1;524;1;244;1;6;244;1;3;3;0;7;237;15;0;144;1;3;68;6;
212000045;600;336;0;612;0;264;0;0;264;1;0;1;0;2;262;17;2;147;1;2;80;13;
212000046;500;342;0;461;0;158;0;0;158;0;0;0;0;0;158;25;0;83;1;1;42;6;
212000047;700;418;1;688;1;281;1;0;281;5;2;0;0;7;274;31;3;134;0;5;91;10;
212000048;600;386;0;603;0;214;0;1;214;1;1;1;1;4;210;23;3;105;0;5;64;10;
212000049;648;419;1;668;0;228;0;0;228;0;0;0;0;0;228;17;0;123;2;2;69;15;
212000050;700;516;0;677;0;184;0;5;184;2;1;7;0;10;174;29;0;76;1;2;54;12;
212000051;650;382;2;631;0;266;0;3;266;1;2;0;0;3;263;17;1;160;1;1;70;13;
212000052;500;319;0;497;1;181;1;0;181;1;1;0;0;2;179;16;0;97;2;2;59;3;
212000053;750;437;0;732;1;313;1;0;313;1;0;12;0;13;300;50;2;180;2;0;55;11;
212000054;500;235;2;597;0;263;0;6;263;3;1;1;0;5;258;31;4;159;0;0;58;6;
212000055;699;436;3;677;0;260;0;7;260;2;1;2;0;5;255;30;6;140;2;3;58;16;
212000056;549;373;0;563;0;176;0;0;176;2;1;0;0;3;173;15;1;98;2;2;48;7;
212000057;900;630;2;841;0;268;0;4;268;0;0;10;0;10;258;20;0;159;5;1;64;9;
212000058;650;393;1;665;8;256;8;0;256;2;0;0;0;2;254;22;1;135;5;0;80;11;
212000059;750;475;9;754;0;266;0;9;266;2;5;1;0;8;258;29;3;122;0;3;87;14;
212000060;750;489;1;736;1;260;1;2;260;1;3;0;0;4;256;18;3;145;4;1;71;14;
212000061;750;458;2;725;3;290;3;0;290;1;4;0;0;5;285;30;0;151;1;1;95;7;
212000062;800;502;0;782;1;298;1;0;298;3;2;3;0;8;290;19;0;186;0;3;80;2;
212000063;795;507;2;782;0;286;0;1;286;0;2;0;0;2;284;34;0;165;0;3;75;7;
212000064;800;514;0;806;0;286;0;1;286;3;2;3;0;8;278;39;0;141;3;1;80;14;
212000065;600;404;1;618;0;195;0;0;195;4;2;0;0;6;189;11;0;104;1;1;61;11;
212000066;800;558;0;780;0;242;0;1;242;12;0;0;0;12;230;18;1;133;1;2;69;6;
212000067;600;403;1;621;0;196;0;3;196;3;0;0;0;3;193;15;3;108;0;3;60;4;
212000068;800;573;0;807;1;227;1;7;227;2;2;0;0;4;223;25;0;132;0;2;55;9;
212000069;756;497;3;756;0;256;0;4;256;2;1;0;0;3;253;19;1;142;2;1;82;6;
212000070;650;462;0;664;5;188;5;2;188;4;3;1;0;8;180;16;0;106;1;3;45;9;
212000071;750;458;10;282;0;282;0;0;282;0;3;7;0;10;272;27;1;143;0;1;87;13;
212000072;700;441;2;707;0;257;0;4;257;1;0;0;1;2;255;14;0;165;2;0;63;11;
212000073;593;349;8;615;4;236;4;3;236;8;0;0;0;8;228;11;0;146;1;0;61;9;
212000074;500;302;2;492;2;196;2;0;196;1;1;0;0;2;194;13;1;129;3;1;42;5;
212000075;637;405;1;623;0;231;0;4;231;0;5;0;0;5;226;14;1;136;4;3;61;7;
212000076;800;576;0;819;0;224;0;7;224;1;1;0;0;2;222;13;0;123;0;1;74;11;
212000077;800;514;0;794;4;286;4;2;286;1;1;0;0;2;284;20;0;182;0;3;68;11;
212000078;750;510;0;732;1;240;1;0;240;2;10;0;0;12;228;27;0;119;0;2;70;10;
212000079;821;561;2;813;0;258;0;3;258;0;0;0;1;1;257;12;1;147;0;2;85;10;
212000080;650;489;0;628;0;161;0;1;161;0;1;5;0;6;155;12;0;89;0;1;49;4;
212000081;650;407;0;627;3;243;3;1;243;0;1;7;0;8;235;11;1;135;1;3;77;7;
212000082;650;420;2;666;0;228;0;5;228;2;0;1;0;3;225;15;1;145;1;0;58;5;
212000083;550;301;0;572;0;249;0;8;249;0;0;0;0;0;249;13;1;166;0;2;60;7;
212000084;550;358;0;570;1;192;1;1;192;2;0;1;0;3;189;21;1;109;2;1;54;1;
212000085;800;561;1;781;5;238;5;0;238;3;0;0;0;3;235;31;0;127;0;1;62;14;
212000086;600;417;1;604;0;182;0;0;182;0;1;0;0;1;181;11;3;102;1;2;50;12;
212000087;706;502;3;715;0;201;0;0;201;0;0;5;0;5;196;13;0;116;3;0;61;3;
212000088;850;575;0;850;6;275;6;4;275;0;3;0;0;3;272;19;4;183;1;3;58;4;
212000089;750;535;2;735;4;213;4;2;213;0;3;0;0;3;210;36;0;91;1;3;71;8;
212000090;700;491;1;698;2;208;2;3;208;1;1;7;0;9;199;12;0;121;0;4;55;7;
212000091;750;505;0;245;9;245;9;7;245;1;11;0;0;12;233;16;0;154;1;2;49;11;
212000092;750;491;0;259;13;259;13;0;259;2;0;0;0;2;257;24;0;138;1;2;84;8;
212000093;561;340;9;611;0;212;0;5;212;5;2;2;0;9;203;20;2;123;0;2;46;10;
212000094;450;250;2;510;16;198;16;1;198;0;2;0;0;2;196;22;1;111;4;2;51;5;
212000095;600;340;2;587;1;258;1;0;258;1;1;1;0;3;255;16;1;166;1;4;64;3;
212000096;550;275;0;696;0;275;0;0;275;0;1;0;0;1;274;12;0;188;1;5;63;5;
212000097;600;330;1;589;1;269;1;0;269;0;3;3;0;6;263;27;1;159;2;5;57;12;
212000098;450;236;0;462;0;214;0;0;214;6;1;1;0;8;206;27;0;136;1;1;35;6;
212000099;700;436;0;264;14;264;14;5;264;4;1;0;0;5;259;11;0;170;0;2;72;4;
212000100;700;388;7;303;2;305;2;1;305;2;1;4;0;7;298;14;4;192;5;5;73;5;
212000101;800;491;0;796;0;309;0;7;309;0;2;2;0;4;305;16;5;207;0;2;71;4;
212000102;740;464;0;740;0;276;0;0;276;3;1;1;0;5;271;13;1;171;5;1;74;6;
212000103;700;464;1;698;0;235;0;5;235;1;2;1;0;4;231;12;0;155;0;2;54;8;
212000104;501;313;2;514;0;186;0;1;186;1;1;0;0;2;184;14;2;118;0;0;37;13;
212000105;550;318;1;556;0;231;0;0;231;0;1;6;1;8;223;23;1;124;3;0;58;14;
212000106;450;243;0;463;0;207;0;4;207;2;4;5;0;11;196;23;2;124;0;2;39;6;
212000107;550;316;1;544;5;233;5;3;233;0;1;0;0;1;232;24;0;133;4;2;62;7;
212000108;850;534;0;846;0;316;0;5;316;9;3;6;0;18;298;15;0;203;5;4;63;8;
212000109;600;331;0;612;6;269;6;0;269;3;1;0;0;4;265;29;1;164;2;5;61;3;
212000110;752;473;3;731;0;276;0;0;276;1;0;0;0;1;275;45;1;162;3;3;56;5;
212000111;600;373;2;593;0;225;0;0;225;3;6;2;0;11;214;32;1;122;3;1;49;6;
212000112;650;412;2;656;1;236;1;2;236;1;6;0;0;7;229;22;1;131;1;0;63;11;
212000113;650;418;0;681;0;232;0;9;232;0;18;0;0;18;214;1;1;209;1;1;1;0;
212000114;650;455;1;630;6;194;6;0;194;0;1;0;0;1;193;2;0;191;0;0;0;0;
212000115;600;395;0;608;0;205;0;0;205;0;0;0;0;0;205;5;0;198;0;0;1;1;
212000116;700;483;6;702;3;211;3;0;211;0;6;0;0;6;205;1;0;202;0;1;1;0;
212000117;600;428;5;621;3;167;3;0;167;0;1;4;0;5;162;0;0;160;1;0;0;1;
212000118;750;642;2;730;0;106;0;0;106;0;5;0;0;5;101;1;0;100;0;0;0;0;
212000119;750;421;4;730;5;325;5;0;325;0;4;0;0;4;321;7;3;309;0;0;2;0;
212000120;659;350;7;709;0;302;0;0;302;4;3;0;0;7;295;1;0;287;2;3;0;2;
212000121;600;401;0;593;0;199;0;10;199;3;4;4;0;11;188;30;1;101;1;2;49;4;
212000122;800;575;1;822;0;224;0;3;224;2;2;0;0;4;220;45;2;92;2;2;61;16;
212000123;700;565;0;707;0;135;0;3;135;0;2;9;0;11;124;17;3;71;1;3;25;4;
212000124;650;484;3;650;0;163;0;3;163;1;4;4;0;9;154;26;3;96;0;1;26;2;
212000125;850;548;2;831;0;300;0;3;300;22;3;0;0;25;275;16;2;160;0;2;86;9;
212000126;450;288;2;435;0;160;0;6;160;0;2;0;0;2;158;4;0;113;1;3;32;5;
212000127;697;459;2;588;7;236;7;0;236;1;2;23;0;26;210;12;2;140;0;2;51;3;
212000128;600;431;0;578;5;169;5;0;169;5;5;32;0;42;127;3;2;118;1;0;3;0;
212000129;200;126;0;185;8;74;8;1;74;1;5;0;0;6;68;5;0;35;0;1;22;5;
212000130;50;16;0;48;3;34;3;2;34;0;0;0;0;0;34;3;2;21;0;0;4;4;
212000131;500;323;1;479;6;176;6;3;176;1;1;0;0;2;174;3;1;112;3;0;54;1;
212000132;100;63;0;93;0;37;0;4;37;0;0;0;0;0;37;2;0;27;1;0;7;0;
212000133;250;167;1;237;1;82;1;0;82;0;0;0;0;0;82;1;3;54;4;0;19;1;
212000134;150;88;1;127;5;61;5;0;61;0;1;0;0;1;60;5;1;49;1;1;3;0;
212000135;50;18;0;44;0;32;0;7;32;0;0;0;0;0;32;1;0;25;1;0;5;0;
212000136;500;172;17;311;5;311;5;2;311;1;2;11;3;17;294;1;3;275;2;0;11;2;
212000137;900;318;4;865;4;578;4;0;578;5;2;1;0;8;570;2;1;561;2;0;3;1;
212000138;100;69;0;92;0;31;0;0;31;0;1;0;0;1;30;3;2;19;3;1;2;0;
212000139;600;307;1;588;4;292;4;0;292;2;3;4;0;9;283;7;0;98;4;0;173;1;
212000140;600;300;1;605;7;299;7;5;299;0;1;10;0;11;288;7;0;113;3;1;157;7;
212000141;800;457;2;787;0;341;0;6;341;5;5;13;1;24;317;1;8;260;1;5;40;2;
212000142;300;116;1;297;4;183;4;0;183;10;1;0;0;11;172;13;0;113;2;5;36;3;
212000143;200;135;0;174;0;65;0;0;65;1;3;1;0;5;60;8;0;35;2;0;11;4;
212000144;600;376;4;478;2;220;2;0;220;1;6;0;0;7;213;10;0;128;2;4;61;8;
212000145;500;266;2;502;2;232;2;0;232;2;7;0;0;9;223;12;1;135;3;0;70;2;
212000146;600;246;5;599;0;349;0;3;349;4;2;24;0;30;319;3;1;284;2;2;26;1;
212000147;500;240;22;487;3;238;3;3;238;0;2;17;0;19;219;10;0;141;1;1;62;4;
212000148;150;65;2;150;0;83;0;0;83;0;7;0;0;7;76;3;1;53;1;0;14;4;
212000149;200;57;0;195;8;143;8;4;143;0;2;1;0;3;140;4;1;126;2;2;5;0;
212000150;200;76;1;196;2;123;2;3;123;4;0;6;0;10;113;7;0;90;2;1;11;2;
212000151;800;423;2;765;2;375;2;4;375;3;4;4;0;11;364;10;1;248;8;3;88;6;
212000152;800;453;0;794;4;347;4;4;347;0;1;15;0;16;331;14;0;199;3;3;106;6;
212000153;400;217;0;382;3;183;3;4;183;1;2;8;1;12;171;13;2;111;2;1;36;6;
212000154;300;170;0;293;1;130;1;0;130;0;0;3;0;3;127;9;1;75;2;1;36;3;
212000155;300;136;7;300;0;157;0;0;157;0;1;10;0;11;146;6;0;99;1;0;34;6;
212000156;497;206;4;472;4;287;4;0;287;17;0;0;0;17;270;56;1;183;1;1;25;3;
212000157;250;102;0;263;0;148;0;0;148;1;3;5;0;9;139;10;0;94;1;2;29;3;
212000158;100;45;7;77;2;48;2;0;48;0;7;0;0;7;41;3;0;21;2;2;10;3;
212000159;350;181;0;353;1;169;1;0;169;0;12;0;0;12;157;11;1;99;2;1;32;11;
212000160;650;356;1;624;1;293;1;0;293;0;1;3;2;6;287;16;3;175;1;3;81;8;
212000161;500;302;2;492;2;196;2;0;196;0;5;10;0;15;181;19;1;89;1;2;61;8;
212000162;500;250;0;517;0;250;0;0;250;0;6;1;0;7;243;26;0;153;2;0;58;4;
212000163;400;171;0;423;2;229;2;0;229;0;23;0;0;23;206;16;1;112;4;2;67;4;
212000164;500;344;10;475;0;146;0;0;146;4;5;1;0;10;136;9;1;77;3;3;35;8;
212000165;850;624;1;856;0;225;0;0;225;0;0;2;0;2;223;8;2;169;1;3;37;3;
212000166;658;388;1;639;1;269;1;0;269;1;0;0;0;1;268;15;2;161;2;2;80;6;
212000167;550;317;2;552;0;231;0;1;231;0;3;2;0;5;226;10;2;115;4;1;93;1;
212000168;850;534;1;867;1;315;1;1;315;0;0;0;0;0;315;9;0;227;0;1;76;2;
212000169;600;397;1;619;0;202;0;0;202;1;5;1;0;7;195;10;0;99;1;0;81;4;
212000170;900;544;10;884;7;346;7;0;346;2;10;0;0;12;334;3;0;202;6;2;119;2;
212000171;600;335;0;622;8;265;8;0;265;7;14;0;0;21;244;7;1;122;9;0;102;3;
212000172;600;325;3;619;0;272;0;0;272;2;6;0;0;8;264;8;0;193;4;0;58;1;
212000173;800;469;2;784;0;329;0;1;329;6;3;0;0;9;320;14;3;186;3;1;109;4;
212000174;700;409;1;686;0;290;0;0;290;7;7;8;0;22;268;6;2;243;4;1;12;0;
212000175;600;325;10;607;3;265;3;0;265;8;2;0;0;10;255;5;0;211;3;0;34;2;
212000176;600;412;2;596;1;186;1;0;186;2;3;0;0;5;181;22;1;98;0;2;53;5;
212000177;414;172;28;415;0;214;0;0;214;1;4;22;0;27;187;9;1;151;2;2;16;6;
212000178;250;125;4;248;2;121;2;3;121;0;3;0;0;3;118;7;1;66;3;0;40;1;
212000179;650;336;0;664;3;314;3;2;314;0;0;15;0;15;299;9;0;230;4;5;47;4;
212000180;450;222;2;451;2;226;2;6;226;4;22;0;0;26;200;18;0;129;1;3;44;5;
212000181;300;131;1;302;5;168;5;4;168;8;1;0;0;9;159;11;0;111;1;1;33;2;
212000182;500;270;3;468;4;227;4;0;227;2;15;9;0;26;201;6;0;140;3;2;45;5;
212000183;111;14;0;107;0;97;0;6;97;3;0;0;3;6;91;6;0;56;5;0;18;6;
212000184;102;46;1;78;0;55;0;9;55;1;1;0;0;2;53;6;0;23;0;0;21;3;
212000185;99;20;1;112;0;78;0;8;78;0;1;1;1;3;75;10;1;45;1;0;15;3;
212000186;105;54;1;57;0;50;0;0;50;3;0;0;0;3;47;3;2;38;0;1;3;0;
212000187;95;39;0;56;0;56;0;0;56;0;0;0;0;0;56;4;1;33;0;1;14;3;
212400001;600;307;3;543;0;290;0;0;290;4;5;2;0;11;279;14;3;131;1;0;123;7;
212400002;900;543;2;816;0;355;0;0;355;3;3;3;0;9;346;21;3;207;6;6;99;4;
212400003;743;436;0;680;0;307;0;0;307;2;11;0;0;13;294;22;2;167;3;1;89;10;
212400004;863;476;3;784;2;384;2;0;384;6;6;0;0;12;372;25;2;214;3;3;115;10;
212400005;1135;569;1;1038;0;565;0;8;565;28;21;6;0;55;510;4;5;473;10;4;13;1;
212400006;808;440;1;738;1;367;1;1;367;2;2;1;0;5;362;12;3;257;3;3;79;5;
212400007;498;262;0;455;2;236;2;0;236;6;3;0;0;9;227;12;3;166;5;3;35;3;
212400008;771;487;0;700;2;284;2;0;284;0;1;0;0;1;283;15;2;158;5;4;94;5;
212400009;713;420;1;647;0;292;0;0;292;13;4;0;0;17;275;9;3;193;7;3;57;3;
212400010;963;624;1;874;2;338;2;0;338;2;4;1;1;8;330;24;2;191;1;4;99;9;
212400011;1180;808;0;1070;0;372;0;0;372;5;5;44;0;54;318;14;4;227;1;4;65;3;
212400012;938;604;1;852;0;333;0;0;333;4;25;3;0;32;301;10;2;176;2;3;100;8;
212400013;210;76;2;197;2;132;2;0;132;1;1;0;0;2;130;2;2;113;1;0;9;3;
212400014;77;14;1;78;0;62;0;0;62;0;0;0;0;0;62;9;0;41;1;0;9;2;
212400015;49;14;0;41;7;35;7;0;35;2;0;0;0;2;33;3;1;22;0;0;6;1;
212400016;539;362;0;495;4;177;4;4;177;0;2;0;0;2;175;6;2;142;1;1;20;3;
212400017;401;179;4;367;0;218;0;0;218;4;4;0;0;8;210;33;4;157;2;2;9;3;
212400018;986;413;6;900;0;567;0;0;567;2;4;5;0;11;556;3;1;547;1;0;3;1;
220200001;690;385;0;635;4;305;4;1;305;2;6;0;0;8;297;19;1;235;0;4;36;2;
220200002;290;170;1;267;0;119;0;0;119;0;2;0;0;2;117;2;2;93;2;2;15;1;
220200003;720;493;0;659;2;227;2;0;227;3;4;0;0;7;220;15;2;186;2;4;10;1;
220200004;380;211;3;350;0;166;0;0;166;1;2;0;0;3;163;11;1;140;1;1;3;6;
220200005;590;410;1;549;0;179;0;0;179;1;1;0;0;2;177;5;0;152;3;2;15;0;
220200006;70;26;1;57;0;43;0;0;43;0;0;0;0;0;43;0;0;43;0;0;0;0;
220200007;40;14;2;32;5;24;5;0;24;0;0;0;0;0;24;0;0;23;0;0;1;0;
220200008;280;137;2;265;0;141;0;0;141;2;2;0;0;4;137;9;0;104;2;0;21;1;
220200009;100;48;0;89;0;52;0;0;52;0;0;0;0;0;52;3;1;46;1;0;1;0;
220200010;360;195;2;334;0;163;0;0;163;1;1;0;0;2;161;10;1;132;5;0;10;3;
220200011;500;336;2;454;1;162;1;0;162;0;1;0;0;1;161;9;7;122;2;1;16;4;
220200012;390;195;3;356;1;192;1;0;192;0;2;6;0;8;184;7;1;159;7;3;5;2;
220200013;70;46;1;67;0;23;0;0;23;0;0;0;0;0;23;0;0;23;0;0;0;0;
220200014;30;11;1;31;4;18;4;0;18;0;0;0;0;0;18;0;0;18;0;0;0;0;
220200015;470;305;0;434;0;165;0;0;165;0;4;0;0;4;161;10;2;141;1;0;3;4;
220200016;120;66;1;109;0;53;0;0;53;0;1;0;0;1;52;3;1;46;1;1;0;0;
220200017;160;111;0;149;0;49;0;2;49;0;0;0;0;0;49;6;0;39;1;0;2;1;
220200018;430;307;1;402;0;122;0;1;122;0;2;0;0;2;120;10;0;77;6;1;23;3;
220200019;30;13;1;23;4;16;4;0;16;0;0;1;0;1;15;4;0;10;0;0;1;0;
220200020;30;10;1;23;3;19;3;3;19;0;0;0;0;0;19;0;0;19;0;0;0;0;
220200021;100;48;1;51;0;51;0;0;51;0;0;0;0;0;51;3;0;31;0;1;13;3;
220500001;870;476;3;795;0;391;0;0;391;2;2;0;0;4;387;5;0;369;2;1;8;2;
220500002;790;382;1;722;2;407;2;0;407;1;2;2;0;5;402;14;4;368;0;3;11;2;
220500003;930;469;2;851;0;459;0;1;459;1;2;0;0;3;456;24;1;427;1;1;1;1;
220500004;180;73;3;170;1;104;1;0;104;1;1;0;0;2;102;6;0;87;0;0;9;0;
220500005;530;284;1;490;2;245;2;2;245;10;2;0;0;12;233;18;0;177;0;1;35;2;
220500006;410;156;1;375;0;253;0;0;253;3;4;1;0;8;245;9;1;212;1;0;20;2;
220500007;121;53;1;114;0;67;0;0;67;0;0;0;0;0;67;6;0;56;0;0;0;5;
220900001;740;427;0;683;2;313;2;1;313;4;1;8;0;13;300;11;2;237;0;3;44;3;
220900002;810;541;3;732;1;266;1;0;266;1;4;7;0;12;254;15;0;192;1;1;40;5;
220900003;670;448;1;608;0;221;0;0;221;3;6;0;0;9;212;1;1;158;0;0;45;7;
220900004;900;626;1;826;0;273;0;3;273;1;1;0;0;2;271;12;0;221;4;3;24;7;
220900005;620;391;1;573;1;228;1;5;228;2;0;0;0;2;226;8;0;174;1;4;33;6;
220900006;620;404;2;565;7;214;7;3;214;2;1;5;0;8;206;11;3;156;2;3;21;10;
220900007;1070;749;0;993;1;321;1;1;321;1;5;0;0;6;315;19;4;242;2;2;34;12;
220900008;625;401;1;578;0;223;0;1;223;1;3;0;0;4;219;16;3;185;3;2;6;4;
220900009;710;473;0;650;0;237;0;0;237;2;2;0;0;4;233;15;2;199;4;2;6;5;
220900010;500;286;2;454;3;212;3;0;212;4;4;1;0;9;203;5;0;183;0;1;12;2;
220900011;590;398;1;535;0;191;0;0;191;1;1;0;0;2;189;9;0;157;3;0;16;4;
220900012;890;537;0;804;1;353;1;0;353;0;0;0;0;0;353;5;2;337;4;3;0;2;
220900013;900;369;0;815;2;531;2;0;531;1;2;0;0;3;528;0;0;520;4;2;1;1;
220900014;750;347;2;693;5;401;5;0;401;1;0;0;0;1;400;18;0;359;2;4;16;1;
220900015;140;52;0;136;0;88;0;2;88;0;0;0;0;0;88;2;1;79;1;0;1;4;
220900016;120;35;1;115;1;84;1;0;84;1;0;0;0;1;83;11;0;65;0;1;5;1;
220900017;910;610;1;836;0;299;0;1;299;2;1;0;0;3;296;10;0;214;4;2;61;5;
220900018;370;170;3;346;4;197;4;0;197;2;1;0;0;3;194;8;0;152;3;1;27;3;
220900019;820;557;2;758;0;261;0;0;261;2;2;3;0;7;254;7;2;237;2;1;2;3;
220900020;270;160;1;248;0;109;0;0;109;0;0;0;0;0;109;1;0;107;0;0;1;0;
220900021;370;243;0;341;1;127;1;0;127;4;1;0;0;5;122;1;1;113;0;0;6;1;
220900022;60;15;0;45;0;45;0;0;45;0;0;0;0;0;45;1;0;40;2;0;2;0;
220900023;100;84;1;26;0;15;0;5;15;0;0;0;0;0;15;2;1;11;1;0;0;0;
221000001;740;438;1;680;0;301;0;0;301;2;2;0;0;4;297;26;1;255;1;2;7;5;
221000002;830;554;1;756;0;275;0;0;275;0;2;0;0;2;273;18;0;230;0;0;5;20;
221000003;760;423;1;700;0;336;0;0;336;2;4;0;0;6;330;23;2;288;1;1;2;13;
221000004;700;410;2;633;2;288;2;0;288;1;0;0;0;1;287;23;0;249;3;1;9;2;
221000005;820;480;2;759;0;338;0;0;338;1;1;0;0;2;336;4;0;325;4;0;2;1;
221000006;820;501;1;751;0;318;0;0;318;1;2;0;0;3;315;10;0;288;5;3;2;7;
221000007;540;325;1;513;0;214;0;0;214;0;1;0;0;1;213;12;1;192;1;1;2;4;
221000008;670;412;0;677;0;258;0;0;258;0;0;3;0;3;255;10;2;234;2;1;1;5;
221000009;310;160;1;287;1;149;1;0;149;0;0;0;0;0;149;3;0;141;1;0;2;2;
221000010;850;568;1;769;0;281;0;0;281;0;0;0;0;0;281;8;0;232;2;1;35;3;
221000011;750;532;1;682;0;217;0;0;217;2;0;0;0;2;215;11;3;169;0;2;25;5;
221000012;910;663;0;845;0;247;0;0;247;0;8;0;0;8;239;13;1;173;1;1;12;38;
221100001;990;694;0;921;0;296;0;8;296;3;6;0;0;9;287;27;3;147;2;4;93;11;
221100002;530;396;1;479;0;133;0;0;133;2;5;0;0;7;126;10;0;77;0;2;35;2;
221100003;510;369;2;478;1;139;1;0;139;2;2;0;0;4;135;27;0;84;1;1;17;5;
221100004;880;574;2;812;0;304;0;5;304;0;2;0;0;2;302;24;2;214;5;4;45;8;
221100005;930;604;1;863;0;325;0;0;325;0;8;0;0;8;317;53;2;198;3;1;54;6;
221100006;610;416;0;553;5;194;5;0;194;0;4;0;0;4;190;34;0;107;0;4;37;8;
221100007;950;610;1;888;0;339;0;9;339;3;9;0;0;12;327;43;4;212;4;3;56;5;
221100008;880;627;0;822;0;253;0;5;253;0;5;0;0;5;248;26;0;166;1;5;47;3;
221100009;1020;713;2;948;0;305;0;0;305;3;3;0;0;6;299;37;2;198;3;0;57;2;
221100010;320;223;1;298;0;96;0;0;96;1;1;0;0;2;94;5;1;63;1;3;20;1;
221100011;600;380;1;560;1;219;1;0;219;0;5;0;0;5;214;18;2;166;5;3;17;3;
221100012;400;259;1;383;0;140;0;0;140;1;3;1;0;5;135;13;1;95;3;0;22;1;
221100013;80;15;1;80;0;64;0;0;64;2;1;0;0;3;61;7;1;46;5;1;1;0;
221100014;1070;892;1;972;0;177;0;0;177;0;2;0;0;2;175;4;0;162;1;0;8;0;
221100015;110;74;1;112;0;35;0;7;35;0;0;0;0;0;35;3;1;25;0;1;5;0;
221100016;130;69;1;118;0;60;0;5;60;0;2;0;0;2;58;0;1;49;1;1;1;5;
221100017;140;73;1;132;5;66;5;5;66;2;3;0;0;5;61;2;0;54;1;1;2;1;
221100018;60;29;1;64;0;30;0;0;30;0;0;0;0;0;30;8;0;20;0;0;2;0;
221100019;980;766;1;899;0;213;0;0;213;3;2;2;0;7;206;18;1;128;4;4;44;7;
221100020;750;581;1;692;0;168;0;1;168;0;6;0;0;6;162;14;0;110;3;1;29;5;
221100021;700;513;0;638;0;187;0;0;187;1;3;0;0;4;183;12;4;128;2;2;32;3;
221600001;1050;799;1;956;0;250;0;2;250;3;2;1;0;6;244;20;1;203;0;0;14;6;
221600002;550;404;2;506;1;144;1;0;144;1;0;0;0;1;143;13;0;117;1;1;9;2;
221600003;620;465;2;580;0;153;0;0;153;0;0;1;0;1;152;26;2;117;1;0;5;1;
221600004;420;308;2;396;0;110;0;6;110;4;3;1;0;8;102;16;1;72;1;0;8;4;
221600005;460;308;1;415;2;151;2;0;151;0;1;0;0;1;150;11;0;119;2;1;12;5;
221600006;700;516;1;639;0;183;0;0;183;2;1;0;0;3;180;15;1;151;2;1;8;2;
221600007;830;614;1;772;0;215;0;0;215;2;2;2;0;6;209;16;1;161;0;4;19;8;
221600008;250;179;1;236;0;70;0;1;70;2;0;0;0;2;68;12;0;44;2;1;6;3;
221600009;420;295;1;388;0;124;0;0;124;0;0;0;0;0;124;11;1;108;0;0;3;1;
221600010;60;40;1;49;0;19;0;0;19;0;0;0;0;0;19;1;0;17;0;0;1;0;
221600011;300;193;1;275;0;106;0;3;106;2;0;0;0;2;104;10;0;85;0;0;5;4;
221600012;190;84;1;181;1;105;1;5;105;0;0;0;0;0;105;14;0;82;3;2;2;2;
221600013;130;91;1;125;5;38;5;0;38;1;1;0;0;2;36;3;0;29;0;1;1;2;
221600014;200;157;4;184;0;39;0;5;39;1;2;0;0;3;36;4;0;28;1;0;3;0;
221600015;90;47;1;82;0;42;0;0;42;1;0;0;0;1;41;32;0;8;0;0;0;1;
221600016;220;132;0;201;2;88;2;0;88;2;0;0;0;2;86;10;0;71;1;0;2;2;
221600017;270;207;1;257;0;62;0;4;62;0;0;0;0;0;62;5;0;50;0;5;0;2;
221600018;190;152;0;177;0;38;0;0;38;0;0;0;0;0;38;8;0;26;0;0;0;4;
221600019;886;535;2;816;2;349;2;2;349;1;5;14;0;20;329;54;0;239;3;4;20;9;
221600020;220;150;4;209;0;66;0;3;66;4;0;0;0;4;62;8;0;50;0;1;2;1;
221600021;330;231;1;313;5;98;5;5;98;2;0;0;0;2;96;27;1;60;3;1;0;4;
221600022;400;316;1;368;0;83;0;0;83;0;0;0;0;0;83;9;1;65;1;3;2;2;
221600023;180;120;1;133;0;59;0;2;59;0;0;0;0;0;59;11;2;43;0;0;2;1;
221600024;420;228;1;392;0;191;0;0;191;1;1;0;0;2;189;17;2;153;6;0;3;8;
221600025;200;128;2;187;0;70;0;1;70;0;2;0;0;2;68;7;0;55;1;2;2;1;
221600026;130;94;0;124;3;36;3;0;36;1;0;0;0;1;35;4;0;28;1;0;0;2;
221600027;480;361;1;445;4;118;4;0;118;0;1;0;0;1;117;11;0;96;0;1;8;1;
221600028;560;431;1;523;0;128;0;0;128;0;1;1;0;2;126;13;0;99;2;0;6;6;
221600029;110;73;1;103;0;36;0;3;36;0;1;0;0;1;35;6;1;28;0;0;0;0;
221600030;170;109;1;155;0;60;0;2;60;1;0;0;0;1;59;6;0;51;0;0;2;0;
221600031;430;315;1;399;0;114;0;0;114;0;1;0;0;1;113;19;1;89;0;0;2;2;
221600032;360;186;1;331;0;173;0;2;173;1;3;5;0;9;164;6;2;149;2;1;3;1;
221600033;260;154;1;245;0;105;0;0;105;1;1;0;0;2;103;1;1;84;1;1;14;1;
221600034;80;37;1;42;4;42;4;0;42;1;0;0;0;1;41;1;0;40;0;0;0;0;
221600035;120;74;1;114;0;45;0;5;45;0;0;1;0;1;44;2;2;39;0;0;1;0;
221800001;770;569;0;711;0;201;0;1;201;0;0;4;0;4;197;6;0;111;0;2;75;3;
221800002;770;577;1;710;0;192;0;1;192;3;1;12;0;16;176;8;0;103;4;1;58;2;
221800003;810;606;2;756;2;202;2;5;202;0;5;0;0;5;197;19;5;106;0;0;66;1;
221800004;640;520;0;584;0;120;0;0;120;2;0;9;0;11;109;8;0;43;0;0;58;0;
221800005;670;511;2;624;0;157;0;0;157;3;4;0;0;7;150;5;0;62;3;1;78;1;
221800006;780;555;2;715;2;223;2;0;223;0;3;10;0;13;210;16;2;116;2;2;71;1;
221800007;90;63;1;88;0;26;0;7;26;0;0;1;0;1;25;1;0;18;0;0;6;0;
221800008;175;108;1;173;2;66;2;0;66;1;0;0;0;1;65;3;0;59;0;0;3;0;
221800009;170;89;3;159;0;78;0;3;78;0;0;0;0;0;78;2;0;62;2;0;12;0;
221800010;90;43;1;86;3;46;3;0;46;2;0;0;0;2;44;0;0;41;1;0;2;0;
221800011;174;105;1;165;0;68;0;0;68;1;0;0;0;1;67;3;0;60;0;0;3;1;
221800012;200;157;0;177;3;43;3;0;43;1;0;0;0;1;42;0;0;36;1;0;4;1;
221800013;130;70;0;124;0;60;0;0;60;0;0;0;0;0;60;0;0;49;0;0;11;0;
221800014;310;227;0;288;0;83;0;0;83;0;0;0;0;0;83;4;0;58;0;2;18;1;
221800015;120;79;0;117;0;41;0;2;41;0;0;0;0;0;41;1;0;31;1;0;8;0;
221800016;520;310;2;408;0;208;0;3;208;1;1;1;0;3;205;21;1;161;3;1;14;4;
221800017;220;87;1;213;5;132;5;0;132;0;1;0;0;1;131;0;0;129;0;1;1;0;
221800018;270;141;0;253;0;129;0;3;129;0;0;0;0;0;129;3;2;113;1;0;9;1;
221800019;220;118;0;212;0;102;0;4;102;0;2;0;0;2;100;1;1;83;1;3;11;0;
221800020;70;1;3;70;0;66;0;6;66;1;0;0;0;1;65;1;0;62;2;0;0;0;
221800021;90;67;1;93;7;22;7;0;22;0;0;0;0;0;22;0;0;20;0;0;1;1;
221800022;40;24;0;39;4;16;4;0;16;0;0;0;0;0;16;4;0;12;0;0;0;0;
222700001;661;489;1;613;0;171;0;5;171;0;0;0;0;0;171;7;1;147;0;6;8;2;
222700002;800;535;1;732;0;264;0;1;264;8;1;0;0;9;255;22;1;210;0;1;19;2;
222700003;480;315;1;445;0;164;0;6;164;5;0;0;0;5;159;5;0;121;1;2;28;2;
222700004;540;329;1;502;1;210;1;3;210;3;0;2;1;6;204;19;0;144;2;3;33;3;
222700005;560;369;1;504;2;190;2;0;190;2;3;0;0;5;185;18;1;133;1;3;25;4;
222700006;820;556;2;750;0;262;0;3;262;2;4;3;0;9;253;13;4;194;3;1;34;4;
222700007;240;133;1;223;0;106;0;2;106;2;0;0;0;2;104;7;0;93;0;1;1;2;
222700008;320;173;1;302;0;146;0;5;146;2;0;1;0;3;143;18;0;113;1;3;4;4;
222700009;310;176;1;289;0;133;0;1;133;4;0;0;0;4;129;15;0;105;2;1;1;5;
222700010;139;44;1;137;0;94;0;5;94;1;1;0;0;2;92;19;0;65;0;0;0;8;
222700011;1020;738;0;936;0;282;0;2;282;0;6;0;0;6;276;82;3;169;4;7;4;7;
222700012;930;702;1;853;0;227;0;1;227;1;1;2;0;4;223;44;1;164;0;3;8;3;
222700013;720;528;1;653;0;191;0;3;191;1;0;0;0;1;190;20;0;150;1;2;12;5;
222700014;160;78;2;152;0;80;0;3;80;2;0;7;0;9;71;16;0;53;0;1;0;1;
222700015;110;48;1;110;0;61;0;3;61;0;0;0;0;0;61;1;0;58;0;1;1;0;
222700016;50;15;1;47;1;34;1;5;34;0;0;6;0;6;28;0;2;25;0;0;1;0;
222700017;250;169;0;233;0;81;0;3;81;0;0;1;0;1;80;11;0;67;0;1;0;1;
222700018;200;124;0;178;0;76;0;0;76;2;0;0;1;3;73;10;3;46;1;2;8;3;
222700019;70;45;1;61;4;24;4;4;24;0;1;0;0;1;23;2;1;18;0;0;0;2;
222700020;210;84;1;202;1;125;1;5;125;3;1;0;0;4;121;15;1;95;2;4;2;2;
222700021;180;100;1;171;1;79;1;0;79;1;2;0;0;3;76;15;1;52;1;0;1;6;
222700022;290;191;1;271;0;98;0;4;98;0;3;2;0;5;93;18;0;72;0;1;0;2;
222700023;380;286;0;351;0;94;0;2;94;7;0;0;0;7;87;21;0;56;0;0;5;5;
222700024;170;86;0;161;0;84;0;5;84;1;1;0;0;2;82;13;0;65;1;0;1;2;
222700025;170;108;1;159;0;61;0;0;61;2;0;0;0;2;59;13;0;41;0;1;2;2;
223100001;940;618;2;871;0;320;0;10;320;4;2;2;1;9;311;28;1;218;1;4;54;5;
223100002;700;448;3;661;1;249;1;6;249;1;2;0;0;3;246;15;1;180;1;3;33;13;
223100003;1050;672;2;376;0;376;0;6;376;5;7;0;0;12;364;22;0;305;2;6;20;9;
223100004;130;83;2;45;0;45;0;0;45;0;1;1;0;2;43;4;0;37;0;0;2;0;
223100005;780;489;1;773;1;290;1;6;290;0;0;1;0;1;289;38;0;187;2;0;52;10;
223100006;820;457;2;754;11;361;11;0;361;4;4;0;1;9;352;40;2;255;0;1;42;12;
223100007;880;621;0;805;3;259;3;4;259;1;2;0;0;3;256;10;1;210;2;2;25;6;
223100008;740;404;1;681;9;335;9;5;335;3;5;0;0;8;327;29;7;241;4;2;36;8;
223100009;650;330;1;600;2;319;2;0;319;4;5;1;0;10;309;27;3;228;1;4;41;5;
223100010;660;423;0;601;0;237;0;0;237;4;5;0;0;9;228;12;1;167;1;2;32;13;
223100011;930;579;0;860;0;351;0;0;351;1;2;4;0;7;344;30;1;277;5;4;21;6;
223100012;720;416;1;666;2;303;2;4;303;5;4;0;0;9;294;24;2;201;3;3;49;12;
223100013;590;327;1;552;1;262;1;7;262;8;9;0;0;17;245;14;2;165;1;2;51;10;
223100014;900;639;2;835;1;259;1;8;259;1;4;0;0;5;254;41;0;156;1;5;41;10;
223100015;610;421;3;569;1;186;1;5;186;0;3;0;0;3;183;19;1;130;2;2;26;3;
223100016;870;554;1;790;2;315;2;0;315;3;8;0;0;11;304;45;3;196;2;2;39;17;
223100017;830;573;1;768;4;256;4;0;256;3;1;1;0;5;251;37;2;158;0;3;30;21;
223100018;950;599;1;880;0;350;0;8;350;2;10;0;1;13;337;34;0;217;5;0;70;11;
223100019;800;539;2;737;0;259;0;4;259;1;8;0;0;9;250;32;1;172;2;2;34;7;
223100020;700;434;0;660;5;266;5;5;266;1;2;6;0;9;257;29;3;174;1;4;35;11;
223100021;860;592;3;799;1;265;1;7;265;2;8;0;0;10;255;19;0;197;3;0;33;3;
223100022;860;528;7;796;0;325;0;0;325;0;5;0;2;7;318;30;2;191;0;2;76;17;
223100023;970;684;1;885;0;285;0;0;285;1;7;0;0;8;277;17;1;226;1;1;23;8;
223100024;940;574;1;863;3;365;3;0;365;1;7;2;0;10;355;46;2;242;1;2;59;3;
223100025;805;453;5;760;6;347;6;0;347;3;1;1;0;5;342;5;0;273;0;5;45;14;
223100026;820;475;3;754;1;342;1;0;342;2;1;0;0;3;339;39;2;204;6;2;73;13;
223100027;760;483;0;700;0;277;0;1;277;1;2;1;1;5;272;24;1;195;1;3;36;12;
223100028;820;483;2;757;2;335;2;5;335;0;4;7;0;11;324;34;4;188;0;1;80;17;
223100029;670;379;1;622;1;290;1;0;290;0;3;5;0;8;282;38;0;165;4;0;63;12;
223100030;830;534;0;757;0;296;0;4;296;2;5;1;0;8;288;27;4;187;1;2;61;6;
223100031;650;415;2;601;1;233;1;4;233;3;1;1;0;5;228;29;1;142;1;1;44;10;
223100032;790;530;6;726;0;254;0;7;254;2;3;0;1;6;248;21;0;185;0;1;38;3;
223100033;810;574;1;753;0;235;0;0;235;2;1;0;0;3;232;20;3;168;2;2;28;9;
223100034;1010;752;0;921;0;258;0;0;258;1;2;2;0;5;253;18;3;174;11;4;36;7;
223100035;530;364;1;489;6;165;6;0;165;2;3;0;0;5;160;8;0;132;4;2;10;4;
223100036;350;162;1;327;0;187;0;0;187;0;4;1;0;5;182;4;1;163;0;3;7;4;
223100037;120;46;0;109;0;74;0;3;74;0;0;0;0;0;74;4;0;58;2;0;10;0;
223100038;170;84;1;167;0;85;0;0;85;0;4;0;0;4;81;7;0;61;2;0;10;1;
223100039;140;41;1;137;2;98;2;0;98;2;0;0;0;2;96;6;0;78;1;1;10;0;
223100040;30;5;1;31;1;24;1;0;24;0;0;0;0;0;24;2;3;16;1;0;2;0;
223100041;200;109;1;196;0;90;0;5;90;3;0;0;0;3;87;6;2;42;0;1;35;1;
223100042;670;345;1;621;4;324;4;0;324;8;3;0;0;11;313;20;5;159;2;3;112;12;
223100043;620;320;1;572;1;299;1;0;299;7;4;3;0;14;285;19;0;155;0;6;96;9;
223100044;395;210;1;377;0;184;0;2;184;0;0;1;0;1;183;2;2;166;1;4;4;4;
223100045;540;294;0;490;2;246;2;0;246;2;0;0;0;2;244;6;0;226;2;0;10;0;
223100046;190;86;0;178;4;104;4;2;104;0;1;0;0;1;103;14;0;71;2;1;11;4;
223100047;290;167;2;259;5;121;5;0;121;0;2;0;0;2;119;4;2;106;3;1;3;0;
223100048;91;26;2;85;0;63;0;0;63;1;0;0;0;1;62;1;1;56;1;0;3;0;
223100049;210;94;1;194;0;115;0;1;115;0;3;0;0;3;112;2;1;105;1;0;3;0;
223100050;145;67;1;142;0;77;0;4;77;1;0;0;0;1;76;6;0;65;1;1;2;1;
223100051;140;51;1;128;0;88;0;1;88;0;0;0;0;0;88;6;1;75;1;0;2;3;
223100052;240;140;2;223;5;98;5;0;98;0;1;0;0;1;97;1;0;90;1;1;4;0;
223100053;115;21;0;102;6;94;6;0;94;0;2;0;0;2;92;3;0;85;2;2;0;0;
223100054;140;45;1;135;1;94;1;0;94;0;0;0;0;0;94;2;0;85;1;0;1;5;
223100055;680;420;1;625;0;259;0;3;259;0;4;9;0;13;246;23;0;217;1;1;2;2;
223100056;100;31;1;95;7;68;7;0;68;0;1;0;0;1;67;4;0;61;1;1;0;0;
223100057;180;109;2;165;0;69;0;1;69;2;1;0;0;3;66;4;0;55;2;3;2;0;
223100058;110;35;1;106;4;74;4;0;74;4;0;0;0;4;70;6;1;61;1;0;1;0;
223100059;110;39;1;106;0;70;0;3;70;0;5;0;0;5;65;9;0;54;0;0;2;0;
223100060;70;20;0;63;0;50;0;3;50;2;0;0;0;2;48;0;0;48;0;0;0;0;
223100061;50;16;1;34;0;33;0;4;33;0;0;0;0;0;33;2;0;31;0;0;0;0;
223100062;160;78;1;150;0;81;0;3;81;1;1;5;0;7;74;3;0;64;1;0;2;4;
223100063;70;18;1;63;18;51;18;0;51;7;3;5;0;15;36;3;1;24;1;2;5;0;
223100064;120;34;1;123;14;85;14;7;85;2;2;0;0;4;81;4;2;61;1;1;9;3;
223100065;820;516;2;760;0;302;0;5;302;0;6;2;0;8;294;36;1;223;4;1;20;9;
223100066;860;520;2;786;1;338;1;3;338;8;2;2;0;12;326;10;1;297;3;2;9;4;
223100067;90;50;1;84;0;39;0;0;39;1;0;0;0;1;38;1;0;34;0;0;1;2;
223100068;80;40;1;76;0;39;0;4;39;0;0;0;0;0;39;1;0;35;0;0;3;0;
223100069;90;26;1;86;8;63;8;0;63;2;0;0;0;2;61;1;0;57;2;0;1;0;
223100070;70;22;0;65;6;48;6;0;48;0;0;0;0;0;48;2;1;43;1;1;0;0;
223100071;100;35;1;92;2;64;2;0;64;1;3;1;0;5;59;1;0;52;2;1;2;1;
223100072;230;110;1;210;0;119;0;0;119;1;2;0;0;3;116;12;0;95;3;0;2;4;
223100073;150;72;1;149;0;77;0;6;77;2;0;0;0;2;75;5;0;67;0;1;1;1;
223100074;450;216;2;419;2;232;2;2;232;2;1;0;0;3;229;4;2;210;4;1;8;0;
223100075;75;26;1;48;2;48;2;3;48;0;1;2;0;3;45;4;0;37;1;0;3;0;
223100076;450;274;1;433;0;175;0;0;175;2;1;1;0;4;171;7;0;158;1;0;3;2;
223100077;40;10;1;43;0;29;0;6;29;0;1;0;0;1;28;3;0;19;1;0;5;0;
223100078;80;23;1;80;0;56;0;0;56;0;2;0;0;2;54;1;1;50;1;0;1;0;
223100079;60;22;1;48;1;37;1;4;37;1;0;0;0;1;36;0;0;34;0;1;1;0;
223100080;90;23;0;82;10;67;10;6;67;1;0;0;0;1;66;5;0;57;0;0;4;0;
223100081;40;12;1;46;10;27;10;0;27;0;0;0;0;0;27;4;0;20;1;0;2;0;
223100082;400;174;2;365;2;224;2;10;224;1;5;0;0;6;218;39;3;155;2;4;6;9;
223100083;90;42;1;86;2;47;2;5;47;1;2;0;0;3;44;3;2;31;1;0;6;1;
223100084;40;7;1;43;0;32;0;5;32;0;0;0;0;0;32;2;2;25;0;1;2;0;
223100085;50;15;1;45;0;34;0;0;34;0;0;0;0;0;34;0;0;31;2;1;0;0;
223100086;510;235;1;474;7;274;7;3;274;2;3;0;0;5;269;24;0;191;2;3;41;8;
223100087;310;191;1;283;0;118;0;0;118;2;0;0;0;2;116;6;0;73;1;1;32;3;
223100088;770;434;2;712;3;334;3;0;334;2;2;0;0;4;330;29;1;231;1;7;42;19;
223100089;580;390;1;544;28;189;28;0;189;0;3;0;0;3;186;16;2;138;1;0;23;6;
223100090;580;352;1;550;1;227;1;8;227;0;0;0;1;1;226;12;2;166;2;3;33;8;
223100091;200;134;1;124;0;65;0;7;65;0;0;0;0;0;65;3;0;48;3;2;7;2;
223800001;1000;589;1;917;3;410;3;1;410;1;3;3;0;7;403;41;0;271;1;7;72;11;
223800002;930;579;2;858;1;349;1;1;349;1;5;0;0;6;343;37;2;195;2;2;93;12;
223800003;850;557;1;777;0;292;0;0;292;2;5;0;0;7;285;49;0;173;2;4;49;8;
223800004;780;558;1;717;0;221;0;0;221;1;2;4;0;7;214;27;0;136;1;0;44;6;
223800005;870;618;1;792;0;251;0;0;251;0;1;0;0;1;250;28;2;162;3;2;43;10;
223800006;590;439;1;538;0;150;0;0;150;0;5;0;0;5;145;7;0;113;1;1;20;3;
223800007;760;412;2;699;2;346;2;0;346;4;12;1;0;17;329;22;1;205;3;2;89;7;
223800008;90;41;1;86;0;48;0;0;48;0;0;0;0;0;48;11;0;28;0;0;3;6;
223800009;560;319;1;508;5;240;5;0;240;5;0;0;0;5;235;17;2;127;1;3;78;7;
223800010;200;104;1;188;0;95;0;0;95;0;3;0;0;3;92;6;0;71;2;0;11;2;
223800011;250;124;1;235;3;125;3;0;125;0;1;1;0;2;123;15;1;79;0;1;22;5;
223800012;220;145;1;207;0;74;0;3;74;1;0;1;0;2;72;4;0;62;0;1;1;4;
223800013;560;384;0;511;1;176;1;1;176;0;1;0;0;1;175;5;2;120;1;2;40;5;
223800014;50;18;1;53;0;31;0;0;31;0;0;1;0;1;30;0;1;24;0;1;2;2;
223800015;60;38;1;55;0;21;0;6;21;0;0;0;0;0;21;2;0;14;0;2;3;0;
223800016;30;11;1;18;0;18;0;0;18;0;0;0;0;0;18;1;0;15;0;0;2;0;
234602001;650;290;0;780;3;360;3;33;360;7;2;0;0;9;351;131;4;156;1;1;47;11;
234602002;750;396;1;829;3;353;3;13;353;1;9;0;0;10;343;99;3;164;0;5;53;19;
234602003;607;259;1;764;5;347;5;18;347;3;2;0;0;5;342;133;3;146;3;4;46;7;
234602004;498;229;0;534;0;269;0;24;269;1;8;0;0;9;260;114;5;81;1;1;48;10;
234602005;602;303;0;729;0;299;0;6;299;7;0;1;2;10;289;128;1;95;1;5;43;16;
234602006;648;387;1;626;0;260;0;7;260;6;3;0;0;9;251;107;1;89;2;6;37;9;
234602007;650;341;0;726;6;309;6;6;309;0;7;0;0;7;302;127;1;112;4;4;38;16;
234602008;650;339;0;782;0;311;0;6;311;2;0;0;0;2;309;152;1;108;1;3;32;12;
234602009;750;399;0;841;0;351;0;9;351;4;1;0;1;6;345;145;1;132;1;6;38;22;
234602010;650;348;0;737;0;302;0;4;302;3;2;1;0;6;296;109;1;143;3;2;28;10;
234602011;750;419;0;793;6;331;6;5;331;0;6;0;0;6;325;144;3;125;0;1;39;13;
234602012;698;384;2;722;3;312;3;0;312;2;3;0;0;5;307;82;2;166;0;6;35;16;
234602013;750;307;0;856;2;443;2;0;443;10;3;1;0;14;429;116;9;234;1;6;52;11;
234602014;750;337;10;806;2;403;2;0;403;4;2;2;1;9;394;159;3;162;4;2;54;10;
234602015;750;370;0;792;10;380;10;0;380;2;8;0;0;10;370;128;7;178;3;5;34;15;
234602016;805;375;2;422;6;428;6;3;428;2;5;2;1;10;418;149;2;179;1;5;67;15;
234602017;795;355;14;874;0;426;0;0;426;2;11;0;1;14;412;170;3;172;2;3;52;10;
234602018;750;356;0;827;1;394;1;0;394;2;5;0;1;8;386;114;5;179;2;6;56;24;
234602019;750;328;2;897;2;420;2;29;420;0;3;0;0;3;417;130;0;199;0;7;59;22;
234602020;800;384;0;869;2;416;2;3;416;2;3;0;1;6;410;82;6;253;5;3;45;16;
234602021;806;399;1;851;2;406;2;0;406;7;4;0;2;13;393;102;0;225;1;5;36;24;
234602022;883;440;2;441;5;441;5;0;441;1;1;0;0;2;439;90;4;286;0;5;41;13;
234602023;750;398;0;838;22;352;22;0;352;0;21;0;0;21;331;92;1;169;3;5;51;10;
234602024;750;373;0;858;0;377;0;3;377;14;2;1;0;17;360;75;6;219;0;4;41;15;
234602025;750;377;3;892;3;370;3;2;370;1;2;4;0;7;363;89;1;193;3;2;49;26;
234602026;850;475;0;912;10;375;10;1;375;2;6;0;0;8;367;99;4;180;3;2;55;24;
234602027;750;441;0;309;8;309;8;1;309;0;1;6;1;8;301;96;1;148;2;3;35;16;
234602028;712;376;0;758;8;336;8;11;336;1;4;0;0;5;331;93;2;165;1;1;53;16;
234602029;750;491;0;797;0;259;0;3;259;1;0;0;0;1;258;81;3;129;0;3;29;13;
234602030;750;399;0;920;8;351;8;6;351;2;8;0;0;10;341;120;2;146;0;3;51;19;
234602031;750;388;1;811;15;361;15;0;361;1;1;0;0;2;359;98;4;179;0;4;57;17;
234602032;850;482;0;908;6;368;6;0;368;1;0;0;0;1;367;82;2;207;1;2;59;14;
234602033;750;358;1;832;2;391;2;2;391;3;3;5;0;11;380;65;4;276;0;7;21;7;
234602034;750;416;0;822;1;334;1;2;334;1;0;3;0;4;330;60;1;229;6;3;25;6;
234602035;650;337;1;747;7;312;7;26;312;0;5;0;0;5;307;35;3;221;1;2;41;4;
234602036;650;354;0;770;2;296;2;0;296;4;0;0;0;4;292;31;1;229;4;1;22;4;
234602037;750;352;2;863;9;396;9;0;396;0;2;0;0;2;394;45;5;294;0;2;36;12;
234602038;799;399;0;855;5;400;5;0;400;1;8;0;1;10;390;136;3;190;1;5;43;12;
234602039;850;518;0;908;2;332;2;6;332;1;4;4;0;9;323;83;3;155;3;2;56;21;
234602040;850;493;2;927;0;355;0;9;355;2;3;0;0;5;350;100;2;190;1;5;42;10;
234602041;750;450;18;800;1;282;1;2;282;0;5;0;0;5;277;77;1;141;2;3;39;14;
234602042;750;379;0;816;0;371;0;5;371;5;1;1;0;7;364;50;1;248;5;6;35;19;
234602043;750;354;0;821;8;396;8;0;396;3;5;6;0;14;382;82;4;236;0;2;46;12;
234602044;850;453;11;903;16;386;16;0;386;1;10;0;1;12;374;68;6;243;1;2;33;21;
234602045;789;377;1;874;4;411;4;0;411;1;1;1;0;3;408;92;5;237;2;7;50;15;
234602046;850;450;4;917;5;396;5;0;396;3;7;0;0;10;386;122;1;194;1;4;47;17;
234602047;750;345;2;877;0;403;0;3;403;1;2;1;1;5;398;86;3;240;0;9;46;14;
234602048;750;373;0;888;0;377;0;2;377;0;12;0;0;12;365;109;6;192;3;1;45;9;
234602049;750;383;0;873;14;367;8;6;367;0;4;0;0;4;363;89;4;212;3;6;29;20;
234602050;750;485;0;865;0;265;0;0;265;0;5;0;0;5;260;45;2;156;0;2;41;14;
234602051;550;271;1;628;1;278;1;2;278;0;2;5;0;7;271;34;2;188;1;3;40;3;
234602052;750;408;0;789;14;342;14;0;342;2;3;1;0;6;336;80;0;197;0;4;34;21;
234602053;550;209;0;638;0;341;0;0;341;12;0;0;0;12;329;82;3;212;1;3;21;7;
234602054;650;334;6;775;3;310;3;0;310;0;1;5;0;6;304;107;2;154;1;3;29;8;
234602055;650;321;0;723;4;329;4;3;329;3;0;0;0;3;326;77;3;200;2;2;38;4;
234602056;650;310;0;718;0;340;0;3;340;1;6;0;0;7;333;57;1;220;3;4;37;11;
234602057;750;393;0;829;0;357;0;2;357;2;1;2;0;5;352;70;1;215;2;7;44;13;
234602058;756;361;6;786;0;389;0;1;389;0;2;4;0;6;383;37;5;301;2;1;27;10;
234602059;698;332;1;690;4;365;4;0;365;2;1;0;0;3;362;86;3;223;0;2;34;14;
234602060;812;423;9;877;0;380;0;5;380;8;1;0;0;9;371;100;8;189;3;6;46;19;
234602061;750;375;0;842;10;375;10;1;375;0;5;0;0;5;370;93;3;208;3;6;48;9;
234602062;650;364;0;755;1;286;1;3;286;0;4;0;0;4;282;61;0;159;2;2;46;12;
234602063;750;437;0;829;6;313;6;0;313;1;6;0;0;7;306;39;5;211;3;0;40;8;
234602064;750;427;2;857;1;321;1;6;321;3;2;7;0;12;309;38;0;207;3;2;50;9;
234602065;795;487;0;854;0;308;0;3;308;0;7;0;0;7;301;106;3;143;2;2;37;8;
234602066;650;318;0;778;2;332;2;0;332;0;3;2;0;5;327;65;1;208;0;0;40;13;
234602067;750;376;0;829;9;374;9;1;374;0;5;0;0;5;369;85;1;201;0;4;64;14;
234602068;850;426;0;935;3;424;3;0;424;10;0;0;0;10;414;86;3;255;3;6;45;16;
234602069;799;444;0;826;2;355;2;1;355;2;6;4;0;12;343;79;2;215;1;0;33;13;
234602070;750;392;2;855;0;356;0;0;356;3;3;1;0;7;349;93;5;200;2;1;33;15;
234602071;650;332;10;786;1;308;1;4;308;1;1;8;0;10;298;67;1;169;2;5;34;20;
234602072;750;357;0;861;0;393;0;5;393;0;6;0;0;6;387;37;4;278;0;2;53;13;
234602073;750;374;11;352;13;365;13;1;365;1;6;4;0;11;354;73;2;213;3;3;42;18;
234602074;799;346;1;802;0;452;0;0;452;12;0;0;0;12;440;48;4;321;1;3;52;11;
234602075;850;411;0;960;1;439;1;1;439;1;3;0;0;4;435;127;1;232;4;1;50;20;
234602076;1000;650;1;898;2;349;2;1;349;3;1;0;0;4;345;103;3;178;1;2;46;12;
234602077;750;348;2;883;2;400;2;1;400;2;1;0;0;3;397;55;4;284;3;4;34;13;
234602078;650;343;1;749;4;306;4;0;306;3;7;0;0;10;296;72;4;160;3;4;37;16;
234602079;750;398;0;889;7;352;7;3;352;0;3;5;0;8;344;67;1;194;2;2;52;26;
234602080;750;368;0;905;0;382;0;5;382;0;4;0;0;4;378;83;3;247;4;0;34;7;
234602081;750;451;1;869;0;298;0;4;298;1;0;4;0;5;293;56;3;163;6;6;49;10;
234602082;750;394;0;820;9;356;9;2;356;2;2;1;0;5;351;68;1;233;2;3;26;18;
234602083;1000;607;0;952;4;393;4;7;393;1;0;10;0;11;382;69;6;258;3;4;32;10;
234602084;146;19;0;188;0;127;0;0;127;1;1;2;0;4;123;11;3;72;3;1;25;8;
234602085;171;48;1;137;8;122;1;0;122;0;2;4;0;6;116;3;1;91;0;2;16;3;
234602086;200;180;0;49;0;20;0;0;20;0;0;0;0;0;20;4;0;11;0;0;4;1;
234608001;800;381;0;847;2;419;2;0;419;9;7;0;0;16;403;145;5;203;2;5;31;12;
234608002;800;461;0;838;3;339;3;0;339;1;6;0;0;7;332;110;2;149;2;6;46;17;
234608003;800;354;0;894;0;446;0;2;446;0;3;0;0;3;443;140;5;225;1;7;52;13;
234608004;800;302;0;1062;3;498;3;7;498;5;2;0;0;7;491;91;2;327;5;4;48;14;
234608005;800;366;0;957;2;434;2;1;434;4;5;0;2;11;423;81;4;264;2;4;53;15;
234608006;800;420;0;882;2;380;2;0;380;3;0;0;0;3;377;75;3;212;0;5;64;18;
234608007;800;418;0;852;9;382;9;5;382;3;4;0;0;7;375;52;5;258;1;3;41;15;
234608008;800;373;1;903;5;426;5;1;426;0;6;3;1;10;416;81;2;262;0;10;50;11;
234608009;800;442;0;977;0;358;0;0;358;3;5;0;0;8;350;72;2;206;1;4;42;23;
234608010;800;401;0;981;3;399;3;7;399;3;2;0;0;5;394;92;4;234;0;7;41;16;
234608011;800;400;2;967;12;398;12;15;398;6;4;2;2;14;384;89;3;226;3;1;47;15;
234608012;800;383;1;1007;9;416;9;4;416;2;7;5;0;14;402;93;4;229;2;4;45;25;
234608013;800;393;0;967;3;407;3;6;407;4;3;0;0;7;400;84;3;245;3;3;43;19;
234608014;800;424;1;971;8;375;4;4;375;0;8;0;0;8;367;65;5;224;3;4;51;15;
234608015;800;447;0;972;2;353;2;7;353;6;0;0;0;6;347;82;2;195;2;3;50;13;
234608016;800;345;1;787;5;454;5;0;454;3;3;0;0;6;448;99;8;299;0;6;29;7;
234608017;416;569;15;416;7;416;7;2;416;9;5;1;0;15;401;110;2;225;1;1;45;17;
234608018;800;407;2;759;3;391;3;1;391;2;4;0;0;6;385;104;6;212;0;8;37;18;
234608019;800;425;0;928;5;375;5;1;375;5;7;1;0;13;362;115;1;183;2;3;47;11;
234608020;800;415;0;836;8;385;8;8;385;5;1;0;1;7;378;108;7;215;2;6;32;8;
234608021;800;386;1;858;1;413;1;8;413;1;6;0;0;7;406;77;4;287;1;2;29;6;
234608022;800;453;17;782;0;347;0;9;347;13;3;1;0;17;330;77;6;187;2;2;43;13;
234608023;800;412;0;855;2;388;2;16;388;1;4;0;0;5;383;105;7;194;1;1;65;10;
234608024;800;400;0;747;3;400;3;43;400;3;1;0;2;6;394;104;4;210;1;4;56;15;
234608025;800;398;0;973;4;402;4;8;402;2;4;1;1;8;394;78;4;243;2;5;52;10;
234608026;797;347;1;984;1;449;1;4;449;2;2;0;0;4;445;94;5;283;4;4;42;13;
234608027;800;343;1;928;2;456;2;1;456;1;11;1;0;13;443;89;3;285;0;7;47;12;
234608028;800;300;1;981;3;499;3;4;499;2;0;1;0;3;496;76;5;356;2;1;46;10;
234608029;800;295;0;965;32;505;32;22;505;1;3;0;0;4;501;120;3;294;5;5;52;22;
234608030;200;162;0;49;0;38;0;5;38;1;0;0;0;1;37;3;0;19;0;1;11;3;
234608031;200;98;0;116;0;102;0;2;102;7;2;0;0;9;93;10;1;53;2;2;25;0;
234609001;570;252;0;657;8;318;8;0;318;1;4;0;0;5;313;110;2;154;0;3;29;15;
234609002;330;159;1;393;1;170;1;1;170;2;1;0;0;3;167;78;0;60;0;2;20;7;
234609003;520;254;2;606;0;264;0;0;264;0;1;3;0;4;260;81;4;130;0;0;42;3;
234609004;470;208;2;547;0;260;0;3;260;3;1;0;0;4;256;116;0;97;2;1;27;13;
234609005;530;222;2;627;6;306;6;7;306;2;4;0;0;6;300;112;1;139;4;3;30;11;
234609006;640;321;0;738;0;319;0;0;319;1;6;0;0;7;312;110;1;142;0;2;42;15;
234609007;500;230;2;580;0;268;0;0;268;2;2;0;0;4;264;69;3;154;2;2;26;8;
234609008;530;236;0;614;1;294;1;2;294;1;3;0;0;4;290;137;2;101;2;4;30;14;
234609009;580;258;0;675;1;322;1;0;322;1;3;1;0;5;317;156;3;114;0;6;30;8;
234609010;520;214;5;606;1;301;1;3;301;1;4;0;0;5;296;116;3;150;1;2;16;8;
234609011;363;192;1;413;0;170;0;2;170;0;3;0;0;3;167;89;0;53;2;4;16;3;
234609012;616;290;2;608;7;324;7;7;324;2;7;0;0;9;315;144;0;120;1;5;33;12;
234609013;620;259;2;714;0;359;0;0;359;0;9;0;0;9;350;164;1;123;1;9;38;14;
234609014;550;258;4;651;6;288;6;1;288;1;1;0;2;4;284;100;1;131;0;2;38;12;
234609015;460;222;3;522;0;235;0;0;235;0;2;1;0;3;232;78;3;113;1;6;23;8;
234609016;620;280;0;708;0;340;0;0;340;4;1;0;0;5;335;175;2;105;0;3;40;10;
234609017;450;206;0;529;2;244;2;0;244;2;0;0;0;2;242;101;2;102;2;1;21;13;
234609018;640;300;14;745;0;326;0;2;326;3;9;1;1;14;312;119;3;134;1;4;40;11;
234609019;460;211;4;523;5;245;5;4;245;1;1;0;0;2;243;78;1;140;0;4;13;7;
234609020;310;145;0;334;0;165;0;0;165;0;1;0;0;1;164;71;2;66;2;0;18;5;
234609021;410;194;1;477;3;215;3;0;215;4;0;0;0;4;211;82;2;87;0;1;27;12;
234609022;650;275;4;766;3;371;3;2;371;3;3;1;0;7;364;79;3;220;3;2;34;23;
234609023;500;232;0;592;0;268;0;1;268;12;0;0;0;12;256;87;4;132;1;1;29;2;
234609024;610;302;6;713;5;302;5;0;302;3;0;0;0;3;299;88;5;148;1;6;33;18;
234609025;460;196;2;534;2;262;2;3;262;1;4;0;0;5;257;84;1;140;1;1;23;7;
234609026;590;283;0;687;8;307;8;0;307;4;1;0;0;5;302;103;2;141;0;2;31;23;
234609027;720;371;4;847;1;345;1;0;345;0;5;1;0;6;339;106;3;178;2;3;37;10;
234609028;505;272;0;513;0;233;0;3;233;0;2;0;0;2;231;58;1;136;3;2;18;13;
234609029;630;327;0;758;5;303;5;2;303;1;1;0;0;2;301;107;2;140;1;1;39;11;
234609030;470;220;1;547;1;249;1;0;249;1;1;0;0;2;247;84;0;134;0;5;18;6;
234609031;647;345;0;741;0;302;0;0;302;2;4;0;0;6;296;103;2;133;1;1;43;13;
234609032;600;300;0;701;0;300;0;3;300;1;3;0;0;4;296;122;0;114;4;7;40;9;
234609033;640;281;3;735;1;356;1;0;356;4;4;1;0;9;347;95;7;172;2;7;51;13;
234609034;590;345;2;677;1;243;1;0;243;0;8;1;0;9;234;88;7;101;2;5;20;11;
234609035;769;346;0;905;1;423;1;0;423;0;4;5;0;9;414;125;3;223;1;1;50;11;
234609036;600;307;0;680;0;293;0;0;293;9;0;0;0;9;284;93;2;135;0;8;34;12;
234609037;610;306;1;732;2;303;2;0;303;1;2;0;0;3;300;77;7;156;1;2;49;8;
234609038;450;199;0;528;0;251;0;4;251;0;0;2;0;2;249;100;3;112;1;3;23;7;
234609039;490;223;0;568;0;267;0;5;267;3;3;3;0;9;258;45;6;180;6;4;12;5;
234609040;490;193;3;570;13;294;13;0;294;0;3;0;0;3;291;85;4;164;1;2;27;8;
234609041;530;289;4;625;8;241;8;3;241;3;0;0;1;4;237;71;0;124;0;1;31;10;
234609042;360;180;0;434;1;180;1;1;180;6;0;0;0;6;174;53;0;93;1;0;17;10;
234609043;550;240;0;647;4;310;4;0;310;2;0;0;0;2;308;90;4;178;3;4;23;6;
234609044;560;248;0;650;2;312;2;0;312;3;0;1;0;4;308;89;3;146;1;6;52;11;
234609045;560;249;4;307;6;307;6;0;307;0;2;2;0;4;303;93;5;166;1;6;23;9;
234609046;530;230;0;630;0;300;0;0;300;1;0;0;0;1;299;41;7;218;2;1;21;9;
234609047;722;414;0;722;1;308;0;1;308;0;7;0;0;7;301;86;4;164;3;2;24;18;
234609048;584;309;3;587;3;272;3;0;272;2;1;0;0;3;269;47;1;172;1;1;35;12;
234609049;550;267;0;653;0;283;0;0;283;0;7;0;0;7;276;98;3;122;2;1;43;7;
234609050;550;260;0;655;4;290;4;0;290;0;8;0;0;8;282;95;4;145;1;2;20;15;
234609051;400;146;0;475;15;254;15;0;254;0;0;0;0;0;254;54;3;151;0;2;37;7;
234609052;600;253;0;688;0;347;0;5;347;4;0;0;0;4;343;91;6;192;1;8;34;11;
234609053;570;280;1;664;1;289;1;0;289;0;5;0;0;5;284;80;2;147;1;2;37;15;
234609054;670;254;0;797;2;416;2;3;416;2;3;0;0;5;411;76;2;269;0;2;50;12;
234609055;280;129;1;348;8;150;8;2;150;2;0;0;0;2;148;43;1;74;0;1;18;11;
234609056;867;509;0;870;2;358;2;1;358;0;3;0;0;3;355;117;5;174;1;4;39;15;
234609057;680;396;12;813;0;272;0;0;272;1;10;0;1;12;260;75;1;142;1;3;30;8;
234609058;780;434;0;899;6;346;6;0;346;0;8;0;2;10;336;82;1;175;1;3;55;19;
234609059;410;236;1;509;0;173;0;0;173;0;0;1;0;1;172;48;0;86;3;0;25;10;
234610001;400;122;0;514;0;278;0;67;278;0;4;0;0;4;274;124;0;109;3;3;19;16;
234610002;350;150;1;409;3;199;3;2;199;0;1;0;0;1;198;93;0;76;0;1;12;16;
234610003;600;329;0;663;3;271;3;1;271;0;1;0;0;1;270;123;0;90;2;4;35;16;
234610004;400;212;1;464;4;187;4;7;187;1;1;0;0;2;185;85;1;64;0;4;23;8;
234610005;450;232;0;440;6;218;6;0;218;3;0;0;0;3;215;95;0;72;2;1;32;13;
234610006;450;183;0;507;0;267;0;9;267;0;1;0;0;1;266;136;0;87;2;3;26;12;
234610007;500;245;0;558;0;255;0;9;255;1;2;0;0;3;252;133;2;80;2;8;18;9;
234610008;500;267;0;555;2;233;2;15;233;0;1;0;0;1;232;112;4;82;0;3;24;7;
234610009;350;177;5;416;1;168;1;5;168;2;2;1;0;5;163;92;2;53;0;1;11;4;
234610010;500;259;0;535;0;241;0;3;241;0;0;1;0;1;240;120;0;71;1;4;36;8;
234610011;300;117;0;383;0;183;0;5;183;0;1;1;0;2;181;97;0;59;0;0;21;4;
234610012;300;69;0;420;5;231;5;31;231;2;1;0;0;3;228;116;1;73;1;1;28;8;
234610013;500;256;0;554;0;244;0;6;244;5;1;0;0;6;238;97;0;100;0;4;21;16;
234610014;400;209;0;463;1;191;1;0;191;1;0;0;0;1;190;108;0;61;0;3;16;2;
234610015;351;164;0;186;1;187;1;8;187;3;0;0;0;3;184;100;2;53;1;1;15;12;
234610016;548;259;0;618;5;289;5;6;289;3;1;1;0;5;284;145;4;88;1;3;28;15;
234610017;300;150;0;371;3;150;3;5;150;0;9;2;0;11;139;66;2;46;1;1;17;6;
234610018;500;244;0;563;1;256;1;3;256;2;0;0;0;2;254;118;4;82;0;8;30;12;
234610019;701;389;0;742;0;312;0;7;312;0;5;2;1;8;304;102;2;155;2;5;30;8;
234610020;550;350;0;552;0;200;0;3;200;3;2;0;0;5;195;90;0;73;1;3;15;13;
234610021;350;124;0;430;1;226;1;8;226;1;2;1;0;4;222;117;3;78;0;0;17;7;
234610022;550;288;0;605;0;262;0;8;262;2;3;0;0;5;257;77;5;133;3;0;30;9;
234610023;550;284;0;592;9;266;9;7;266;0;3;0;0;3;263;124;1;97;0;5;17;19;
234610024;551;261;0;614;1;290;1;4;290;0;6;0;0;6;284;89;1;158;0;1;24;11;
234610025;500;222;2;587;4;276;4;5;276;1;4;0;0;5;271;113;2;111;3;0;33;9;
234610026;400;195;0;476;4;205;4;9;205;1;4;2;0;7;198;75;1;98;0;2;12;10;
234610027;300;116;0;427;0;184;0;45;184;3;0;0;0;3;181;77;1;73;0;2;18;10;
234610028;900;419;0;1078;1;481;1;2;481;10;1;0;0;11;470;147;13;227;2;3;53;25;
234610029;650;304;0;716;2;346;2;6;346;2;1;0;0;3;343;91;3;186;2;5;41;15;
234610030;400;177;0;439;1;223;1;0;223;0;4;0;0;4;219;57;3;114;1;2;28;14;
234610031;500;201;1;592;4;298;4;4;298;2;3;0;1;6;292;107;2;133;1;5;31;13;
234610032;550;245;0;626;0;305;0;6;305;0;2;3;0;5;300;93;1;163;0;7;27;9;
234610033;650;330;2;717;3;318;3;0;318;5;1;0;0;6;312;103;3;157;0;4;36;9;
234610034;450;211;2;528;0;237;0;4;237;1;1;1;0;3;234;63;3;139;2;2;15;10;
234610035;600;295;0;710;2;305;0;6;305;2;0;0;0;2;303;95;1;147;2;4;44;10;
234610036;900;449;8;988;5;443;5;0;443;6;0;2;0;8;435;125;7;232;3;5;48;15;
234610037;706;364;1;340;1;341;1;3;341;1;2;0;0;3;338;89;2;162;2;5;56;22;
234610038;1200;618;0;1407;6;582;6;2;582;0;4;6;0;10;572;183;2;312;6;1;42;26;
234610039;1000;451;0;1188;3;549;3;6;549;3;2;1;1;7;542;132;4;326;1;3;53;23;
234610040;900;446;2;1003;3;452;3;4;452;2;3;5;0;10;442;128;3;219;0;2;55;35;
234610041;600;273;1;654;4;326;4;17;326;0;5;0;0;5;321;96;1;160;0;4;45;15;
234610042;495;240;0;581;1;255;1;3;255;2;3;4;0;9;246;78;3;127;2;4;28;4;
234610043;600;377;0;547;3;223;3;1;223;2;8;0;1;11;212;50;2;126;0;3;23;8;
234610044;600;265;0;703;0;335;0;4;335;2;2;0;0;4;331;75;4;175;4;5;49;19;
234610045;914;523;0;922;3;391;3;3;391;4;3;0;5;12;379;118;3;179;5;1;52;21;
234610046;800;387;0;914;7;413;7;1;413;1;3;1;0;5;408;69;6;273;1;2;45;12;
234610047;600;303;3;682;10;294;10;2;294;3;3;0;0;6;288;73;2;166;0;5;30;12;
234610048;650;342;0;735;1;308;1;4;308;1;2;0;0;3;305;55;2;204;1;1;30;12;
234610049;500;192;0;639;44;308;44;32;308;0;4;0;0;4;304;42;4;200;3;2;36;17;
234610050;650;336;0;737;5;314;5;2;314;0;6;0;0;6;308;51;7;218;2;1;22;7;
234610051;700;388;2;745;5;310;5;0;310;0;2;0;0;2;308;77;3;188;0;3;27;10;
234610052;600;327;0;645;0;273;0;9;273;1;3;0;0;4;269;64;2;165;1;3;24;10;
234610053;800;466;0;332;2;334;2;0;334;0;0;4;0;4;330;80;5;183;3;9;35;15;
234610054;600;339;0;664;1;261;1;3;261;0;4;1;0;5;256;84;2;120;0;4;32;14;
234610055;700;386;1;785;1;313;1;0;313;1;2;0;0;3;310;69;5;176;0;3;46;11;
234610056;1000;643;0;893;5;357;5;2;357;0;11;1;0;12;345;84;2;190;3;2;46;18;
234610057;500;264;0;552;0;236;0;5;236;4;0;0;0;4;232;47;1;134;0;2;40;8;
234610058;658;343;1;722;1;314;1;1;314;1;0;0;0;1;313;82;6;171;1;3;39;11;
234610059;801;599;1;889;0;201;0;2;201;1;0;0;0;1;200;46;1;121;1;2;19;10;
234610060;595;315;0;638;0;280;0;0;280;2;5;0;0;7;273;71;5;139;2;3;38;15;
234610061;400;226;1;420;2;173;2;0;173;0;0;3;0;3;170;37;2;109;1;1;14;6;
234610062;650;341;2;721;1;307;1;4;307;2;2;0;0;4;303;63;1;187;3;1;40;8;
234610063;800;395;0;920;5;405;5;0;405;1;18;0;0;19;386;98;1;228;4;3;42;10;
234610064;600;258;0;702;3;342;3;0;342;2;7;0;0;9;333;82;3;184;1;4;42;17;
234610065;450;204;0;517;4;246;4;0;246;5;4;0;0;9;237;57;4;133;2;1;28;12;
234610066;450;161;0;545;0;289;0;4;289;1;0;5;0;6;283;70;5;174;1;7;19;7;
234610067;663;269;0;881;0;394;0;1;394;5;0;0;0;5;389;59;1;252;1;1;48;27;
234610068;600;328;0;686;2;272;2;4;272;1;1;1;0;3;269;48;0;156;3;2;41;19;
234610069;800;437;0;846;1;363;1;0;363;5;1;0;0;6;357;56;3;231;5;3;50;9;
234610070;800;450;1;344;5;349;5;0;349;3;3;2;0;8;341;98;1;195;1;5;28;13;
234610071;700;345;0;749;0;355;0;3;355;2;2;5;0;9;346;86;1;196;1;1;42;19;
234610072;500;258;0;548;0;242;0;0;242;0;2;0;0;2;240;71;5;115;0;1;39;9;
234610073;600;352;1;656;0;247;0;0;247;0;0;0;0;0;247;52;2;142;1;5;37;8;
234610074;600;282;2;638;1;316;1;3;316;3;6;0;1;10;306;97;8;144;2;2;40;13;
234610075;700;375;0;801;0;325;0;0;325;4;0;0;0;4;321;75;3;176;1;2;44;20;
234610076;700;423;0;800;0;277;0;3;277;1;3;0;0;4;273;82;2;142;0;2;34;11;
234610077;650;346;1;733;0;303;0;0;303;1;4;0;0;5;298;56;7;182;2;0;46;5;
234610078;800;445;0;848;1;355;1;0;355;5;3;2;0;10;345;48;1;241;1;5;36;13;
234610079;800;587;0;892;0;213;0;0;213;0;3;2;0;5;208;52;5;103;0;1;39;8;
234610080;100;74;0;72;1;26;1;5;26;0;1;0;0;1;25;3;0;21;0;0;0;1;
234610081;60;37;0;43;1;23;1;9;23;0;0;0;0;0;23;4;0;14;0;0;5;0;
234610082;90;27;2;75;8;61;8;0;61;1;0;1;0;2;59;11;0;26;2;2;15;3;
234610083;70;29;0;51;23;41;0;8;41;2;0;0;0;2;39;4;0;28;0;0;7;0;
234610084;70;26;0;44;0;44;0;2;44;0;2;0;0;2;42;2;0;31;0;0;6;3;
234610085;52;16;1;60;0;35;0;1;35;1;0;0;0;1;34;4;0;26;0;1;3;0;
234610086;52;22;0;40;0;30;0;6;30;0;1;0;0;1;29;5;1;13;0;1;7;2;
234610088;50;3;0;55;1;47;1;4;47;0;0;0;0;0;47;2;0;34;1;1;7;2;
234610090;700;580;0;602;0;120;0;5;120;0;5;0;0;5;115;10;1;75;1;0;24;4;
234610093;50;24;0;39;15;26;0;5;26;0;0;0;0;0;26;6;0;16;0;0;3;1;
234615001;500;295;1;531;7;204;7;0;204;4;1;0;0;5;199;26;0;140;0;0;25;8;
234615002;1000;760;1;528;2;239;2;0;239;3;2;2;0;7;232;18;2;177;1;4;21;9;
234615003;600;383;1;521;1;216;1;1;216;0;1;1;0;2;214;25;4;155;1;0;19;10;
234615004;500;443;0;480;3;57;3;0;57;1;0;0;0;1;56;7;0;39;0;2;7;1;
234615005;600;268;0;658;2;332;2;52;332;3;8;0;0;11;321;92;5;170;1;1;36;16;
234615006;500;243;3;572;0;254;0;19;254;0;9;0;0;9;245;22;2;198;0;4;14;5;
234615007;500;257;0;567;0;243;0;10;243;1;3;1;0;5;238;83;6;104;6;2;28;9;
234615008;500;338;1;505;0;161;0;9;161;0;3;0;0;3;158;36;0;92;1;1;21;7;
234615009;500;252;0;537;0;248;0;14;248;1;2;0;0;3;245;68;0;135;1;5;16;20;
234615010;500;133;0;816;6;367;6;0;367;1;5;0;0;6;361;70;4;227;4;3;35;18;
234615011;499;186;2;767;3;311;3;2;311;3;8;0;0;11;300;89;1;155;1;2;40;12;
234615012;500;242;0;651;1;258;1;0;258;4;0;0;0;4;254;43;2;161;0;1;37;10;
234615013;500;264;1;607;0;235;0;0;235;0;2;0;0;2;233;59;2;117;1;2;41;11;
234615014;500;116;1;745;10;383;10;0;383;10;1;0;0;11;372;67;5;229;0;7;47;17;
234615015;485;176;2;710;1;307;1;0;307;3;1;0;0;4;303;36;1;216;3;2;39;6;
234615016;486;227;0;657;1;259;1;6;259;2;2;1;0;5;254;49;4;153;0;4;41;3;
234615017;500;231;2;740;3;267;3;0;267;0;2;0;0;2;265;50;3;149;2;3;44;14;
234615018;500;91;5;820;5;404;5;34;404;4;1;9;0;14;390;86;5;217;2;4;59;17;
234615019;500;215;1;671;0;284;0;1;284;0;3;2;1;6;278;44;8;186;1;3;25;11;
234615020;500;154;1;718;0;345;0;1;345;4;3;1;0;8;337;67;4;229;0;0;29;8;
234615021;516;190;0;703;3;326;3;4;326;4;1;2;0;7;319;48;2;207;3;1;48;10;
234615022;506;136;1;824;1;369;1;0;369;0;2;0;0;2;367;82;4;217;1;5;43;15;
234615023;487;151;0;740;0;336;0;7;336;1;0;9;0;10;326;80;5;184;4;3;35;15;
234615024;502;104;1;839;0;397;0;1;397;1;4;0;0;5;392;103;1;225;2;2;43;16;
234615025;500;172;6;783;6;322;6;0;322;2;4;0;0;6;316;65;5;187;4;2;44;9;
234615026;500;144;0;774;1;356;1;4;356;5;1;0;0;6;350;67;4;218;0;3;44;14;
234615027;500;227;0;679;2;273;2;0;273;1;2;0;0;3;270;66;4;149;3;4;33;11;
234615028;500;150;0;723;2;350;2;50;350;2;5;0;0;7;343;58;7;216;2;5;49;6;
234615029;500;88;4;793;4;408;4;6;408;7;3;1;0;11;397;29;11;320;1;0;31;5;
234615030;500;230;0;633;1;270;1;3;270;2;2;1;0;5;265;39;2;169;2;1;35;17;
234615031;500;247;0;641;0;253;0;11;253;0;9;0;0;9;244;48;2;153;3;3;29;6;
234615032;500;250;0;568;3;250;3;3;250;1;0;0;0;1;249;40;3;157;2;10;30;7;
234615033;500;179;10;634;0;311;0;11;311;3;0;7;0;10;301;59;8;199;2;1;21;11;
234615034;500;234;0;831;0;266;0;17;266;0;5;7;0;12;254;59;1;141;0;4;36;13;
234615035;500;231;1;578;12;268;12;10;268;2;2;3;2;9;259;48;6;157;1;6;30;11;
234615036;500;245;1;663;1;254;1;15;254;0;2;0;0;2;252;34;3;165;1;3;37;9;
234615037;501;243;1;577;2;257;2;5;257;3;2;0;0;5;252;68;1;130;0;1;35;17;
234615038;500;219;0;715;0;281;0;0;281;2;7;2;0;11;270;60;8;149;2;1;43;7;
234615039;500;216;0;758;1;284;1;0;284;1;3;0;0;4;280;53;1;168;0;3;44;11;
234615040;500;228;4;613;0;268;0;1;268;1;3;0;0;4;264;57;1;165;1;2;31;7;
234615041;500;287;0;499;1;213;1;17;213;0;4;0;0;4;209;68;3;70;1;4;42;21;
234615042;500;153;0;892;4;347;4;5;347;2;1;4;0;7;340;86;3;194;1;0;46;10;
234615043;586;292;1;696;0;293;0;5;293;1;2;0;0;3;290;57;3;189;2;1;33;5;
234615044;500;227;0;698;0;273;0;6;273;2;2;0;1;5;268;60;3;145;3;4;38;15;
234615045;500;143;1;684;4;356;4;59;356;1;2;0;0;3;353;79;5;221;0;3;34;11;
234615046;443;152;0;756;3;291;3;5;291;4;3;2;0;9;282;65;1;137;2;1;67;9;
234615047;500;186;0;746;0;314;0;4;314;3;2;0;0;5;309;46;3;216;2;6;28;8;
234615048;493;189;1;724;1;303;1;3;303;1;2;5;0;8;295;49;6;189;0;4;38;9;
234615049;500;261;0;465;3;239;3;2;239;5;2;0;0;7;232;10;1;184;1;2;28;6;
234615050;500;173;1;685;5;326;5;2;326;2;0;0;0;2;324;55;1;205;1;2;51;9;
234615051;461;151;0;745;0;310;0;8;310;2;2;0;0;4;306;57;3;195;1;5;34;11;
234615052;500;195;1;758;0;304;0;3;304;1;0;1;0;2;302;44;7;203;0;4;31;13;
234615053;500;214;1;636;0;285;0;6;285;2;4;0;0;6;279;68;0;163;3;7;27;11;
234615054;500;170;0;702;0;330;0;12;330;1;6;0;0;7;323;54;5;228;0;5;20;11;
234615055;500;157;2;824;8;341;8;0;341;0;6;0;0;6;335;84;1;173;1;6;52;18;
234615056;500;291;3;517;3;206;3;4;206;1;2;0;0;3;203;51;2;108;2;4;29;7;
234615057;497;257;1;710;4;239;4;0;239;1;1;0;0;2;237;51;2;144;0;0;36;4;
234615058;500;254;0;517;10;246;10;7;246;0;1;0;0;1;245;47;1;155;3;3;27;9;
234615059;500;177;0;737;4;323;4;0;323;0;11;0;0;11;312;71;4;176;0;1;49;11;
234615060;500;209;0;768;3;291;3;1;291;2;3;0;0;5;286;68;0;140;1;4;53;20;
234615061;474;214;0;695;0;260;0;0;260;1;6;0;0;7;253;62;2;139;4;4;30;12;
234615062;508;160;0;759;2;348;2;4;348;3;3;2;0;8;340;62;1;217;2;2;41;15;
234615063;500;283;0;484;3;217;3;4;217;4;0;0;0;4;213;20;1;166;3;0;17;6;
234615064;500;179;0;754;0;321;0;0;321;0;4;0;0;4;317;62;0;203;4;5;28;15;
234615065;500;219;1;729;0;262;0;0;262;0;1;2;0;3;259;37;0;165;0;1;44;12;
234615066;500;207;0;716;2;293;2;1;293;2;4;0;0;6;287;52;1;160;2;3;57;12;
234615067;500;171;0;727;8;329;8;0;329;2;2;0;0;4;325;54;4;215;0;5;38;9;
234615068;1000;691;0;658;1;309;1;0;309;0;3;0;0;3;306;50;3;209;2;5;26;11;
234615069;500;105;1;922;2;394;2;0;394;0;0;0;0;0;394;60;4;265;4;4;49;8;
234615070;500;185;0;831;0;315;0;0;315;3;0;0;0;3;312;52;3;199;1;5;44;8;
234615071;500;135;0;912;2;365;3;6;365;1;2;0;0;3;362;70;2;239;1;4;35;11;
234615072;500;262;2;707;2;236;2;0;236;0;1;2;0;3;233;38;4;156;1;1;26;7;
234615073;500;235;0;721;0;265;0;5;265;5;0;0;0;5;260;66;1;144;1;2;42;4;
234615074;500;259;1;678;0;240;0;2;240;1;7;0;0;8;232;40;2;134;4;2;38;12;
234615075;500;245;1;736;13;254;13;11;254;2;3;3;0;8;246;49;3;142;1;2;28;21;
234615076;510;251;0;869;1;259;1;0;259;0;4;3;0;7;252;55;0;141;1;3;32;20;
234615077;500;212;0;730;3;288;3;3;288;0;1;0;0;1;287;22;0;228;3;2;27;5;
234615078;500;216;0;731;0;284;0;2;284;0;2;0;0;2;282;47;4;164;2;3;46;16;
234615079;526;295;0;663;0;231;0;0;231;1;0;4;1;6;225;38;1;150;1;1;29;5;
234615080;474;169;0;786;0;305;0;0;305;0;6;0;0;6;299;24;5;226;3;1;31;9;
234615081;500;300;0;637;0;200;0;3;200;2;0;0;0;2;198;42;1;117;0;2;30;6;
234615082;500;258;3;646;2;239;2;1;239;1;3;0;0;4;235;31;3;152;3;3;30;13;
234615083;500;287;0;617;0;213;0;6;213;1;3;0;0;4;209;42;3;131;1;1;23;8;
234615084;500;151;0;863;3;349;3;2;349;0;2;1;0;3;346;31;12;252;4;1;41;5;
234615085;500;59;1;969;1;440;1;4;440;2;2;0;0;4;436;48;7;320;1;3;50;7;
234615086;500;260;2;609;2;238;2;0;238;0;4;0;0;4;234;27;5;169;1;3;28;1;
234615087;500;218;0;613;9;282;9;19;282;2;1;0;0;3;279;36;5;194;7;1;31;5;
234615088;1000;641;0;828;4;359;4;0;359;0;6;0;0;6;353;34;5;272;1;1;27;13;
234615089;500;222;0;660;0;278;0;0;278;1;0;0;0;1;277;30;3;208;1;4;25;6;
234615090;500;226;1;673;1;273;1;0;273;5;0;0;0;5;268;26;4;197;1;2;33;5;
234615091;500;201;1;831;15;298;15;0;298;1;2;0;0;3;295;66;3;160;2;2;44;18;
234615092;500;215;2;728;15;283;15;0;283;0;5;5;0;10;273;35;2;157;0;0;64;15;
234615093;500;131;2;906;0;367;0;0;367;5;0;0;0;5;362;63;0;232;3;2;48;14;
234615094;500;176;0;644;4;324;4;34;324;0;5;3;0;8;324;37;0;230;0;5;42;2;
234615095;500;208;0;741;0;292;0;0;292;1;4;2;0;7;285;41;2;194;1;2;34;11;
234615096;500;286;5;578;1;209;1;6;209;1;3;0;0;4;205;32;0;127;2;0;31;13;
234615097;500;216;0;708;4;284;4;3;284;5;0;0;0;5;279;58;1;174;1;3;32;10;
234615098;500;229;3;779;0;268;0;2;268;3;7;0;0;10;258;21;4;180;1;6;38;8;
234615099;500;170;0;751;2;330;2;1;330;0;3;0;0;3;327;25;1;257;1;6;25;12;
234615100;500;277;0;685;1;223;1;0;223;0;5;0;0;5;218;41;0;117;5;2;46;7;
234615101;500;262;2;758;0;236;0;0;236;7;0;1;0;8;228;36;3;144;0;1;38;6;
234615102;500;214;0;785;3;286;3;1;286;2;4;0;0;6;280;57;3;163;0;2;36;19;
234615103;500;266;1;650;2;233;2;0;233;7;3;0;0;10;223;35;0;132;1;3;37;15;
234615104;500;244;0;750;0;256;0;0;256;0;0;0;0;0;256;34;0;174;0;2;34;12;
234615105;500;272;0;764;1;228;1;2;228;1;3;0;0;4;224;46;3;126;2;4;33;10;
234615106;500;284;0;653;0;216;0;0;216;2;0;1;0;3;213;45;2;127;1;1;29;8;
234615107;500;257;0;734;0;243;0;1;243;1;2;1;0;4;239;49;4;136;2;0;40;8;
234615108;500;181;0;855;1;319;1;4;319;0;4;0;0;4;315;73;4;179;0;3;46;10;
234615109;500;238;1;724;1;261;1;0;261;2;4;0;0;6;255;68;2;142;1;3;30;9;
234615110;500;257;0;743;0;243;0;6;243;0;1;7;0;8;235;43;0;154;0;4;27;7;
234615111;500;292;4;580;0;204;0;1;204;0;1;2;0;3;201;35;0;124;1;2;30;9;
234615112;500;294;1;757;0;205;0;5;205;0;4;0;0;4;201;28;3;124;1;3;34;8;
234615113;500;206;0;892;0;294;0;2;294;2;2;2;0;6;288;65;2;176;2;1;33;9;
234615114;500;282;0;727;0;218;0;5;218;1;3;0;0;4;214;47;0;103;4;4;37;19;
234615115;500;222;0;770;2;278;2;0;278;3;2;0;0;5;273;43;2;155;1;2;58;12;
234615116;501;295;1;699;0;205;0;0;205;2;3;3;0;8;197;28;2;116;2;3;37;9;
234615117;500;231;1;883;1;268;1;1;268;1;6;0;0;7;261;48;1;125;2;4;68;13;
234615118;500;243;2;796;0;255;0;1;255;1;4;0;0;5;250;42;2;123;3;1;72;7;
234615119;500;336;0;746;0;164;0;0;164;1;0;0;0;1;163;22;0;104;0;2;27;8;
234615120;489;325;1;628;0;163;0;4;163;2;2;0;1;5;158;24;2;79;2;4;38;9;
234615121;500;428;1;188;0;71;0;3;71;0;4;0;0;4;67;8;1;40;1;1;14;2;
234616001;700;13;0;266;574;687;574;7;687;2;5;2;0;9;678;98;3;461;3;18;69;26;
234616002;700;81;2;80;600;617;600;7;617;0;5;0;0;5;612;75;2;432;1;14;64;24;
234616003;861;232;1;260;562;628;562;5;628;6;3;0;0;9;619;75;0;434;2;14;63;31;
234616004;400;28;2;204;286;370;286;5;370;0;2;0;0;2;368;46;0;250;2;8;51;11;
234616005;700;88;0;213;568;612;568;4;612;2;0;5;0;7;605;84;1;416;2;11;73;18;
234616006;349;47;0;235;236;302;236;6;302;3;8;0;0;11;291;48;0;211;1;1;18;12;
234616007;400;30;0;380;196;370;196;5;370;1;1;2;0;4;366;84;3;214;0;4;48;13;
234616008;250;33;0;217;133;217;133;5;217;0;2;0;0;2;215;43;3;139;1;4;17;8;
234616009;550;73;6;675;264;471;264;7;471;2;2;0;0;4;467;73;6;297;2;6;68;15;
234616010;350;139;0;454;16;211;16;2;211;2;0;0;0;2;209;72;0;99;0;1;29;8;
234616011;200;97;0;233;9;103;9;0;103;1;2;2;0;5;98;34;0;47;2;1;12;2;
234616012;300;158;2;382;3;140;3;0;140;0;0;1;0;1;139;20;0;91;2;1;20;5;
234616013;250;105;0;337;2;145;2;2;145;2;3;0;0;5;140;40;0;63;0;2;25;10;
234616014;350;163;0;475;2;187;2;0;187;2;2;0;0;4;183;43;1;100;0;5;18;16;
234616015;650;306;0;840;0;344;0;3;344;2;8;0;0;10;334;67;2;210;0;1;41;13;
234616016;300;148;1;363;9;151;9;0;151;2;0;0;0;2;149;36;0;92;0;0;17;4;
234616017;400;221;0;513;3;179;3;3;179;0;2;0;0;2;177;39;0;100;2;4;25;7;
234616018;500;274;1;553;1;225;1;4;225;5;0;0;0;5;220;60;1;125;1;1;28;4;
234616019;450;208;1;512;1;241;1;4;241;2;3;2;0;7;234;41;6;134;0;1;46;6;
234616020;250;140;0;110;0;110;0;2;110;0;1;0;0;1;109;28;0;52;0;3;16;10;
234616021;300;171;0;354;1;129;1;2;129;0;0;0;0;0;129;47;3;55;1;2;17;4;
234616022;203;88;3;287;1;112;1;3;112;0;3;0;0;3;109;29;0;58;0;2;12;8;
234616023;250;128;0;336;2;122;2;0;122;0;3;0;0;3;119;41;0;60;0;0;15;3;
234616024;500;269;0;601;3;231;3;3;231;0;3;2;0;5;226;58;0;111;0;5;35;17;
234616025;300;124;0;428;5;176;5;4;176;1;3;0;0;4;172;36;2;103;1;3;20;7;
234616026;300;157;0;402;2;143;2;0;143;1;2;0;0;3;140;30;0;89;0;3;14;4;
234616027;400;227;1;505;4;172;4;2;172;4;1;0;0;5;167;45;0;82;1;3;30;6;
234616028;400;149;0;534;2;251;2;24;251;2;7;0;0;9;242;30;7;172;1;3;25;4;
234616029;398;173;3;502;9;222;9;0;222;0;1;1;1;3;219;64;3;113;0;2;27;10;
234616030;402;177;5;503;4;220;4;2;220;1;1;0;0;2;218;30;4;156;3;1;20;4;
234616031;400;179;1;507;1;220;1;2;220;1;5;0;0;6;214;46;0;122;1;2;35;8;
234616032;400;136;0;553;1;264;1;2;264;0;3;0;0;3;261;50;1;178;2;3;17;10;
234616033;300;111;0;414;1;189;1;0;189;1;5;1;0;7;182;35;1;97;0;0;39;10;
234616034;300;145;0;387;1;155;1;2;155;0;2;0;0;2;153;31;2;106;0;0;10;4;
234616035;451;195;0;549;1;256;1;1;256;5;5;0;0;10;246;61;2;143;0;3;28;9;
234616036;342;138;2;470;3;202;3;2;202;2;3;0;0;5;197;39;1;116;2;2;36;1;
234616037;440;142;1;587;4;297;4;1;297;2;2;0;0;4;293;41;2;197;3;2;37;11;
234616038;351;115;2;485;0;234;0;1;234;2;0;0;0;2;232;34;2;175;2;0;17;2;
234616039;450;244;0;564;2;206;2;4;206;1;1;0;0;2;204;61;0;104;0;4;20;15;
234616040;300;163;0;391;3;137;3;0;137;1;0;0;0;1;136;25;2;79;0;1;23;6;
234616041;350;148;1;483;4;201;4;2;201;1;2;0;0;3;198;52;4;107;1;1;21;12;
234616042;500;220;1;644;0;279;0;2;279;1;4;0;0;5;274;72;4;143;3;8;33;11;
234616043;350;122;0;460;0;228;0;0;228;0;2;0;0;2;226;38;1;146;0;1;33;7;
234616044;400;158;0;510;3;242;3;3;242;3;0;0;0;3;239;43;4;146;1;1;32;12;
234616045;500;209;1;671;2;290;2;3;290;0;0;0;0;0;290;62;4;167;2;6;35;14;
234616046;900;507;1;1128;10;392;10;3;392;1;7;0;0;8;384;106;3;217;0;5;33;20;
234616047;300;210;0;391;9;90;9;0;90;1;1;2;0;4;86;14;0;44;1;2;17;8;
234616048;100;35;2;134;21;63;21;0;63;0;0;0;0;0;63;6;0;42;1;1;11;2;
234616049;340;141;2;411;0;197;0;2;197;2;2;1;0;5;192;27;6;116;6;5;25;7;
234617001;889;602;0;889;3;287;3;2;287;3;0;3;0;6;281;72;2;123;1;3;69;11;
234617002;1027;649;1;1036;2;377;2;3;377;0;0;0;1;1;376;112;2;187;2;8;50;15;
234617003;990;676;0;1000;10;314;10;0;314;0;4;0;0;4;310;60;1;162;1;3;69;14;
234617004;196;126;1;197;7;69;7;0;69;1;0;0;0;1;68;17;0;33;1;1;11;5;
234617005;780;487;0;784;0;293;0;3;293;2;5;1;0;8;285;71;2;146;2;1;49;14;
234617006;891;502;16;898;3;373;3;0;373;2;12;0;2;16;357;126;0;132;0;7;71;21;
234617007;932;584;0;939;0;348;0;0;348;1;6;5;0;12;336;105;0;139;4;4;66;18;
234617008;830;505;2;838;0;323;0;3;323;5;2;0;0;7;316;80;7;155;0;6;45;23;
234617009;497;220;0;667;0;277;0;2;277;1;4;0;0;5;272;79;3;127;0;3;47;13;
234617010;416;222;3;597;1;191;1;0;191;1;8;0;0;9;182;14;1;94;0;2;65;6;
234617011;279;128;0;393;0;151;0;0;151;2;1;0;0;3;148;8;1;101;0;4;32;2;
234617012;732;474;2;737;6;256;6;0;256;0;3;0;0;3;253;43;3;132;2;0;63;10;
234617013;772;511;0;776;4;261;4;0;261;1;3;4;0;8;253;50;1;108;1;0;82;11;
234617014;713;527;0;715;0;186;0;0;186;4;0;0;0;4;182;33;2;78;0;4;52;13;
234617015;609;451;0;153;5;158;5;0;158;2;2;5;0;9;149;23;1;79;3;2;36;5;
234617017;686;381;3;733;6;302;6;0;302;1;1;6;0;8;294;49;2;152;3;6;58;24;
234617018;590;327;3;762;0;260;1;2;260;1;2;4;0;7;253;68;1;118;1;3;52;10;
234617019;1000;699;0;301;0;301;0;0;301;2;5;3;0;10;291;79;2;149;4;2;36;19;
234617020;1116;666;0;1124;0;450;0;0;450;9;0;0;0;9;441;118;3;233;1;7;61;18;
234617021;962;602;0;962;0;360;0;5;360;2;9;0;0;11;349;95;1;171;2;4;60;16;
234617022;850;660;0;813;0;190;0;0;190;0;0;0;0;0;190;57;1;77;0;4;41;10;
234617023;759;517;2;770;1;240;1;6;240;0;6;1;0;7;233;50;1;130;0;1;34;17;
234617024;967;576;2;990;23;389;23;0;389;0;15;0;0;15;374;113;0;181;1;4;62;13;
234617025;807;557;3;812;0;250;0;3;250;2;1;0;0;3;247;72;4;109;1;5;43;13;
234617026;440;290;0;592;0;150;0;3;150;0;3;0;0;3;147;36;0;64;2;3;34;8;
234617027;795;576;16;978;0;203;0;3;203;4;11;1;0;16;187;49;0;81;1;1;37;18;
234617028;902;682;0;902;3;220;3;0;220;5;0;0;0;5;215;45;0;120;1;2;40;7;
234617029;770;501;7;770;0;262;0;0;262;1;3;3;0;7;255;72;2;126;2;4;40;9;
234617030;810;561;0;815;5;249;5;2;249;4;2;0;0;6;243;67;1;103;0;4;56;12;
234617031;951;609;9;953;0;333;0;2;333;1;7;0;0;8;325;89;1;152;5;3;58;17;
234617032;869;512;3;874;1;354;1;2;354;7;2;0;0;9;345;60;0;214;1;5;52;13;
234617033;570;351;1;217;1;218;1;3;218;0;1;0;0;1;217;62;0;107;1;3;33;11;
234617034;849;597;14;853;5;238;5;0;238;8;0;6;0;14;224;22;0;155;2;2;37;6;
234617035;961;655;0;968;7;306;2;0;306;0;2;8;0;10;296;32;7;207;1;5;33;11;
234617036;70;54;0;49;0;16;0;6;16;0;0;0;0;0;16;2;0;8;0;0;6;0;
234617038;1085;586;0;1314;0;499;0;3;499;1;8;0;0;9;490;131;1;262;2;6;64;24;
234617039;1174;773;0;1174;0;401;0;0;401;0;3;0;0;3;398;119;1;194;2;4;57;21;
234617040;702;429;2;706;3;271;1;2;271;5;4;0;0;9;262;75;3;137;1;3;28;15;
234617041;1200;704;0;1182;19;496;19;15;496;1;4;1;0;6;490;124;3;266;1;6;66;24;
234617042;958;606;0;966;0;352;0;4;352;1;13;1;0;15;337;100;1;164;1;2;50;19;
234617043;632;357;0;644;6;275;6;3;275;4;0;0;0;4;271;95;3;137;0;3;21;12;
234617044;625;410;0;628;0;215;0;5;215;0;3;0;0;3;212;52;2;125;4;0;23;6;
234617045;735;431;2;743;2;302;2;5;302;4;1;0;0;5;297;63;3;178;0;1;40;12;
234617046;424;215;0;427;2;209;2;0;209;3;4;0;0;7;202;39;0;127;1;2;21;12;
234617047;637;384;0;638;0;253;0;0;253;0;7;0;0;7;246;60;1;128;5;3;35;14;
234617048;659;371;0;662;0;288;0;0;288;0;2;0;0;2;286;68;3;165;0;4;30;16;
234617049;651;337;7;652;0;307;0;0;307;0;7;0;0;7;300;76;2;172;0;3;32;15;
234617050;647;353;0;651;0;294;0;0;294;2;4;4;0;10;284;59;2;176;3;5;32;7;
234617051;628;385;0;628;1;243;1;0;243;1;3;0;0;4;239;50;2;148;1;2;26;10;
234617052;892;490;0;913;0;402;0;6;402;4;4;0;1;9;393;109;4;225;3;2;38;12;
234617053;718;411;2;722;0;305;0;4;305;0;4;1;0;5;300;78;2;161;1;5;43;10;
234617054;547;394;0;551;0;153;0;1;153;0;5;0;0;5;148;24;1;77;1;1;39;5;
234623001;630;419;0;636;0;211;0;2;211;1;2;0;0;3;208;10;0;166;1;0;30;1;
234623002;450;297;0;461;0;153;0;1;153;1;1;0;0;2;151;27;0;99;4;1;19;1;
234623003;970;674;0;985;0;296;0;0;296;1;3;2;0;6;290;23;1;173;2;3;68;20;
234623004;650;427;1;852;0;222;0;0;222;2;0;4;0;6;216;27;2;133;1;3;49;1;
234623005;780;573;0;784;1;207;1;0;207;4;1;0;0;5;202;16;1;122;0;2;53;8;
234623006;930;696;0;937;0;234;0;0;234;1;4;0;0;5;229;19;2;155;1;4;42;6;
234623008;580;400;0;594;0;180;0;4;180;3;4;0;0;7;173;22;0;110;3;0;30;8;
234623009;690;439;0;703;0;251;0;5;251;3;3;0;0;6;245;28;0;141;1;4;59;12;
234623010;780;546;3;785;0;231;0;0;231;3;3;1;0;7;224;38;2;147;4;2;23;8;
234623011;690;493;0;695;0;197;0;1;197;0;3;5;0;8;189;32;0;104;0;7;36;10;
234623012;659;417;9;658;2;233;2;0;233;2;4;3;0;9;224;44;1;142;2;3;27;5;
234623013;640;424;2;649;0;214;0;3;214;3;1;1;0;5;209;44;1;125;1;2;29;7;
234623014;570;387;0;573;1;183;1;2;183;1;2;5;0;8;175;27;4;93;3;2;34;12;
234623015;530;346;0;545;0;184;0;2;184;3;0;3;0;6;178;35;0;84;1;2;46;10;
234623016;470;323;0;476;0;147;0;0;147;0;7;0;0;7;140;10;0;78;1;2;42;7;
234623017;780;510;0;794;0;270;0;0;270;0;7;1;0;8;262;40;2;155;2;2;46;15;
234623019;870;610;2;882;0;258;0;2;258;1;3;1;0;5;253;64;2;110;2;3;63;9;
234623020;860;562;0;872;0;298;0;1;298;3;6;2;0;11;287;43;1;144;3;3;77;16;
234623021;730;422;0;742;4;308;4;0;308;1;8;0;0;9;299;40;1;164;2;4;82;6;
234623022;560;294;0;567;1;266;1;0;266;0;0;0;0;0;266;50;2;146;4;3;48;13;
234623023;520;339;0;520;0;181;0;0;181;2;8;0;0;10;171;10;1;109;2;4;43;2;
234623024;520;340;0;520;0;180;0;1;180;0;6;0;0;6;174;24;0;109;5;1;29;6;
234623025;910;552;11;922;3;347;3;3;347;2;8;0;1;11;336;79;0;160;3;4;74;16;
234623026;940;605;1;946;0;334;0;1;334;2;6;0;0;8;326;55;0;140;0;1;107;23;
234623027;750;482;0;754;1;268;1;1;268;1;0;4;0;5;263;46;0;135;2;4;55;21;
234623028;670;440;0;687;0;230;0;5;230;0;2;0;0;2;228;74;1;95;4;0;45;9;
234623029;570;389;0;575;1;181;1;0;181;1;7;0;0;8;173;12;1;96;2;2;53;7;
234623030;740;531;0;748;1;209;1;0;209;1;5;1;0;7;202;25;0;124;2;2;43;6;
234623031;85;45;0;89;0;40;0;0;40;0;0;0;0;0;40;2;3;21;0;0;10;4;
244601001;600;355;0;672;6;245;6;7;245;2;3;0;0;5;240;65;2;145;2;0;23;3;
244601002;600;249;3;738;3;348;3;0;348;4;0;0;3;7;341;153;5;122;1;3;43;14;
244601003;600;282;1;722;4;317;4;0;317;8;0;0;1;9;308;153;0;96;1;2;38;18;
244601004;800;407;3;774;6;390;6;39;390;1;11;0;0;12;378;178;2;138;0;1;34;25;
244601005;600;254;0;813;1;346;1;1;346;1;4;0;0;5;341;185;0;98;0;4;36;18;
244601006;600;278;2;712;1;320;1;3;320;0;6;0;0;6;314;147;6;98;0;5;38;20;
244601007;600;300;0;799;0;300;0;0;300;1;2;0;0;3;297;135;2;104;1;4;38;13;
244601008;600;274;1;673;2;325;2;2;325;1;0;7;0;8;317;168;1;100;0;8;27;13;
244601009;800;421;0;876;12;379;12;5;379;2;1;0;0;3;376;177;0;149;1;2;34;13;
244601010;800;441;0;799;26;359;26;12;359;3;1;0;0;4;355;147;3;142;4;3;42;14;
244601011;800;402;2;858;3;396;3;18;396;9;3;0;0;12;384;162;3;179;1;0;19;20;
244601012;800;423;2;811;2;375;2;2;375;6;1;0;0;7;368;170;1;133;1;6;39;18;
244601013;792;437;3;832;1;352;1;3;352;3;4;0;0;7;345;166;2;133;0;1;33;10;
244601014;600;214;1;795;1;385;1;6;385;0;7;0;0;7;378;166;1;164;1;5;32;9;
244601015;600;324;0;589;1;276;1;2;276;1;2;0;0;3;273;125;0;103;0;2;29;14;
244601016;600;224;0;790;1;376;1;5;376;1;4;0;0;5;371;158;3;146;2;5;43;14;
244601017;500;259;1;549;1;240;1;1;240;2;8;2;0;12;228;108;2;81;1;1;26;9;
244601018;600;264;0;744;0;336;0;3;336;4;0;2;0;6;330;156;1;125;0;4;36;8;
244601019;600;244;5;788;1;351;1;0;351;0;4;1;0;5;346;145;2;149;0;4;35;11;
244601020;600;304;4;717;1;292;1;4;292;1;4;0;0;5;287;153;0;94;2;0;31;7;
244601021;800;421;0;763;10;379;10;10;379;0;3;4;0;7;372;159;3;146;0;5;35;24;
244601022;800;388;0;834;0;412;0;0;412;5;0;0;0;5;407;170;3;171;4;5;39;15;
244601023;600;333;2;623;1;265;1;2;265;0;1;0;0;1;264;128;1;92;1;2;32;8;
244601024;600;298;2;669;2;300;2;0;300;0;5;0;0;5;295;134;1;105;0;3;41;11;
244601025;600;321;0;615;2;279;2;4;279;5;0;0;0;5;274;98;4;141;1;4;21;5;
244601026;600;267;0;348;0;333;0;1;333;3;1;0;0;4;329;156;2;127;1;4;25;14;
244601027;600;280;2;689;1;318;1;0;318;3;0;0;0;3;315;155;0;104;3;3;31;19;
244601028;800;429;0;969;11;371;11;0;371;3;4;0;0;7;364;148;4;159;0;9;29;15;
244601029;800;442;1;801;8;357;8;0;357;0;9;0;0;9;348;163;7;120;1;3;44;10;
244601030;600;254;2;749;1;344;1;5;344;3;8;0;0;11;333;139;1;142;0;3;40;8;
244601031;600;300;10;570;3;290;3;0;290;2;8;0;0;10;280;123;2;110;0;4;30;11;
244601032;600;210;2;755;4;388;4;4;388;5;6;0;0;11;377;173;2;151;0;0;33;18;
244601033;600;239;1;767;3;360;3;0;360;0;7;0;0;7;353;171;10;134;2;1;20;15;
244601034;600;344;0;682;1;256;1;5;256;0;2;3;0;5;251;132;2;71;2;1;35;8;
244601035;600;276;1;718;5;323;5;4;323;4;6;0;0;10;313;147;0;94;1;4;36;31;
244601036;800;411;1;832;5;388;5;6;388;2;7;0;0;9;379;195;1;121;0;5;44;13;
244601037;800;362;1;873;5;437;5;3;437;1;7;1;0;9;428;226;3;126;1;5;42;25;
244601038;600;220;5;811;3;375;3;2;375;4;5;1;0;10;365;203;1;102;3;3;32;21;
244601039;600;196;5;811;8;399;8;0;399;0;3;0;0;3;396;166;4;146;0;3;43;34;
244601040;600;293;0;671;3;307;3;2;307;2;0;0;0;2;305;131;1;131;2;5;21;14;
244601041;808;370;9;832;1;429;1;0;429;9;0;0;0;9;420;81;8;271;2;8;33;17;
244601042;600;206;0;719;0;394;0;0;394;8;0;0;0;8;386;105;3;231;0;1;35;11;
244601043;161;123;1;63;0;37;0;0;37;0;0;2;0;2;35;7;0;27;0;0;1;0;
244601044;100;25;0;87;0;75;0;5;75;0;0;0;0;0;75;18;1;37;1;0;12;6;
244603001;400;240;0;452;5;160;5;3;160;0;2;0;0;2;158;60;0;68;1;2;24;3;
244603002;500;282;0;619;1;218;1;0;218;1;0;0;0;1;217;61;0;111;0;2;32;11;
244603003;400;211;3;524;7;186;7;4;186;0;2;1;0;3;183;58;0;85;0;5;26;9;
244603004;800;502;0;923;8;298;8;0;298;3;3;0;0;6;292;93;0;134;1;2;48;14;
244603006;1000;626;0;1392;5;374;5;0;374;1;2;0;0;3;371;110;3;195;1;1;46;15;
244603008;600;439;0;756;1;161;1;0;161;0;1;0;0;1;160;60;0;67;0;1;22;10;
244603009;700;412;4;897;1;284;1;0;284;4;0;0;0;4;280;57;1;160;7;4;34;17;
244603011;600;406;0;719;5;194;5;0;194;7;0;0;0;7;187;67;0;74;0;3;34;9;
244603012;800;525;3;998;2;272;2;0;272;1;5;3;0;9;263;81;1;128;0;2;42;9;
244603014;600;366;0;798;1;234;1;3;234;2;1;0;0;3;231;102;4;68;2;4;41;10;
244603016;400;244;0;453;0;156;0;7;156;0;0;0;0;0;156;51;3;70;3;2;21;6;
244603017;400;242;0;544;1;158;1;6;158;1;0;3;0;4;154;41;0;74;1;2;30;6;
244603018;1000;655;0;1054;6;345;6;7;345;1;3;7;0;11;334;115;0;143;0;5;54;17;
244603020;400;236;0;535;4;164;4;11;164;1;2;0;0;3;161;50;0;72;0;2;35;2;
244603021;400;247;0;676;7;153;7;5;153;0;0;0;0;0;153;53;1;55;1;2;35;6;
244603022;600;329;0;746;0;271;0;5;271;1;10;0;0;11;260;82;0;108;1;5;53;11;
244603024;600;313;0;815;1;287;1;3;287;3;0;0;0;3;284;93;0;127;1;2;40;21;
244603025;600;340;0;742;4;260;4;6;260;2;6;0;1;9;251;71;1;130;0;0;41;8;
244603026;800;507;2;934;1;291;1;5;291;0;3;0;0;3;288;98;1;124;2;3;45;15;
244603028;600;312;0;872;0;288;0;3;288;6;0;0;0;6;282;93;0;106;4;4;54;21;
244603031;400;268;1;492;1;131;1;0;131;6;0;0;0;6;125;29;0;61;0;0;29;6;
244603032;400;248;0;546;0;152;0;0;152;0;1;0;0;1;151;49;2;49;2;3;34;12;
244603034;654;392;0;658;0;262;0;3;262;2;1;0;0;3;259;72;0;132;1;3;33;18;
244603035;400;155;0;597;1;245;1;0;245;3;0;0;0;3;242;57;0;129;2;3;38;13;
244603036;600;239;3;775;1;358;1;0;358;4;0;0;0;4;354;90;4;188;4;4;56;8;
244603037;800;448;0;938;6;352;6;0;352;1;4;6;0;11;341;69;2;181;2;1;68;18;
244603038;600;295;2;806;5;303;5;0;303;3;0;0;0;3;300;70;3;161;2;4;49;11;
244603039;200;66;3;331;4;131;4;4;131;1;1;0;0;2;129;37;0;64;0;1;17;10;
244603040;200;61;2;350;4;137;4;0;137;0;5;0;0;5;132;33;0;66;0;0;28;5;
244603041;600;313;0;715;0;287;0;0;287;5;3;0;0;8;279;73;0;145;1;1;42;17;
244603042;800;423;0;839;3;377;3;5;377;1;1;0;0;2;375;89;3;215;1;0;55;12;
244603043;800;508;0;835;3;292;3;5;292;0;2;0;0;2;290;59;0;159;3;2;45;22;
244603044;600;318;0;729;7;282;7;4;282;0;2;0;0;2;280;75;4;145;0;2;39;15;
244603045;800;506;0;864;0;294;0;8;294;6;6;0;1;13;281;66;4;150;2;1;45;13;
244603046;800;442;0;904;0;358;0;7;358;8;0;0;0;8;350;77;9;202;1;5;41;15;
244603047;600;351;0;751;0;249;0;2;249;0;1;0;0;1;248;78;2;101;0;0;52;15;
244603048;800;523;0;827;0;277;0;4;277;0;15;0;0;15;262;65;1;126;1;1;56;12;
244603050;600;342;2;744;6;256;6;2;256;4;4;4;0;12;244;50;2;142;1;1;31;17;
244603052;600;369;1;605;0;230;0;2;230;0;2;0;0;2;228;80;0;106;1;0;29;12;
244603053;800;498;0;861;4;302;4;4;302;6;2;0;1;9;293;60;4;174;0;4;34;17;
244603054;400;224;0;510;1;176;1;24;176;1;4;0;0;5;171;21;1;107;0;2;33;7;
244603055;600;297;6;776;2;297;2;2;297;3;0;9;0;12;285;73;5;144;1;5;36;21;
244603056;600;338;0;663;0;262;0;0;262;1;4;0;0;5;257;62;0;147;0;2;35;11;
244603057;600;304;0;767;3;296;3;1;296;2;4;0;0;6;290;60;0;161;1;1;50;17;
244603058;400;154;8;552;1;238;1;0;238;0;3;4;0;7;231;45;0;119;2;2;46;17;
244603059;600;321;1;634;0;278;0;4;278;4;0;1;0;5;273;49;3;173;1;0;39;8;
244603060;600;339;0;603;0;261;0;1;261;3;4;0;0;7;254;44;2;149;1;2;43;13;
244603061;400;130;0;562;1;270;1;0;270;5;1;0;0;6;264;52;1;141;1;3;58;8;
244603062;600;376;0;650;5;224;5;0;224;3;0;4;0;7;217;39;2;125;0;3;34;14;
244603063;600;349;0;685;0;251;0;3;251;2;2;7;0;11;240;41;5;135;1;2;43;13;
244603064;600;318;1;736;1;281;1;7;281;4;0;0;0;4;277;59;1;152;3;3;50;9;
244604001;850;623;1;882;3;226;3;2;226;0;2;0;0;2;224;36;6;152;2;3;17;8;
244604002;600;349;0;648;7;251;7;3;251;0;2;4;0;6;245;96;1;112;0;0;25;11;
244604003;450;279;0;479;0;171;0;3;171;2;3;0;0;5;166;76;0;53;0;1;23;13;
244604004;350;197;0;359;1;153;1;10;153;1;0;0;0;1;152;58;0;62;0;4;24;4;
244604005;450;267;0;443;0;183;0;3;183;1;4;2;0;7;176;46;6;100;0;1;14;9;
244604006;350;187;0;374;0;163;0;3;163;0;0;0;0;0;163;42;4;92;0;5;10;10;
244604007;550;356;2;582;0;192;0;2;192;2;4;0;0;6;186;55;0;81;0;1;42;7;
244604008;500;278;2;522;6;220;6;3;220;1;0;0;0;1;219;83;2;89;1;5;24;15;
244604009;425;191;0;518;5;234;5;3;234;1;8;0;0;9;225;75;0;87;0;2;45;16;
244604010;450;290;0;458;1;160;1;5;160;1;2;1;0;4;156;67;0;65;1;0;16;7;
244604011;350;235;0;360;0;115;0;3;115;1;2;0;0;3;112;50;1;31;0;2;22;6;
244604012;600;350;0;639;6;250;6;3;250;7;0;0;0;7;243;55;2;120;0;2;51;13;
244604013;650;384;1;670;0;265;0;0;265;4;1;1;0;6;259;64;0;149;0;1;34;11;
244604016;700;384;1;753;5;315;5;5;315;4;5;0;0;9;306;127;1;125;1;4;36;12;
244604018;850;451;0;873;4;399;4;0;399;0;2;0;0;2;397;106;9;225;2;3;43;9;
244604020;400;232;2;447;0;166;0;3;166;0;1;0;0;1;165;63;0;59;0;1;29;13;
244604021;400;213;1;443;4;186;4;3;186;2;2;1;0;5;181;69;2;80;0;0;25;5;
244604022;550;303;2;565;0;245;0;0;245;0;6;0;0;6;239;82;3;102;1;4;37;10;
244604023;600;295;0;626;0;305;0;2;305;7;4;0;0;11;294;123;3;115;1;4;33;15;
244604024;500;299;0;521;1;201;1;0;201;2;0;0;0;2;199;82;2;81;3;0;18;13;
244604025;550;272;2;601;3;276;3;17;276;4;2;0;0;6;270;74;3;148;0;3;31;11;
244604027;650;325;0;695;7;325;7;0;325;0;5;0;0;5;320;112;2;153;0;2;34;17;
244604028;600;295;1;620;6;304;6;0;304;6;0;0;0;6;298;128;2;120;0;4;30;14;
244604029;600;327;0;626;1;273;1;4;273;1;2;1;0;4;269;91;1;122;0;7;29;19;
244604030;550;303;0;566;5;247;5;0;247;0;0;0;0;0;247;73;2;132;0;0;30;10;
244604031;350;169;2;366;1;179;1;2;179;2;0;0;0;2;177;53;1;96;1;1;19;6;
244604032;100;22;0;78;0;78;0;0;78;4;1;0;0;5;73;8;0;49;1;0;12;3;
244604033;650;339;2;666;5;309;5;0;309;0;2;4;0;6;303;101;8;161;1;2;20;10;
244604034;600;302;0;644;0;298;0;0;298;0;4;2;0;6;292;136;6;117;1;4;25;3;
244604035;450;215;0;488;10;235;10;4;235;2;2;1;0;5;230;97;2;107;0;4;17;3;
244604036;600;279;7;635;6;314;6;0;314;0;6;0;0;6;308;140;4;126;1;2;25;10;
244604037;400;175;1;447;2;224;2;3;224;2;1;0;0;3;221;73;2;117;1;5;18;5;
244604038;450;212;1;482;1;237;1;1;237;1;1;0;0;2;235;119;2;85;1;3;15;10;
244604039;500;220;0;539;5;280;5;22;280;3;0;5;0;8;272;133;1;102;1;6;19;10;
244604040;450;236;0;474;2;214;2;1;214;1;0;0;0;1;213;103;2;81;1;5;17;4;
244604042;500;260;1;532;0;239;0;4;239;0;6;0;0;6;233;91;4;114;4;0;16;4;
244604043;500;246;2;523;0;252;0;1;252;0;5;0;0;5;247;87;4;110;3;1;28;14;
244604044;550;256;0;586;7;294;7;0;294;7;0;0;0;7;287;136;0;87;3;5;34;22;
244604045;900;514;0;955;2;386;2;4;386;3;0;0;0;3;383;127;1;196;0;8;38;13;
244604046;650;327;2;695;1;321;1;3;321;1;4;3;1;9;312;117;3;149;1;2;33;7;
244604047;600;301;0;605;1;299;1;3;299;3;1;0;0;4;295;107;1;137;2;4;30;14;
244604049;650;301;0;660;4;349;4;7;349;2;0;10;0;12;337;70;3;213;6;2;33;10;
244604050;350;200;0;369;0;150;0;2;150;2;1;1;0;4;146;29;1;89;1;0;22;4;
244604051;700;346;0;737;1;354;1;0;354;5;2;0;0;7;347;175;4;120;3;3;24;18;
244604053;650;337;0;695;4;313;4;7;313;2;5;0;0;7;306;138;2;120;0;2;22;22;
244604054;500;236;3;584;16;261;16;29;261;1;1;0;0;2;259;81;1;133;1;2;27;14;
244604055;850;510;0;893;2;340;2;0;340;1;4;0;0;5;335;122;2;150;1;3;41;16;
244604056;450;259;1;479;0;190;0;9;190;0;4;0;0;4;186;41;0;113;1;2;16;13;
244604057;700;399;2;708;0;299;0;0;299;0;6;0;0;6;293;97;4;139;2;4;34;13;
244604058;400;215;3;442;0;182;0;0;182;1;3;0;0;4;178;50;2;89;5;1;27;4;
244605001;300;102;0;475;0;198;0;3;198;1;0;0;0;1;197;66;2;95;1;2;29;2;
244605002;300;106;0;507;3;194;3;0;194;1;3;0;0;4;190;46;0;111;1;2;22;8;
244605003;300;98;1;523;0;201;0;0;201;0;5;0;0;5;196;48;1;99;2;2;36;8;
244605004;300;103;0;481;3;197;3;0;197;0;6;0;0;6;191;52;0;94;1;6;29;9;
244605005;400;169;0;638;5;231;5;2;231;2;4;0;1;7;224;51;4;107;2;5;40;15;
244605006;300;114;0;503;1;186;1;0;186;0;1;0;0;1;185;58;0;85;2;4;21;15;
244605007;400;189;0;594;6;211;6;0;211;2;0;0;0;2;209;60;2;107;1;2;28;9;
244605008;450;185;0;708;0;265;0;0;265;3;3;2;0;8;257;91;3;112;1;0;45;5;
244605009;550;206;0;933;2;344;2;0;344;2;3;5;1;11;333;107;1;151;1;5;59;9;
244605010;400;172;0;664;3;228;3;10;228;1;1;0;0;2;226;80;0;98;1;1;29;17;
244605011;300;114;0;453;4;186;4;7;186;0;2;1;0;3;183;62;1;85;0;1;27;7;
244605012;500;136;3;797;0;361;0;3;361;0;1;0;0;1;360;107;1;189;4;4;36;19;
244605013;400;161;1;593;0;238;0;0;238;1;1;1;0;3;235;67;3;119;2;2;26;16;
244605014;450;112;0;778;3;338;3;0;338;4;3;0;0;7;331;68;4;195;1;2;48;13;
244605015;450;144;0;726;0;306;0;2;306;0;2;0;0;2;304;77;3;153;2;2;55;12;
244605016;500;136;0;851;0;364;0;4;364;4;6;0;0;10;354;86;1;197;2;6;39;23;
244605017;500;109;0;883;0;391;0;14;391;1;4;0;0;5;386;72;2;230;2;4;61;15;
244605018;450;188;0;748;3;262;3;0;262;4;4;3;0;11;251;49;1;127;3;2;48;21;
244605019;500;222;0;843;6;278;6;1;278;0;11;0;0;11;267;66;0;145;3;3;42;8;
244605020;300;152;0;445;5;148;5;0;148;3;0;0;0;3;145;18;2;93;0;0;26;6;
244605021;350;122;0;571;4;228;4;4;228;4;7;0;0;11;217;54;3;110;1;0;41;8;
244605022;250;97;1;397;0;152;0;0;152;0;3;0;0;3;149;36;0;75;2;1;28;7;
244605023;350;84;0;575;0;266;0;4;266;2;3;0;0;5;261;65;0;122;2;2;54;16;
244605024;350;219;0;588;0;131;0;0;131;1;0;0;0;1;130;13;1;73;0;0;39;4;
244605025;500;200;0;746;8;300;8;0;300;3;6;0;0;9;291;57;2;168;5;2;41;16;
244605026;300;68;2;502;7;230;7;6;230;1;11;0;0;12;218;25;1;130;5;4;48;5;
244605027;500;189;0;774;0;311;0;4;311;2;5;7;0;14;297;56;1;165;3;3;50;19;
244605028;500;199;0;800;4;301;4;0;301;1;4;0;0;5;296;34;3;199;0;2;38;20;
244605029;400;149;0;662;4;251;4;0;251;2;1;4;0;7;244;32;4;159;0;3;35;11;
244605030;500;171;0;839;0;329;0;4;329;1;5;11;0;17;312;33;2;195;0;2;64;16;
244605031;566;354;0;603;0;212;0;0;212;1;1;1;0;3;209;23;2;133;3;1;40;7;
244605032;450;252;0;584;0;198;0;0;198;1;2;0;0;3;195;22;0;140;0;1;27;5;
244605033;325;143;0;529;0;182;0;0;182;1;2;0;0;3;179;29;1;103;2;2;30;12;
244605034;450;148;0;724;0;302;0;2;302;6;0;0;0;6;296;48;1;187;2;0;52;6;
244605035;250;116;0;378;1;134;1;4;134;2;0;0;0;2;132;17;0;78;5;1;25;6;
244605036;450;216;0;609;0;234;0;0;234;3;3;2;0;8;226;30;2;128;0;3;52;11;
244605037;400;259;0;428;0;141;0;0;141;0;0;0;0;0;141;18;0;90;2;0;21;10;
244605038;400;191;1;654;0;208;0;4;208;2;0;0;0;2;206;22;3;116;3;1;53;8;
244605039;300;101;0;511;2;199;2;0;199;1;1;5;0;7;192;38;0;99;2;1;43;9;
244605040;400;251;0;510;4;149;4;0;149;6;0;0;0;6;143;24;2;76;0;2;35;4;
244605041;450;193;0;257;0;257;0;0;257;1;0;0;0;1;256;39;0;141;2;2;57;15;
244605042;250;89;0;522;0;161;0;1;161;2;3;2;0;7;154;16;0;90;2;2;42;2;
244605043;429;255;0;688;1;174;1;0;174;2;2;0;0;4;170;24;0;110;1;0;30;5;
244605044;600;331;0;935;0;269;0;0;269;2;3;1;1;7;262;17;2;195;5;0;37;6;
244605045;530;319;2;865;0;209;0;0;209;6;0;2;1;9;200;37;0;112;0;0;40;11;
244605046;220;80;0;523;6;140;6;0;140;0;0;0;0;0;140;22;1;76;2;1;29;9;
244605047;350;176;0;566;0;174;0;5;174;0;3;0;0;3;171;26;1;114;1;3;14;12;
244605048;400;180;0;630;0;220;0;0;220;0;1;0;0;1;219;19;0;157;0;1;39;3;
244605049;450;282;0;706;0;168;0;0;168;0;2;0;0;2;166;32;2;87;0;0;36;9;
244605050;488;220;0;786;0;268;0;0;268;1;0;0;0;1;267;39;0;146;9;4;55;14;
244605051;400;194;1;618;0;205;0;4;205;6;2;0;0;8;197;34;1;104;0;2;46;10;
244605052;300;182;0;411;0;118;0;5;118;1;0;3;0;4;114;27;1;50;0;1;26;9;
244605053;350;203;0;499;0;147;0;3;147;0;1;4;0;5;142;23;1;74;2;2;30;10;
244605054;450;204;0;701;0;246;0;2;246;2;7;0;0;9;237;57;3;117;0;1;50;9;
244605055;341;188;0;520;0;153;0;0;153;1;0;0;0;1;152;38;1;79;0;0;25;9;
244605056;400;190;0;525;1;210;1;7;210;1;7;0;0;8;202;64;1;89;1;2;34;11;
244605057;500;251;0;698;0;249;0;2;249;2;6;0;0;8;241;64;2;130;0;1;36;8;
244605058;450;223;0;821;3;227;3;0;227;0;1;0;0;1;226;26;0;141;2;0;48;9;
244605059;447;237;0;747;4;210;4;0;210;2;0;9;0;11;199;14;0;130;0;1;45;9;
244605060;550;276;0;872;0;274;0;2;274;0;0;8;0;8;266;22;0;192;0;2;42;8;
244605061;898;622;0;898;2;276;2;0;276;2;6;10;0;18;258;38;0;171;2;2;40;5;
244605062;143;111;0;131;0;32;0;4;32;1;0;0;0;1;31;5;0;19;0;1;4;2;
244605063;100;46;0;94;5;54;5;5;54;0;0;0;0;0;54;3;0;39;1;1;9;1;
244605064;143;70;0;101;0;73;0;4;73;0;1;6;0;7;66;6;0;44;1;0;13;2;
244605065;428;144;0;367;0;284;0;0;284;12;12;0;0;24;260;28;6;150;7;8;55;6;
244605066;100;33;0;78;0;67;0;0;67;2;0;0;0;2;65;5;0;36;0;1;22;1;
244606001;650;427;0;695;4;223;4;6;223;0;6;0;0;6;217;56;2;108;0;4;31;16;
244606002;835;578;2;839;0;255;0;5;255;0;1;4;1;6;249;58;2;135;1;1;46;6;
244606003;900;585;0;926;7;315;7;6;315;3;3;0;0;6;309;51;2;170;0;1;64;21;
244606004;950;562;2;954;0;386;0;5;386;1;4;0;0;5;381;78;2;232;1;4;41;23;
244606005;850;515;0;883;0;335;0;4;335;8;3;3;0;14;321;55;4;189;2;4;52;15;
244606006;750;441;0;767;2;309;2;0;309;10;0;0;0;10;299;47;1;202;0;2;36;11;
244606007;750;433;1;802;1;316;1;0;316;1;0;1;0;2;314;45;1;213;1;3;42;9;
244606008;950;608;2;974;7;340;7;3;340;2;16;1;0;19;321;49;3;206;4;3;40;16;
244606009;1000;683;0;1003;0;317;0;2;317;7;1;2;0;10;307;58;2;180;0;5;53;9;
244606010;900;637;0;908;0;263;0;1;263;0;4;1;0;5;258;44;1;152;0;2;43;16;
244606011;900;617;0;907;5;283;5;0;283;2;6;4;0;12;271;59;1;139;2;3;65;2;
244606012;800;524;1;825;0;275;0;3;275;0;3;4;0;7;268;39;1;183;1;0;34;10;
244606013;750;517;0;746;0;233;0;2;233;2;1;0;0;3;230;35;2;156;1;0;30;6;
244606014;850;632;2;891;0;216;0;1;216;3;2;1;0;6;210;24;0;130;0;2;41;13;
244606015;600;412;0;620;0;188;0;17;188;1;2;2;0;5;183;21;0;132;0;1;23;6;
244606016;700;435;1;695;5;264;5;0;264;2;5;8;0;15;249;37;4;136;0;3;50;19;
244606017;900;601;1;926;0;298;0;0;298;1;7;0;0;8;290;34;3;168;2;1;63;19;
244606018;950;600;0;941;6;350;6;4;350;1;0;2;0;3;347;71;5;189;1;3;59;19;
244606019;850;568;0;859;4;282;4;0;282;12;0;0;0;12;270;38;0;170;1;1;47;13;
244606020;950;643;0;943;3;307;3;3;307;1;5;1;0;7;300;62;4;157;2;4;56;15;
244606021;750;487;1;774;3;262;3;0;262;0;3;0;0;3;259;49;2;155;1;2;38;12;
244606022;650;398;7;671;0;245;0;9;245;1;3;0;0;4;241;46;0;145;2;1;36;11;
244606023;850;565;1;876;0;284;0;3;284;1;1;2;0;4;280;37;3;157;5;1;57;20;
244606024;900;568;1;910;0;331;0;5;331;0;3;0;0;3;328;72;1;175;4;2;69;5;
244606025;900;573;0;929;2;327;2;1;327;0;4;0;0;4;323;71;2;155;4;6;64;21;
244606026;850;596;3;881;2;251;2;0;251;2;0;0;0;2;249;49;3;123;1;3;60;10;
244606027;950;599;1;972;0;350;0;2;350;0;3;0;0;3;347;76;2;190;3;7;53;16;
244606028;900;600;1;935;0;299;0;2;299;6;0;0;0;6;293;69;3;148;2;4;53;14;
244606029;1000;680;2;318;0;318;0;17;318;2;3;4;0;9;309;73;1;151;0;4;55;25;
244606030;850;583;14;853;0;253;0;1;253;2;4;6;0;12;241;52;1;127;1;3;42;15;
244606031;950;607;0;945;0;343;0;4;343;0;5;0;0;5;338;75;5;173;1;8;61;15;
244606032;950;588;0;953;1;362;1;1;362;2;4;0;0;6;356;62;6;216;2;5;47;18;
244606033;900;544;1;898;5;355;5;0;355;3;1;0;0;4;351;48;2;239;0;3;45;14;
244606034;950;650;2;938;2;298;2;0;298;4;3;0;2;9;289;40;1;186;1;3;47;11;
244606035;750;494;1;794;1;255;1;4;255;7;0;1;0;8;247;61;0;129;0;2;46;9;
244606036;950;660;0;943;2;290;2;1;290;4;7;3;0;14;276;62;1;165;0;2;34;12;
244606037;750;514;1;782;0;235;0;3;235;5;3;2;0;10;225;38;0;130;2;0;46;9;
244606038;850;569;0;933;1;281;1;2;281;1;4;0;0;5;276;57;3;155;1;4;41;15;
244606039;700;389;6;805;0;305;0;7;305;1;3;2;0;6;299;66;3;179;0;5;32;14;
244606040;900;556;0;965;3;344;3;1;344;1;0;0;0;1;343;64;3;175;2;3;80;16;
244606041;900;565;3;983;3;332;3;4;332;0;9;0;0;9;323;67;2;177;0;3;51;23;
244606042;850;544;3;906;0;303;0;5;303;1;0;2;0;3;300;60;2;160;1;1;61;15;
244606043;1000;700;0;300;4;300;4;2;300;0;7;0;0;7;293;73;2;146;2;2;56;12;
244606044;850;522;0;931;0;328;0;0;328;5;8;0;0;13;315;33;3;207;3;1;51;17;
244606045;850;505;0;902;0;345;0;0;345;1;4;0;0;5;340;64;0;181;0;2;65;28;
244606046;800;506;0;884;4;294;4;0;294;0;5;1;0;6;288;53;0;164;3;4;52;12;
244606047;800;479;2;869;1;319;1;1;319;1;0;3;0;4;315;73;5;173;3;4;46;11;
244606048;800;464;2;888;0;334;0;2;334;0;3;0;0;3;331;63;1;186;4;1;52;24;
244606049;800;507;0;851;1;293;1;0;293;0;6;1;0;7;286;51;2;177;1;3;40;12;
244606050;800;490;0;868;2;310;2;5;310;3;0;0;0;3;307;51;0;186;0;1;50;19;
244606051;500;379;2;558;3;119;3;22;119;5;0;0;0;5;114;4;1;86;2;1;19;1;
244606052;850;635;0;961;0;215;0;2;215;2;2;5;0;9;206;34;1;112;1;1;39;18;
244606053;800;546;0;855;0;254;0;5;254;0;0;0;0;0;254;26;1;155;1;3;52;16;
244606054;700;502;0;754;1;198;1;4;198;1;2;0;0;3;195;28;0;113;1;5;39;9;
244606055;750;510;1;820;0;239;0;5;239;3;5;0;0;8;231;30;2;125;1;4;61;8;
244606056;400;226;0;174;2;174;2;16;174;1;2;0;0;3;171;31;0;97;1;3;32;7;
244606057;650;453;0;731;0;197;0;4;197;1;3;0;0;4;193;30;2;93;1;1;49;17;
244606058;900;552;1;961;0;347;0;3;347;10;3;0;0;13;334;50;0;193;1;2;67;21;
244606059;900;667;0;983;4;233;4;0;233;0;6;2;0;8;225;29;3;128;5;4;50;6;
244606060;900;589;0;959;0;311;0;2;311;8;3;0;0;11;300;57;3;144;0;2;76;18;
244606061;500;319;1;559;0;180;0;4;180;5;0;0;0;5;175;13;1;118;3;1;28;11;
244606062;750;514;0;825;0;236;0;2;236;0;1;0;0;1;235;41;0;147;1;1;37;8;
244606063;795;564;0;872;0;231;0;0;231;0;0;0;0;0;231;45;0;119;1;4;48;14;
244606064;700;457;3;765;0;240;0;0;240;1;0;0;1;2;238;43;2;126;3;1;54;9;
244606065;750;537;0;835;2;213;2;0;213;0;0;0;0;0;213;36;3;95;3;2;51;23;
244606066;800;558;0;840;1;242;1;1;242;5;0;0;0;5;237;40;2;127;1;6;46;15;
244606067;750;538;1;817;1;211;1;0;211;0;4;0;0;4;207;28;4;131;1;3;28;12;
244606068;900;561;2;1010;3;337;3;0;337;2;2;0;0;4;333;46;7;210;1;1;54;14;
244606069;712;486;0;754;0;226;0;2;226;3;1;4;1;9;217;47;2;107;1;1;52;7;
244606070;800;528;2;901;0;270;0;1;270;1;1;0;0;2;268;30;0;173;2;0;47;16;
244606071;650;444;0;705;3;206;3;0;206;0;3;0;1;4;202;31;1;122;1;1;37;9;
244606072;1000;699;6;295;5;295;5;0;295;1;5;0;0;6;289;29;1;182;2;2;57;16;
244606073;900;624;0;913;1;276;1;0;276;3;2;6;0;11;265;49;1;176;1;4;29;5;
244606074;850;549;0;939;0;301;0;5;301;5;2;1;0;8;293;47;1;178;0;1;53;13;
244606075;600;409;1;675;2;190;2;1;190;0;0;0;0;0;190;12;0;140;2;2;23;11;
244606076;600;406;0;687;0;194;0;11;194;2;6;0;0;8;186;40;0;83;1;3;52;7;
244607001;500;247;0;501;9;253;9;0;253;7;0;0;0;7;246;75;2;135;1;1;23;9;
244607002;500;263;0;475;0;237;0;0;237;2;2;0;0;4;233;43;6;159;0;1;21;3;
244607003;500;280;0;442;6;220;6;1;220;0;3;0;0;3;217;62;3;131;0;0;20;1;
244607004;700;336;3;727;2;361;2;0;361;4;0;0;0;4;357;105;6;185;2;6;40;13;
244607005;800;491;0;795;6;309;6;0;309;1;4;8;1;14;295;66;9;180;0;3;23;14;
244607006;700;350;0;735;7;350;7;1;350;0;7;0;0;7;343;113;3;161;1;5;46;14;
244607007;800;445;1;865;7;354;7;3;354;3;5;0;0;8;346;104;2;165;5;3;53;14;
244607008;500;222;0;553;0;278;0;0;278;1;1;0;0;2;276;64;5;164;0;5;31;7;
244607009;700;412;1;709;2;287;2;7;287;4;0;0;0;4;283;83;2;151;1;0;36;10;
244607010;700;361;0;747;0;339;0;0;339;0;2;1;0;3;336;108;3;195;1;2;18;9;
244607011;500;227;0;539;3;273;3;6;273;3;3;0;0;6;267;56;3;165;0;5;27;11;
244607012;600;346;2;601;0;252;0;0;252;0;2;0;0;2;250;51;2;155;0;6;31;5;
244607013;500;277;1;486;1;222;1;0;222;0;1;0;0;1;221;60;3;107;0;4;32;15;
244607014;699;381;0;686;0;318;0;4;318;2;3;0;0;5;313;92;5;158;0;0;41;17;
244607015;600;313;0;640;8;287;8;0;287;0;1;1;0;2;285;67;0;175;1;1;32;9;
244607016;600;330;1;588;3;269;3;6;269;6;0;0;0;6;263;92;4;128;2;3;24;10;
244607017;700;357;3;746;0;340;0;0;340;0;2;0;0;2;338;122;3;162;1;2;32;16;
244607018;700;377;1;704;0;322;0;0;322;4;4;0;0;8;314;116;3;159;1;0;29;6;
244607019;700;347;0;681;0;353;0;2;353;3;8;0;0;11;342;84;4;196;1;5;42;10;
244607020;700;390;0;706;0;310;0;8;310;1;0;0;0;1;309;65;4;199;1;0;24;16;
244607021;800;470;0;838;2;330;2;2;330;3;1;1;0;5;325;79;2;175;2;4;46;17;
244607022;400;273;1;364;14;126;14;12;126;1;0;0;0;1;125;25;1;64;0;0;26;9;
244607023;600;288;0;611;1;312;1;1;312;1;3;0;0;4;308;24;5;242;6;5;19;7;
244607024;700;428;2;267;3;270;3;5;270;2;3;2;0;7;263;83;3;112;2;3;52;8;
244607025;400;163;1;436;6;236;6;2;236;0;3;0;0;3;233;53;1;135;0;2;32;10;
244607026;800;422;2;849;6;376;6;1;376;6;2;0;0;8;368;128;2;148;4;8;55;23;
244607027;501;300;2;468;1;199;1;3;199;0;3;0;0;3;196;38;1;127;0;1;20;9;
244607028;800;440;0;802;13;360;13;0;360;1;9;3;0;13;347;74;3;205;3;2;37;23;
244607029;500;238;1;574;10;261;10;1;261;0;5;2;0;7;254;80;2;132;1;2;26;11;
244607030;495;240;2;539;2;253;2;1;253;1;2;4;0;7;246;42;3;167;2;3;20;9;
244607031;500;247;0;544;0;253;0;1;253;0;2;0;0;2;251;73;1;120;0;7;39;11;
244607032;600;288;2;668;6;310;6;0;310;2;0;0;0;2;308;65;3;195;1;4;30;10;
244607033;600;332;0;646;0;268;0;0;268;2;4;1;0;7;261;80;4;119;1;5;38;14;
244607034;600;268;0;631;4;332;4;0;332;2;4;0;0;6;326;70;2;207;1;4;33;9;
244607035;600;330;0;606;3;270;3;0;270;2;2;2;0;6;264;81;2;139;3;2;25;12;
244607036;587;307;1;650;14;279;14;6;279;4;3;4;2;13;266;81;1;120;0;3;43;18;
244607037;800;416;0;797;1;384;1;0;384;0;0;4;0;4;380;71;8;244;1;7;36;13;
244607038;400;277;0;368;4;123;4;0;123;2;1;0;0;3;120;40;1;48;1;0;26;4;
244607039;800;502;0;797;0;298;0;2;298;1;5;0;0;6;292;93;2;139;4;4;30;20;
244607040;800;525;0;788;10;275;10;0;275;3;4;2;0;9;266;79;0;140;0;3;34;10;
244607041;800;472;0;839;3;328;3;0;328;2;0;3;0;5;323;74;3;193;1;3;36;13;
244607042;800;499;0;769;2;301;2;2;301;0;7;0;0;7;294;79;0;145;0;4;46;20;
244607043;997;621;0;1018;6;376;6;2;376;3;4;0;0;7;369;90;2;211;1;4;46;15;
244607044;900;549;2;932;2;349;2;2;349;1;2;1;0;4;345;112;2;153;1;2;65;10;
244607045;700;419;1;719;5;280;5;3;280;2;0;0;0;2;278;74;0;134;0;3;45;22;
244607046;750;432;0;751;0;318;0;0;318;0;10;0;0;10;308;49;3;196;0;1;50;9;
244607047;800;486;1;812;4;313;4;3;313;3;1;6;0;10;303;68;6;161;0;6;45;17;
244607048;700;410;0;743;7;290;7;1;290;2;5;0;0;7;283;44;3;178;0;3;40;15;
244607049;800;518;2;773;5;280;5;0;280;3;0;0;0;3;277;48;2;170;2;5;39;11;
244607050;708;452;0;702;1;256;1;0;256;0;0;0;0;0;256;62;0;146;1;0;34;13;
244607051;500;276;0;539;1;224;1;4;224;1;5;1;0;7;217;43;6;109;2;6;45;6;
244607052;699;422;0;765;12;277;12;0;277;0;4;6;0;10;267;43;2;155;2;4;43;18;
244607053;500;296;1;529;7;203;7;2;203;4;0;0;0;4;199;24;2;129;0;2;32;10;
244607054;500;336;3;447;2;161;2;1;161;0;2;0;0;2;159;28;1;103;1;1;21;4;
244607055;600;364;0;675;8;236;8;0;236;0;3;0;0;3;233;58;0;119;1;8;37;10;
244607056;600;400;0;579;0;200;0;0;200;0;1;0;0;1;199;35;1;109;1;2;40;11;
244607057;600;356;0;647;0;244;0;7;244;2;1;0;0;3;241;48;4;148;0;1;29;11;
244607058;585;394;0;585;8;191;8;0;191;5;2;0;0;7;184;32;3;100;0;0;31;18;
244607059;500;287;0;554;9;213;9;0;213;4;1;0;0;5;208;46;0;109;4;0;33;16;
244607060;800;506;0;786;2;294;2;0;294;0;2;0;0;2;292;58;2;172;0;1;37;22;
244607061;398;268;0;439;24;130;24;18;130;0;0;0;1;1;129;17;1;78;1;2;26;4;
244607062;900;648;0;866;0;252;0;1;252;1;2;0;0;3;249;49;2;137;4;2;42;13;
244607063;600;319;0;281;6;281;6;0;281;0;0;0;0;0;281;31;5;202;0;4;27;12;
244607064;500;332;3;425;4;165;4;4;165;1;1;0;0;2;163;27;0;104;1;3;20;8;
244607065;600;436;0;595;0;164;0;0;164;1;0;0;0;1;163;28;0;101;0;2;24;8;
244607066;700;493;0;680;2;207;2;1;207;4;0;0;0;4;203;17;0;131;1;5;42;7;
244607067;495;329;0;546;0;166;0;6;166;1;4;1;0;6;160;20;0;95;0;3;27;15;
244607068;700;497;0;724;0;203;0;5;203;9;3;1;0;13;190;23;2;132;0;1;27;5;
244607069;700;492;0;700;2;208;2;1;208;5;2;0;0;7;201;28;0;123;2;1;43;4;
244607070;465;370;0;509;0;95;0;0;95;0;2;0;0;2;93;3;1;78;1;0;10;0;
244607071;660;549;0;707;0;111;0;1;111;0;7;0;0;7;104;5;0;82;3;2;10;2;
244607072;459;352;1;470;0;106;0;2;106;0;1;7;0;8;98;4;0;83;1;1;6;3;
244607073;650;490;0;765;0;160;0;2;160;9;0;2;0;11;149;6;2;125;6;0;9;1;
244607074;556;420;0;633;0;136;0;4;136;1;0;1;0;2;134;10;1;107;4;0;11;1;
244607075;669;474;0;754;0;195;0;0;195;2;3;5;0;10;185;10;2;150;5;3;14;1;
244607076;496;349;0;570;0;147;0;1;147;0;0;9;0;9;138;7;1;107;5;2;14;2;
244607077;650;457;0;749;0;193;0;2;193;1;3;4;0;8;185;9;2;162;4;0;5;3;
244607078;257;146;0;247;0;111;0;0;111;0;3;0;0;3;108;20;1;61;0;2;17;7;
244607079;415;224;0;504;1;191;1;4;191;2;1;2;0;5;186;34;1;109;1;4;27;10;
244607080;800;464;0;783;9;336;9;0;336;2;1;0;0;3;333;105;2;157;2;6;48;13;
244607081;600;411;0;535;0;189;0;1;189;0;0;3;0;3;186;48;0;93;1;1;29;14;
244614001;700;341;0;999;5;359;5;0;359;4;4;0;0;8;351;50;1;214;1;5;70;10;
244614002;700;343;0;922;3;357;3;0;357;2;7;0;0;9;348;68;1;203;2;3;60;11;
244614003;700;396;3;750;1;301;1;12;301;1;0;0;0;1;300;39;4;183;1;4;53;16;
244614004;700;379;0;901;2;321;2;0;321;3;7;0;0;10;311;44;2;207;0;3;46;9;
244614005;700;372;1;966;1;327;1;0;327;2;4;0;0;6;321;53;2;212;0;3;37;14;
244614006;700;388;1;916;1;311;1;2;311;0;2;0;0;2;309;57;2;189;0;5;43;13;
244614007;700;344;0;946;2;356;2;4;356;1;5;0;0;6;350;39;3;239;3;0;49;17;
244614008;700;353;4;827;1;343;1;2;343;4;4;0;0;8;335;50;0;213;2;3;46;21;
244614009;700;449;1;824;2;250;2;6;250;3;1;0;0;4;246;45;1;149;0;3;33;15;
244614011;500;247;0;731;0;253;0;18;253;4;0;0;0;4;249;38;0;162;2;1;36;10;
244614012;700;372;1;918;3;327;3;4;327;3;10;0;0;13;314;49;2;194;1;2;58;8;
244614013;700;365;2;941;0;333;0;0;333;1;7;1;0;9;324;44;3;197;3;1;66;10;
244614014;700;400;3;929;0;297;0;3;297;3;6;0;0;9;288;28;2;170;2;4;61;21;
244614015;600;336;0;840;1;264;1;4;264;0;2;0;0;2;262;45;1;143;0;5;54;14;
244614016;600;292;0;847;2;308;2;2;308;2;2;0;0;4;304;58;0;181;3;0;52;10;
244614017;600;352;0;687;0;248;0;1;248;4;0;0;0;4;244;34;0;150;4;5;36;15;
244614018;600;412;0;718;0;188;0;0;188;1;2;0;0;3;185;30;2;101;1;4;37;10;
244614019;400;248;2;521;0;150;0;3;150;0;0;7;0;7;143;13;0;108;0;0;15;7;
244614021;700;437;3;826;1;260;1;0;260;4;3;0;0;7;253;39;1;169;0;3;33;8;
244614022;600;341;0;684;4;259;4;23;259;4;0;0;0;4;255;27;0;176;0;4;32;16;
244614023;600;355;0;711;3;245;3;2;245;2;3;0;0;5;240;30;0;143;2;4;51;10;
244614024;600;346;0;710;0;254;0;0;254;0;3;0;0;3;251;28;3;165;1;2;44;8;
244614025;600;308;0;719;1;292;1;0;292;2;5;9;1;17;275;36;0;174;3;1;45;16;
244614026;600;340;2;824;0;258;0;0;258;1;3;0;0;4;254;61;0;141;3;2;38;9;
244614027;600;267;0;871;0;333;0;5;333;6;0;0;0;6;327;38;1;221;0;3;41;23;
244614028;600;368;0;725;0;232;0;2;232;4;1;5;0;10;222;26;2;137;3;0;45;9;
244614029;600;390;0;757;0;210;0;5;210;0;3;0;0;3;207;35;1;111;0;1;45;14;
244614030;600;424;0;701;2;176;2;6;176;3;0;3;1;7;169;25;0;99;0;0;29;16;
244614032;500;365;2;479;1;133;1;11;133;0;0;1;0;1;132;15;0;84;2;3;17;11;
244614033;700;359;1;884;1;340;1;2;340;4;4;0;0;8;332;52;4;202;2;2;66;4;
244614034;700;347;0;990;0;353;0;0;353;2;7;0;0;9;344;43;4;209;2;1;64;21;
244614035;700;412;6;766;4;282;4;0;282;6;0;0;0;6;276;39;5;166;2;2;50;12;
244614036;700;455;0;806;1;245;1;0;245;0;1;0;0;1;244;47;1;134;0;0;53;9;
244614037;700;423;0;756;0;277;0;0;277;1;0;3;0;4;273;40;3;173;0;5;35;17;
244614038;700;395;1;915;2;304;2;1;304;0;7;5;0;12;292;53;2;177;2;4;39;15;
244614039;700;377;2;321;0;321;0;7;321;5;2;2;0;9;312;49;2;203;2;4;37;15;
244614040;700;417;0;760;0;283;0;0;283;1;7;0;0;8;275;36;0;175;1;0;53;10;
244614041;700;438;0;881;3;262;3;1;262;0;2;1;0;3;259;37;2;158;2;1;48;11;
244614042;700;418;2;836;4;280;4;0;280;2;5;0;0;7;273;50;0;155;3;3;49;13;
244614043;600;308;0;795;0;292;0;1;292;0;3;0;0;3;289;54;4;176;0;2;41;12;
244614044;800;446;1;1011;2;353;2;0;353;3;4;0;0;7;346;61;8;200;2;4;54;17;
244614045;600;318;0;786;0;282;0;4;282;1;1;5;0;7;275;70;0;134;2;3;47;19;
244614046;600;320;0;725;0;280;0;1;280;1;4;0;0;5;275;61;1;142;2;2;55;12;
244614047;600;295;0;735;1;305;1;1;305;3;9;0;0;12;293;76;4;157;4;1;46;5;
244614048;500;332;0;536;5;168;5;4;168;0;5;0;0;5;163;22;0;109;1;2;21;8;
244614049;500;275;0;620;0;225;0;2;225;1;5;0;0;6;219;45;2;134;0;5;28;5;
244614050;700;370;0;899;0;330;0;0;330;1;11;0;0;12;318;53;3;184;3;1;55;19;
244614051;500;280;2;592;0;218;0;0;218;1;4;0;0;5;213;65;2;101;2;2;28;13;
244614052;600;317;6;800;0;277;0;2;277;0;5;0;0;5;272;67;2;146;2;1;48;6;
244614053;700;373;0;860;0;327;0;0;327;2;0;2;0;4;323;69;1;204;0;2;38;9;
244614055;800;297;0;1160;4;503;4;5;503;1;4;2;0;7;496;55;6;364;0;4;56;11;
244614056;600;350;0;791;0;250;0;0;250;1;2;0;0;3;247;40;2;147;1;4;38;15;
244614057;600;316;0;855;0;284;0;0;284;0;6;0;0;6;278;70;0;149;0;1;47;11;
244614058;800;415;0;1091;0;385;0;0;385;1;6;2;0;9;376;59;2;254;1;5;44;11;
244614059;700;373;1;919;1;326;1;1;326;0;4;2;0;6;320;54;7;195;3;3;45;13;
244614060;600;337;9;640;4;254;4;8;254;4;5;0;0;9;245;44;4;149;2;2;37;7;
244614061;600;318;1;851;0;281;0;0;281;1;1;0;0;2;279;38;1;158;1;3;53;25;
244614062;600;320;0;786;0;280;0;0;280;7;0;0;0;7;273;49;7;164;0;3;39;11;
244614063;600;374;1;718;1;225;1;2;225;0;1;0;0;1;224;39;1;125;0;4;44;11;
244614064;600;332;1;799;2;267;2;1;267;1;8;1;0;10;257;58;0;133;1;1;56;8;
244614065;600;338;1;704;5;261;5;1;261;1;2;0;0;3;258;25;1;191;0;0;37;4;
244614066;700;382;2;988;0;316;0;0;316;2;2;0;0;4;312;50;0;193;0;0;59;10;
244614067;700;383;1;948;0;316;0;1;316;2;4;2;0;8;308;17;6;228;2;5;44;6;
244614068;500;259;0;666;0;241;0;1;241;3;0;3;0;6;235;21;3;155;2;0;47;7;
244614069;800;395;0;1011;0;405;0;0;405;4;3;2;0;9;396;31;2;314;1;6;40;2;
244614071;200;122;1;229;0;77;0;0;77;0;1;2;0;3;74;9;0;51;4;0;8;2;
244614072;700;483;2;870;0;215;0;0;215;0;1;0;0;1;214;13;0;156;2;1;34;8;
244614073;700;472;0;752;7;228;7;0;228;0;1;0;0;1;227;27;1;141;4;0;42;12;
244614074;500;311;0;571;5;189;5;0;189;0;6;0;0;6;183;19;1;111;2;2;44;4;
244614075;700;459;0;805;0;241;0;0;241;2;2;3;0;7;234;26;0;144;1;3;48;12;
244622001;350;251;0;442;2;99;2;5;99;0;4;0;0;4;95;9;0;62;0;0;20;4;
244622002;310;209;0;394;0;101;0;0;101;0;0;2;0;2;99;11;0;49;0;1;32;6;
244622003;555;369;0;695;0;186;0;2;186;0;0;0;0;0;186;21;0;92;2;1;60;10;
244622004;430;259;0;540;0;171;0;0;171;0;1;0;0;1;170;17;1;90;2;1;48;11;
244622005;670;407;1;840;0;262;0;2;262;1;4;0;0;5;257;29;1;154;2;3;54;14;
244622006;480;340;0;601;0;140;0;0;140;0;10;0;0;10;130;18;0;74;2;0;30;6;
244622007;590;303;0;739;0;287;0;0;287;2;5;3;0;10;277;45;5;135;3;2;73;14;
244622008;530;304;0;669;0;226;0;0;226;0;5;0;0;5;221;24;1;130;1;0;46;19;
244622009;520;347;0;675;1;173;1;2;173;0;0;4;0;4;169;5;2;127;0;0;31;4;
244622010;480;299;1;602;0;180;0;0;180;0;1;1;0;2;178;12;1;135;0;1;21;8;
244622011;380;276;0;484;4;104;4;0;104;1;5;0;0;6;98;3;2;71;1;2;16;3;
244622012;630;442;2;808;0;186;0;0;186;0;0;0;0;0;186;8;2;133;2;2;30;9;
244622013;670;477;2;850;0;191;0;1;191;2;1;9;0;12;179;17;1;118;1;1;36;5;
244622014;620;459;0;773;5;161;5;0;161;1;2;0;0;3;158;5;1;120;2;2;23;5;
244622015;420;291;0;521;2;129;2;0;129;0;0;0;0;0;129;9;2;83;3;1;29;2;
244622016;505;305;0;636;1;200;1;3;200;6;1;1;0;8;192;12;0;131;1;2;39;7;
244622017;520;371;0;652;0;149;0;0;149;0;4;0;0;4;145;16;1;98;0;2;22;6;
244622018;400;287;0;516;0;113;0;3;113;2;3;0;0;5;108;13;1;66;1;0;23;4;
244622019;720;438;1;895;0;281;0;0;281;5;14;2;0;21;260;21;0;170;2;0;52;15;
244622020;500;291;0;630;3;209;3;0;209;1;1;0;0;2;207;24;0;135;1;2;38;7;
244622021;500;342;1;624;0;157;0;4;157;1;1;0;0;2;155;11;0;96;4;2;38;4;
244622022;360;197;1;449;2;162;2;0;162;0;2;0;0;2;160;16;0;91;1;1;41;10;
244622023;455;302;1;571;0;152;0;1;152;0;3;0;0;3;149;11;4;114;0;2;13;5;
244622024;360;216;0;455;2;144;2;0;144;2;7;1;0;10;134;6;1;92;1;0;25;9;
244622025;300;178;1;370;1;121;1;3;121;0;0;0;0;0;121;7;0;94;2;1;10;7;
244622026;330;182;0;411;2;148;2;0;148;0;3;0;0;3;145;9;0;74;0;3;52;7;
244622027;450;270;1;564;0;179;0;0;179;4;2;0;0;6;173;21;0;110;3;1;28;10;
244622028;320;192;0;408;0;128;0;4;128;1;0;1;0;2;126;17;1;78;0;1;21;8;
244622029;400;220;1;502;2;179;2;0;179;3;3;0;0;6;173;26;0;103;2;0;33;9;
244622030;400;183;2;529;0;215;0;2;215;0;8;0;0;8;207;14;1;120;3;8;47;14;
254611001;500;318;0;663;2;182;2;3;182;0;3;0;0;3;179;47;0;98;3;6;20;5;
254611002;600;347;3;740;0;250;0;3;250;2;2;0;0;4;246;69;2;127;1;3;39;5;
254611003;600;295;3;755;0;302;0;0;302;2;3;1;0;6;296;69;2;144;0;7;59;15;
254611004;450;220;3;587;0;227;0;3;227;2;3;0;0;5;222;38;4;148;0;2;28;2;
254611005;650;298;0;810;1;352;1;0;352;1;2;0;0;3;349;31;2;277;1;2;34;2;
254611006;400;185;0;574;44;215;44;39;215;2;2;3;0;7;208;21;1;160;2;2;17;5;
254611007;600;284;1;746;0;315;0;0;315;2;7;0;0;9;306;79;2;167;1;6;36;15;
254611008;400;177;1;486;0;222;0;1;222;3;5;0;0;8;214;62;2;113;0;0;28;9;
254611009;600;322;0;769;0;278;0;8;278;0;1;0;0;1;277;40;3;172;0;2;42;18;
254611010;700;381;6;892;1;313;1;5;313;2;4;0;0;6;307;90;3;145;2;4;56;7;
254611011;500;260;3;631;0;237;0;0;237;0;1;0;0;1;236;34;1;145;3;1;40;12;
254611012;400;152;3;571;2;245;2;40;245;1;2;0;0;3;242;41;2;145;2;5;36;11;
254611013;700;352;2;851;9;346;9;0;346;5;8;1;0;14;332;51;1;178;2;3;79;18;
254611014;450;216;7;582;0;227;0;5;227;1;6;0;0;7;220;51;1;119;2;2;36;9;
254611015;550;283;0;716;0;267;0;5;267;0;7;0;0;7;260;56;2;142;2;0;39;19;
254611016;550;320;1;687;0;229;0;6;229;3;0;0;0;3;226;40;1;132;1;4;43;5;
254611017;600;277;1;792;6;322;6;0;322;2;0;1;0;3;319;49;3;219;3;1;37;7;
254611018;800;399;3;982;3;398;3;0;398;1;0;1;0;2;396;48;3;289;0;6;37;13;
254611019;600;292;0;727;1;308;1;8;308;4;3;0;0;7;301;31;5;214;0;2;39;10;
254611020;650;351;1;822;10;298;10;0;298;10;0;0;0;10;288;46;2;193;2;2;29;14;
254611021;600;293;2;790;2;305;2;0;305;3;1;4;0;8;297;33;4;201;2;9;37;11;
254611022;550;298;0;687;2;252;2;0;252;1;2;0;0;3;249;43;3;140;1;5;47;10;
254611023;600;292;0;741;7;308;7;4;308;4;2;0;0;6;302;16;2;229;0;4;37;14;
254611024;700;321;2;867;3;377;3;7;377;3;0;0;0;3;374;29;2;293;1;8;36;5;
254611025;600;285;0;750;1;315;1;0;315;2;4;0;0;6;309;52;6;201;1;2;36;11;
254611026;450;223;1;579;0;226;0;5;226;3;2;0;0;5;221;20;0;162;2;3;27;7;
254611027;450;210;0;590;2;240;2;28;240;2;1;0;0;3;237;43;0;147;2;3;35;7;
254611028;600;264;1;772;0;335;0;0;335;0;5;0;0;5;330;45;4;208;1;4;53;15;
254611029;500;261;1;617;0;238;0;0;238;0;4;0;0;4;234;38;1;144;0;4;36;11;
254611030;550;273;0;674;0;277;0;0;277;1;5;0;0;6;271;45;3;187;4;2;25;5;
254611031;600;360;1;731;0;239;0;0;239;1;2;2;0;5;234;54;2;126;0;2;37;13;
254611032;600;280;0;750;2;320;2;4;320;2;7;0;0;9;311;67;4;181;0;4;47;8;
254611033;500;219;0;611;2;281;2;3;281;0;4;0;0;4;277;38;3;193;0;1;32;10;
254611034;650;263;3;798;1;384;1;1;384;0;5;0;0;5;379;41;4;275;0;5;42;12;
254611035;600;258;1;773;1;341;1;2;341;0;7;1;0;8;333;53;0;212;3;0;58;7;
254611036;550;235;0;722;1;315;1;9;315;1;3;0;0;4;311;45;1;224;1;4;33;3;
254611037;600;260;0;763;10;340;10;0;340;0;5;0;0;5;335;57;7;208;0;2;50;11;
254611038;500;200;0;615;3;300;3;4;300;1;1;3;0;5;295;28;3;223;1;0;33;7;
254611039;650;309;1;798;0;340;0;5;340;1;10;0;1;12;328;55;2;211;0;5;44;11;
254611040;700;439;1;871;1;260;1;3;260;4;0;0;0;4;256;48;1;157;2;3;30;15;
254611041;500;221;0;602;8;279;8;0;279;0;8;0;0;8;271;37;1;182;2;0;44;5;
254611042;550;190;0;714;4;360;4;4;360;2;2;0;0;4;356;38;2;250;0;3;58;5;
254611043;550;289;2;706;7;259;7;0;259;1;6;1;0;8;251;29;3;174;0;6;30;9;
254611044;500;280;2;633;0;218;0;3;218;2;0;0;0;2;216;34;2;139;1;0;32;8;
254611045;600;312;1;725;0;287;0;3;287;2;1;1;0;4;283;63;0;170;0;4;40;6;
254611046;550;296;3;286;0;251;0;0;251;0;4;0;0;4;247;52;2;137;1;2;44;9;
254611047;600;312;0;757;0;288;0;2;288;2;1;0;0;3;285;37;3;169;4;4;58;10;
254611048;550;281;2;682;0;267;0;0;267;2;2;4;0;8;259;37;3;175;1;2;37;4;
254611049;400;189;0;494;0;211;0;10;211;3;0;0;0;3;208;33;0;123;0;1;42;9;
254611050;450;236;0;544;7;214;7;0;214;4;3;1;0;8;206;35;1;121;1;1;36;11;
254611051;600;308;0;762;5;292;5;1;292;1;3;0;0;4;288;64;1;144;3;3;60;13;
254611052;450;206;0;594;6;244;6;0;244;4;3;1;0;8;236;48;2;142;0;1;33;10;
254611053;450;240;2;567;10;208;10;0;208;0;1;0;0;1;207;25;0;131;0;3;40;8;
254611054;550;254;1;690;2;295;2;0;295;0;2;0;0;2;293;50;4;173;1;2;45;18;
254611055;550;256;3;698;5;291;5;0;291;0;1;5;0;6;285;59;3;168;1;1;49;4;
254611056;650;507;0;836;6;143;6;0;143;1;2;2;0;5;138;2;0;126;3;0;6;1;
254611057;550;386;1;172;1;163;1;3;163;0;0;0;0;0;163;17;0;114;0;0;26;6;
254611058;850;598;1;1085;0;251;0;5;251;1;4;0;1;6;245;9;0;207;4;3;14;8;
254611059;600;404;1;775;0;195;0;6;195;0;0;13;0;13;182;6;0;138;1;1;35;1;
254611060;450;285;2;576;4;163;4;9;163;3;2;13;0;18;145;4;0;124;4;1;10;2;
254611061;700;444;2;891;0;254;0;5;254;0;1;16;0;17;237;2;0;226;4;0;5;0;
254611062;550;343;1;714;0;206;0;5;206;1;1;17;0;19;187;8;1;175;2;0;1;0;
254611063;800;524;0;982;0;276;0;5;276;0;0;24;0;24;252;4;0;238;2;1;5;2;
254611064;450;249;0;588;3;201;3;0;201;14;0;0;0;14;187;4;0;174;4;0;4;1;
254611065;550;269;4;731;4;277;4;0;277;1;6;0;0;7;270;9;3;248;4;2;3;1;
254611066;650;411;0;809;0;239;0;2;239;0;0;0;0;0;239;3;2;228;1;0;4;1;
254611067;550;426;2;703;0;122;0;3;122;0;0;2;2;4;118;3;0;93;3;1;16;2;
254611068;100;55;1;74;0;44;0;0;44;0;0;0;0;0;44;9;1;29;0;0;3;2;
254611069;500;300;2;655;2;198;2;1;198;4;3;1;0;8;190;57;2;95;1;0;23;12;
254611070;500;270;2;600;0;228;0;5;228;1;8;0;0;9;219;52;0;120;2;4;35;6;
254611071;450;271;5;569;0;174;0;5;174;1;2;2;0;5;169;2;1;158;2;3;1;2;
254612001;699;345;0;884;0;354;0;5;354;9;2;0;0;11;343;78;3;178;0;8;54;22;
254612002;700;382;0;879;3;318;3;3;318;4;0;0;0;4;314;58;2;161;3;3;66;21;
254612003;670;374;2;835;0;294;0;0;294;9;4;0;0;13;281;55;0;156;0;3;50;17;
254612004;530;309;0;666;0;221;0;7;221;4;5;0;0;9;212;44;3;104;1;3;45;12;
254612005;660;387;0;817;1;273;1;5;273;0;8;0;0;8;265;45;3;163;1;2;34;17;
254612006;520;280;0;662;4;240;4;2;240;1;4;2;0;7;233;47;1;108;2;3;52;20;
254612007;560;275;2;712;5;283;5;2;283;0;0;2;0;2;281;55;0;174;0;7;31;14;
254612008;580;323;1;713;1;256;1;0;256;2;2;1;0;5;251;37;2;164;0;2;34;12;
254612009;600;319;1;752;0;280;0;6;280;3;2;0;0;5;275;39;0;173;2;6;45;10;
254612010;540;269;11;678;3;260;3;0;260;1;4;6;0;11;249;55;1;112;1;5;70;5;
254612011;570;272;0;710;0;298;0;0;298;0;2;0;0;2;296;41;1;160;4;4;72;14;
254612012;400;189;0;477;0;211;0;1;211;2;5;0;0;7;204;19;1;147;1;3;32;1;
254612013;600;347;0;746;0;253;0;0;253;2;1;6;0;9;244;22;0;171;2;2;44;3;
254612014;610;264;0;756;0;346;0;0;346;3;4;0;0;7;339;19;5;257;1;1;46;10;
254612015;620;327;3;777;0;290;0;1;290;6;0;2;0;8;282;53;2;164;1;1;54;7;
254612016;530;233;0;664;0;297;0;0;297;3;0;0;0;3;294;46;2;184;2;2;51;7;
254612017;680;304;0;850;0;376;0;0;376;2;7;0;0;9;367;95;3;188;1;4;61;15;
254612018;570;220;1;705;2;349;2;0;349;2;5;4;0;11;338;68;4;212;0;1;38;15;
254612019;400;207;0;505;4;193;4;4;193;0;5;0;0;5;188;33;4;105;1;3;31;11;
254612020;600;361;0;738;0;239;0;1;239;1;4;0;0;5;234;53;1;134;1;0;41;4;
254612021;570;231;0;744;23;339;23;16;339;2;4;0;0;6;333;51;3;226;1;1;38;13;
254612022;610;299;2;760;0;309;0;12;309;1;5;1;0;7;302;74;1;167;0;1;44;15;
254612023;770;339;2;954;2;429;2;1;429;1;4;6;0;11;418;87;3;239;1;3;64;21;
254612024;610;290;0;769;7;320;7;3;320;3;0;0;0;3;317;73;2;174;3;1;43;21;
254612025;430;202;1;545;0;227;0;8;227;1;0;0;0;1;226;39;2;126;1;7;30;21;
254612026;600;293;0;305;2;307;2;3;307;0;0;7;0;7;300;45;9;205;1;4;26;10;
254612027;660;311;0;349;8;349;8;7;349;2;12;0;0;14;335;65;0;194;2;5;49;20;
254612028;660;323;0;835;0;337;0;8;337;0;3;0;1;4;333;66;0;195;0;2;53;17;
254612029;660;316;4;823;0;340;0;8;340;0;6;0;0;6;334;73;2;200;2;1;41;15;
254612030;560;318;0;699;2;242;2;0;242;1;3;0;0;4;238;47;2;126;0;1;45;17;
254612031;620;354;1;779;1;265;1;3;265;2;1;0;0;3;262;63;2;148;3;2;36;8;
254612032;700;369;3;871;1;328;1;0;328;0;3;0;0;3;325;46;3;217;2;2;38;17;
254612033;650;334;0;811;1;316;1;0;316;1;3;7;1;12;304;50;2;205;0;2;38;7;
254612034;560;240;0;703;2;320;2;5;320;0;4;9;1;14;306;48;1;190;3;6;46;12;
254612035;570;379;7;706;2;184;2;0;184;1;5;1;0;7;177;27;1;91;0;3;49;6;
254612036;599;336;1;721;0;262;0;5;262;0;4;0;0;4;258;43;2;145;0;1;58;9;
254612037;450;209;0;577;2;241;2;8;241;7;0;0;0;7;234;41;2;126;0;1;48;16;
254612038;550;343;5;685;4;202;4;0;202;1;1;0;1;3;199;46;0;87;0;2;42;22;
254612039;660;303;0;827;3;357;3;0;357;1;1;0;1;3;354;26;4;257;2;5;53;7;
254612040;380;155;0;488;1;225;1;23;225;0;3;1;0;4;221;41;0;136;0;1;34;9;
254612041;150;93;0;100;1;57;1;1;57;0;1;2;0;3;54;5;2;34;0;0;12;1;
254613001;1000;622;1;376;1;377;1;7;377;0;7;7;0;14;363;59;3;192;5;2;71;31;
254613002;1000;659;1;340;0;340;0;31;340;6;0;1;0;7;333;66;0;192;2;4;56;13;
254613003;1000;636;3;1081;0;361;0;1;361;2;2;0;0;4;357;69;1;206;0;3;60;18;
254613004;600;325;0;814;6;275;6;0;275;2;0;0;0;2;273;51;0;164;1;3;42;12;
254613005;500;266;0;699;2;234;2;0;234;1;1;0;0;2;232;44;1;139;4;3;24;17;
254613006;705;409;0;899;0;296;0;4;296;1;6;1;0;8;288;43;1;162;7;3;64;8;
254613007;1000;613;0;1015;3;387;3;5;387;3;1;5;0;9;378;56;1;254;1;5;53;8;
254613008;700;423;0;837;0;277;0;5;277;2;0;0;0;2;275;40;7;161;1;2;44;20;
254613009;700;339;3;912;24;358;24;23;358;3;4;9;0;16;342;56;0;198;1;0;68;19;
254613010;1000;582;0;1105;4;418;4;0;418;4;3;0;0;7;411;59;1;256;1;6;73;15;
254613011;1000;725;0;1014;0;275;0;1;275;1;5;0;0;6;269;37;1;167;1;3;49;11;
254613012;1000;678;2;957;0;320;0;1;320;1;2;0;1;4;316;57;1;156;4;3;71;24;
254613013;1000;663;0;1003;0;337;0;0;337;2;0;0;0;2;335;56;2;199;0;3;60;15;
254613014;700;407;0;923;0;293;0;0;293;3;3;2;0;8;285;35;2;171;2;2;63;10;
254613015;700;423;1;845;0;276;0;0;276;4;0;0;0;4;272;28;2;188;2;7;35;10;
254613016;700;410;1;842;1;289;1;3;289;1;3;2;0;6;283;35;1;173;1;4;44;25;
254613017;990;701;1;982;0;288;0;1;288;1;0;3;0;4;284;39;1;175;3;3;48;15;
254613018;1000;732;0;1019;0;268;0;3;268;6;1;0;0;7;261;38;1;171;1;5;41;4;
254613019;700;432;1;917;0;267;0;5;267;0;0;0;0;0;267;49;2;162;1;1;42;10;
254613020;1000;703;0;977;1;297;1;0;297;3;3;0;0;6;291;44;0;181;2;2;57;5;
254613021;700;426;0;896;3;274;3;2;274;5;0;0;0;5;269;59;1;130;2;6;59;12;
254613022;1000;706;0;1047;4;294;4;3;294;2;2;1;0;5;289;36;2;188;1;2;49;11;
254613023;500;313;0;631;3;187;3;0;187;1;0;0;0;1;186;24;0;113;3;3;33;10;
254613024;1000;670;1;977;17;329;17;12;329;2;1;6;0;9;320;47;6;183;2;3;64;15;
254613025;1000;677;1;940;1;322;1;3;322;0;4;4;0;8;314;60;4;179;1;1;58;11;
254613026;1000;679;0;954;2;321;2;5;321;2;3;0;0;5;316;55;0;192;1;0;53;15;
254613027;1000;670;1;932;0;329;0;0;329;0;22;0;0;22;307;51;2;205;1;5;33;10;
254613028;1000;661;0;998;0;339;0;0;339;2;7;0;0;9;330;54;6;207;2;1;43;17;
254613029;1000;602;0;1010;0;398;0;2;398;0;7;0;0;7;391;55;2;215;4;3;93;19;
254613030;1000;647;0;1023;0;353;0;1;353;10;0;0;0;10;343;54;0;200;3;3;75;8;
254613031;700;415;1;951;2;284;2;28;284;2;7;0;0;9;275;44;1;158;0;6;51;15;
254613032;500;243;0;777;6;257;6;0;257;0;3;7;0;10;247;29;4;164;1;2;40;7;
254613033;500;261;0;741;0;239;0;0;239;2;3;4;0;9;230;42;5;137;1;0;32;13;
254613034;700;383;1;808;4;316;4;1;316;2;1;3;0;6;310;50;0;190;0;4;53;13;
254613035;1000;605;1;1004;2;394;2;0;394;8;3;0;0;11;383;25;0;265;5;1;79;8;
254613036;700;445;0;871;0;255;0;1;255;0;0;0;0;0;255;48;0;139;2;4;48;14;
254613037;1000;729;0;952;6;271;6;3;271;1;3;7;0;11;260;38;2;140;3;0;69;8;
254613038;500;264;1;741;6;235;6;0;235;9;2;0;0;11;224;49;0;127;4;3;28;13;
254613039;500;290;0;658;1;210;1;0;210;1;4;0;0;5;205;34;1;121;1;2;34;12;
254613040;500;279;1;673;1;220;1;0;220;5;2;0;0;7;213;65;0;95;2;3;37;11;
254613041;700;407;0;904;0;293;0;1;293;7;1;4;0;12;281;56;0;163;0;1;49;12;
254613042;817;561;0;818;1;256;1;0;256;0;5;0;0;5;251;51;1;140;1;2;45;11;
254613043;700;383;0;848;0;317;0;3;317;4;2;0;0;6;311;70;3;162;1;7;53;15;
254613044;700;446;0;766;0;254;0;2;254;1;6;0;0;7;247;43;1;132;1;5;48;17;
254613045;1000;697;1;975;0;302;0;5;302;2;4;0;0;6;296;46;3;169;1;2;59;16;
254613046;700;358;0;913;3;342;3;31;342;1;1;3;1;6;336;57;0;209;4;2;45;19;
254613047;700;359;0;905;2;341;2;4;341;1;7;0;0;8;333;67;0;179;3;4;61;19;
254613048;1000;653;1;946;0;346;0;3;346;1;3;5;0;9;337;54;3;212;0;6;53;9;
254613049;698;388;2;309;1;308;1;0;308;2;0;3;0;5;303;63;2;181;1;1;39;16;
254613050;500;197;0;721;0;303;0;0;303;0;14;0;0;14;289;40;1;177;1;2;54;14;
254613051;700;359;6;871;3;335;3;4;335;0;6;0;0;6;329;46;4;198;3;2;59;17;
254613052;700;338;0;918;5;362;5;12;362;0;3;10;0;13;349;47;2;223;2;4;60;11;
254613053;500;174;0;781;6;326;6;0;326;0;5;0;0;5;321;40;0;218;0;5;41;17;
254613054;699;433;0;904;0;266;0;0;266;5;3;0;0;8;258;37;1;175;4;1;27;13;
254613055;700;383;0;910;0;317;0;4;317;3;0;2;0;5;312;35;2;208;0;3;51;13;
254613056;500;184;0;775;6;316;6;6;316;0;3;7;0;10;306;27;2;203;3;1;55;15;
254613057;700;380;1;888;0;319;0;1;319;2;2;10;0;14;305;31;1;191;0;7;63;12;
254613058;500;329;1;515;0;170;0;2;170;0;3;3;0;6;164;35;2;73;0;2;38;14;
254613059;500;235;1;697;6;264;6;6;264;3;3;0;0;6;258;44;1;149;0;4;47;13;
254613060;500;237;0;746;8;263;8;0;263;0;2;0;1;3;260;30;1;163;1;1;56;8;
254613061;500;226;1;782;3;273;3;3;273;3;4;0;0;7;266;22;3;175;0;1;57;8;
254613062;700;416;1;897;1;283;1;0;283;2;5;0;0;7;276;49;1;154;1;2;55;14;
254613063;500;235;0;744;0;265;0;0;265;0;0;0;0;0;265;56;1;138;2;3;51;14;
254613064;700;441;1;838;2;258;2;3;258;0;0;8;0;8;250;33;2;152;0;3;47;13;
254613065;500;263;0;754;0;237;0;0;237;2;3;0;0;5;232;45;0;136;1;1;40;9;
254613066;700;443;1;800;0;256;0;0;256;1;0;0;0;1;255;42;1;152;3;5;45;7;
254613067;690;404;2;832;0;284;0;3;284;0;2;3;0;5;279;26;3;149;2;9;76;14;
254613068;1000;636;0;1119;0;364;0;0;364;3;5;0;0;8;356;40;0;210;6;3;85;12;
254618001;400;201;0;555;0;199;0;0;199;0;6;1;0;7;192;58;2;97;0;2;25;8;
254618002;800;377;0;1138;4;423;4;0;423;0;5;0;0;5;418;113;2;222;0;5;59;17;
254618003;800;387;0;1090;1;413;1;0;413;1;5;0;0;6;407;84;3;263;4;4;44;5;
254618004;800;344;0;1072;2;456;2;1;456;3;1;0;0;4;452;128;0;221;1;5;69;28;
254618005;800;408;2;1098;1;390;1;4;390;0;3;0;0;3;387;79;2;208;2;13;69;14;
254618006;500;335;1;657;1;164;1;0;164;2;1;0;0;3;161;14;2;125;2;1;11;6;
254618007;700;404;4;891;0;292;0;0;292;0;1;3;0;4;288;55;1;161;2;2;50;17;
254618008;900;548;0;1200;0;352;0;4;352;0;3;1;0;4;348;84;3;174;0;2;72;13;
254618009;700;429;1;922;0;270;0;2;270;1;3;0;0;4;266;46;1;159;4;0;47;9;
254618010;800;416;0;1116;1;384;1;4;384;0;0;0;0;0;384;44;2;270;3;3;48;14;
254618011;1000;610;1;1337;2;389;2;0;389;0;7;1;0;8;381;81;0;185;3;4;85;23;
254618012;838;491;0;838;18;347;18;0;347;0;8;0;0;8;339;39;8;241;0;5;36;10;
254618013;900;454;0;1170;0;446;0;2;446;1;7;1;0;9;437;77;2;267;4;4;71;12;
254618014;499;268;0;665;0;231;0;3;231;1;2;3;0;6;225;23;4;157;1;1;35;4;
254618015;800;406;2;1119;1;392;1;2;392;0;4;10;0;14;378;81;0;191;3;0;87;16;
254618016;700;380;0;967;0;320;0;3;320;6;0;0;0;6;314;37;2;203;3;2;57;10;
254618017;650;353;0;894;0;297;0;1;297;1;1;1;0;3;294;58;2;165;1;3;52;13;
254618018;700;373;0;917;1;327;1;0;327;0;10;0;0;10;317;70;2;185;0;1;54;5;
254618019;700;415;0;928;3;285;3;1;285;4;0;0;1;5;280;48;1;150;0;6;58;17;
254618020;694;373;2;1015;0;319;0;0;319;1;5;0;0;6;313;69;4;160;0;3;63;14;
254618021;750;390;2;1024;6;358;6;2;358;0;6;0;0;6;352;35;0;242;2;7;53;13;
254618022;700;347;1;918;13;352;13;6;352;1;9;0;0;10;342;71;1;182;3;4;53;28;
254618023;800;478;0;1041;10;322;10;3;322;0;2;1;0;3;319;54;2;166;0;3;70;24;
254618024;800;415;1;1090;11;384;11;1;384;0;6;0;0;6;378;68;4;218;3;9;61;15;
254618025;600;331;0;794;0;269;0;0;269;2;2;0;0;4;265;30;1;183;1;1;34;15;
254618026;600;318;1;814;0;281;0;0;281;1;2;0;0;3;278;62;2;150;0;7;42;15;
254618027;700;353;0;1004;6;347;6;0;347;14;2;0;0;16;331;32;2;230;1;1;51;14;
254618028;600;367;1;782;0;232;0;0;232;0;5;1;0;6;226;34;2;147;3;5;27;8;
254618029;600;277;0;862;1;323;1;1;323;2;1;0;0;3;320;58;1;200;2;4;49;6;
254618030;600;276;0;854;11;324;11;3;324;3;6;0;0;9;315;52;2;191;0;4;54;12;
254618031;700;367;0;926;1;333;1;3;333;7;2;0;0;9;324;69;0;177;4;3;58;13;
254618032;600;329;0;779;0;271;0;4;271;0;3;0;1;4;267;57;1;145;3;5;39;17;
254618033;600;308;2;780;5;290;5;5;290;1;8;0;0;9;281;58;1;158;1;4;50;9;
254618034;600;343;2;787;1;255;1;0;255;3;2;0;0;5;250;52;2;118;1;4;62;11;
254618035;300;102;0;187;11;198;11;0;198;5;0;0;0;5;193;50;1;108;0;1;27;6;
254618036;450;201;1;603;0;248;0;0;248;0;4;0;0;4;244;56;3;130;0;1;45;9;
254618037;700;384;0;908;0;316;0;0;316;0;0;1;0;1;315;69;3;167;3;0;58;15;
254618038;600;348;1;777;0;251;0;0;251;1;2;1;0;4;247;40;1;140;1;0;55;10;
254618039;600;307;0;849;0;293;0;0;293;0;5;1;0;6;287;38;3;189;4;1;47;5;
254618040;420;206;1;516;1;213;1;2;213;2;1;0;0;3;210;30;1;120;1;2;48;8;
254618041;500;294;0;623;1;206;1;0;206;10;0;0;0;10;196;25;2;135;0;2;24;8;
254618042;450;299;0;589;0;151;0;0;151;0;3;0;0;3;148;34;0;83;0;0;30;1;
254618043;600;281;0;864;0;319;0;2;319;0;3;0;1;4;315;34;2;133;1;2;128;15;
254618044;700;342;0;920;0;358;0;2;358;1;6;0;0;7;351;49;1;150;2;2;134;13;
254618045;200;117;1;141;0;82;0;0;82;5;3;0;0;8;74;16;0;43;1;0;6;8;
254618046;400;222;1;409;0;177;0;4;177;1;3;0;0;4;173;23;0;127;0;0;19;4;
254618047;395;182;0;596;7;213;7;15;213;0;1;0;1;2;211;24;1;151;0;0;29;6;
254618048;100;45;0;98;0;55;0;0;55;0;0;0;0;0;55;10;0;25;0;0;18;2;
254618050;50;18;0;53;0;32;0;0;32;0;0;0;0;0;32;6;1;10;0;0;13;2;
254619001;650;414;0;691;4;236;4;0;236;0;0;4;0;4;232;21;5;168;1;1;30;6;
254619002;750;476;0;820;4;274;4;1;274;2;0;0;0;2;272;25;1;197;2;1;36;10;
254619003;760;536;2;817;2;222;2;1;222;0;0;4;0;4;218;40;1;107;2;1;53;14;
254619004;629;439;1;674;0;189;0;3;189;2;1;0;0;3;186;16;1;110;1;1;46;11;
254619005;730;467;0;776;1;263;1;0;263;0;5;0;0;5;258;37;1;167;1;2;40;10;
254619006;650;436;0;712;0;214;0;0;214;4;1;0;0;5;209;27;2;133;1;3;32;11;
254619007;650;404;0;706;0;246;0;3;246;1;1;0;0;2;244;44;2;156;1;1;29;11;
254619008;580;353;0;628;5;227;5;0;227;11;1;2;0;14;213;42;0;133;2;1;29;6;
254619009;600;354;0;688;5;246;5;2;246;2;0;3;0;5;241;48;1;137;0;3;40;12;
254619010;540;359;2;582;1;179;1;0;179;6;0;0;0;6;173;21;0;122;1;1;24;4;
254619011;940;615;1;1030;1;324;1;0;324;0;2;0;0;2;322;48;4;191;4;7;52;16;
254619012;350;229;1;418;0;120;0;4;120;1;0;0;1;2;118;21;1;53;15;1;24;3;
254619014;600;370;3;640;0;227;0;15;227;4;2;1;0;7;220;55;0;106;1;0;41;17;
254619015;840;571;0;902;0;269;0;5;269;3;0;2;0;5;264;24;2;184;1;5;40;8;
254619016;880;675;0;837;0;205;0;0;205;2;1;0;0;3;202;26;0;127;1;1;39;8;
254619017;650;418;1;711;2;231;2;1;231;0;4;2;0;6;225;18;0;159;1;2;35;10;
254619018;600;356;2;240;2;242;2;0;242;0;0;0;0;0;242;34;1;160;4;3;36;4;
254619019;500;281;3;553;1;216;1;0;216;1;5;0;0;6;210;52;0;127;1;1;23;6;
254619020;600;366;0;654;0;234;0;0;234;2;2;5;0;9;225;35;1;141;1;0;39;8;
254619021;550;357;0;598;0;193;0;6;193;1;2;0;0;3;190;42;1;103;1;2;29;12;
254619022;640;393;1;682;0;246;0;0;246;0;1;0;0;1;245;35;3;157;2;0;39;9;
254619023;750;485;1;806;3;264;3;2;264;1;3;0;0;4;260;35;1;158;1;4;49;12;
254619024;720;438;2;764;6;280;6;1;280;1;3;6;0;10;270;39;0;167;1;3;48;12;
254619025;700;399;1;740;3;300;3;4;300;3;1;0;0;4;296;32;3;214;0;1;36;10;
254619026;670;441;1;741;4;228;4;7;228;1;1;0;0;2;226;33;4;148;0;1;34;6;
254619027;740;407;0;819;3;333;3;0;333;1;1;0;0;2;331;55;4;206;3;4;50;9;
254619028;600;347;1;635;2;252;2;3;252;1;3;3;0;7;245;28;5;165;3;3;32;9;
254619029;660;379;3;719;0;278;0;0;278;1;22;2;0;25;253;57;0;134;1;3;42;16;
254619030;950;579;1;1055;7;370;7;0;370;0;1;0;0;1;369;55;3;225;4;0;62;20;
254619031;660;401;3;723;0;256;0;5;256;1;0;3;0;4;252;31;0;163;0;3;43;12;
254619032;600;362;1;671;3;237;3;0;237;4;0;0;0;4;233;19;0;150;1;4;45;14;
254619033;740;447;0;788;0;293;0;0;293;1;11;0;0;12;281;41;1;163;1;5;51;19;
254619034;1000;686;0;1065;0;314;0;1;314;0;2;0;0;2;312;52;1;209;0;3;37;10;
254619035;850;556;0;907;1;294;1;1;294;0;4;0;0;4;290;46;2;186;1;2;38;15;
254619036;680;377;1;733;5;302;5;2;302;1;0;9;0;10;292;44;3;209;1;2;24;9;
254619037;564;307;0;607;2;257;2;0;257;2;4;0;0;6;251;45;2;145;2;4;43;10;
254619038;750;387;5;816;0;358;0;0;358;8;4;1;0;13;345;81;3;195;0;2;50;14;
254619039;629;342;5;629;5;282;5;1;282;0;4;0;0;4;278;34;3;174;1;2;47;17;
254619040;600;398;0;639;2;202;2;1;202;1;5;1;0;7;195;37;3;113;4;3;28;7;
254619041;680;464;0;748;2;216;2;10;216;6;1;0;0;7;209;26;3;124;3;4;37;12;
254619042;549;314;1;604;0;234;0;0;234;2;2;0;0;4;230;39;1;133;2;0;42;13;
254619043;600;330;0;677;7;270;7;0;270;0;8;0;0;8;262;41;1;162;3;3;39;13;
254619044;650;334;10;710;0;306;0;0;306;10;0;0;0;10;296;64;2;152;3;4;59;12;
254619045;720;463;1;778;0;256;0;0;256;2;8;0;0;10;246;41;1;159;0;0;30;15;
254619046;860;549;3;941;0;308;0;4;308;4;1;0;0;5;303;43;3;179;1;4;62;11;
254619047;550;326;0;598;0;224;0;0;224;2;1;1;0;4;220;27;1;142;1;3;37;9;
254619048;660;409;0;728;1;251;1;0;251;0;5;0;0;5;246;38;0;151;2;3;43;9;
254619049;750;442;0;824;0;308;0;0;308;0;8;0;0;8;300;61;2;167;3;2;49;16;
254619050;700;388;0;775;1;312;1;1;312;2;4;5;0;11;301;47;1;179;1;4;55;14;
254619051;600;364;0;658;0;236;0;0;236;2;0;0;0;2;234;40;1;141;1;3;34;14;
254619052;700;434;0;767;0;266;0;3;266;0;6;0;0;6;260;36;2;169;2;4;32;15;
254619053;700;411;2;768;0;287;0;3;287;0;0;1;0;1;286;54;1;173;1;2;33;22;
254619054;670;445;0;714;31;225;31;25;225;0;3;0;0;3;222;24;1;143;1;5;40;8;
254619055;1000;644;0;1106;0;356;0;0;356;4;2;0;0;6;350;37;4;248;2;0;49;10;
254619056;770;491;1;847;1;278;1;0;278;0;2;0;0;2;276;40;0;186;0;2;33;15;
254619057;700;440;0;260;0;260;0;0;260;0;6;0;0;6;254;38;1;162;0;2;42;9;
254619058;700;440;1;774;0;259;0;0;259;2;1;2;0;5;254;29;3;158;2;4;38;20;
254619059;700;429;0;771;0;271;0;0;271;0;7;0;0;7;264;37;2;164;2;1;48;10;
254619060;750;501;1;801;0;248;0;0;248;2;4;0;0;6;242;46;1;131;1;6;48;9;
254619061;660;345;1;704;0;314;0;0;314;1;1;1;0;3;311;51;4;181;0;4;52;19;
254619062;660;383;0;714;2;277;2;0;277;2;3;0;1;6;271;32;0;192;0;2;35;10;
254619063;660;430;10;722;0;220;0;1;220;3;2;0;0;5;215;41;0;120;2;2;41;9;
254619064;700;456;0;767;0;244;0;1;244;0;0;0;0;0;244;40;0;136;1;0;59;8;
254619065;600;427;0;663;0;173;0;1;173;1;2;4;0;7;166;15;0;109;1;3;24;14;
254619066;630;400;0;698;3;230;3;2;230;1;3;0;0;4;226;29;0;135;1;5;50;6;
254619067;680;414;2;753;7;264;7;0;264;0;2;0;0;2;262;17;4;201;0;4;30;6;
254619068;970;612;1;1053;2;357;2;1;357;1;11;0;0;12;345;60;3;176;1;4;80;21;
254619069;700;407;2;789;0;291;0;1;291;8;3;0;0;11;280;40;4;158;2;1;64;11;
254619070;650;425;0;729;0;225;0;1;225;0;6;0;0;6;219;43;0;123;2;5;40;6;
254619071;840;433;0;953;3;407;3;0;407;0;2;0;0;2;405;8;1;388;3;0;4;1;
254619072;600;353;1;713;0;246;0;0;246;9;0;8;0;17;229;2;1;223;1;0;1;1;
254619073;880;504;0;918;21;376;21;19;376;0;12;0;0;12;364;54;3;237;1;1;55;13;
254619074;880;502;1;1009;4;377;4;0;377;4;3;0;0;7;370;75;2;206;0;11;50;26;
254619075;630;360;0;663;0;270;0;0;270;1;4;0;0;5;265;39;3;166;1;5;33;18;
254619076;680;378;0;718;2;302;2;0;302;10;0;1;0;11;291;38;3;169;4;8;42;27;
254619077;680;414;0;715;0;266;0;0;266;0;7;0;0;7;259;51;2;159;2;3;30;12;
254619078;630;367;0;702;2;263;2;2;263;1;2;0;0;3;260;46;2;164;1;2;31;14;
254619079;660;461;0;703;0;199;0;1;199;0;1;0;0;1;198;26;1;106;1;3;53;8;
254619080;528;278;2;759;0;248;0;4;248;1;2;0;0;3;245;47;2;114;1;0;64;17;
254619081;700;491;0;751;0;209;0;0;209;0;2;1;0;3;206;23;1;136;0;2;30;14;
254619082;750;468;0;815;0;282;0;0;282;0;2;2;0;4;278;69;4;143;1;2;46;13;
254619083;770;484;2;839;0;284;0;0;284;2;3;1;0;6;278;29;1;180;1;6;50;11;
254619084;720;452;0;779;3;268;3;6;268;1;1;0;0;2;266;59;0;137;0;5;46;19;
254619085;600;374;0;670;2;226;2;0;226;2;2;7;1;12;214;35;2;116;2;5;41;13;
254619086;720;434;0;786;1;286;1;1;286;5;3;1;0;9;277;48;0;163;1;2;51;12;
254619087;670;419;0;251;0;251;0;0;251;1;2;0;0;3;248;38;1;162;2;2;30;13;
254619088;670;402;1;709;3;267;3;1;267;1;2;0;0;3;264;50;0;143;0;5;44;22;
254619089;600;375;0;677;2;225;2;0;225;0;0;0;0;0;225;44;1;132;1;4;30;13;
254619090;700;466;0;762;0;234;0;3;234;0;2;2;0;4;230;28;0;145;0;0;45;12;
254619091;600;401;1;648;0;198;0;0;198;1;5;0;0;6;192;20;2;148;1;0;18;3;
254619092;650;425;0;694;0;225;0;0;225;2;4;0;0;6;219;31;2;117;1;9;44;15;
254619093;660;363;0;726;2;297;2;2;297;2;5;0;0;7;290;34;6;197;2;3;39;9;
254619094;700;405;1;772;2;294;2;0;294;0;4;2;0;6;288;35;5;178;5;3;45;17;
254619095;630;389;0;696;5;241;5;0;241;2;6;0;1;9;232;40;0;142;2;2;34;12;
254619096;800;477;0;865;3;323;3;0;323;0;1;1;0;2;321;54;4;228;0;3;22;10;
254619097;780;442;0;857;1;338;1;0;338;2;1;1;1;5;333;34;3;236;1;2;47;10;
254619098;750;447;2;813;0;301;0;11;301;1;6;0;0;7;294;31;2;203;1;2;41;14;
254619099;750;509;0;794;1;241;1;0;241;2;7;0;0;9;232;35;4;140;1;1;39;12;
254619100;770;486;3;864;1;281;1;0;281;9;0;0;0;9;272;51;0;144;0;4;55;18;
254619101;650;389;8;715;0;253;0;0;253;1;2;5;0;8;245;33;1;159;1;2;36;13;
254619102;780;480;0;850;0;300;0;0;300;0;2;0;0;2;298;27;0;199;0;2;58;12;
254619103;700;458;0;750;1;242;1;0;242;2;0;2;0;4;238;35;1;134;1;3;45;19;
254619104;730;425;0;800;0;305;0;0;305;3;3;0;0;6;299;58;4;178;2;2;40;15;
254619105;560;367;0;640;0;193;0;0;193;0;0;1;0;1;192;32;0;110;3;3;35;9;
254619106;750;448;2;300;1;300;1;14;300;0;1;1;0;2;298;34;4;195;2;3;47;13;
254619107;700;439;2;760;3;259;3;0;259;2;0;0;0;2;257;35;1;146;6;4;47;18;
254619108;700;424;11;759;0;265;0;0;265;4;4;1;0;9;256;43;0;150;0;4;44;15;
254619109;800;484;0;876;0;316;0;0;316;2;3;1;1;7;309;50;1;184;3;0;53;18;
254619110;750;460;0;828;6;290;6;0;290;2;1;0;0;3;287;38;0;180;1;3;50;15;
254619111;760;503;0;831;0;257;0;0;257;0;2;6;0;8;249;32;0;155;2;2;39;19;
254619112;670;390;0;739;1;280;1;0;280;1;8;0;0;9;271;30;1;188;1;1;38;12;
254619113;680;417;0;751;0;263;0;0;263;1;2;2;0;5;258;33;3;157;1;1;44;19;
254619114;750;516;0;824;0;234;0;2;234;1;4;0;0;5;229;37;2;120;1;4;49;16;
254619115;680;456;0;754;0;224;0;0;224;3;2;1;0;6;218;42;1;123;3;7;31;11;
254619116;620;371;0;675;0;249;0;0;249;2;0;0;0;2;247;26;3;170;1;4;32;11;
254619117;610;341;2;690;4;267;4;10;267;3;0;0;0;3;264;42;0;170;0;3;34;15;
254619118;620;360;0;696;1;260;1;0;260;0;4;0;0;4;256;46;0;155;4;1;34;16;
254619119;700;460;1;780;0;239;0;3;239;2;0;1;0;3;236;51;5;115;1;1;43;20;
254619120;600;408;7;642;0;185;0;0;185;0;0;2;0;2;183;32;0;111;1;3;22;14;
254619121;570;336;0;649;0;234;0;0;234;0;6;0;0;6;228;40;0;123;2;5;45;13;
254619122;900;550;0;983;2;350;2;1;350;0;8;0;0;8;342;55;3;213;1;3;55;12;
254619123;600;349;1;641;0;250;0;1;250;1;2;3;0;6;244;30;2;157;1;3;40;11;
254619124;750;495;0;807;2;255;2;2;255;5;1;0;0;6;249;38;1;157;0;0;44;9;
254619125;550;308;0;609;0;242;0;2;242;0;2;1;0;3;239;39;0;157;3;3;30;7;
254619126;660;423;1;717;0;236;0;1;236;7;0;0;0;7;229;42;0;130;0;1;40;16;
254619127;680;423;1;740;0;256;0;2;256;2;4;0;0;6;250;40;3;145;0;4;50;8;
254619128;600;409;0;655;0;191;0;0;191;3;2;1;0;6;185;44;3;91;3;1;29;14;
254619129;860;547;0;914;1;313;1;0;313;1;2;1;0;4;309;86;0;165;2;2;42;12;
254619130;830;507;2;953;0;321;0;0;321;2;0;0;0;2;319;65;4;176;0;4;54;16;
254620001;880;545;2;957;3;333;3;0;333;1;2;4;0;7;326;45;1;190;2;0;73;15;
254620002;880;575;0;844;1;305;1;1;305;10;2;1;0;13;292;36;4;170;3;1;72;6;
254620003;700;433;0;777;0;267;0;2;267;0;0;0;0;0;267;49;1;142;3;5;57;10;
254620004;820;532;0;912;0;288;0;1;288;1;7;0;0;8;280;46;4;154;4;4;48;20;
254620005;680;440;0;737;7;240;7;0;240;0;2;0;0;2;238;33;1;134;4;2;51;13;
254620006;700;466;0;779;4;234;4;2;234;0;5;2;0;7;227;28;0;123;3;4;49;20;
254620007;550;367;0;607;2;183;2;0;183;0;0;0;0;0;183;35;1;96;0;0;40;11;
254620008;700;453;0;787;4;247;4;0;247;1;6;0;0;7;240;55;1;124;2;0;52;6;
254620009;680;446;0;747;1;234;1;1;234;0;6;0;0;6;228;50;0;118;3;2;47;8;
254620010;660;441;0;734;1;219;1;0;219;1;2;1;0;4;215;40;1;111;0;7;45;11;
254620011;650;405;0;245;2;245;2;10;245;0;4;0;0;4;241;31;1;146;1;3;47;12;
254620012;760;499;0;765;5;261;5;0;261;1;2;7;0;10;251;31;3;158;1;3;50;5;
254620013;700;437;0;778;2;263;2;0;263;1;1;2;0;4;259;23;2;175;1;1;47;10;
254620014;750;480;1;847;2;269;2;0;269;0;2;7;0;9;260;22;2;185;4;2;34;11;
254620015;600;379;0;692;1;221;1;2;221;1;2;0;0;3;218;30;0;116;2;1;45;24;
254620016;600;403;0;701;0;197;0;0;197;2;7;0;0;9;188;20;0;126;1;2;33;6;
254620017;600;373;0;697;3;227;3;0;227;2;0;0;0;2;225;29;0;138;0;1;39;18;
254620018;750;514;0;819;0;236;0;0;236;1;5;2;0;8;228;37;2;151;0;0;28;10;
254620019;750;520;0;837;3;230;3;1;230;0;4;0;0;4;226;30;3;140;2;3;33;15;
254620020;900;669;0;982;0;231;0;3;231;3;3;1;0;7;224;38;1;141;2;2;35;5;
254620021;580;398;0;644;0;182;0;0;182;5;1;0;0;6;176;26;0;100;1;3;42;4;
254620022;680;507;0;761;7;173;7;5;173;2;0;0;0;2;171;23;0;100;2;2;33;11;
254620023;850;590;0;915;0;260;0;2;260;1;5;0;0;6;254;36;0;161;1;3;46;7;
254620024;740;506;0;811;1;234;1;0;234;0;0;0;0;0;234;40;3;137;0;0;44;10;
254620025;740;448;1;827;2;291;2;0;291;0;6;0;0;6;285;42;0;193;3;1;36;10;
254620026;600;400;0;685;0;200;0;0;200;4;3;1;0;8;192;25;0;111;2;0;44;10;
254620027;680;424;0;751;0;256;0;2;256;1;2;0;0;3;253;29;4;173;0;2;37;8;
254620028;660;391;0;759;0;269;0;0;269;0;0;0;0;0;269;42;0;161;1;4;44;17;
254620029;680;387;1;731;0;292;0;0;292;6;3;1;0;10;282;55;4;162;2;3;47;9;
254620030;680;421;0;764;0;259;0;0;259;0;1;0;0;1;258;52;4;149;0;1;42;10;
254620031;700;380;0;777;1;320;1;0;320;0;3;0;0;3;317;42;4;204;3;3;49;12;
254620032;400;268;0;499;4;132;4;0;132;0;2;0;0;2;130;15;2;87;3;0;20;3;
254620033;640;381;0;726;4;259;4;0;259;2;5;0;0;7;252;64;0;135;2;0;43;8;
254620034;600;323;2;695;1;275;1;2;275;2;4;0;1;7;268;54;1;149;0;2;52;10;
254620035;700;357;1;802;0;342;0;0;342;0;4;0;0;4;338;52;3;221;1;1;47;13;
254620036;740;451;1;826;0;288;0;3;288;0;5;0;0;5;283;37;4;180;0;5;48;9;
254620037;680;384;0;767;0;296;0;0;296;1;10;0;0;11;285;52;0;169;0;3;49;12;
254620038;800;448;0;882;2;352;2;6;352;1;2;0;0;3;349;15;1;273;4;0;44;12;
254620039;600;338;0;686;2;262;2;0;262;0;18;0;0;18;244;55;0;130;2;3;43;11;
254620040;780;526;0;862;1;254;1;0;254;1;6;4;0;11;243;39;1;152;1;3;44;3;
254620041;760;518;2;838;0;240;0;2;240;0;0;0;0;0;240;27;2;133;3;3;63;9;
254620042;780;454;0;852;2;326;2;0;326;1;5;0;0;6;320;63;3;185;0;3;55;11;
254620043;720;446;0;812;1;274;1;0;274;4;3;0;0;7;267;29;5;168;1;3;40;21;
254620044;440;294;0;513;0;146;0;7;146;1;1;0;0;2;144;25;0;83;0;2;26;8;
254620045;580;434;0;660;5;146;5;0;146;1;0;9;0;10;136;11;1;107;2;2;10;3;
254620046;650;446;5;719;0;199;0;0;199;0;5;0;0;5;194;27;2;123;2;1;32;7;
254620047;680;492;0;765;2;188;2;0;188;0;0;0;0;0;188;16;0;93;3;2;67;7;
254620048;280;149;0;345;0;131;0;0;131;0;1;0;0;1;130;28;0;67;1;1;31;2;
254620049;680;476;0;746;0;204;0;0;204;2;3;0;0;5;199;29;0;97;1;0;62;10;
254620050;700;497;0;773;0;203;0;0;203;2;0;5;0;7;196;26;2;103;1;0;49;15;
254620051;550;354;3;630;2;193;2;3;193;0;3;0;0;3;190;40;0;116;1;1;26;6;
254620052;780;464;0;867;0;316;0;0;316;1;5;2;0;8;308;39;0;205;2;3;55;4;
254620053;661;447;0;214;0;214;0;0;214;2;2;0;0;4;210;39;2;112;2;0;51;4;
254621001;400;255;3;430;0;142;0;1;142;0;0;3;0;3;139;15;1;94;1;0;25;3;
254621002;400;233;0;441;0;167;0;3;167;5;1;0;0;6;161;21;0;105;1;1;31;2;
254621004;420;247;0;455;3;173;3;0;173;2;0;0;0;2;171;17;1;118;3;2;27;3;
254621005;550;322;1;551;0;227;0;1;227;1;2;0;0;3;224;25;2;142;3;3;45;4;
254621006;604;409;0;604;0;195;0;0;195;1;5;8;0;14;181;27;0;110;3;2;34;5;
254621007;500;326;0;528;0;174;0;5;174;0;2;2;0;4;170;21;2;93;0;3;45;6;
254621008;800;465;3;332;0;332;0;5;332;0;3;0;0;3;329;39;0;183;0;0;93;14;
254621009;900;562;0;936;4;338;4;4;338;0;0;0;0;0;338;47;0;183;2;5;88;13;
254621010;650;459;0;557;0;191;0;1;191;1;1;3;0;5;186;16;0;101;2;3;56;8;
254621011;657;451;7;660;1;199;1;0;199;0;2;5;0;7;192;15;1;105;2;2;63;4;
254621012;780;578;1;789;0;201;0;3;201;3;0;0;0;3;198;23;0;113;1;2;53;6;
254621013;760;585;1;766;0;174;0;0;174;3;3;0;0;6;168;16;1;90;1;3;56;1;
254621014;620;423;0;623;11;197;11;9;197;2;5;0;0;7;190;22;1;110;0;0;51;6;
254621015;810;529;5;817;0;276;0;0;276;0;3;1;0;4;272;24;2;174;2;1;65;4;
254621016;810;544;2;821;0;264;0;1;264;1;1;0;0;2;262;33;0;150;2;2;60;15;
254621017;635;414;0;639;0;221;0;0;221;1;13;0;0;14;207;39;0;117;0;2;47;2;
254621018;770;517;0;779;0;253;0;3;253;1;4;0;0;5;248;27;0;160;1;2;49;9;
254621019;620;434;2;184;4;184;4;0;184;2;4;0;0;6;178;19;0;107;2;1;41;8;
254621020;660;465;0;662;0;195;0;1;195;2;2;0;0;4;191;19;0;122;5;0;35;10;
254621021;590;455;0;602;1;135;1;3;135;1;2;0;0;3;132;11;0;69;0;2;48;2;
254621022;420;298;0;432;1;122;1;0;122;0;5;0;0;5;117;23;0;76;1;1;14;2;
254621023;520;346;0;525;1;174;1;0;174;0;3;0;0;3;171;17;1;96;0;1;54;2;
254621024;670;359;0;673;2;311;2;2;311;2;4;0;0;6;305;20;0;193;2;4;79;7;
254621025;520;286;0;534;4;234;4;0;234;1;7;0;0;8;226;35;2;137;2;2;40;8;
254621026;630;407;2;633;2;221;2;0;221;3;0;0;0;3;218;26;0;139;1;1;43;8;
254621027;540;361;1;550;2;178;2;2;178;0;0;0;0;0;178;16;0;128;1;2;31;0;
254621028;585;385;0;596;1;200;1;0;200;6;8;0;0;14;186;15;0;139;3;0;22;7;
254621029;380;212;0;389;0;168;0;3;168;1;3;0;0;4;164;34;0;112;1;1;10;6;
254621030;570;355;0;582;4;215;4;1;215;3;17;0;0;20;195;25;1;111;0;1;49;8;
254621031;450;243;0;452;1;207;1;0;207;1;2;6;0;9;198;31;1;122;3;2;35;4;
254621032;430;322;0;433;0;108;0;4;108;0;3;4;0;7;101;7;0;52;2;0;40;0;
254621033;580;425;0;599;0;155;0;2;155;3;2;0;0;5;150;9;0;99;0;2;37;3;
254621034;470;361;0;476;1;109;1;0;109;2;0;0;0;2;107;9;1;55;3;1;34;4;
254621035;450;321;0;454;5;129;5;0;129;2;2;1;0;5;124;9;1;71;2;3;29;9;
254621036;540;315;0;551;0;225;0;3;225;1;4;0;0;5;220;24;1;121;2;6;59;7;
254621037;540;347;0;538;0;193;0;1;193;1;2;2;0;5;188;16;0;85;1;2;79;5;
254624001;646;396;5;725;1;245;1;5;245;1;3;0;0;4;241;48;2;139;2;2;38;10;
254624002;858;466;7;973;12;385;12;3;385;0;5;0;0;5;380;62;2;216;1;3;65;31;
254624003;711;416;3;793;0;292;0;2;292;1;3;5;0;9;283;56;0;173;1;4;37;12;
254624004;686;386;0;774;12;300;12;0;300;5;5;0;0;10;290;74;1;159;0;2;40;14;
254624005;720;430;0;802;14;290;14;0;290;3;4;1;0;8;282;59;0;151;2;1;55;14;
254624006;846;516;1;946;1;329;1;4;329;0;5;0;0;5;324;37;4;217;2;6;47;11;
254624007;936;575;1;1050;12;360;12;6;360;5;6;0;0;11;349;67;0;168;2;6;80;26;
254624008;789;520;0;879;4;269;4;0;269;5;9;1;0;15;254;32;0;157;0;5;52;8;
254624009;432;218;2;480;2;212;2;7;212;2;3;4;2;11;201;22;0;137;1;2;33;6;
254624010;218;109;0;328;0;109;0;5;109;0;2;1;0;3;106;16;0;61;0;0;22;7;
254624011;516;291;3;573;9;222;9;0;222;4;2;0;0;6;216;38;0;107;2;2;49;18;
254624012;49;23;0;58;0;26;0;9;26;2;0;0;0;2;24;1;0;19;0;1;3;0;
254624013;174;63;0;164;11;111;11;0;111;1;1;0;0;2;109;19;1;60;0;0;23;6;
254624014;68;38;1;45;2;29;2;6;29;0;0;0;0;0;29;5;0;9;0;0;12;3;
254624015;72;19;1;52;2;52;2;9;52;1;0;0;0;1;51;5;0;31;1;1;11;2;
254624016;86;20;3;63;9;63;9;8;63;1;0;0;0;1;62;5;0;50;0;2;4;1;
260600001;710;442;1;721;4;267;4;0;267;1;6;0;0;7;260;35;4;150;2;2;61;6;
260600002;748;452;1;754;0;295;0;0;295;1;5;0;0;6;289;44;0;161;2;2;71;9;
260600003;684;399;2;691;0;283;0;0;283;1;10;0;0;11;272;30;2;180;1;5;47;7;
260600004;940;632;3;947;3;305;3;0;305;0;4;0;0;4;301;46;2;178;4;1;63;7;
260600005;844;568;2;857;0;274;0;6;274;1;4;0;0;5;269;29;1;183;2;4;40;10;
260600006;420;257;1;162;0;162;0;4;162;0;1;0;0;1;161;27;0;105;1;2;19;7;
260600007;376;228;1;379;3;147;3;5;147;1;1;3;0;5;142;15;0;102;2;1;13;9;
260600008;440;198;6;448;0;236;0;4;236;2;3;0;0;5;231;29;0;146;5;1;43;7;
260600009;230;153;1;229;0;76;0;3;76;0;0;0;0;0;76;8;0;45;1;0;18;4;
260600010;190;104;1;198;4;85;4;0;85;3;3;2;0;8;77;18;0;42;2;0;13;2;
260600011;28;6;2;36;0;20;0;0;20;0;0;0;0;0;20;2;1;14;1;0;2;0;
260600012;90;41;1;90;2;48;2;0;48;0;0;4;0;4;44;4;0;34;1;0;4;1;
260700001;590;289;1;601;0;300;0;5;300;1;3;0;0;4;296;27;2;181;6;2;60;18;
260700002;730;419;1;749;1;310;1;0;310;3;3;8;0;14;296;20;0;172;4;4;86;10;
260700003;940;536;1;952;0;403;0;0;403;3;1;0;0;4;399;27;0;231;2;5;126;8;
260700004;930;542;2;936;5;386;5;1;386;0;2;2;0;4;382;20;1;233;6;3;111;8;
260700005;600;347;0;606;2;253;2;9;253;6;3;0;0;9;244;16;0;164;8;0;53;3;
260700006;880;467;3;893;12;410;12;8;410;2;5;0;0;7;403;43;3;220;5;1;120;11;
260700007;935;522;1;942;1;412;1;8;412;6;8;3;0;17;395;49;3;248;1;3;80;11;
260700008;830;469;0;851;10;361;10;6;361;1;5;0;0;6;355;27;0;227;2;4;83;12;
260700009;740;423;0;746;1;317;1;1;317;2;2;0;0;4;313;39;0;189;4;4;72;5;
260700010;701;341;1;717;4;359;4;8;359;1;3;5;0;9;350;45;0;211;1;2;72;19;
260700011;900;464;3;951;0;433;0;1;433;3;3;0;0;6;427;39;1;246;7;2;118;14;
260700012;1000;604;1;1002;0;395;0;1;395;0;2;0;0;2;393;19;0;271;4;3;91;5;
260700013;890;489;4;896;1;397;1;3;397;1;4;0;0;5;392;38;2;221;7;0;115;9;
260700014;600;376;0;607;0;224;0;0;224;0;3;3;0;6;218;18;0;130;6;1;51;12;
260700015;930;476;8;948;7;446;7;0;446;5;3;0;0;8;438;3;0;427;2;2;2;2;
260700016;930;589;0;949;0;341;0;1;341;2;2;0;0;4;337;14;1;208;2;2;102;8;
260700017;1000;614;2;1047;0;384;0;1;384;5;3;1;0;9;375;27;0;212;5;1;115;15;
260700018;910;534;0;922;0;376;0;1;376;2;1;0;0;3;373;34;2;236;3;5;76;17;
260700019;850;511;0;864;0;339;0;0;339;0;1;6;0;7;332;11;0;250;2;4;58;7;
260700020;500;279;0;501;1;221;1;1;221;0;1;0;0;1;220;17;2;144;1;1;49;6;
260700021;1000;554;2;1025;0;444;0;6;444;4;1;1;0;6;438;18;2;272;10;4;124;8;
260700022;590;359;2;593;0;229;0;0;229;1;2;0;0;3;226;23;0;133;1;0;60;9;
260700023;55;11;1;52;0;43;0;6;43;1;2;0;0;3;40;2;0;27;1;1;8;1;
260700024;160;52;2;166;2;106;2;5;106;4;2;0;0;6;100;3;0;84;3;1;7;2;
260700025;750;411;1;758;3;338;3;0;338;0;3;0;0;3;335;17;2;190;2;2;109;13;
260700026;730;391;1;735;1;338;1;3;338;5;1;0;0;6;332;9;1;200;2;3;103;14;
260700027;490;226;0;493;3;264;3;0;264;3;4;0;0;7;257;12;0;181;1;1;50;12;
260700028;730;439;2;739;0;289;0;2;289;0;3;0;0;3;286;14;1;187;6;0;70;8;
260700029;745;428;2;750;3;315;3;0;315;1;3;3;1;8;307;17;1;189;1;2;86;11;
260700030;710;335;19;713;5;356;5;0;356;2;14;0;0;16;340;10;1;228;3;0;90;8;
260700031;572;284;0;578;1;288;1;6;288;0;11;3;0;14;274;8;0;205;2;1;56;2;
260700032;430;232;1;432;1;197;1;0;197;1;2;0;0;3;194;4;0;138;1;0;51;0;
260700033;159;43;1;164;7;115;7;0;115;0;0;0;0;0;115;11;1;97;1;0;2;3;
260700034;125;57;1;131;2;67;2;6;67;0;1;0;0;1;66;2;0;49;0;1;12;2;
260700035;67;27;1;69;2;39;2;3;39;0;1;0;0;1;38;1;0;23;0;0;14;0;
260700036;770;433;0;775;7;337;7;0;337;1;3;0;0;4;333;9;0;213;2;1;100;8;
260700037;650;377;1;653;7;272;7;0;272;0;1;0;0;1;271;9;3;216;0;2;39;2;
260700038;240;67;1;245;4;172;4;3;172;1;0;0;0;1;171;22;0;116;2;2;26;3;
260700039;119;32;1;124;4;86;4;5;86;0;0;0;0;0;86;7;0;66;0;1;11;1;
260700040;170;48;0;177;2;122;2;3;122;2;1;0;0;3;119;11;0;102;0;0;5;1;
260700041;620;398;2;621;0;220;0;0;220;2;0;0;0;2;218;15;1;120;0;2;72;8;
260700042;825;489;0;834;1;336;1;0;336;4;2;0;0;6;330;15;1;219;7;1;79;8;
260700043;900;556;0;902;0;344;0;0;344;2;3;7;0;12;332;8;0;189;2;4;120;9;
260700044;530;320;0;535;2;210;2;0;210;0;3;0;0;3;207;4;1;119;3;1;77;2;
260900001;600;329;3;800;2;268;2;0;268;1;5;2;1;9;259;23;1;182;3;0;46;4;
260900002;600;348;0;691;0;252;0;0;252;3;0;1;0;4;248;13;0;174;1;1;55;4;
260900003;800;478;0;916;4;322;4;0;322;5;7;1;0;13;309;12;0;219;1;2;70;5;
260900004;600;341;0;711;2;259;2;0;259;0;2;12;0;14;245;13;1;180;0;0;45;6;
260900005;800;492;2;993;2;306;2;0;306;4;5;3;0;12;294;25;0;184;4;2;69;10;
260900006;300;157;0;252;7;143;7;4;143;1;2;0;0;3;140;9;0;109;2;0;13;7;
260900007;100;44;0;85;0;56;0;0;56;0;1;0;0;1;55;2;0;46;2;0;4;1;
260900008;100;64;0;79;0;36;0;1;36;2;0;0;0;2;34;4;1;23;0;0;4;2;
260900009;50;33;0;28;0;17;0;5;17;0;0;0;0;0;17;2;0;12;0;0;3;0;
260900010;50;33;0;29;1;17;1;0;17;0;0;2;0;2;15;3;2;8;0;0;2;0;
260900011;50;24;0;35;0;26;0;0;26;0;1;0;0;1;25;2;1;21;0;0;1;0;
260900012;50;32;0;26;0;18;0;0;18;0;0;0;0;0;18;1;0;13;0;0;4;0;
260900013;100;48;0;96;2;52;2;0;52;2;2;0;0;4;48;7;0;26;4;0;11;0;
260900014;51;32;1;31;1;18;1;5;18;0;0;1;0;1;17;2;0;10;1;0;4;0;
260900015;80;44;0;63;2;36;2;0;36;0;0;0;0;0;36;2;0;25;0;1;2;6;
260900016;80;43;1;49;1;36;1;6;36;0;2;2;0;4;32;2;0;29;0;1;0;0;
260900017;100;65;0;60;2;35;2;5;35;0;0;0;0;0;35;3;1;26;0;0;5;0;
260900018;50;29;0;29;0;21;0;5;21;0;0;0;0;0;21;1;0;15;0;0;5;0;
260900019;200;119;0;182;0;81;0;0;81;0;0;0;0;0;81;3;0;63;4;2;7;2;
261000001;530;239;0;622;1;291;1;0;291;1;0;6;0;7;284;18;2;170;1;4;74;15;
261000002;480;233;0;562;1;247;1;0;247;1;5;0;0;6;241;8;0;189;4;0;32;8;
261000003;370;189;0;438;0;181;0;6;181;0;0;1;0;1;180;9;0;158;3;2;8;0;
261000004;230;103;1;272;3;126;3;0;126;0;1;0;0;1;125;9;1;86;3;1;21;4;
261000005;270;148;2;313;0;120;0;0;120;2;2;1;0;5;115;6;0;72;4;0;25;8;
261000006;674;287;2;792;0;385;0;0;385;4;10;1;0;15;370;18;1;275;4;2;65;5;
261000007;150;56;1;170;0;93;0;0;93;1;2;0;0;3;90;17;2;57;1;1;9;3;
261000008;110;55;0;126;0;55;0;1;55;0;2;0;0;2;53;9;0;34;0;0;8;2;
261000009;200;87;3;230;2;110;2;1;110;3;1;0;0;4;106;6;0;75;1;0;18;6;
261000010;180;76;0;193;0;104;0;0;104;3;3;0;0;6;98;11;1;71;1;0;13;1;
261000011;260;112;1;301;1;147;1;2;147;3;1;0;0;4;143;17;1;104;5;0;12;4;
261000012;155;55;2;175;3;98;3;0;98;2;3;1;0;6;92;12;0;68;0;0;8;4;
261000013;390;225;1;450;3;164;3;3;164;1;2;0;0;3;161;7;0;102;2;1;45;4;
261000014;240;142;2;283;0;96;0;0;96;1;2;0;0;3;93;9;1;67;0;1;15;0;
261000015;170;78;0;198;0;92;0;0;92;0;0;0;0;0;92;5;0;72;2;0;11;2;
261600001;545;334;1;620;0;210;0;2;210;5;1;0;0;6;204;9;2;120;1;1;58;13;
261600002;615;351;2;669;3;262;3;0;262;4;5;0;0;9;253;17;3;161;3;1;57;11;
261600003;530;325;0;584;0;205;0;4;205;0;5;0;0;5;200;9;1;132;3;4;40;11;
261600004;690;459;0;702;0;231;0;0;231;3;1;5;0;9;222;15;2;135;7;0;52;11;
261600005;370;209;1;382;1;160;1;0;160;0;2;10;0;12;148;5;1;108;2;0;29;3;
261600006;36;19;1;32;4;16;4;0;16;0;1;0;0;1;15;0;1;8;1;1;4;0;
261600007;42;21;1;44;1;20;1;0;20;0;0;0;0;0;20;2;0;12;0;0;5;1;
261600008;62;24;1;61;4;37;4;0;37;0;0;0;0;0;37;5;0;28;1;0;3;0;
261600009;160;76;1;153;0;83;0;2;83;2;0;1;0;3;80;3;0;52;2;0;13;10;
261600010;50;22;0;46;0;28;0;0;28;1;0;0;0;1;27;2;0;15;0;0;6;4;
261600011;50;20;0;46;0;30;0;5;30;1;1;2;0;4;26;10;0;11;1;0;2;2;
261600012;85;31;0;80;1;54;1;4;54;1;0;0;0;1;53;3;0;41;2;0;2;5;
261600013;75;28;1;69;0;46;0;3;46;0;1;0;0;1;45;0;0;28;1;0;14;2;
261600014;130;77;1;123;7;52;7;0;52;0;1;0;0;1;51;4;1;37;1;1;6;1;
261600015;145;96;0;132;2;49;2;0;49;1;0;2;0;3;46;4;0;32;1;0;9;0;
261600016;72;47;0;72;6;25;6;0;25;0;0;0;0;0;25;1;0;16;0;1;7;0;
261600017;42;10;0;37;10;32;10;0;32;1;0;0;0;1;31;3;0;19;1;0;7;1;
261600018;470;284;0;486;5;186;5;0;186;2;2;3;0;7;179;12;1;130;1;1;29;5;
261600019;66;37;0;28;1;29;1;6;29;0;0;0;0;0;29;4;1;22;1;1;0;0;
261600020;123;68;1;117;0;54;0;0;54;2;0;0;0;2;52;5;1;27;3;2;12;2;
261600021;56;27;0;52;0;29;0;0;29;0;1;0;0;1;28;3;0;21;1;0;3;0;
261600022;60;30;1;54;0;29;0;0;29;0;0;0;0;0;29;1;0;21;0;0;7;0;
261600023;42;14;0;31;7;28;7;0;28;1;0;0;0;1;27;1;0;20;0;0;6;0;
261600024;32;13;1;28;3;18;3;0;18;0;0;1;0;1;17;3;0;12;0;0;2;0;
261600025;152;78;1;142;0;73;0;0;73;0;1;4;0;5;68;6;0;54;1;1;5;1;
261600026;87;49;0;78;0;38;0;0;38;2;0;0;0;2;36;3;1;25;1;0;5;1;
261700001;600;315;1;826;0;284;0;0;284;0;8;0;1;9;275;19;2;189;2;8;45;10;
261700002;400;166;2;634;1;232;1;0;232;0;3;1;0;4;228;26;3;130;2;2;53;12;
261700003;700;443;1;746;0;256;0;0;256;0;5;0;0;5;251;19;1;155;0;2;65;9;
261700004;800;438;0;955;1;362;1;1;362;1;1;0;0;2;360;29;2;222;0;2;95;10;
261700005;800;473;3;950;0;324;0;0;324;4;1;0;0;5;319;35;1;197;1;3;71;11;
261700006;600;313;1;899;0;286;0;1;286;4;1;0;0;5;281;18;1;165;1;1;90;5;
261700007;500;266;1;696;0;233;0;0;233;7;0;0;0;7;226;23;6;148;2;4;35;8;
261700008;40;24;0;33;0;16;0;1;16;0;0;0;0;0;16;2;0;11;0;0;3;0;
261700009;800;457;0;927;0;343;0;1;343;0;6;5;0;11;332;14;0;237;3;2;70;6;
261700010;600;302;0;792;1;298;1;0;298;0;0;3;0;3;295;5;1;207;6;2;60;14;
261700011;600;374;2;780;0;224;0;0;224;1;0;1;0;2;222;11;1;146;2;2;55;5;
261700012;539;293;4;602;4;242;4;0;242;0;2;0;0;2;240;17;1;159;0;5;49;9;
261700013;800;498;0;963;0;302;0;2;302;5;6;3;0;14;288;29;1;190;0;6;51;11;
261700014;700;436;5;868;1;259;1;0;259;12;0;0;0;12;247;32;0;145;2;5;54;9;
261700015;400;146;3;555;2;251;2;0;251;6;1;8;0;15;236;5;1;112;6;0;102;10;
261700016;300;119;1;443;2;180;2;0;180;0;7;0;0;7;173;17;2;82;2;2;66;2;
261700017;400;233;0;518;0;167;0;5;167;1;2;0;0;3;164;16;0;111;0;1;29;7;
261700018;400;275;3;584;0;122;0;0;122;0;3;0;0;3;119;5;0;89;0;0;21;4;
261700019;750;457;2;860;5;291;5;0;291;1;3;0;0;4;287;30;1;171;0;1;77;7;
261700020;250;105;2;368;0;143;0;1;143;4;2;0;0;6;137;8;1;106;0;1;16;5;
261700021;454;212;1;600;3;241;3;0;241;4;2;5;0;11;230;9;0;160;3;4;48;6;
261700022;286;139;3;336;0;144;0;3;144;1;1;0;0;2;142;11;1;82;3;3;37;5;
261700023;36;18;0;35;5;18;5;0;18;1;0;0;0;1;17;0;0;12;1;1;3;0;
261700024;200;22;2;286;0;176;0;1;176;0;2;0;0;2;174;12;0;111;2;0;47;2;
261700025;400;163;0;637;1;237;1;2;237;1;0;0;0;1;236;11;0;142;1;1;70;11;
261700026;600;291;3;759;0;306;0;0;306;0;2;3;0;5;301;10;1;235;1;1;51;2;
261700027;500;284;1;637;1;215;1;0;215;0;1;6;0;7;208;8;0;154;2;1;40;3;
261700028;400;129;17;577;0;254;0;0;254;3;1;13;0;17;237;7;1;175;6;0;37;11;
261700029;100;11;2;162;0;87;0;1;87;2;0;0;0;2;85;21;2;49;2;0;8;3;
261700030;80;45;0;91;0;35;0;0;35;0;3;0;0;3;32;0;1;25;0;0;6;0;
261700031;50;5;0;61;1;45;1;0;45;1;3;0;0;4;41;5;4;27;0;1;2;2;
261700032;400;239;1;365;1;160;1;2;160;0;1;1;1;3;157;9;0;100;4;3;32;9;
261800001;700;485;1;781;0;214;0;0;214;0;0;5;0;5;209;12;1;127;1;4;61;3;
261800002;700;482;1;802;0;217;0;0;217;0;2;2;0;4;213;20;0;125;1;4;54;9;
261800003;700;387;1;821;0;312;0;0;312;1;4;0;0;5;307;16;3;206;1;3;67;11;
261800004;600;271;0;724;0;329;0;4;329;1;6;0;0;7;322;11;2;252;4;5;47;1;
261800005;700;428;0;802;0;272;0;0;272;0;3;0;0;3;269;10;1;227;3;2;25;1;
261800006;850;483;1;947;0;366;0;0;366;8;4;0;0;12;354;20;1;249;3;1;69;11;
261800007;700;343;2;802;0;355;0;0;355;3;9;0;0;12;343;22;0;227;0;3;81;10;
261800008;800;411;1;815;1;388;1;4;388;8;2;0;0;10;378;32;2;246;2;6;85;5;
261800009;850;466;1;923;1;383;1;0;383;0;1;0;1;2;381;12;0;262;6;7;86;8;
261800010;700;451;4;785;0;245;0;4;245;2;1;0;0;3;242;4;1;160;1;2;68;6;
261800011;800;507;1;918;0;292;0;0;292;0;3;0;0;3;289;7;1;158;5;0;114;4;
261800013;200;95;2;196;3;103;3;4;103;1;0;0;0;1;102;4;0;75;0;2;21;0;
261800014;100;35;1;94;5;64;5;6;64;1;0;0;0;1;63;6;1;55;0;0;1;0;
261800015;140;29;1;143;0;110;0;4;110;0;2;0;0;2;108;3;0;103;1;0;0;1;
261800016;100;40;1;102;3;59;3;7;59;0;1;0;0;1;58;1;0;46;0;0;11;0;
261800017;30;10;0;27;0;20;0;5;20;0;0;0;0;0;20;0;0;16;0;0;4;0;
261800018;200;50;2;198;3;148;3;4;148;0;3;7;0;10;138;9;1;106;1;2;19;0;
261800019;450;187;1;451;4;262;4;6;262;3;2;0;0;5;257;18;3;186;2;4;37;7;
261800020;200;101;1;190;0;98;0;5;98;1;2;0;0;3;95;1;2;77;1;2;10;2;
261800021;250;86;2;255;0;162;0;1;162;2;0;0;0;2;160;2;2;131;2;1;20;2;
262000001;1100;507;11;1179;1;582;1;0;582;2;6;0;0;8;574;22;2;434;3;6;104;3;
262000002;900;523;0;910;4;377;4;0;377;2;10;6;0;18;359;28;2;258;2;2;60;7;
262000003;550;341;2;569;2;207;2;0;207;7;3;0;0;10;197;18;0;107;0;2;58;12;
262000004;900;533;2;947;2;365;2;0;365;4;0;27;0;31;334;15;2;187;4;2;109;15;
262000005;1000;574;1;1132;0;425;0;0;425;3;4;0;0;7;418;36;3;225;2;6;128;18;
262000006;950;608;0;1005;0;342;0;0;342;4;2;0;0;6;336;19;3;213;0;4;83;14;
262000007;900;555;0;941;0;345;0;0;345;3;2;0;1;6;339;22;3;197;3;6;98;10;
262000008;598;304;2;662;0;292;0;0;292;3;2;10;0;15;277;23;1;159;1;3;78;12;
262000009;900;524;3;969;7;373;7;0;373;2;4;0;0;6;367;19;1;238;3;3;89;14;
262000010;60;47;0;43;0;13;0;2;13;0;0;0;0;0;13;1;2;8;0;0;2;0;
262000011;1050;442;2;1133;0;606;0;2;606;1;1;0;0;2;604;0;7;592;2;2;0;1;
262000012;1000;409;8;1095;0;583;0;0;583;5;6;0;0;11;572;1;0;565;1;1;4;0;
262000013;200;113;0;210;0;87;0;5;87;5;0;0;1;6;81;10;0;52;0;1;11;7;
262000014;450;252;0;459;0;198;0;2;198;1;0;1;2;4;194;19;0;106;0;0;65;4;
262000015;250;116;2;267;1;132;1;5;132;2;0;0;0;2;130;14;4;90;2;1;13;6;
262000016;151;62;2;151;0;87;0;0;87;0;1;1;0;2;85;2;5;62;0;4;11;1;
262000017;80;45;1;37;6;34;6;0;34;0;0;0;0;0;34;0;0;27;1;2;4;0;
262000018;120;64;0;88;8;56;8;0;56;0;0;0;0;0;56;4;0;37;0;0;11;4;
262000019;450;247;5;439;8;198;8;0;198;0;5;0;0;5;193;5;4;143;5;3;20;13;
262000020;270;114;0;271;2;156;2;6;156;2;2;0;0;4;152;6;3;80;2;0;58;3;
262000021;120;69;1;80;0;50;0;2;50;0;0;0;0;0;50;6;0;34;1;1;8;0;
262000022;100;58;1;59;3;41;3;8;41;0;0;0;0;0;41;0;1;35;1;0;4;0;
262000023;90;69;0;39;8;21;8;0;21;0;0;0;0;0;21;3;0;12;0;0;4;2;
262000024;550;323;4;552;2;223;2;0;223;3;2;8;0;13;210;12;0;150;3;0;40;5;
262000025;350;224;0;353;2;126;2;0;126;0;0;3;0;3;123;4;0;88;2;1;28;0;
262000026;720;491;0;229;1;229;1;0;229;7;3;6;0;16;213;9;1;136;2;2;58;5;
262000027;80;50;0;42;0;30;0;6;30;0;0;0;0;0;30;2;1;23;0;0;2;2;
262000028;60;35;0;32;2;25;2;0;25;0;0;0;0;0;25;1;0;19;0;1;4;0;
262000029;100;50;1;57;3;49;3;1;49;0;0;0;0;0;49;6;0;38;1;0;2;2;
262000030;150;61;5;125;4;84;4;2;84;0;1;4;0;5;79;5;2;58;0;4;8;2;
262400001;850;517;3;840;5;330;5;0;330;6;8;0;0;14;316;31;1;184;2;3;83;12;
262400002;850;465;3;851;1;382;1;0;382;6;2;0;0;8;374;25;3;241;2;1;94;8;
262400003;500;266;0;508;0;234;0;0;234;7;6;0;0;13;221;21;1;144;1;0;48;6;
262500001;720;423;0;744;1;297;1;0;297;4;0;0;0;4;293;25;1;179;1;2;79;6;
262500002;680;372;0;710;0;308;0;0;308;0;3;4;0;7;301;28;0;188;1;2;75;7;
262500003;680;377;4;716;0;299;0;0;299;3;3;7;0;13;286;14;3;188;3;3;63;12;
262500004;520;364;0;519;0;156;0;0;156;0;1;2;0;3;153;11;0;92;1;1;42;6;
262500005;440;264;0;442;1;176;1;0;176;3;1;3;0;7;169;7;0;96;1;1;60;4;
262500006;570;325;12;567;1;233;1;0;233;11;0;0;0;11;222;12;2;144;3;2;53;6;
262500007;710;395;0;712;0;315;0;0;315;3;8;0;0;11;304;18;0;201;1;3;66;15;
262500008;450;251;0;457;0;199;0;4;199;1;6;0;0;7;192;13;1;117;1;0;53;7;
262500009;610;340;4;609;1;266;1;0;266;1;2;1;0;4;262;13;0;173;0;3;61;12;
262500010;730;479;2;728;0;249;0;0;249;6;4;0;0;10;239;16;2;143;3;0;62;13;
262500011;340;218;0;342;0;122;0;0;122;1;0;2;0;3;119;6;2;70;0;2;35;4;
262500012;670;379;1;664;0;290;0;0;290;8;4;0;1;13;277;24;1;189;2;2;56;3;
262500013;780;427;0;857;0;353;0;0;353;1;9;3;1;14;339;15;1;211;3;4;94;11;
262500014;590;338;1;616;6;251;6;2;251;2;1;9;1;13;238;15;2;161;1;3;52;4;
262500015;650;448;0;659;0;202;0;1;202;1;1;0;0;2;200;8;0;98;2;1;87;4;
262500016;676;396;2;684;0;278;0;1;278;5;5;4;0;14;264;9;0;155;8;3;80;9;
262500017;650;394;0;671;4;256;4;0;256;1;4;0;0;5;251;14;1;144;0;1;86;5;
262500018;640;410;0;650;0;230;0;2;230;7;3;0;0;10;220;13;0;143;0;0;57;7;
262500019;240;146;0;246;0;94;0;7;94;2;1;1;0;4;90;6;1;73;2;0;6;2;
262500020;260;119;0;269;0;141;0;2;141;3;2;4;0;9;132;5;1;102;2;4;12;6;
262500021;50;31;0;40;2;19;2;0;19;0;0;0;0;0;19;1;0;15;0;0;1;2;
262500022;50;5;4;50;0;41;0;0;41;0;1;2;1;4;37;4;3;20;1;0;8;1;
262500023;121;53;0;118;3;68;3;0;68;1;0;0;0;1;67;10;0;41;1;1;12;2;
262600001;517;324;0;599;0;193;0;6;193;0;10;0;0;10;183;15;1;94;0;3;58;12;
262600002;600;348;1;778;0;251;0;6;251;2;2;4;0;8;243;23;0;132;2;2;69;15;
262600003;1000;770;0;857;0;230;0;0;230;0;2;0;0;2;228;23;2;134;0;0;61;8;
262600004;700;356;1;861;2;343;2;3;343;3;4;0;0;7;336;51;2;203;3;1;65;11;
262600005;600;326;1;759;1;273;1;4;273;0;5;4;0;9;264;24;2;168;1;2;61;6;
262600006;700;428;3;798;0;269;0;3;269;4;1;6;0;11;258;22;2;162;2;2;60;8;
262600007;700;384;1;770;1;315;1;0;315;3;3;3;0;9;306;32;1;179;2;6;76;10;
262600008;700;397;4;786;1;299;1;2;299;2;11;1;0;14;285;41;2;166;3;3;53;17;
262600009;700;465;2;877;0;233;0;1;233;3;5;0;0;8;225;20;1;140;1;2;55;6;
262600010;700;376;1;844;0;323;0;2;323;1;3;6;1;11;312;39;2;187;1;3;74;6;
262600011;700;455;1;838;0;244;0;8;244;0;6;0;0;6;238;22;0;154;1;1;57;3;
262600012;700;405;1;730;0;294;0;5;294;10;4;4;0;18;276;24;1;164;3;0;71;13;
262600013;700;428;1;809;3;271;3;4;271;1;5;1;0;7;264;31;1;164;2;3;56;7;
262600014;400;269;1;338;0;130;0;9;130;4;2;0;0;6;124;12;0;71;1;0;33;7;
262600015;250;157;1;145;4;92;4;5;92;2;1;2;0;5;87;5;2;69;2;0;6;3;
262600016;300;201;1;223;2;98;2;4;98;1;0;6;0;7;91;8;0;63;0;0;10;10;
262600017;250;147;1;204;0;102;0;0;102;1;1;4;0;6;96;7;1;58;0;2;24;4;
262600018;700;430;0;837;0;270;0;2;270;0;0;2;0;2;268;10;3;211;4;0;33;7;
262600019;700;433;1;821;2;266;2;2;266;0;0;0;0;0;266;13;2;185;5;1;49;11;
262600020;350;228;0;285;1;122;1;4;122;4;0;0;0;4;118;12;0;83;1;1;16;5;
262600021;250;146;2;163;1;102;1;1;102;1;3;2;0;6;96;2;1;67;1;0;20;5;
262600022;150;97;0;88;0;53;0;6;53;1;2;2;0;5;48;4;0;38;1;0;3;2;
262600023;150;94;4;95;1;52;1;1;52;0;2;0;0;2;50;2;0;36;0;0;12;0;
263400001;700;283;1;772;1;416;1;0;416;5;3;6;0;14;402;25;0;289;1;2;72;13;
263400002;490;237;1;530;14;252;14;0;252;1;1;15;1;18;234;11;0;193;1;1;21;7;
263400003;580;312;1;641;1;267;1;3;267;0;6;0;0;6;261;22;0;191;3;3;37;5;
263400004;720;414;0;788;7;306;7;0;306;2;4;0;0;6;300;17;2;231;1;2;41;6;
263400005;590;357;0;643;0;233;0;0;233;0;7;0;0;7;226;14;1;167;0;5;32;7;
263400006;401;170;3;452;0;228;0;3;228;7;5;0;0;12;216;4;0;186;1;1;19;5;
263400007;180;35;0;206;1;145;1;8;145;3;2;0;0;5;140;7;1;122;0;0;9;1;
263400008;45;5;0;57;0;40;0;8;40;0;0;0;0;0;40;1;0;33;0;0;4;2;
263400009;150;59;0;169;6;91;6;0;91;2;0;0;0;2;89;4;1;74;1;0;9;0;
263400010;110;25;1;128;0;84;0;0;84;0;0;4;0;4;80;8;1;51;1;1;16;2;
263400011;650;199;0;716;10;451;10;0;451;7;5;0;0;12;439;21;5;351;10;5;41;6;
263400012;120;22;2;135;1;96;1;5;96;1;0;0;0;1;95;6;0;79;1;0;9;0;
263400013;370;134;2;414;3;234;3;7;234;7;1;0;0;8;226;8;2;188;7;3;14;4;
263400014;300;66;0;331;8;234;8;0;234;6;1;0;1;8;226;6;0;200;2;2;15;1;
263400015;200;37;0;219;2;163;2;0;163;1;1;0;0;2;161;25;1;115;5;3;11;1;
263900001;500;280;0;629;0;220;0;0;220;0;1;0;0;1;219;8;0;131;3;3;65;9;
263900002;400;206;0;443;4;194;4;0;194;2;2;1;0;5;189;8;2;101;0;1;67;10;
263900003;600;277;3;790;2;320;2;1;320;2;1;0;0;3;317;23;2;169;2;1;109;11;
263900004;500;240;14;625;9;246;9;0;246;14;0;0;0;14;232;15;3;141;0;1;68;4;
263900005;500;253;0;662;6;247;6;0;247;0;0;7;0;7;240;13;0;133;1;3;86;4;
263900006;500;246;1;579;3;253;3;0;253;0;2;2;0;4;249;19;1;164;4;0;60;1;
263900007;600;266;0;726;0;334;0;0;334;1;1;9;1;12;322;58;1;175;0;2;68;18;
263900008;870;479;0;876;6;391;6;0;391;0;4;0;0;4;387;25;1;258;2;2;88;11;
263900009;500;229;0;601;0;271;0;1;271;2;1;0;0;3;268;18;1;156;1;4;77;11;
263900010;400;153;0;547;1;247;1;1;247;1;3;3;1;8;239;30;2;119;4;3;74;7;
263900011;400;163;1;509;0;236;0;0;236;0;7;0;0;7;229;25;1;126;2;0;54;21;
263900012;500;256;0;627;0;244;0;0;244;0;4;0;0;4;240;33;0;110;0;0;85;12;
263900013;500;219;0;650;0;281;0;0;281;1;5;0;0;6;275;17;2;147;1;1;98;9;
263900014;600;284;0;765;0;316;0;0;316;3;1;0;0;4;312;36;2;160;2;1;104;7;
263900015;500;263;0;606;0;237;0;0;237;1;1;7;0;9;228;33;0;93;2;4;90;6;
263900016;600;318;0;698;0;282;0;5;282;0;1;0;0;1;281;32;0;164;3;1;74;7;
263900017;500;272;0;612;0;228;0;0;228;4;1;0;0;5;223;26;2;120;0;0;70;5;
263900018;500;247;0;635;0;253;0;0;253;2;1;3;0;6;247;15;3;141;4;0;78;6;
263900019;400;131;0;590;0;269;0;0;269;0;8;0;0;8;261;14;1;164;1;1;76;4;
263900020;500;224;0;607;0;276;0;0;276;6;0;1;1;8;268;23;1;152;3;1;80;8;
263900021;400;166;0;570;3;234;3;0;234;1;2;1;0;4;230;21;0;113;1;5;86;4;
263900022;30;14;0;47;6;16;6;0;16;0;2;0;0;2;14;1;0;10;0;0;2;1;
263900023;400;204;3;480;4;193;4;0;193;3;0;0;0;3;190;9;0;116;0;1;57;7;
263900024;706;378;0;798;0;328;0;0;328;0;3;0;0;3;325;27;1;188;2;1;93;13;
263900025;400;172;1;543;4;227;4;0;227;0;2;0;0;2;225;19;1;125;1;0;75;4;
263900026;700;348;2;884;2;350;2;0;350;9;2;0;0;11;339;24;0;191;2;2;108;12;
263900027;600;330;6;738;1;264;1;0;264;2;2;2;0;6;258;15;3;149;1;1;76;13;
263900028;500;242;0;671;1;258;1;0;258;2;0;4;0;6;252;31;0;125;1;1;82;12;
263900029;500;168;0;691;0;332;0;0;332;0;5;1;0;6;326;18;2;161;4;2;114;25;
263900030;603;256;1;751;1;346;1;1;346;0;4;5;0;9;337;28;0;189;1;5;91;23;
263900031;700;372;5;831;2;323;2;0;323;2;13;0;0;15;308;23;1;168;1;2;107;6;
263900032;600;184;0;707;4;416;4;0;416;3;3;0;0;6;410;3;2;393;8;1;1;2;
263900033;700;303;0;831;0;397;0;0;397;0;0;2;0;2;395;2;1;389;2;0;1;0;
263900034;700;289;11;899;0;400;0;0;400;3;3;2;3;11;389;0;3;378;4;1;3;0;
263900035;600;177;1;804;0;422;0;0;422;18;2;1;0;21;401;3;1;389;4;1;3;0;
263900036;500;234;0;577;4;266;4;0;266;1;2;0;0;3;263;9;3;124;2;1;119;5;
263900037;150;37;0;165;3;113;3;1;113;0;2;0;0;2;111;3;1;80;4;1;20;2;
263900038;100;34;0;108;2;66;2;2;66;3;0;0;0;3;63;4;0;34;0;0;24;1;
263900039;200;69;0;259;1;131;1;0;131;0;2;0;0;2;129;3;0;60;1;1;64;0;
263900040;159;34;0;206;8;125;8;0;125;1;4;0;0;5;120;5;1;105;2;2;4;1;
263900041;120;14;0;153;5;106;5;0;106;1;1;0;0;2;104;6;0;92;1;1;3;1;
263900042;300;185;1;366;0;114;0;1;114;1;0;0;0;1;113;6;0;40;3;1;60;3;
263900043;480;257;0;560;1;223;1;0;223;3;2;6;0;11;212;9;0;112;0;2;85;4;
263900044;300;110;15;381;3;175;3;6;175;0;17;0;0;17;158;16;2;117;7;2;13;1;
263900045;300;117;1;368;3;182;3;0;182;4;2;9;0;15;167;5;0;142;1;2;14;3;
263900046;200;42;0;233;6;158;6;0;158;0;5;3;0;8;150;3;1;135;1;1;8;1;
263900047;200;66;0;290;12;134;12;0;134;1;1;0;0;2;132;23;1;79;1;1;18;9;
263900048;300;90;1;410;2;209;2;0;209;1;3;4;1;9;200;29;1;129;3;1;30;7;
263900049;208;96;8;200;0;104;0;0;104;6;6;0;0;12;92;2;1;71;1;0;10;7;
263900050;200;63;0;274;6;137;6;0;137;3;2;0;0;5;132;11;1;102;1;1;11;5;
263900051;200;71;3;316;0;126;0;3;126;0;3;0;0;3;123;6;0;68;8;0;34;7;
263900052;300;166;0;415;2;134;2;0;134;4;3;0;0;7;127;7;0;84;6;1;28;1;
263900053;400;205;0;446;0;195;0;1;195;8;0;0;0;8;187;4;0;105;3;1;68;6;
263900054;500;284;1;580;0;215;0;1;215;1;6;0;0;7;208;11;0;97;0;2;95;3;
263900055;499;177;1;684;5;321;5;0;321;7;3;2;0;12;309;12;1;163;5;0;111;17;
263900056;400;146;1;564;6;253;6;0;253;0;2;1;0;3;250;16;0;150;1;0;78;5;
263900057;200;33;1;288;0;166;0;0;166;0;1;0;0;1;165;9;0;104;0;0;50;2;
263900058;300;92;1;448;5;207;5;0;207;11;2;2;0;15;192;20;0;109;1;2;56;4;
263900059;500;201;1;592;5;298;5;0;298;1;6;2;0;9;289;21;2;108;2;2;151;3;
263900060;500;276;0;611;0;224;0;0;224;2;5;4;0;11;213;18;0;115;2;1;69;8;
263900061;300;148;0;431;0;152;0;0;152;1;1;1;0;3;149;32;0;54;3;1;47;12;
263900062;400;91;0;545;0;309;0;1;309;4;4;0;0;8;301;2;4;171;3;3;112;6;
263900063;106;46;6;165;6;54;6;2;54;1;0;5;0;6;48;4;0;41;0;0;2;1;
263900064;53;0;0;57;0;53;0;0;53;3;0;0;0;3;50;2;0;38;3;0;7;0;
263900065;76;46;1;49;0;29;0;3;29;0;0;0;0;0;29;2;0;18;0;0;6;3;
264300001;780;410;2;978;1;368;1;2;368;4;5;0;0;9;359;50;1;226;4;2;61;15;
264300002;760;407;0;946;3;353;3;3;353;1;3;0;0;4;349;62;1;206;0;5;52;23;
264300003;630;465;1;783;0;164;0;0;164;2;0;2;0;4;160;13;2;98;2;3;39;3;
264300004;690;383;8;856;0;299;0;0;299;1;5;0;2;8;291;22;0;188;4;2;59;16;
264300005;680;358;0;842;0;322;0;0;322;4;5;0;0;9;313;46;3;195;1;5;49;14;
264300006;700;434;1;878;2;265;2;0;265;5;0;0;0;5;260;20;1;171;4;1;56;7;
264300007;770;487;3;963;2;280;2;2;280;0;2;0;0;2;278;20;0;176;0;4;70;8;
264300008;750;482;1;934;5;267;5;5;267;2;5;0;0;7;260;17;2;157;2;4;73;5;
264300010;175;67;0;182;4;108;4;4;108;0;0;1;0;1;107;4;0;86;0;1;15;1;
264300011;125;62;1;128;3;62;3;0;62;3;0;0;0;3;59;0;3;41;1;2;12;0;
264300012;245;128;0;244;0;117;0;0;117;4;0;0;0;4;113;10;0;67;1;1;27;7;
264300013;460;269;2;572;0;189;0;0;189;0;0;0;0;0;189;9;2;95;3;1;70;9;
264300014;420;279;4;518;1;137;1;1;137;2;0;1;0;3;134;11;0;44;0;1;76;2;
264300015;220;108;0;221;0;112;0;0;112;3;3;0;0;6;106;2;0;88;1;0;13;2;
264300016;650;327;0;940;0;323;0;0;323;4;4;1;0;9;314;19;0;182;3;1;100;9;
264300017;450;250;0;553;0;200;0;0;200;2;6;0;0;8;192;11;1;118;0;1;58;3;
264300018;500;240;0;619;3;260;3;0;260;2;4;3;0;9;251;24;0;136;0;2;83;6;
264300019;85;52;0;90;8;33;8;8;33;0;1;1;0;2;31;1;0;23;1;1;3;2;
264300020;60;32;1;61;0;27;0;3;27;0;0;1;0;1;26;1;0;24;0;0;1;0;
264300021;220;94;0;224;3;126;3;0;126;0;3;0;0;3;123;5;1;90;2;1;22;2;
264300022;100;52;1;103;1;47;1;2;47;0;1;0;0;1;46;0;1;44;1;0;0;0;
264300023;190;121;0;188;6;69;6;0;69;1;0;0;0;1;68;3;1;43;0;1;18;2;
264300024;65;24;0;69;0;41;0;0;41;0;0;0;0;0;41;0;0;37;0;0;4;0;
264300025;145;60;0;85;3;85;3;2;85;0;2;0;0;2;83;9;1;66;1;1;2;3;
264300026;243;141;1;246;1;101;1;0;101;0;0;0;0;0;101;4;0;79;0;0;16;2;
264300027;720;407;0;898;0;313;0;0;313;6;3;5;0;14;299;23;0;181;4;5;75;11;
264300028;720;405;0;899;3;315;3;0;315;1;7;0;0;8;307;16;1;180;3;2;92;13;
264300030;150;71;0;147;1;79;1;0;79;0;1;0;0;1;78;0;0;64;0;0;13;1;
264300031;120;60;1;124;0;59;0;5;59;0;1;1;0;2;57;2;0;46;1;0;5;3;
264300032;236;153;0;240;0;83;0;5;83;1;1;0;0;2;81;9;1;56;3;0;10;2;
264300033;400;146;0;502;4;254;4;0;254;1;7;0;0;8;246;6;0;219;2;3;15;1;
264300034;95;32;0;94;4;63;4;2;63;0;0;2;0;2;61;0;0;51;3;0;7;0;
264300035;105;27;0;103;0;78;0;0;78;1;1;0;0;2;76;0;0;72;1;0;3;0;
264300036;300;160;1;311;1;139;1;5;139;1;1;3;0;5;134;2;0;113;1;1;15;2;
264300037;660;334;1;827;0;325;0;1;325;8;0;0;1;9;316;23;2;158;3;3;122;5;
264300038;95;59;0;99;0;36;0;0;36;1;0;0;0;1;35;4;1;25;0;0;2;3;
264300039;690;421;2;855;7;267;7;0;267;3;2;6;0;11;256;22;1;146;3;4;75;5;
264300040;630;406;0;782;0;224;0;1;224;2;2;1;0;5;219;24;2;112;4;2;68;7;
264300041;580;277;3;724;1;300;1;2;300;0;2;6;0;8;292;14;1;171;2;1;91;12;
264300042;560;351;1;695;0;208;0;2;208;3;4;1;0;8;200;22;0;101;6;3;63;5;
264300043;120;59;0;119;2;61;2;4;61;0;1;0;0;1;60;2;0;47;0;1;9;1;
264500001;70;38;2;66;4;30;4;6;30;0;2;0;0;2;28;3;2;17;1;0;5;0;
264500002;130;63;1;130;0;66;0;3;66;2;1;1;0;4;62;11;0;34;2;1;12;2;
264500003;750;488;1;771;0;261;0;2;261;4;5;0;0;9;252;24;0;145;3;1;73;6;
264500004;800;526;0;818;0;274;0;0;274;7;4;0;0;11;263;10;3;158;1;1;83;7;
264500005;600;374;0;623;0;226;0;0;226;1;1;0;0;2;224;23;1;127;1;2;62;8;
264500006;630;393;0;647;0;237;0;0;237;1;6;4;1;12;225;31;1;136;0;3;48;6;
264500007;670;424;0;686;0;246;0;0;246;1;5;2;0;8;238;35;1;124;1;2;65;10;
264500008;850;575;1;861;0;274;0;0;274;2;4;5;0;11;263;32;2;153;5;2;55;14;
264500009;640;423;0;665;0;217;0;1;217;0;2;6;1;9;208;28;1;130;3;2;42;2;
264500010;750;470;2;808;2;278;2;0;278;2;1;5;0;8;270;14;1;166;2;4;76;7;
264500011;600;368;0;624;0;232;0;0;232;1;0;0;0;1;231;29;1;125;0;1;68;7;
264500012;550;355;0;556;0;195;0;3;195;3;6;1;0;10;185;25;2;116;2;3;25;12;
264500013;590;392;2;601;0;196;0;3;196;2;6;0;0;8;188;16;0;117;4;3;37;11;
264500014;50;12;1;45;0;37;0;6;37;0;0;1;0;1;36;0;0;34;2;0;0;0;
264500015;60;26;0;57;0;34;0;5;34;1;1;0;0;2;32;7;1;20;0;0;4;0;
264500016;80;32;2;73;1;46;1;5;46;2;1;0;0;3;43;12;1;21;0;0;4;5;
264500017;130;74;1;121;2;55;2;4;55;1;1;0;0;2;53;7;0;34;1;0;7;4;
264500018;70;29;1;65;0;40;0;4;40;1;0;0;0;1;39;7;0;26;0;0;6;0;
264700001;748;433;3;737;0;312;0;1;312;1;6;0;0;7;305;21;0;159;1;1;122;1;
264700002;465;262;2;458;0;201;0;2;201;0;2;6;0;8;193;7;1;117;0;0;59;9;
264700003;764;463;1;751;0;300;0;1;300;2;3;0;0;5;295;6;3;163;2;1;111;9;
264700004;619;352;1;609;0;266;0;0;266;3;2;2;0;7;259;11;0;143;0;1;94;10;
264700005;605;368;1;597;0;236;0;0;236;0;2;5;0;7;229;18;1;125;1;2;73;9;
264700006;622;356;0;611;1;266;1;0;266;1;0;0;0;1;265;13;1;131;0;0;104;16;
264700007;594;365;1;583;0;228;0;0;228;3;1;0;0;4;224;12;0;131;1;1;71;8;
264700008;227;118;1;224;1;108;1;0;108;0;1;2;0;3;105;7;0;47;0;0;49;2;
264700009;208;82;1;209;3;125;3;0;125;1;4;0;0;5;120;5;0;75;3;2;30;5;
264700010;256;132;1;253;0;123;0;0;123;5;1;0;0;6;117;10;0;83;0;1;21;2;
265400001;793;472;3;746;1;318;1;0;318;5;6;12;0;23;295;25;2;170;1;3;83;11;
265400002;600;346;4;598;2;250;2;0;250;1;5;0;0;6;244;38;0;110;3;1;80;12;
265500001;522;267;0;519;1;255;1;0;255;1;10;0;0;11;244;26;1;117;2;2;87;9;
265500002;579;304;0;578;0;275;0;0;275;3;6;5;0;14;261;19;1;140;0;0;94;7;
265500003;424;240;0;422;0;184;0;1;184;3;0;0;0;3;181;17;1;102;1;3;48;9;
265500004;626;328;0;626;0;298;0;0;298;1;2;7;0;10;288;10;2;163;1;1;101;10;
265500005;615;326;0;612;0;289;0;0;289;4;5;5;0;14;275;10;2;144;1;0;104;14;
265500006;676;380;0;675;0;296;0;0;296;12;1;2;0;15;281;17;1;160;1;5;92;5;
265500007;712;389;0;723;1;323;1;0;323;1;5;2;0;8;315;19;3;151;1;3;123;15;
265500008;630;375;2;630;0;253;0;0;253;1;3;0;0;4;249;13;1;103;0;6;124;2;
265500009;609;372;2;609;0;235;0;0;235;3;0;3;0;6;229;22;0;130;1;0;70;6;
265500010;752;394;1;759;0;357;0;0;357;5;0;0;0;5;352;34;0;198;1;3;105;11;
265500011;552;306;0;563;0;246;0;0;246;0;1;1;1;3;243;32;0;127;1;1;62;20;
265500012;722;329;2;745;0;391;0;2;391;1;4;0;0;5;386;20;0;266;5;3;86;6;
265500013;66;58;0;25;0;8;0;0;8;0;0;1;0;1;7;0;0;2;1;0;3;1;
265600001;785;437;1;780;0;347;0;0;347;2;5;2;0;9;338;28;2;188;6;3;107;4;
265600002;660;376;0;657;1;284;1;0;284;4;2;10;0;16;268;27;1;152;3;0;81;4;
265600003;317;183;0;318;1;134;1;0;134;1;1;0;0;2;132;6;1;98;2;3;19;3;
265600004;299;161;2;299;4;136;4;0;136;11;1;0;0;12;124;13;1;96;0;0;11;3;
265600005;117;48;0;126;0;69;0;1;69;4;0;0;0;4;65;3;0;39;2;0;18;3;
265600006;120;32;0;127;1;88;1;0;88;0;0;5;0;5;83;8;0;72;0;0;2;1;
265700001;600;304;0;591;1;296;1;0;296;3;2;0;0;5;291;21;0;185;3;3;67;12;
265700002;500;300;0;496;1;200;1;0;200;5;1;6;0;12;188;26;0;101;3;0;52;6;
265800001;789;390;1;774;1;398;1;0;398;3;1;8;0;12;386;12;2;244;3;1;116;8;
265800002;510;272;2;503;0;236;0;0;236;2;3;0;0;5;231;5;2;152;6;1;60;5;
265900001;600;339;1;690;0;260;0;0;260;1;3;1;0;5;255;19;3;157;2;4;65;5;
265900002;600;334;0;736;0;266;0;0;266;1;6;0;0;7;259;11;4;163;2;4;66;9;
265900003;600;316;0;783;0;284;0;1;284;1;1;2;0;4;280;17;3;168;3;2;75;12;
265900004;600;334;0;710;0;266;0;0;266;5;3;3;0;11;255;27;0;161;0;1;55;11;
265900005;600;301;3;762;1;296;1;0;296;0;7;0;0;7;289;9;1;247;5;1;23;3;
270400001;706;225;1;709;6;480;6;3;480;4;5;1;1;11;469;23;1;313;5;3;123;1;
270400002;120;19;1;120;3;100;3;2;100;0;0;0;0;0;100;4;0;81;0;0;13;2;
270400003;251;68;1;247;1;182;1;0;182;8;0;0;1;9;173;10;1;114;2;4;37;5;
270400004;421;159;2;253;7;260;7;0;260;4;0;0;0;4;256;17;3;199;2;1;27;7;
270400005;536;186;2;536;1;348;1;0;348;13;3;34;0;50;298;5;2;253;1;1;33;3;
270400006;464;222;1;463;5;241;5;0;241;1;1;0;0;2;239;16;0;180;1;2;35;5;
270400007;618;232;2;618;6;384;6;4;384;2;2;6;0;10;374;18;1;206;3;6;134;6;
270400008;586;292;1;582;3;293;3;0;293;4;7;0;0;11;282;17;4;156;6;0;95;4;
270400009;257;80;1;262;7;176;7;5;176;0;3;0;1;4;172;5;1;150;1;2;12;1;
270400010;1087;547;2;1088;3;538;3;1;538;5;5;0;0;10;528;11;3;415;4;2;89;4;
270400011;123;18;1;123;6;104;6;3;104;1;0;0;0;1;103;6;0;74;1;0;22;0;
270400012;599;246;1;609;11;352;11;0;352;6;6;4;0;16;336;8;0;286;4;1;34;3;
270400013;62;7;1;67;1;54;1;6;54;0;0;0;0;0;54;4;0;45;1;0;4;0;
270400014;210;39;1;214;9;170;9;0;170;1;2;0;0;3;167;10;0;135;3;0;19;0;
270400015;209;35;0;214;5;174;5;5;174;3;2;0;0;5;169;18;1;128;1;4;12;5;
270400016;98;6;0;105;7;92;7;4;92;0;1;1;0;2;90;1;0;78;0;1;7;3;
270400017;111;29;1;115;4;81;4;0;81;1;1;1;0;3;78;2;1;57;1;0;15;2;
270400018;219;61;1;224;1;157;1;4;157;6;3;0;0;9;148;8;0;123;0;0;16;1;
270400019;66;9;1;70;0;56;0;4;56;1;1;1;0;3;53;5;0;44;0;0;2;2;
270400020;105;17;1;108;4;87;4;0;87;0;1;0;0;1;86;9;0;66;1;1;7;2;
270400021;163;41;2;169;1;120;1;0;120;0;1;0;0;1;119;3;0;85;2;0;29;0;
270400022;79;14;1;82;0;64;0;0;64;0;0;0;0;0;64;0;0;60;2;0;2;0;
270400023;165;75;1;167;0;89;0;0;89;6;0;0;0;6;83;1;0;80;1;0;1;0;
270400024;50;4;0;54;0;46;0;4;46;0;1;0;0;1;45;4;1;28;1;0;8;3;
270700001;600;250;3;673;2;347;2;2;347;0;2;0;0;2;345;19;1;192;1;1;122;9;
270700002;600;222;2;799;5;376;5;0;376;4;4;8;0;16;360;12;0;226;1;0;117;4;
270700003;600;235;0;870;1;365;1;0;365;1;2;8;0;11;354;21;1;178;1;7;143;3;
270700004;800;434;0;921;1;366;1;0;366;7;0;0;0;7;359;18;3;193;2;4;133;6;
270700005;800;437;1;911;0;362;0;0;362;3;3;10;0;16;346;24;0;178;1;2;137;4;
270700006;600;210;0;826;0;390;0;4;390;4;3;11;0;18;372;17;1;212;2;0;132;8;
270700007;800;411;2;919;2;387;2;0;387;2;3;15;0;20;367;10;1;202;2;5;139;8;
270700008;250;126;0;296;0;124;0;1;124;0;4;0;0;4;120;2;2;69;5;1;36;5;
270700009;800;495;0;987;0;305;0;1;305;9;0;1;0;10;295;11;3;156;0;1;118;6;
270700010;200;92;0;230;0;108;0;0;108;3;2;0;0;5;103;3;0;57;2;0;36;5;
270700011;150;67;1;139;0;82;0;4;82;3;2;1;0;6;76;7;0;55;1;0;13;0;
270700012;100;48;1;89;4;51;4;0;51;0;1;0;0;1;50;6;0;35;0;0;9;0;
270700013;300;116;1;312;1;183;1;4;183;7;1;0;0;8;175;4;1;88;1;2;77;2;
270700014;600;138;3;888;0;459;0;0;459;0;22;0;1;23;436;35;2;244;3;4;137;11;
270700015;600;250;2;789;5;348;5;0;348;0;4;11;1;16;332;28;1;208;2;2;88;3;
270700016;400;167;4;460;0;229;0;4;229;6;1;11;0;18;211;11;0;152;2;1;43;2;
270700017;200;79;0;213;0;121;0;2;121;3;7;0;0;10;111;12;0;68;0;1;28;2;
270700018;600;264;1;737;1;335;1;0;335;2;4;17;2;25;310;12;2;231;2;1;61;1;
270700019;500;237;0;544;0;263;0;2;263;1;2;3;0;6;257;7;2;72;6;3;161;6;
270700020;500;267;1;533;0;232;0;2;232;3;11;0;0;14;218;11;2;91;0;2;107;5;
270700021;250;82;0;277;1;168;1;1;168;8;0;2;0;10;158;3;0;96;3;1;55;0;
271200001;900;492;2;993;1;406;1;6;406;5;4;2;0;11;395;47;1;216;1;0;123;7;
271200002;900;506;2;929;0;392;0;5;392;3;7;0;0;10;382;39;1;225;1;0;104;12;
271200003;700;449;2;762;0;249;0;8;249;2;3;0;0;5;244;21;0;137;2;5;71;8;
271200004;700;468;2;681;1;230;1;0;230;0;2;1;0;3;227;34;1;118;2;0;63;9;
271200005;800;480;5;803;0;315;0;2;315;10;0;0;0;10;305;27;0;180;1;3;83;11;
271200006;800;434;3;871;0;363;0;4;363;1;5;7;0;13;350;27;0;215;4;2;88;14;
271200007;700;381;1;774;0;318;0;0;318;1;3;0;0;4;314;18;1;210;1;3;73;8;
271200008;600;346;0;254;0;254;0;0;254;0;0;0;0;0;254;26;1;150;2;2;71;2;
271200009;800;374;1;876;1;425;1;0;425;0;3;0;0;3;422;52;6;220;1;5;123;15;
271200010;800;405;2;799;0;393;0;3;393;7;0;0;0;7;386;44;5;224;5;5;90;13;
271200011;800;472;2;849;0;326;0;0;326;1;1;0;0;2;324;40;2;177;1;0;91;13;
271200012;700;404;1;766;0;295;0;0;295;1;7;0;0;8;287;30;4;146;0;2;96;9;
271200013;700;376;1;755;0;323;0;8;323;0;6;2;1;9;314;50;1;170;0;2;76;15;
271200014;994;503;3;1017;1;488;1;0;488;4;4;2;0;10;478;51;5;282;2;4;109;25;
271200015;595;278;1;659;0;316;0;5;316;2;3;0;1;6;310;22;2;180;1;4;88;13;
271200016;698;409;2;287;0;287;0;0;287;1;1;5;0;7;280;31;2;172;1;1;62;11;
271200017;1000;721;1;638;0;278;0;0;278;0;1;6;0;7;271;31;6;150;0;4;71;9;
271200018;600;278;1;675;2;321;2;0;321;2;4;7;0;13;308;44;11;167;0;4;77;5;
271200019;802;406;2;884;0;394;0;4;394;3;5;0;0;8;386;64;5;191;1;1;110;14;
271200020;687;374;1;312;0;312;0;5;312;2;5;1;0;8;304;36;3;190;0;3;60;12;
271200021;700;354;3;752;2;343;2;0;343;1;1;6;0;8;335;51;8;164;2;4;100;6;
271200022;625;293;1;692;1;331;1;7;331;3;5;2;0;10;321;47;4;176;3;1;80;10;
271200023;1000;525;1;1033;0;474;0;4;474;3;6;0;0;9;465;49;2;269;4;3;118;20;
271200024;800;436;1;815;0;363;0;7;363;6;0;3;0;9;354;35;0;210;0;6;93;10;
271200025;900;576;2;950;0;322;0;3;322;6;0;4;0;10;312;31;2;170;1;0;96;12;
271200026;809;535;1;882;0;273;0;0;273;1;6;0;0;7;266;14;2;146;2;1;92;9;
271200027;900;586;1;979;0;313;0;5;313;0;4;1;0;5;308;39;0;179;2;1;82;5;
271200028;900;620;1;973;0;279;0;5;279;3;2;0;0;5;274;18;1;151;1;1;92;10;
271200029;900;555;1;986;0;344;0;9;344;3;1;0;0;4;340;28;2;184;1;4;117;4;
271200030;1000;669;1;1044;0;330;0;1;330;0;3;0;0;3;327;26;1;169;1;3;117;10;
271200031;900;537;2;995;0;361;0;0;361;1;6;0;0;7;354;35;2;160;1;2;137;17;
271200032;900;465;2;1024;12;433;12;0;433;8;4;4;0;16;417;26;2;217;2;6;156;8;
271200033;813;553;1;259;0;259;0;4;259;2;1;0;0;3;256;24;0;130;3;1;91;7;
271200034;700;411;2;749;0;287;0;5;287;1;5;2;0;8;279;22;1;146;1;3;91;15;
271200035;700;410;1;730;0;289;0;6;289;3;3;0;0;6;283;17;1;137;2;2;114;10;
271200036;800;477;2;879;1;321;1;0;321;1;0;0;0;1;320;22;1;187;3;2;103;2;
271200037;600;278;4;635;0;318;0;0;318;2;0;9;0;11;307;0;0;306;0;0;1;0;
271200038;705;296;3;754;1;406;1;0;406;1;2;1;1;5;401;8;0;390;0;0;3;0;
271200039;700;419;3;773;0;278;0;3;278;0;2;0;0;2;276;21;2;159;2;3;78;11;
271200040;700;412;1;789;0;287;0;0;287;0;1;0;0;1;286;26;0;147;2;1;102;8;
271200041;795;510;2;814;3;283;3;0;283;2;0;0;0;2;281;21;3;156;1;2;87;11;
271200042;1100;642;3;1157;1;455;1;1;455;2;3;5;0;10;445;57;4;215;1;1;147;20;
271200043;1000;541;2;1093;1;457;1;0;457;2;6;0;1;9;448;41;1;261;2;2;131;10;
271200044;1000;512;1;1101;1;487;1;3;487;1;1;14;0;16;471;51;2;267;3;4;126;18;
271200045;800;483;3;811;0;314;0;4;314;1;3;0;0;4;310;25;0;155;2;5;111;12;
271200046;800;498;1;829;3;301;3;0;301;1;5;1;0;7;294;35;0;162;3;1;87;6;
271200047;1000;492;1;507;0;507;0;3;507;3;3;7;0;13;494;55;1;284;1;3;131;19;
271200048;600;265;1;679;0;334;0;4;334;0;3;1;0;4;330;19;0;192;2;0;106;11;
271200049;800;454;1;846;1;345;1;6;345;1;0;1;0;2;343;27;0;214;2;3;85;12;
271200050;600;302;1;651;0;297;0;0;297;1;1;2;0;4;293;32;4;174;1;1;74;7;
271200051;600;329;1;636;0;270;0;7;270;0;1;0;0;1;269;26;2;144;0;2;81;14;
271200052;800;413;2;831;8;385;8;0;385;1;3;0;0;4;381;60;3;212;1;2;97;6;
271200053;800;443;1;916;0;356;0;8;356;1;3;0;3;7;349;38;1;197;1;5;92;15;
271200054;20;9;1;23;0;10;0;6;10;1;1;1;0;3;7;1;1;3;0;0;1;1;
271200055;800;461;1;811;0;338;0;8;338;2;0;6;0;8;330;28;0;176;0;2;103;21;
271200056;800;449;2;851;1;349;1;7;349;1;6;1;0;8;341;26;1;182;1;1;111;19;
271200057;600;334;2;663;1;264;1;5;264;4;0;0;0;4;260;31;0;145;0;6;72;6;
271200058;45;4;1;50;5;40;5;0;40;4;1;1;0;6;34;1;1;22;4;2;3;1;
271200059;1100;527;5;1172;4;568;4;4;568;4;8;8;0;20;548;42;0;277;2;2;215;10;
271200060;700;441;2;734;2;257;2;2;257;2;1;0;0;3;254;23;0;158;1;1;70;1;
271200061;600;368;2;706;0;230;0;0;230;2;11;0;0;13;217;16;0;129;1;6;60;5;
271200062;700;429;11;776;0;260;0;0;260;3;4;4;0;11;249;11;0;159;5;1;67;6;
271200063;450;221;2;503;0;227;0;0;227;0;1;3;0;4;223;16;8;137;1;3;49;9;
271200064;200;56;2;219;5;142;5;1;142;0;1;0;0;1;141;4;2;114;0;0;19;2;
271200065;600;400;2;607;0;198;0;0;198;1;0;0;0;1;197;11;0;144;1;0;38;3;
271200066;700;408;1;791;0;291;0;2;291;5;0;1;0;6;285;16;2;174;0;0;91;2;
271200067;700;386;1;313;0;313;0;0;313;1;4;14;0;19;294;8;1;203;0;1;76;5;
271200068;1100;581;7;1179;0;512;0;3;512;4;5;30;0;39;473;9;4;404;1;2;51;2;
271200069;700;381;1;318;0;318;0;1;318;0;1;0;0;1;317;19;2;213;2;2;78;1;
271200070;1000;494;0;1112;1;506;1;4;506;0;10;0;0;10;496;23;1;309;7;3;148;5;
271200071;900;527;1;937;1;372;1;1;372;3;0;2;0;5;367;17;0;230;3;1;114;2;
271200072;894;496;4;894;7;394;7;0;394;10;0;0;0;10;384;26;3;248;2;2;95;8;
271200073;1000;544;2;1064;0;454;0;4;454;3;9;0;0;12;442;44;1;213;6;4;163;11;
271200074;400;196;2;445;6;202;6;0;202;0;3;0;0;3;199;15;1;164;2;4;12;1;
271200075;200;87;3;223;0;110;0;2;110;2;1;0;0;3;107;9;0;61;1;0;36;0;
271200076;750;365;4;778;0;381;0;0;381;0;20;0;0;20;361;27;0;159;4;5;155;11;
271200077;700;359;1;733;0;340;0;0;340;4;5;1;2;12;328;18;0;139;4;4;153;10;
271200078;700;372;1;735;0;327;0;0;327;0;2;10;0;12;315;15;2;145;6;1;143;3;
271200079;700;389;1;765;0;310;0;0;310;0;8;0;0;8;302;22;1;202;2;3;67;5;
271200080;700;389;1;797;0;310;0;5;310;1;2;20;0;23;287;10;0;194;1;3;73;6;
271200081;1000;518;1;1024;3;481;3;4;481;3;4;9;2;18;463;24;3;298;2;5;124;7;
271200082;800;345;1;878;0;454;0;1;454;20;8;1;0;29;425;22;0;295;4;1;101;2;
271200083;900;440;2;912;0;458;0;0;458;3;24;5;2;34;424;15;2;326;0;1;75;5;
271200084;200;62;0;234;0;138;0;0;138;2;0;0;0;2;136;6;1;106;1;0;17;5;
271200085;1000;582;1;1039;0;417;0;5;417;5;10;10;0;25;392;26;1;298;4;4;54;5;
271200086;50;34;0;27;0;16;0;0;16;0;0;1;0;1;15;2;0;10;0;0;2;1;
272200001;683;365;20;689;7;298;7;0;298;3;17;0;0;20;278;12;3;142;3;2;104;12;
272200002;993;526;3;993;8;464;8;2;464;4;4;16;0;24;440;36;4;261;2;6;122;9;
272200003;915;513;2;914;1;400;1;0;400;8;6;0;0;14;386;34;4;241;4;8;91;4;
272200004;979;517;3;983;1;459;1;3;459;2;7;0;0;9;450;39;2;266;4;7;123;9;
272200005;448;276;2;448;9;170;9;2;170;3;2;6;0;11;159;26;0;77;0;6;46;4;
272200006;558;353;1;203;1;204;1;0;204;3;0;8;0;11;193;18;2;104;4;3;54;8;
272200007;534;381;1;538;1;152;1;1;152;29;3;1;0;33;119;7;2;89;2;2;16;1;
272200008;294;106;1;295;3;187;3;1;187;6;1;1;0;8;179;18;1;102;2;0;49;7;
272200009;447;248;1;461;1;198;1;5;198;10;1;0;0;11;187;22;2;124;0;3;32;4;
272200010;902;445;6;916;3;451;3;0;451;2;6;0;0;8;443;16;1;263;3;0;138;22;
272200011;66;31;1;72;1;34;1;0;34;0;0;0;0;0;34;0;1;21;0;0;11;1;
272200012;52;3;1;58;1;48;1;5;48;1;0;0;0;1;47;8;0;30;0;0;8;1;
272200013;130;49;1;80;0;80;0;1;80;1;2;0;0;3;77;2;1;50;1;0;22;1;
272200014;526;286;0;530;2;240;2;0;240;3;15;0;0;18;222;10;2;148;2;2;51;7;
272200015;369;196;1;371;1;172;1;0;172;11;4;0;0;15;157;22;0;82;0;2;49;2;
272200016;534;192;4;534;1;338;1;0;338;20;7;5;0;32;306;4;3;254;4;0;38;3;
272300001;340;128;1;347;0;211;0;3;211;3;5;3;0;11;200;14;0;135;0;4;38;9;
272300002;60;13;0;66;0;47;0;4;47;1;0;0;0;1;46;2;0;37;0;1;5;1;
272300003;290;78;1;298;0;211;0;0;211;2;4;8;0;14;197;7;1;130;1;0;52;6;
272300004;270;101;1;291;3;168;3;0;168;0;1;0;0;1;167;18;2;89;2;0;54;2;
272300005;250;112;0;253;1;138;1;0;138;8;1;2;0;11;127;9;0;93;5;0;16;4;
272300006;100;15;2;117;0;83;0;3;83;2;2;2;0;6;77;6;0;57;1;1;9;3;
272300007;170;53;1;184;0;116;0;0;116;9;1;0;0;10;106;8;0;82;0;0;13;3;
272300008;90;11;1;93;1;78;1;0;78;1;2;0;0;3;75;4;0;65;1;0;4;1;
272300009;250;84;0;257;5;166;5;0;166;4;7;0;1;12;154;8;1;117;0;1;21;6;
272300010;200;47;2;218;3;151;3;2;151;1;1;4;0;6;145;5;1;99;3;1;30;6;
272300011;90;31;1;88;2;58;2;2;58;2;3;0;0;5;53;5;2;32;2;1;10;1;
272300012;290;65;1;309;4;224;4;4;224;4;4;0;3;11;213;12;1;148;3;2;45;2;
272300013;250;67;1;259;6;182;6;0;182;4;6;0;0;10;172;4;0;146;3;4;12;3;
272400001;670;233;1;745;0;436;0;1;436;20;3;0;0;23;413;11;0;248;3;0;147;4;
272400002;770;275;2;855;5;493;5;0;493;21;0;0;0;21;472;45;7;203;5;3;193;16;
272400003;740;283;2;819;3;455;3;2;455;8;4;30;0;42;413;19;0;287;4;1;97;5;
272400004;180;84;1;198;0;95;0;0;95;0;1;2;1;4;91;15;1;60;1;1;10;3;
272400005;320;152;1;169;19;167;19;2;167;2;0;0;0;2;165;20;0;104;0;0;32;9;
272400006;300;69;1;335;0;230;0;3;230;4;3;0;0;7;223;15;2;100;1;2;95;8;
272400007;80;16;0;81;0;64;0;1;64;2;0;2;0;4;60;3;0;41;1;1;14;0;
272400008;570;184;0;636;6;386;6;2;386;1;6;13;0;20;366;21;1;232;1;7;93;11;
272400009;1070;474;2;1182;1;594;1;0;594;7;8;12;0;27;567;18;3;337;2;4;193;10;
272400010;600;284;4;674;1;312;1;0;312;17;4;0;0;21;291;4;1;215;0;0;70;1;
272400011;490;291;1;541;1;198;1;0;198;4;2;0;0;6;192;21;1;143;7;4;11;5;
272400012;540;252;2;606;0;286;0;4;286;10;1;0;0;11;275;7;0;237;3;2;23;3;
272400013;600;295;5;667;1;300;1;1;300;0;5;14;0;19;281;21;0;188;1;0;65;6;
272400014;590;367;2;651;1;221;1;0;221;1;6;19;0;26;195;6;2;161;2;0;23;1;
272400015;670;259;4;746;0;407;0;1;407;2;4;0;0;6;401;18;1;301;2;3;73;3;
272400016;1150;548;9;1268;5;593;5;0;593;4;6;0;2;12;581;7;3;359;3;6;199;4;
272400017;1000;384;1;1103;1;615;1;0;615;4;3;30;0;37;578;2;1;419;4;5;140;7;
272400018;670;487;1;745;0;182;0;0;182;4;4;17;0;25;157;8;3;140;1;4;0;1;
272400019;700;386;1;771;0;313;0;0;313;19;0;0;0;19;294;4;3;229;1;0;55;2;
272700001;700;350;1;717;1;349;1;5;349;3;2;0;0;5;344;26;2;212;4;3;91;6;
272700002;600;253;4;689;0;343;0;0;343;7;0;0;0;7;336;35;1;146;3;2;141;8;
272700003;800;457;3;871;0;340;0;1;340;3;6;0;0;9;331;44;0;163;2;3;104;15;
272700004;900;573;1;326;0;326;0;11;326;3;2;2;0;7;319;20;0;156;1;3;129;10;
272700005;700;437;2;749;0;261;0;1;261;2;5;2;0;9;252;10;1;139;1;8;88;5;
272700006;800;509;1;876;0;290;0;3;290;4;2;0;0;6;284;36;1;119;2;2;114;10;
272700007;900;589;2;953;4;309;4;0;309;1;4;0;0;5;304;18;0;166;0;3;107;10;
272700008;900;550;2;983;0;348;0;0;348;1;4;9;0;14;334;32;1;162;1;3;125;10;
272700009;900;538;1;1009;0;361;0;6;361;1;4;2;0;7;354;29;0;207;0;2;108;8;
272700010;802;435;1;891;0;366;0;5;366;2;6;2;0;10;356;40;3;180;5;2;116;10;
272700011;900;495;5;939;0;400;0;0;400;0;2;17;0;19;381;26;3;225;2;2;113;10;
272700012;600;320;0;697;0;280;0;0;280;1;2;0;0;3;277;27;0;151;4;0;84;11;
272700013;900;549;2;932;0;349;0;3;349;1;0;2;0;3;346;23;1;193;2;1;118;8;
272700014;600;283;1;659;0;316;0;0;316;2;3;4;0;9;307;35;1;161;5;1;90;14;
272700015;600;279;2;683;1;319;1;0;319;1;4;1;0;6;313;40;0;145;2;1;120;5;
272700016;400;146;1;508;1;253;1;0;253;7;1;0;0;8;245;10;1;105;1;0;126;2;
272700017;100;14;2;131;0;84;0;5;84;2;0;2;0;4;80;10;0;39;0;1;26;4;
272700018;500;197;1;539;1;302;1;0;302;2;7;15;0;24;278;2;0;142;6;0;121;7;
272700019;250;63;2;298;5;185;5;0;185;3;1;0;0;4;181;12;1;76;4;2;82;4;
272700020;150;25;2;181;1;123;1;0;123;0;0;0;1;1;122;11;0;44;0;1;60;6;
272700021;150;24;1;183;6;125;6;0;125;0;5;0;0;5;120;8;0;75;0;1;31;5;
272700022;500;228;1;541;0;271;0;5;271;1;2;8;0;11;260;17;1;126;2;1;110;3;
272700023;550;236;1;628;3;313;3;0;313;1;7;27;0;35;278;7;1;190;2;3;68;7;
272700024;300;131;0;314;7;169;7;0;169;0;4;0;0;4;165;26;1;107;2;1;27;1;
272700025;50;19;1;64;0;30;0;0;30;0;0;0;0;0;30;5;0;16;1;1;7;0;
272700026;100;22;3;141;0;75;0;6;75;1;4;3;0;8;67;10;0;37;0;0;17;3;
272700027;100;31;1;92;0;68;0;0;68;1;0;0;0;1;67;3;0;41;2;3;16;2;
272700028;60;16;1;82;0;43;0;6;43;0;0;0;0;0;43;5;1;26;3;0;4;4;
272700029;500;226;1;569;1;273;1;1;273;1;2;12;0;15;258;29;3;161;1;3;51;10;
272700030;100;22;1;130;2;77;2;0;77;1;5;0;0;6;71;3;0;38;0;1;19;10;
272700031;100;15;1;128;1;84;1;0;84;3;1;1;0;5;79;14;0;39;1;2;23;0;
272700032;60;15;1;69;2;44;2;0;44;2;0;6;0;8;36;4;0;26;0;1;5;0;
272700033;300;135;1;365;4;164;4;5;164;3;3;3;0;9;155;17;0;103;7;2;22;4;
272700034;101;11;1;136;1;89;1;4;89;0;3;2;0;5;84;6;0;65;1;1;9;2;
272700035;300;75;2;215;8;223;8;0;223;11;1;0;0;12;211;15;4;108;0;1;81;2;
272700036;300;84;2;341;1;214;1;0;214;17;1;0;0;18;196;12;0;102;4;1;74;3;
272700037;250;160;1;232;0;89;0;7;89;0;1;2;0;3;86;8;3;53;0;4;12;6;
273100001;869;612;1;855;0;256;0;0;256;2;3;2;0;7;249;12;3;148;2;2;75;7;
273100002;970;692;1;969;8;277;8;0;277;0;13;0;0;13;264;14;1;135;3;2;102;7;
273100003;890;613;1;903;9;276;9;0;276;0;4;0;0;4;272;28;4;129;0;8;88;15;
273100004;843;545;1;839;1;297;1;5;297;1;2;0;2;5;292;22;0;156;8;2;94;10;
273100005;645;415;1;659;1;229;1;0;229;0;2;1;0;3;226;8;0;138;2;3;68;7;
273100006;790;495;1;795;1;294;1;7;294;4;4;0;0;8;286;32;1;130;0;1;113;9;
273100007;860;552;1;869;1;307;1;7;307;2;4;0;0;6;301;29;0;172;1;6;84;9;
273100008;929;521;1;916;0;407;0;0;407;1;14;0;0;15;392;37;0;212;1;1;125;16;
273100009;815;450;2;824;0;363;0;8;363;1;1;0;0;2;361;28;0;167;5;1;151;9;
273100010;861;524;1;847;0;336;0;6;336;7;2;2;0;11;325;19;0;176;2;2;120;6;
273100011;950;573;2;948;1;375;1;0;375;0;2;0;0;2;373;29;1;160;1;6;161;15;
273100012;870;509;2;867;0;359;0;9;359;1;3;6;0;10;349;53;1;155;1;4;120;15;
273100013;960;598;2;963;7;360;7;0;360;5;5;0;0;10;350;33;2;165;1;4;139;6;
273100014;790;441;1;811;0;348;0;7;348;8;5;0;0;13;335;47;1;167;1;1;110;8;
273100015;860;508;3;862;0;349;0;7;349;1;3;3;0;7;342;49;1;130;2;5;135;20;
273100016;932;535;1;922;0;396;0;0;396;2;1;2;0;5;391;47;4;225;2;1;99;13;
273100017;728;405;2;737;0;321;0;5;321;1;6;0;0;7;314;45;2;152;4;5;92;14;
273100018;880;456;1;882;0;423;0;5;423;1;10;0;0;11;412;61;0;193;3;4;137;14;
273100019;920;491;4;929;0;425;0;8;425;1;3;1;0;5;420;74;0;182;1;8;141;14;
273100020;850;468;1;848;3;381;3;3;381;6;5;1;0;12;369;48;0;166;3;5;134;13;
273100021;850;519;3;851;0;328;0;0;328;1;6;0;0;7;321;29;1;180;3;0;94;14;
273100022;938;506;0;924;11;432;11;7;432;0;9;5;0;14;418;83;2;172;1;5;123;32;
273100023;841;476;2;354;9;363;9;7;363;1;1;4;0;6;357;54;5;156;2;1;133;6;
273100024;660;357;2;676;0;301;0;5;301;1;4;1;0;6;295;30;2;147;0;3;95;18;
273100025;583;347;4;588;0;232;0;9;232;0;8;0;0;8;224;15;0;139;0;0;63;7;
273100026;880;537;1;855;1;342;1;6;342;1;8;8;0;17;325;41;2;151;4;2;113;12;
273100027;904;513;0;896;1;391;1;0;391;0;8;0;0;8;383;49;2;203;3;0;117;9;
273100028;939;546;1;934;1;392;1;0;392;0;2;0;0;2;390;55;0;204;4;4;98;25;
273100029;925;544;2;906;0;379;0;0;379;3;3;1;0;7;372;51;0;166;2;4;129;20;
273100030;830;463;2;810;1;365;1;3;365;3;4;0;0;7;358;55;1;184;1;0;103;14;
273100031;717;422;2;702;1;293;1;5;293;3;5;0;0;8;285;42;0;135;0;3;93;12;
273100032;925;511;0;938;7;414;7;0;414;0;4;0;0;4;410;62;2;185;1;4;140;16;
273100033;760;384;2;760;3;374;3;3;374;1;7;0;0;8;366;42;0;200;0;5;104;15;
273100034;855;472;3;868;0;380;0;0;380;1;2;0;0;3;377;55;1;201;0;1;105;14;
273100035;874;490;2;861;3;382;3;0;382;5;5;0;0;10;372;48;0;187;1;1;127;8;
273100036;675;373;2;655;1;300;1;4;300;5;0;3;0;8;292;47;2;139;0;3;89;12;
273100037;600;339;5;584;0;256;0;0;256;1;1;0;0;2;254;31;2;142;0;2;72;5;
273100038;950;511;1;939;2;438;2;2;438;1;2;9;0;12;426;53;3;217;3;7;126;17;
273100039;890;514;2;876;6;374;6;4;374;3;14;0;0;17;357;32;0;168;2;8;134;13;
273100040;920;571;2;916;10;347;10;0;347;0;5;0;0;5;342;35;0;180;2;0;120;5;
273100041;900;476;2;890;0;422;0;2;422;1;11;0;0;12;410;42;0;228;0;3;127;10;
273100042;759;404;4;770;1;351;1;4;351;7;0;0;0;7;344;56;1;164;0;1;108;14;
273100043;740;336;1;754;0;403;0;6;403;8;5;0;0;13;390;88;8;188;0;3;91;12;
273100044;910;488;1;899;0;421;0;0;421;1;0;8;0;9;412;67;4;210;1;1;117;12;
273100045;987;536;2;993;1;449;1;6;449;0;5;0;0;5;444;38;2;215;4;3;169;13;
273100046;930;514;1;936;0;415;0;5;415;1;8;6;0;15;400;34;1;194;5;2;154;10;
273100047;950;537;1;979;0;412;0;8;412;2;5;8;0;15;397;16;3;185;2;2;180;9;
273100048;570;364;0;569;0;206;0;9;206;1;4;1;0;6;200;18;2;94;0;2;79;5;
273100049;660;365;1;669;0;294;0;8;294;2;4;0;0;6;288;31;0;113;5;2;131;6;
273100050;820;417;5;820;1;398;1;7;398;4;0;0;0;4;394;75;2;180;1;6;113;17;
273100051;858;462;2;868;2;394;2;0;394;3;1;7;0;11;383;69;2;188;2;1;103;18;
273100052;930;483;1;917;2;446;2;0;446;3;6;0;0;9;437;104;1;244;1;3;77;7;
273100053;924;488;3;922;1;433;1;2;433;1;5;0;1;7;426;63;1;231;3;6;110;12;
273100054;960;543;3;955;1;414;1;0;414;3;7;3;0;13;401;87;2;178;1;7;115;11;
273100055;820;405;2;819;10;413;10;5;413;2;2;0;0;4;409;69;3;200;3;6;118;10;
273100056;940;467;1;940;1;472;1;1;472;1;5;1;0;7;465;124;2;202;2;5;114;16;
273100057;880;454;1;882;7;425;7;5;425;0;11;0;0;11;414;89;1;190;1;2;119;12;
273100058;830;455;2;824;0;373;0;0;373;2;1;1;0;4;369;76;0;140;1;2;127;23;
273100059;709;447;3;724;0;259;0;9;259;0;2;0;0;2;257;46;2;125;1;3;69;11;
273100060;840;410;1;858;1;429;1;0;429;1;1;0;0;2;427;39;0;256;2;5;121;4;
273100061;922;524;1;922;4;397;4;2;397;1;3;0;2;6;391;56;2;191;1;0;124;17;
273100062;580;302;1;581;0;277;0;8;277;0;1;1;0;2;275;28;0;152;0;2;82;11;
273100063;195;87;7;176;0;101;0;5;101;8;2;0;0;10;91;10;0;61;0;4;15;1;
273100064;872;474;4;880;1;394;1;4;394;0;1;2;0;3;391;32;1;223;0;7;110;18;
273100065;911;511;11;931;1;389;1;9;389;6;4;0;1;11;378;26;4;201;2;5;133;7;
273100066;930;486;3;940;0;441;0;9;441;1;1;0;0;2;439;83;3;194;3;8;128;20;
273100067;913;513;2;398;0;398;0;0;398;2;2;1;0;5;393;45;1;171;0;2;160;14;
273100068;860;456;3;861;0;401;0;5;401;2;3;4;0;9;392;84;5;200;1;1;91;10;
273100069;880;433;2;881;1;445;1;0;445;1;3;0;0;4;441;69;0;233;0;3;122;14;
273100070;875;541;2;884;0;332;0;0;332;2;6;1;0;9;323;57;2;147;1;0;104;12;
273100071;890;434;2;891;3;454;3;3;454;0;1;0;0;1;453;88;6;262;2;7;83;5;
273100072;880;417;1;932;0;462;0;6;462;7;3;0;0;10;452;121;2;200;0;3;116;10;
273100073;865;496;1;866;0;368;0;0;368;0;2;0;0;2;366;73;5;179;1;4;99;5;
273100074;875;478;1;879;0;396;0;1;396;0;8;0;0;8;388;56;3;181;3;2;131;12;
273100075;805;374;1;803;4;430;4;4;430;5;9;4;0;18;412;60;3;230;1;5;98;15;
273100076;979;483;2;1004;0;494;0;6;494;1;3;1;0;5;489;122;3;220;3;4;113;24;
273100077;825;388;1;828;0;436;0;8;436;6;6;0;0;12;424;93;0;208;3;1;104;15;
273100078;970;545;2;970;0;423;0;8;423;0;7;0;1;8;415;74;3;203;0;5;111;19;
273100079;953;501;1;952;2;451;2;6;451;3;7;0;0;10;441;75;1;222;3;9;111;20;
273100080;660;353;1;660;1;306;1;0;306;4;1;0;0;5;301;88;1;109;6;1;86;10;
273100081;575;293;3;580;4;279;4;0;279;1;1;0;0;2;277;53;4;132;3;0;75;10;
273100082;785;387;3;786;0;395;0;0;395;2;7;1;0;10;385;63;1;174;1;4;129;13;
273100083;878;480;3;890;0;395;0;7;395;10;6;1;0;17;378;73;3;166;1;3;117;15;
273100084;942;472;0;944;1;470;1;4;470;2;12;0;0;14;456;76;0;234;1;4;126;15;
273100085;675;384;2;696;1;289;1;7;289;2;4;0;0;6;283;28;0;132;0;4;109;10;
273100086;955;508;3;964;0;444;0;8;444;6;4;0;0;10;434;74;1;193;2;8;139;17;
273100087;880;470;3;898;0;407;0;0;407;0;4;8;0;12;395;65;0;195;1;1;120;13;
273100088;670;385;4;678;0;281;0;11;281;3;2;3;0;8;273;36;0;133;0;4;91;9;
273100089;828;431;3;867;0;394;0;0;394;3;2;2;0;7;387;16;2;327;0;0;41;1;
273100090;760;437;1;775;9;322;9;7;322;1;2;5;0;8;314;26;2;184;2;0;97;3;
273100091;835;402;0;833;4;433;4;0;433;1;3;0;1;5;428;90;2;213;1;6;105;11;
273100092;867;432;1;894;1;434;1;1;434;1;2;2;0;5;429;86;2;205;0;1;130;5;
273100093;809;417;1;826;15;391;15;2;391;1;7;0;0;8;383;93;0;164;6;2;106;12;
273100094;960;521;1;955;4;438;4;10;438;0;10;1;0;11;427;74;3;224;0;4;109;13;
273100095;910;501;5;906;1;404;1;0;404;0;5;3;0;8;396;74;1;204;1;1;107;8;
273100096;919;608;5;305;1;306;1;0;306;3;1;0;0;4;302;40;0;151;1;3;101;6;
273100097;935;457;2;941;1;476;1;0;476;1;4;0;0;5;471;96;3;218;2;5;126;21;
273100098;675;373;3;682;1;299;1;0;299;1;2;4;0;7;292;48;0;143;0;3;93;5;
273100099;960;526;1;970;0;433;0;0;433;0;3;1;0;4;429;47;3;205;1;2;161;10;
273100100;880;528;3;875;0;349;0;0;349;1;5;1;0;7;342;36;1;182;3;5;104;11;
273100101;717;387;2;708;1;328;1;0;328;1;2;0;0;3;325;27;0;178;1;3;106;10;
273100102;880;511;2;889;0;367;0;8;367;1;5;1;0;7;360;40;1;155;1;4;149;10;
273100103;650;381;5;645;0;264;0;0;264;5;4;1;0;10;254;26;3;110;0;1;106;8;
273100104;560;316;1;570;0;243;0;9;243;3;1;0;0;4;239;38;0;103;1;2;87;8;
273100105;972;589;1;966;2;382;2;8;382;0;1;1;0;2;380;62;1;180;0;4;131;2;
273100106;545;313;2;534;1;230;1;0;230;0;4;3;0;7;223;28;3;98;0;1;85;8;
273100107;714;434;1;720;0;279;0;0;279;0;6;0;0;6;273;37;4;121;0;2;105;4;
273100108;650;392;1;644;0;257;0;0;257;3;0;0;2;5;252;27;1;145;1;3;70;5;
273100109;845;523;1;863;0;321;0;7;321;2;5;1;0;8;313;27;3;178;0;1;99;5;
273100110;727;425;1;723;4;301;4;5;301;1;5;0;0;6;295;43;1;169;0;1;72;9;
273100111;917;550;1;925;0;366;0;4;366;2;0;0;0;2;364;26;2;213;6;5;106;6;
273100112;720;434;1;734;6;285;6;0;285;0;6;0;0;6;279;29;0;129;0;0;114;7;
273100113;948;593;2;353;7;353;7;6;353;2;3;2;0;7;346;32;4;180;2;3;113;12;
273100114;780;459;1;778;0;320;0;5;320;0;3;0;1;4;316;29;0;186;4;1;88;8;
273100115;824;494;2;820;24;328;24;7;328;3;0;35;2;40;288;21;1;159;0;2;92;13;
273100116;850;494;2;856;0;354;0;7;354;0;6;3;0;9;345;42;2;201;2;3;81;14;
273100117;920;523;1;391;5;396;5;4;396;2;4;0;0;6;390;68;1;160;3;2;146;10;
273100118;916;503;1;928;15;412;15;0;412;1;4;0;0;5;407;62;1;184;3;5;140;12;
273100119;990;650;1;1006;0;339;0;8;339;0;5;0;0;5;334;39;0;146;2;2;130;15;
273100120;980;604;1;978;1;375;1;0;375;1;3;6;0;10;365;30;1;180;1;8;129;16;
273100121;921;578;1;924;4;342;4;4;342;1;3;0;0;4;338;33;1;197;3;2;95;7;
273100122;950;576;3;936;0;371;0;0;371;7;3;1;0;11;360;34;3;191;1;3;115;13;
273100123;780;508;1;786;1;271;1;0;271;0;1;1;0;2;269;31;0;154;0;2;76;6;
273100124;650;335;2;649;1;313;1;6;313;1;6;2;0;9;304;28;2;146;3;2;110;13;
273100125;911;513;3;888;0;395;0;0;395;1;11;9;0;21;374;44;3;173;2;1;141;10;
273100126;795;470;2;797;1;323;1;1;323;0;4;4;0;8;315;26;2;143;2;2;129;11;
273100127;954;543;1;946;3;410;3;0;410;1;6;0;0;7;403;42;0;186;3;3;144;25;
273100128;840;497;1;835;0;342;0;0;342;3;3;0;0;6;336;35;3;163;1;5;118;11;
273100129;840;543;1;855;0;296;0;0;296;5;9;0;0;14;282;35;1;118;0;2;110;16;
273100130;920;551;2;940;0;367;0;0;367;0;7;6;0;13;354;39;3;159;2;6;134;11;
273100131;909;553;2;917;0;354;0;5;354;3;7;1;0;11;343;35;1;149;2;3;143;10;
273100132;785;464;3;802;0;318;0;6;318;0;0;24;0;24;294;6;0;277;2;0;9;0;
273100133;810;447;5;851;0;358;0;0;358;2;6;24;0;32;326;2;3;276;1;0;43;1;
273100134;820;449;2;856;0;369;0;6;369;21;0;1;0;22;347;1;0;326;0;0;18;2;
273100135;859;570;1;871;0;288;0;3;288;3;0;13;0;16;272;6;0;257;2;1;6;0;
273100136;817;504;0;828;3;313;3;0;313;0;4;37;1;42;271;6;3;251;4;3;4;0;
273100137;800;540;3;829;0;257;0;0;257;9;2;7;0;18;239;2;0;230;3;1;2;1;
273100138;789;479;1;833;2;309;2;1;309;33;5;5;0;43;266;1;1;262;1;0;1;0;
273100139;840;530;1;841;0;309;0;1;309;0;2;0;0;2;307;23;0;177;0;4;94;9;
273100140;940;605;1;944;0;334;0;0;334;2;3;0;0;5;329;23;1;195;1;3;99;7;
273100141;860;570;9;867;1;281;1;4;281;0;4;4;0;8;273;32;0;119;1;2;111;8;
273100142;940;594;1;943;0;345;0;5;345;0;0;0;0;0;345;35;0;140;2;6;145;17;
273100143;940;594;2;930;6;344;6;2;344;0;7;0;0;7;337;28;1;188;1;2;101;16;
273100144;810;482;0;839;1;328;1;0;328;0;4;0;0;4;324;31;2;154;2;2;117;16;
273100145;160;42;1;42;89;117;89;4;117;1;0;0;0;1;116;7;0;86;3;0;17;3;
273100146;825;553;2;852;1;270;1;0;270;2;4;0;0;6;264;15;0;122;0;4;112;11;
273100147;870;568;1;866;0;301;0;0;301;8;2;0;0;10;291;31;1;144;2;4;98;11;
273100148;1008;684;1;1012;1;323;1;2;323;1;5;0;0;6;317;41;0;143;0;3;119;11;
273100149;798;504;1;798;0;293;0;1;293;0;0;0;0;0;293;23;0;137;1;4;121;7;
273100150;535;205;4;526;0;326;0;3;326;5;5;16;0;26;300;16;2;237;2;0;40;3;
273100151;70;13;1;60;0;56;0;0;56;0;0;1;0;1;55;3;0;50;0;0;1;1;
273100152;140;49;2;125;2;89;2;0;89;1;2;0;0;3;86;4;0;64;2;2;14;0;
273100153;687;356;2;703;6;329;6;6;329;34;2;0;0;36;293;4;0;231;1;0;53;4;
273100154;134;74;1;140;4;59;4;4;59;1;0;0;0;1;58;2;0;34;3;0;19;0;
273100155;156;45;1;108;2;110;2;7;110;5;0;0;0;5;105;18;1;58;4;1;19;4;
273100156;690;378;1;311;1;311;1;3;311;1;10;0;0;11;300;26;6;182;1;4;77;4;
273100157;220;94;1;227;0;125;0;4;125;8;3;0;0;11;114;3;0;87;1;1;21;1;
273100158;1050;452;4;1070;10;594;10;0;594;4;7;17;1;29;565;27;3;432;6;2;89;6;
273100159;525;257;1;534;1;267;1;0;267;2;11;0;0;13;254;8;4;186;3;1;44;8;
273100160;510;278;8;508;4;224;4;0;224;0;2;8;0;10;214;14;1;107;1;0;87;4;
273100161;788;471;4;799;1;313;1;5;313;1;19;9;0;29;284;18;1;183;1;3;73;5;
273100162;230;112;2;229;0;116;0;3;116;0;2;0;0;2;114;15;3;62;2;0;26;6;
273100163;80;20;0;77;3;60;3;0;60;0;2;0;0;2;58;13;0;27;0;1;14;3;
273100164;373;183;1;366;2;189;2;2;189;3;4;3;0;10;179;19;0;104;0;3;50;3;
273100165;155;52;6;154;3;97;3;0;97;2;1;2;0;5;92;17;0;43;1;2;21;8;
273100166;94;44;0;85;2;50;2;2;50;0;1;0;0;1;49;5;1;39;1;0;1;2;
273100167;250;93;1;242;6;156;6;5;156;2;3;4;0;9;147;24;0;99;0;3;16;5;
273100168;110;31;1;102;7;78;7;0;78;2;1;1;0;4;74;2;1;53;0;1;17;0;
273100169;163;41;1;163;6;121;6;0;121;4;3;0;0;7;114;4;1;81;1;0;26;1;
273100170;145;15;2;154;6;128;6;4;128;2;2;2;0;6;122;8;0;99;4;1;9;1;
273100171;155;31;1;161;2;123;2;1;123;2;1;0;0;3;120;17;0;76;1;1;24;1;
273100172;165;69;1;154;0;95;0;8;95;0;0;0;0;0;95;9;0;48;0;1;31;6;
273100173;125;21;1;128;7;103;7;0;103;1;2;1;0;4;99;11;3;66;1;0;17;1;
273100174;139;48;3;128;4;88;4;0;88;0;4;0;0;4;84;7;0;62;0;0;15;0;
273100175;550;212;2;548;1;336;1;4;336;7;4;0;0;11;325;20;2;149;3;1;145;5;
273100176;70;23;1;70;0;46;0;2;46;1;0;0;0;1;45;2;0;20;1;1;19;2;
273100177;300;143;1;294;5;156;5;0;156;1;6;0;0;7;149;13;1;75;2;0;55;3;
273100178;550;284;1;551;12;265;12;8;265;0;2;12;0;14;251;12;0;131;0;3;96;9;
273100179;525;291;1;513;0;233;0;2;233;0;2;0;0;2;231;21;2;128;0;2;74;4;
273100180;475;254;1;458;6;220;6;0;220;1;4;0;0;5;215;10;1;114;4;1;84;1;
273100181;405;215;1;395;1;189;1;0;189;1;1;0;0;2;187;28;0;98;2;3;52;4;
273100182;255;93;2;242;2;160;2;0;160;11;8;0;0;19;141;4;0;87;0;1;48;1;
273100183;785;433;3;729;1;349;1;0;349;3;1;0;0;4;345;9;8;229;2;4;93;0;
273100184;340;140;3;353;0;197;0;1;197;1;2;1;0;4;193;7;0;96;1;4;80;5;
273100185;155;85;0;156;0;70;0;0;70;0;2;0;0;2;68;4;0;34;0;0;30;0;
273100186;85;27;1;84;6;57;6;0;57;1;1;0;0;2;55;4;0;45;1;1;4;0;
273100187;155;73;2;152;2;80;2;0;80;0;2;0;0;2;78;3;1;63;2;1;7;1;
273100188;330;164;0;323;3;166;3;0;166;0;3;8;0;11;155;20;0;90;0;2;38;5;
273100189;70;25;2;68;0;43;0;2;43;0;1;0;0;1;42;7;0;28;1;0;4;2;
273100190;205;97;1;205;1;107;1;4;107;0;1;9;0;10;97;20;1;43;3;0;28;2;
273100191;310;172;2;302;3;136;3;0;136;2;1;8;0;11;125;3;1;78;1;0;40;2;
273100192;259;96;3;231;1;160;1;0;160;2;0;0;0;2;158;6;0;117;1;3;31;0;
273100193;255;112;1;248;2;142;2;0;142;0;3;0;1;4;138;13;3;36;7;0;77;2;
273100194;135;39;1;141;0;95;0;4;95;1;1;1;0;3;92;7;2;70;1;0;9;3;
273100195;610;321;2;608;0;287;0;0;287;2;2;11;0;15;272;12;2;192;3;0;62;1;
273100196;405;171;1;405;0;233;0;4;233;1;3;1;0;5;228;13;2;100;2;0;103;8;
273100197;545;262;3;537;2;280;2;2;280;5;2;6;0;13;267;15;4;113;1;2;126;6;
273100198;230;109;2;220;5;119;5;0;119;1;2;0;0;3;116;7;0;78;1;0;27;3;
273100199;130;25;1;122;1;104;1;0;104;0;1;0;0;1;103;5;0;71;0;3;21;3;
273100200;490;241;1;484;6;248;6;2;248;1;5;0;0;6;242;12;0;131;3;2;89;5;
273100201;500;261;3;499;8;236;8;0;236;0;0;13;0;13;223;5;1;179;4;1;26;7;
273100202;140;7;2;174;0;131;0;7;131;0;3;0;0;3;128;6;1;77;2;2;35;5;
273100203;80;24;1;71;0;55;0;8;55;0;0;1;0;1;54;5;1;30;0;1;16;1;
273100204;131;13;2;120;0;116;0;7;116;3;2;0;0;5;111;7;2;69;0;8;21;4;
273600001;800;396;0;824;0;404;0;0;404;3;4;0;0;7;397;39;2;193;1;3;149;10;
273600002;795;487;1;815;1;307;1;0;307;4;0;3;0;7;300;18;2;133;2;2;137;6;
273600003;827;450;4;372;1;373;1;0;373;11;10;2;0;23;350;7;3;150;1;2;179;8;
273600004;800;389;2;828;1;409;1;6;409;1;4;2;1;8;401;18;4;263;3;2;95;16;
273600005;842;474;1;830;0;367;0;3;367;0;3;5;0;8;359;32;6;211;2;1;101;6;
273600006;950;558;1;391;8;391;8;8;391;0;1;4;0;5;386;1;0;380;2;0;2;1;
273600007;694;459;1;688;0;234;0;0;234;2;5;11;0;18;216;0;1;211;1;1;2;0;
273600008;700;513;1;699;3;186;3;0;186;1;2;1;0;4;182;11;0;97;2;1;65;6;
273600009;850;518;2;852;0;330;0;0;330;1;1;0;0;2;328;16;1;199;2;5;99;6;
273600010;850;507;1;852;1;342;1;0;342;0;0;0;0;0;342;26;0;144;3;3;161;5;
273600011;900;537;1;928;1;362;1;0;362;1;8;2;0;11;351;25;3;156;4;3;147;13;
273600012;700;394;0;714;0;306;0;0;306;7;3;0;0;10;296;24;4;180;2;1;72;13;
273600013;806;426;6;835;0;374;0;0;374;1;2;3;0;6;368;27;3;199;0;5;130;4;
273600014;700;415;1;697;0;284;0;0;284;2;5;10;0;17;267;18;0;130;3;3;108;5;
273600015;900;535;1;888;3;364;3;1;364;9;0;0;0;9;355;21;1;198;2;3;116;14;
273600016;750;404;1;736;0;345;0;0;345;0;2;0;0;2;343;43;7;193;0;2;93;5;
273600017;700;363;0;713;8;337;8;0;337;5;2;0;0;7;330;34;3;170;2;4;108;9;
273600018;950;598;1;969;0;351;0;5;351;1;3;3;0;7;344;24;1;195;2;1;110;11;
273600019;50;28;0;42;0;22;0;0;22;1;0;0;0;1;21;1;0;15;0;0;5;0;
273600020;580;311;1;567;1;268;1;1;268;3;17;0;0;20;248;5;1;128;5;1;107;1;
273600021;620;340;3;592;0;277;0;0;277;0;4;3;0;7;270;10;2;113;3;0;139;3;
273600022;281;118;0;260;0;163;0;2;163;0;0;7;0;7;156;14;0;95;2;0;40;5;
273600023;110;27;3;110;5;80;5;5;80;0;0;2;0;2;78;11;0;52;2;2;9;2;
273600024;160;103;3;154;5;54;5;4;54;0;0;2;0;2;52;3;0;43;0;1;5;0;
273600025;860;443;3;807;6;414;6;3;414;6;5;0;0;11;403;19;1;335;4;2;39;3;
273600026;605;202;3;586;8;400;8;7;400;1;1;0;1;3;397;34;2;316;4;2;35;4;
273600027;145;48;1;135;4;96;4;8;96;12;0;0;0;12;84;8;0;59;0;1;11;5;
273600028;50;26;1;38;0;23;0;0;23;0;0;0;0;0;23;11;0;6;0;0;3;3;
273600029;192;70;1;175;0;121;0;4;121;0;0;6;0;6;115;6;0;85;5;2;16;1;
273600030;290;101;1;277;0;188;0;3;188;2;2;2;0;6;182;6;0;121;1;3;38;13;
273600031;160;45;1;154;7;114;7;0;114;1;2;2;0;5;109;17;0;76;2;1;10;3;
273600032;290;86;2;276;1;202;1;0;202;1;1;1;1;4;198;17;0;114;0;0;59;8;
273600033;170;46;0;165;3;124;3;7;124;6;0;1;0;7;117;10;0;99;1;0;6;1;
273600034;216;83;2;126;5;131;5;0;131;5;2;0;0;7;124;15;0;97;3;0;9;0;
273600035;450;229;0;431;4;221;4;5;221;2;1;1;0;4;217;8;0;136;1;7;60;5;
273600036;340;153;2;332;11;185;11;5;185;0;2;4;0;6;179;10;2;125;3;3;28;8;
273600037;210;57;3;207;0;150;0;0;150;2;10;0;0;12;138;15;0;93;0;1;26;3;
273600038;115;34;1;106;4;80;4;0;80;2;2;0;0;4;76;4;0;60;1;2;7;2;
273600039;60;16;1;54;8;43;8;0;43;0;0;2;0;2;41;6;3;21;0;2;9;0;
273700001;740;407;1;736;0;332;0;0;332;5;5;0;0;10;322;17;1;244;0;1;55;4;
273700002;730;410;3;722;0;317;0;0;317;1;2;11;0;14;303;6;0;229;4;3;59;2;
273700003;860;485;1;860;0;374;0;0;374;1;4;4;0;9;365;12;1;291;2;3;54;2;
273700004;520;291;2;514;1;227;1;2;227;14;7;0;0;21;206;12;1;117;2;0;73;1;
273700005;540;302;1;534;0;237;0;0;237;2;4;4;0;10;227;11;1;169;3;3;35;5;
273700006;480;290;2;471;0;188;0;0;188;1;12;2;0;15;173;9;1;82;4;1;73;3;
273700007;80;46;1;74;0;33;0;7;33;0;1;0;0;1;32;1;1;20;0;1;9;0;
273700008;60;25;2;57;0;33;0;0;33;1;0;0;0;1;32;4;0;22;2;0;3;1;
273700009;40;11;1;40;0;28;0;7;28;0;0;0;0;0;28;4;0;19;0;0;5;0;
273800001;839;466;2;831;3;371;3;2;371;2;2;1;0;5;366;26;1;232;5;1;87;14;
273800002;540;324;2;531;1;214;1;1;214;1;0;0;0;1;213;17;2;104;1;2;85;2;
273800003;810;468;3;811;1;339;1;1;339;5;8;0;0;13;326;4;3;273;1;2;43;0;
273800004;379;150;1;370;8;228;8;0;228;0;5;0;0;5;223;18;1;178;2;1;20;3;
273800005;541;337;4;534;0;200;0;3;200;0;2;1;0;3;197;3;3;119;3;1;66;2;
273800006;341;171;1;334;1;169;1;0;169;6;2;8;0;16;153;4;4;112;3;0;28;2;
280200001;640;247;0;640;2;391;2;0;391;9;0;0;0;9;382;11;1;253;2;4;104;7;
280200002;556;203;2;556;0;351;0;1;351;7;1;14;2;24;327;4;3;238;2;2;71;7;
280200003;45;10;0;35;5;35;5;5;35;0;0;0;0;0;35;1;0;28;0;0;6;0;
280200004;43;11;0;42;0;32;0;4;32;1;1;1;0;3;29;0;0;25;1;1;2;0;
280200005;35;4;0;34;0;31;0;4;31;0;0;0;0;0;31;2;1;27;0;0;1;0;
280200006;72;20;3;67;0;52;0;0;52;2;1;0;0;3;49;4;0;43;0;0;2;0;
280200007;73;2;3;71;0;71;0;1;71;0;3;0;0;3;68;2;0;66;0;0;0;0;
280200008;37;13;0;27;0;24;0;6;24;0;0;0;0;0;24;3;0;19;0;0;2;0;
280200009;35;11;0;38;5;24;5;0;24;0;0;1;0;1;23;1;0;14;0;0;5;3;
280200010;81;9;0;84;1;72;1;3;72;0;0;0;0;0;72;0;0;50;0;0;21;1;
280200011;74;18;1;68;1;55;1;2;55;2;0;0;0;2;53;3;0;39;2;2;7;0;
280200012;253;81;4;256;0;172;0;3;172;0;4;0;0;4;168;3;0;152;1;2;10;0;
280200013;35;6;0;32;0;29;0;7;29;1;0;0;0;1;28;3;0;11;0;0;14;0;
280200014;328;151;1;318;2;176;2;0;176;1;1;3;0;5;171;5;3;136;7;2;15;3;
280200015;83;9;0;84;0;74;0;3;74;1;0;0;0;1;73;1;0;61;1;1;8;1;
280200016;70;12;1;69;0;57;0;2;57;1;0;2;0;3;54;3;0;43;0;0;8;0;
280200017;155;25;0;150;5;130;5;8;130;0;2;1;0;3;127;1;3;115;0;1;6;1;
280200018;50;10;0;49;0;40;0;5;40;0;0;0;0;0;40;0;0;39;0;0;1;0;
280200019;85;22;0;85;2;63;2;1;63;0;0;2;0;2;61;5;0;44;4;0;8;0;
280200020;304;86;3;294;0;215;0;5;215;6;0;0;0;6;209;5;2;189;2;3;7;1;
280200021;62;25;0;64;5;37;5;0;37;2;0;0;0;2;35;1;1;31;0;0;1;1;
280200022;35;13;0;36;0;22;0;0;22;0;0;0;0;0;22;0;0;18;0;0;4;0;
280200023;110;44;0;113;0;66;0;4;66;1;1;0;0;2;64;5;0;54;0;0;5;0;
280200024;200;68;0;195;2;132;2;1;132;3;1;3;0;7;125;2;2;114;0;1;5;1;
280200025;76;8;0;78;1;68;1;1;68;3;0;0;0;3;65;3;0;54;0;0;7;1;
280200026;60;11;0;49;0;49;0;6;49;0;0;0;0;0;49;5;0;43;0;0;1;0;
280200027;289;97;11;292;2;192;2;0;192;5;1;5;0;11;181;5;0;168;1;1;6;0;
280200028;50;14;0;48;0;36;0;4;36;1;1;0;0;2;34;1;0;31;0;0;2;0;
280200029;35;16;0;30;0;19;0;2;19;1;0;0;0;1;18;1;0;13;1;0;3;0;
280200030;171;50;0;172;1;121;1;0;121;0;1;0;0;1;120;5;0;91;0;2;21;1;
280200031;34;16;1;29;2;17;2;2;17;0;0;1;0;1;16;0;0;15;0;0;1;0;
280200032;95;31;0;92;3;64;3;0;64;1;1;0;0;2;62;1;0;59;0;1;1;0;
280200033;400;151;1;393;0;249;0;1;249;0;0;0;0;0;249;7;1;222;0;3;14;2;
280200034;40;13;0;41;0;27;0;3;27;0;0;0;0;0;27;3;0;22;1;0;1;0;
280200035;190;72;0;189;4;118;4;0;118;0;0;3;0;3;115;1;0;103;0;1;10;0;
280200036;645;170;0;650;0;475;0;3;475;0;7;0;0;7;468;3;1;457;4;1;2;0;
280200037;47;12;0;47;0;35;0;4;35;1;0;0;0;1;34;5;1;23;0;1;4;0;
280200038;89;19;0;90;0;70;0;6;70;0;0;0;0;0;70;4;0;63;0;0;3;0;
280200039;127;22;0;125;1;105;1;0;105;0;0;0;0;0;105;6;0;82;2;0;15;0;
280200040;58;23;0;62;1;35;1;3;35;2;0;0;0;2;33;2;0;26;1;0;4;0;
282200001;500;156;2;640;0;342;0;0;342;3;2;6;0;11;331;13;0;202;0;2;112;2;
282200002;500;174;2;662;0;324;0;2;324;7;1;0;0;8;316;15;0;182;3;1;113;2;
282200003;600;121;0;882;0;479;0;0;479;12;9;0;1;22;457;10;0;336;0;3;100;8;
282200004;500;185;2;646;1;313;1;8;313;1;3;0;0;4;309;2;1;207;2;2;93;2;
282200005;500;208;1;594;2;291;2;0;291;1;0;6;0;7;284;5;3;205;2;0;67;2;
282200006;500;197;1;594;0;302;0;0;302;0;0;7;0;7;295;3;3;214;2;0;70;3;
282200007;500;138;2;712;0;360;0;0;360;20;3;0;0;23;337;2;1;281;2;1;47;3;
282200008;500;252;3;648;1;245;1;0;245;15;1;0;0;16;229;2;3;211;2;0;10;1;
282200009;600;103;0;788;2;497;2;0;497;0;16;0;0;16;481;3;1;461;3;3;9;1;
282200010;500;209;0;645;0;291;0;0;291;4;1;3;0;8;283;7;1;202;0;1;70;2;
282200011;600;219;0;735;0;381;0;0;381;12;3;2;0;17;364;4;3;311;2;0;44;0;
282200012;500;108;0;689;1;392;1;0;392;7;1;0;0;8;384;6;2;352;9;0;13;2;
282200013;200;28;1;236;0;171;0;5;171;0;0;1;0;1;170;0;0;165;1;0;4;0;
282200014;250;38;1;274;0;211;0;6;211;1;1;4;0;6;205;1;0;199;2;0;3;0;
282200015;450;130;0;476;2;320;2;0;320;3;3;11;1;18;302;0;2;293;0;0;6;1;
282200016;400;73;2;424;0;325;0;8;325;3;2;3;0;8;317;1;0;305;0;4;6;1;
282200017;150;32;1;145;0;117;0;4;117;5;0;0;0;5;112;2;1;105;1;1;1;1;
282200018;300;73;2;288;6;225;6;0;225;0;0;4;0;4;221;6;0;210;2;2;1;0;
282200019;700;261;3;720;0;436;0;0;436;15;3;2;0;20;416;1;1;401;5;1;5;2;
282200020;300;74;3;328;0;223;0;0;223;4;2;0;0;6;217;3;0;212;0;0;1;1;
282200021;300;65;1;353;12;234;12;0;234;2;2;0;0;4;230;2;0;220;0;1;7;0;
282200022;200;8;0;240;8;192;8;6;192;0;0;3;0;3;189;2;0;186;0;0;1;0;
282200023;200;61;1;177;3;139;3;3;139;1;0;0;0;1;138;4;1;127;1;0;5;0;
282200024;150;33;0;168;1;117;1;0;117;1;0;0;0;1;116;1;0;114;0;0;1;0;
282200025;200;57;1;231;1;142;1;5;142;1;0;9;0;10;132;1;2;126;0;1;2;0;
282200026;350;49;0;357;13;301;13;0;301;3;2;11;0;16;285;5;0;271;3;0;6;0;
282200027;150;47;0;158;0;103;0;0;103;0;1;3;0;4;99;1;1;97;0;0;0;0;
282200028;650;240;40;662;6;410;6;0;410;10;6;24;0;40;370;4;3;356;0;3;3;1;
282200029;550;171;0;577;0;379;0;7;379;3;3;10;0;16;363;4;3;350;1;0;3;2;
282200030;200;68;7;189;7;132;7;7;132;1;1;5;0;7;125;0;0;119;2;0;2;2;
282200031;400;92;0;403;0;308;0;0;308;8;2;28;0;38;270;1;3;244;7;2;11;2;
282200032;450;154;11;491;5;296;5;0;296;9;1;0;1;11;285;2;3;259;3;0;15;3;
282200033;450;163;1;472;1;286;1;4;286;2;4;0;0;6;280;3;3;261;1;0;11;1;
282200034;250;47;1;264;7;202;7;0;202;4;1;0;0;5;197;1;2;186;4;2;2;0;
282200035;500;154;1;516;0;346;0;0;346;3;20;0;0;23;323;5;4;293;5;1;11;4;
282200036;250;85;0;232;0;165;0;0;165;8;1;3;0;12;153;0;0;147;1;0;5;0;
282200037;350;93;1;380;0;256;0;0;256;3;4;9;0;16;240;1;1;233;1;0;2;2;
282200038;600;222;21;604;1;378;1;6;378;4;2;15;0;21;357;2;1;343;1;0;7;3;
282200039;30;7;0;41;0;23;0;0;23;2;0;1;0;3;20;1;0;19;0;0;0;0;
282200040;300;67;2;346;3;231;3;0;231;5;2;7;0;14;217;2;0;211;0;0;4;0;
282200041;125;14;1;130;0;110;0;0;110;1;0;0;0;1;109;1;0;99;0;0;7;2;
282200042;120;13;1;121;5;106;5;6;106;0;0;0;0;0;106;0;0;102;0;1;2;1;
282200043;550;183;3;601;0;364;0;6;364;11;5;1;0;17;347;4;2;331;2;1;6;1;
282200044;252;70;3;246;0;179;0;0;179;3;0;0;0;3;176;3;0;167;1;1;2;2;
282200045;550;167;3;580;7;380;7;0;380;3;0;0;0;3;377;3;2;367;1;0;4;0;
282200046;250;45;0;259;6;204;6;0;204;3;0;0;0;3;201;1;0;191;2;0;5;2;
282200047;220;74;1;231;0;145;0;7;145;1;2;0;0;3;142;1;1;135;1;0;4;0;
282200048;220;25;1;242;0;194;0;6;194;3;0;0;0;3;191;1;1;187;0;1;1;0;
282200049;70;17;1;73;0;52;0;7;52;0;0;0;0;0;52;1;0;45;0;0;5;1;
282200050;120;30;0;112;6;90;6;0;90;0;5;0;0;5;85;3;0;80;0;0;2;0;
282200051;70;23;1;69;0;47;0;7;47;1;0;0;0;1;46;1;0;40;0;0;5;0;
282200052;600;228;0;611;6;372;6;0;372;3;4;12;1;20;352;6;0;339;1;2;4;0;
282200053;300;92;1;281;0;207;0;0;207;0;1;1;0;2;205;2;0;197;0;1;4;1;
282200054;60;23;1;48;0;36;0;5;36;0;0;2;0;2;34;0;1;29;1;0;2;1;
282300001;734;311;0;680;1;423;1;0;423;7;6;23;1;37;386;8;3;225;5;2;140;3;
282300002;669;305;1;636;0;363;0;0;363;3;4;0;0;7;356;5;3;283;0;2;63;0;
282300003;754;305;3;724;0;446;0;0;446;1;1;0;0;2;444;21;1;406;1;1;11;3;
282300004;542;235;3;519;0;304;0;0;304;12;0;5;0;17;287;5;0;202;0;3;77;0;
282300005;742;247;2;718;0;493;0;4;493;0;4;0;0;4;489;4;1;480;1;1;0;2;
282300006;390;114;1;380;0;275;0;0;275;5;1;1;0;7;268;3;2;254;2;1;5;1;
282300007;566;131;3;539;0;432;0;0;432;0;0;14;0;14;418;1;0;415;2;0;0;0;
282300008;470;128;0;448;0;342;0;0;342;1;2;0;0;3;339;2;0;336;0;0;1;0;
282300009;498;173;0;476;2;325;2;1;325;3;6;2;0;11;314;23;0;197;3;1;89;1;
282300010;568;202;0;542;0;366;0;0;366;1;3;1;0;5;361;1;0;350;1;0;8;1;
282300011;516;140;5;512;0;371;0;0;371;10;9;1;0;20;351;3;1;324;1;6;13;3;
282400001;800;456;0;767;3;344;3;0;344;2;0;1;0;3;341;11;3;227;5;2;86;7;
282400002;800;442;2;780;0;356;0;0;356;0;9;2;1;12;344;14;2;200;3;1;117;7;
282400003;800;471;2;761;0;327;0;2;327;4;1;0;0;5;322;17;6;164;3;3;127;2;
282400004;700;294;1;757;0;405;0;0;405;3;4;0;0;7;398;19;7;260;1;1;101;9;
282400005;900;593;1;305;1;306;1;0;306;2;0;1;0;3;303;5;3;195;4;2;90;4;
282400006;900;469;0;897;1;430;1;4;430;4;0;0;0;4;426;17;6;272;2;5;117;7;
282400007;800;463;1;751;0;336;0;10;336;4;1;0;0;5;331;9;1;253;3;2;60;3;
282400008;800;440;22;771;5;358;5;0;358;6;8;5;1;20;338;4;3;268;4;6;52;1;
282400009;900;556;3;884;0;341;0;3;341;4;0;1;0;5;336;12;2;203;0;0;111;8;
282400010;900;517;0;857;0;383;0;0;383;11;4;0;0;15;368;19;1;247;0;2;94;5;
282400011;700;403;0;697;0;297;0;5;297;5;1;0;0;6;291;10;0;171;1;1;100;8;
282400012;900;535;4;871;3;361;3;0;361;4;2;0;0;6;355;20;2;200;1;4;113;15;
282400013;900;535;1;846;5;363;5;0;363;1;5;4;0;10;353;18;0;226;2;6;100;1;
282400014;800;454;1;753;1;345;1;4;345;3;2;0;0;5;340;15;2;218;2;4;94;5;
282400015;800;408;0;391;1;392;1;5;392;0;0;0;0;0;392;15;1;258;4;4;102;8;
282400016;900;564;0;902;0;336;0;2;336;0;1;0;0;1;335;5;2;238;1;1;82;6;
282400017;900;580;1;883;0;319;0;0;319;7;5;2;0;14;305;13;0;209;5;1;70;7;
282400018;900;532;0;884;0;368;0;2;368;0;2;0;0;2;366;16;4;221;0;0;117;8;
282400019;40;10;0;30;16;30;16;8;30;1;0;0;0;1;29;2;1;22;1;0;1;2;
282400020;300;131;0;293;1;169;1;0;169;1;0;0;0;1;168;1;4;115;5;2;41;0;
282400021;300;160;0;263;7;140;7;0;140;0;3;0;0;3;137;3;1;103;3;0;26;1;
282400022;400;182;0;385;0;218;0;5;218;2;2;1;1;6;212;7;2;195;1;3;4;0;
282400023;100;49;1;96;0;50;0;5;50;0;0;0;0;0;50;1;0;42;0;0;7;0;
282400024;100;44;0;84;5;56;5;5;56;2;1;7;0;10;46;1;0;36;1;0;7;1;
282400025;70;17;1;67;5;52;5;0;52;0;0;0;0;0;52;2;0;41;1;0;8;0;
282400026;600;347;1;581;5;252;5;0;252;1;3;0;0;4;248;6;2;167;6;1;62;4;
282400027;600;207;0;629;5;393;5;0;393;2;6;0;0;8;385;2;1;341;6;3;30;2;
282400028;500;230;1;443;2;269;2;6;269;3;4;0;0;7;262;6;0;237;2;2;14;1;
282400029;150;44;2;135;2;104;2;4;104;0;1;1;0;2;102;3;1;89;2;0;6;1;
282400030;70;10;2;56;2;58;2;5;58;2;0;0;0;2;56;1;0;50;0;0;3;2;
282400031;300;135;0;255;1;164;1;3;164;2;6;3;0;11;153;0;0;148;1;1;2;1;
282400032;500;341;1;434;1;158;1;4;158;0;1;0;0;1;157;6;0;121;1;0;28;1;
282400033;350;189;2;318;1;159;1;0;159;1;0;0;0;1;158;5;0;126;4;1;13;9;
282400034;80;43;1;62;0;36;0;0;36;0;0;0;0;0;36;2;0;31;1;0;2;0;
282400035;800;438;1;794;0;361;0;0;361;2;6;0;0;8;353;9;2;306;1;0;34;1;
282400036;300;114;0;305;0;186;0;0;186;0;2;0;0;2;184;1;4;165;0;1;10;3;
282400037;150;26;0;143;9;124;9;0;124;1;1;3;0;5;119;5;0;110;0;0;3;1;
282400038;45;26;0;23;0;19;0;8;19;0;0;0;0;0;19;1;0;15;0;0;3;0;
282400039;400;201;3;366;11;196;11;6;196;2;5;0;0;7;189;4;1;124;1;2;53;4;
282400040;600;289;0;551;0;311;0;5;311;0;8;0;0;8;303;4;1;262;1;0;35;0;
282400041;600;277;0;564;10;323;10;0;323;4;4;0;0;8;315;3;0;241;7;3;58;3;
282400042;350;144;0;302;2;206;2;0;206;1;1;2;0;4;202;7;1;193;0;1;0;0;
282400043;120;44;6;100;2;76;2;0;76;1;0;5;0;6;70;3;1;58;1;0;5;2;
282400044;750;367;1;712;1;382;1;0;382;1;2;0;0;3;379;6;1;331;3;1;30;7;
282400045;50;14;0;33;4;36;4;3;36;0;0;0;0;0;36;3;0;25;0;1;7;0;
282400046;100;32;1;84;4;67;4;3;67;2;3;3;0;8;59;0;1;46;0;0;12;0;
282400047;600;244;2;577;8;354;8;0;354;5;5;4;2;16;338;7;7;233;5;1;68;17;
282400048;200;72;1;191;2;127;2;0;127;4;1;0;0;5;122;3;2;98;3;0;14;2;
282400049;550;258;2;523;5;290;5;6;290;2;0;4;0;6;284;14;3;156;6;1;100;4;
282400050;120;25;1;113;0;94;0;0;94;1;2;0;0;3;91;3;0;75;2;1;10;0;
282400051;200;79;0;196;4;121;4;0;121;3;4;4;0;11;110;4;0;94;2;1;6;3;
282400052;600;350;1;605;0;249;0;5;249;2;17;0;0;19;230;6;1;168;0;0;53;2;
282400053;600;390;0;526;2;210;2;0;210;0;3;2;0;5;205;6;1;153;3;0;38;4;
282400054;900;480;0;873;0;420;0;3;420;4;4;0;0;8;412;19;1;312;6;1;67;6;
282400055;800;436;1;736;2;363;2;4;363;3;8;0;0;11;352;6;1;290;8;1;44;2;
282400056;300;158;0;247;0;142;0;4;142;8;0;0;0;8;134;3;1;121;0;0;4;5;
282400057;250;121;0;216;0;129;0;0;129;0;0;0;0;0;129;3;0;105;3;0;16;2;
283500001;700;216;2;858;0;482;0;0;482;2;1;1;0;4;478;21;2;278;2;4;161;10;
283500002;550;221;0;659;0;329;0;6;329;3;6;1;0;10;319;20;0;178;1;1;113;6;
283500003;550;221;1;665;0;328;0;3;328;2;1;5;0;8;320;14;3;159;1;5;131;7;
283500004;750;339;1;926;5;410;5;0;410;3;3;0;0;6;404;17;3;240;4;2;127;11;
283500005;550;218;1;656;0;331;0;0;331;7;0;1;0;8;323;16;0;155;1;3;144;4;
283500006;700;327;2;869;0;371;0;1;371;1;4;8;2;15;356;17;4;224;2;2;100;7;
283500007;600;274;2;745;0;324;0;0;324;1;1;0;0;2;322;14;0;167;1;3;123;14;
283500008;600;259;0;755;0;341;0;0;341;14;1;2;0;17;324;10;3;182;2;5;117;5;
283500009;550;224;0;711;0;326;0;0;326;2;1;0;0;3;323;10;3;196;3;6;97;8;
283500010;550;264;1;687;0;285;0;0;285;1;4;0;0;5;280;10;1;158;1;1;108;1;
283500011;600;264;0;784;0;336;0;5;336;0;5;0;0;5;331;11;1;207;3;4;96;9;
283500012;450;165;5;604;0;280;0;0;280;0;5;1;0;6;274;8;0;178;1;0;81;6;
283500013;700;295;0;877;0;405;0;7;405;0;5;0;0;5;400;18;0;221;7;5;142;7;
283500014;700;300;0;837;0;400;0;7;400;4;0;0;0;4;396;20;0;209;2;4;157;4;
283500015;600;223;2;373;2;375;2;0;375;3;6;5;0;14;361;34;1;233;3;2;80;8;
283500016;600;239;1;359;1;360;1;8;360;3;1;7;0;11;349;18;0;218;0;2;96;15;
283500017;600;218;0;763;1;382;1;5;382;6;4;0;0;10;372;26;4;181;2;4;145;10;
283500018;700;263;17;884;1;437;1;4;437;7;4;6;0;17;420;34;1;193;1;5;181;5;
283500019;600;243;0;777;0;357;0;0;357;2;6;0;0;8;349;13;1;226;0;2;101;6;
283500020;550;203;0;684;0;347;0;5;347;0;4;2;0;6;341;30;1;191;3;1;105;10;
283500021;750;260;0;935;0;490;0;5;490;2;6;1;0;9;481;36;2;282;4;11;128;18;
283500022;700;159;2;885;0;439;0;3;439;6;2;0;0;8;431;28;0;243;1;2;141;16;
283500023;600;214;0;732;0;386;0;0;386;1;5;0;0;6;380;26;0;214;3;7;121;9;
283500024;450;218;0;560;0;232;0;5;232;11;0;0;0;11;221;4;1;145;1;5;63;2;
283500025;700;296;0;863;0;404;0;4;404;12;2;0;0;14;390;20;2;234;4;3;117;10;
283500026;550;201;0;686;0;349;0;0;349;4;1;7;0;12;337;18;2;198;2;2;110;5;
283500027;750;285;1;944;0;464;0;1;464;1;5;5;0;11;453;23;1;268;1;2;136;22;
283500028;450;122;9;562;0;325;0;0;325;4;1;1;0;6;319;44;0;167;0;4;95;9;
283500029;600;219;0;726;4;381;4;3;381;0;2;4;0;6;375;34;2;214;2;6;110;7;
283500030;552;185;5;632;0;362;0;0;362;5;5;1;0;11;351;29;1;180;0;6;121;14;
283500031;600;188;1;779;1;411;1;4;411;1;7;0;0;9;403;28;0;208;7;6;147;7;
283500032;650;260;12;791;3;390;3;0;390;3;1;7;0;11;379;21;1;235;0;3;108;11;
283500033;450;165;4;564;0;281;0;0;281;1;2;0;0;3;278;26;1;151;5;3;83;9;
283500034;650;210;0;810;1;440;1;10;440;1;4;0;0;5;435;39;1;273;2;2;99;19;
283500035;650;275;3;783;7;372;7;0;372;2;3;0;0;5;367;18;2;208;3;5;123;8;
283500036;750;247;1;926;0;502;0;4;502;2;9;11;0;22;480;33;2;270;2;3;161;9;
283500037;600;227;1;717;0;372;0;5;372;4;2;8;0;14;358;19;0;214;1;1;114;9;
283500038;900;526;0;875;0;374;0;4;374;1;2;1;0;4;370;27;4;250;0;2;79;8;
283500039;500;200;2;623;0;298;0;0;298;1;3;0;1;5;293;13;0;197;0;2;73;8;
283500040;550;217;0;701;1;333;1;3;333;1;3;1;0;5;328;6;2;222;1;4;83;10;
283500041;700;330;0;907;0;370;0;0;370;1;15;0;0;16;354;18;1;233;2;3;92;5;
283500042;400;229;7;529;0;164;0;1;164;0;3;8;0;11;153;1;1;126;6;1;17;1;
283500043;700;397;2;895;0;301;0;2;301;2;1;14;0;17;284;4;3;245;1;2;27;2;
283500044;650;301;15;791;2;356;2;0;356;1;2;11;0;14;342;20;1;239;1;5;70;6;
283500045;400;142;0;531;0;258;0;0;258;0;2;1;0;3;255;11;0;112;0;3;126;3;
283500046;400;137;2;538;0;261;0;3;261;3;2;2;0;7;254;11;4;117;4;1;115;2;
283500047;300;105;0;375;0;195;0;0;195;3;1;11;0;15;180;5;1;137;7;1;26;3;
283500048;220;48;1;259;0;171;0;0;171;3;1;0;0;4;167;1;2;163;0;0;1;0;
283500049;150;80;0;158;0;70;0;3;70;5;0;0;0;5;65;5;0;48;0;1;9;2;
283500050;600;266;0;678;0;334;0;0;334;5;5;0;0;10;324;2;2;302;2;5;9;2;
283500051;150;20;0;190;2;130;2;0;130;1;2;5;0;8;122;8;1;92;0;3;17;1;
283500052;230;58;1;251;8;171;8;0;171;7;0;2;0;9;162;3;2;154;1;1;1;0;
283500053;340;10;0;333;1;307;1;7;307;0;0;0;0;0;307;0;0;300;2;1;3;1;
283500054;450;249;1;498;4;200;4;0;200;3;5;5;0;13;187;4;2;122;7;2;43;7;
283500055;400;199;0;461;0;201;0;0;201;3;0;13;0;16;185;5;2;172;2;1;2;1;
283500056;250;97;1;288;0;152;0;0;152;1;3;1;0;5;147;4;1;116;2;2;22;0;
283500057;600;295;1;646;8;304;8;0;304;3;2;18;0;23;281;7;1;247;3;3;15;5;
283500058;350;71;1;373;4;278;4;0;278;2;4;0;0;6;272;7;1;248;2;2;10;2;
283500059;730;343;1;770;2;386;2;5;386;1;1;0;0;2;384;2;1;362;3;2;11;3;
283500060;55;13;2;73;1;40;1;5;40;0;3;0;0;3;37;3;0;31;0;0;3;0;
283500061;220;69;0;259;0;151;0;0;151;11;0;0;0;11;140;5;0;117;0;2;15;1;
283500062;380;178;1;392;0;201;0;3;201;2;3;1;0;6;195;9;2;168;3;0;3;10;
283500063;350;96;1;391;0;253;0;6;253;6;0;10;1;17;236;5;0;223;2;2;4;0;
283500064;350;94;0;395;1;256;1;1;256;1;16;3;1;21;235;10;3;198;0;1;22;1;
283500065;250;122;2;298;2;167;2;0;167;1;2;0;0;3;164;9;0;131;3;3;13;5;
283500066;400;142;1;422;0;257;0;5;257;3;1;13;0;17;240;4;1;227;0;0;5;3;
283500067;380;114;0;407;0;266;0;0;266;1;4;0;0;5;261;3;1;254;0;0;3;0;
283500068;240;73;2;250;1;165;1;6;165;2;0;5;0;7;158;1;0;151;4;1;0;1;
283500069;45;2;0;58;5;43;5;7;43;0;0;0;0;0;43;3;0;33;0;1;6;0;
283500070;150;53;0;160;0;97;0;0;97;0;0;6;0;6;91;1;0;82;0;0;7;1;
283500071;400;150;0;440;4;250;4;3;250;2;1;3;0;6;244;6;0;163;4;3;65;3;
283500072;350;120;12;418;0;230;0;6;230;4;5;3;0;12;218;5;0;166;0;0;46;1;
283500073;270;76;0;324;0;194;0;5;194;3;1;3;0;7;187;6;1;160;1;4;14;1;
283500074;180;47;0;213;0;133;0;0;133;2;2;2;0;6;127;1;0;122;0;0;4;0;
283500075;630;274;0;652;5;356;5;0;356;9;5;6;0;20;336;8;0;234;3;5;85;1;
283500076;180;26;1;212;0;154;0;4;154;0;1;0;0;1;153;5;0;112;0;1;4;31;
283500077;180;78;0;193;9;102;9;4;102;2;1;0;0;3;99;4;1;76;3;1;13;1;
283500078;90;6;0;88;8;84;8;0;84;4;2;0;0;6;78;1;0;66;1;0;9;1;
283500079;400;199;0;432;3;201;3;0;201;4;0;2;0;6;195;4;1;163;4;0;20;3;
283500080;580;193;1;621;4;386;4;0;386;1;3;2;0;6;380;2;0;375;0;1;2;0;
283500081;60;12;4;61;5;48;5;0;48;2;2;0;0;4;44;2;0;37;0;0;5;0;
283500082;350;171;0;370;1;179;1;0;179;9;2;2;0;13;166;3;3;149;1;1;7;2;
283500083;560;250;1;606;4;309;4;0;309;5;16;9;0;30;279;2;2;256;4;4;10;1;
283500084;180;63;4;114;0;114;0;4;114;4;1;7;0;12;102;2;0;99;1;0;0;0;
283500085;360;165;0;403;1;195;1;6;195;1;2;0;0;3;192;3;2;174;1;2;10;0;
283500086;230;49;0;251;0;181;0;0;181;11;0;0;0;11;170;3;0;164;1;1;1;0;
283500087;200;57;1;219;1;142;1;0;142;0;0;0;0;0;142;5;0;118;3;2;12;2;
283500088;340;110;0;359;5;230;5;6;230;25;8;0;1;34;196;3;0;188;1;2;1;1;
283500089;100;24;5;108;0;76;0;5;76;1;2;1;1;5;71;3;0;65;0;0;1;2;
283500090;115;23;1;132;17;91;17;6;91;3;0;0;0;3;88;5;0;72;0;1;10;0;
283500091;400;161;0;445;1;239;1;5;239;2;0;0;0;2;237;2;1;214;1;1;17;1;
283500092;190;56;1;211;2;133;2;5;133;2;1;8;0;11;122;2;0;109;2;2;6;1;
283500093;700;332;1;775;1;367;1;5;367;5;1;22;0;28;339;9;0;307;5;1;15;2;
283500094;180;44;1;210;3;136;3;0;136;0;1;0;0;1;135;6;1;116;1;2;9;0;
283500095;600;291;2;624;2;307;2;0;307;1;4;6;0;11;296;7;1;226;7;1;51;3;
283500096;320;109;1;344;1;210;1;5;210;7;0;0;0;7;203;1;2;180;5;2;12;1;
283500097;380;166;2;419;1;212;1;5;212;2;1;0;0;3;209;1;2;199;1;1;2;3;
283500098;145;25;0;167;2;120;2;6;120;0;0;0;0;0;120;1;0;119;0;0;0;0;
283500099;100;32;0;102;0;68;0;2;68;0;1;6;0;7;61;4;1;43;0;2;11;0;
283500100;640;178;11;693;0;462;0;8;462;1;0;10;0;11;451;6;1;437;0;0;4;3;
283500101;65;20;0;55;0;45;0;1;45;2;2;1;0;5;40;1;1;30;2;0;6;0;
290900001;531;288;1;541;0;242;0;4;242;2;4;0;0;6;236;15;1;117;4;6;87;6;
290900002;754;425;1;751;0;328;0;0;328;1;7;0;0;8;320;14;2;175;0;4;115;10;
290900003;619;282;2;623;1;335;1;4;335;2;0;2;0;4;331;30;4;190;2;1;97;7;
290900004;386;210;2;386;1;174;1;5;174;0;6;4;0;10;164;16;1;93;0;0;47;7;
290900005;523;300;2;523;1;221;1;4;221;0;7;0;0;7;214;12;0;106;0;4;82;10;
290900006;543;300;0;546;0;243;0;0;243;0;0;8;1;9;234;15;4;170;2;1;38;4;
290900007;477;278;2;481;0;197;0;4;197;3;4;2;0;9;188;6;2;122;2;1;51;4;
290900008;645;377;1;667;0;267;0;2;267;4;1;1;0;6;261;14;0;165;3;1;70;8;
290900009;760;399;1;766;0;360;0;8;360;0;6;0;0;6;354;12;3;223;0;5;101;10;
290900010;617;375;1;615;0;241;0;0;241;1;2;4;0;7;234;17;3;142;4;2;62;4;
290900011;601;384;1;603;2;216;2;2;216;7;0;0;0;7;209;14;0;129;2;2;62;0;
290900012;683;435;1;684;0;247;0;0;247;2;2;0;0;4;243;13;0;146;2;0;76;6;
290900013;703;454;2;707;0;247;0;5;247;0;1;1;0;2;245;6;0;151;0;3;81;4;
290900014;771;446;0;771;0;325;0;1;325;3;3;1;0;7;318;23;3;186;0;0;91;15;
290900015;514;304;2;530;0;208;0;0;208;2;5;0;0;7;201;7;0;122;1;0;66;5;
290900016;713;435;1;713;2;277;2;0;277;3;2;1;1;7;270;16;2;171;0;3;67;11;
290900017;700;480;0;702;0;220;0;0;220;2;3;1;0;6;214;9;1;129;0;4;66;5;
290900018;728;387;3;732;1;338;1;0;338;1;2;0;0;3;335;28;0;211;1;1;88;6;
290900019;747;504;1;746;0;242;0;0;242;0;2;0;0;2;240;15;1;150;1;0;67;6;
290900020;721;479;19;729;0;223;0;0;223;7;0;0;0;7;216;5;0;140;1;2;59;9;
290900021;720;456;1;729;1;263;1;6;263;0;3;0;0;3;260;14;1;146;1;1;92;5;
290900022;680;383;2;688;0;295;0;6;295;3;2;0;0;5;290;16;0;162;1;6;96;9;
290900023;553;346;4;555;0;203;0;2;203;1;1;1;0;3;200;10;2;107;1;3;74;3;
290900024;689;421;1;690;0;267;0;0;267;5;4;0;0;9;258;18;1;143;3;2;80;11;
290900025;833;519;3;836;2;311;2;0;311;0;4;2;0;6;305;23;3;176;2;1;87;13;
290900026;1031;660;2;1033;0;369;0;0;369;1;8;0;0;9;360;27;2;208;2;2;108;11;
290900027;605;380;2;606;0;223;0;0;223;1;12;0;0;13;210;10;0;154;0;3;40;3;
290900028;773;398;4;777;0;371;0;5;371;0;4;0;0;4;367;29;0;216;6;3;101;12;
290900029;624;357;3;627;0;264;0;3;264;2;1;0;0;3;261;18;0;151;0;1;83;8;
290900030;710;439;5;712;4;266;4;2;266;1;0;0;0;1;265;16;1;152;3;0;88;5;
290900031;802;444;1;802;0;357;0;0;357;0;8;0;0;8;349;30;2;204;1;3;99;10;
290900032;749;448;1;757;1;300;1;6;300;1;2;1;0;4;296;30;2;171;6;2;74;11;
290900033;701;381;1;702;0;319;0;0;319;2;10;0;0;12;307;26;1;195;1;3;73;8;
290900034;514;334;2;516;0;178;0;0;178;2;1;0;0;3;175;24;1;106;3;2;33;6;
290900035;422;241;1;420;0;180;0;1;180;2;3;1;0;6;174;15;0;90;1;1;61;6;
290900036;930;593;3;942;0;334;0;0;334;1;14;0;0;15;319;25;0;153;2;3;130;6;
290900037;964;651;1;966;1;312;1;1;312;1;0;0;1;2;310;37;2;132;0;4;129;6;
290900038;790;472;0;790;0;318;0;0;318;10;6;2;0;18;300;23;0;174;2;1;90;10;
290900039;687;417;3;694;0;267;0;7;267;0;0;2;0;2;265;30;1;117;1;1;104;11;
290900040;567;321;2;570;0;244;0;3;244;0;6;0;0;6;238;15;1;137;2;1;76;6;
290900041;522;279;1;528;0;242;0;4;242;1;3;1;0;5;237;24;1;126;1;5;73;7;
290900042;725;416;4;728;0;305;0;3;305;2;5;0;0;7;298;18;4;175;2;1;92;6;
290900043;708;377;1;714;1;330;1;7;330;4;2;1;0;7;323;28;3;185;2;3;90;12;
290900044;579;338;1;584;0;240;0;4;240;3;7;1;0;11;229;27;0;138;1;1;52;10;
290900045;780;436;3;785;0;341;0;3;341;2;3;2;0;7;334;29;2;178;1;3;103;18;
290900046;717;418;2;718;0;297;0;4;297;0;7;0;0;7;290;20;0;154;2;3;105;6;
290900047;712;450;2;714;0;260;0;0;260;2;4;0;2;8;252;20;0;143;1;2;80;6;
290900048;537;310;9;535;0;218;0;0;218;5;3;0;0;8;210;20;2;113;3;1;69;2;
290900049;759;435;1;759;0;323;0;0;323;7;0;0;0;7;316;10;1;122;3;3;170;7;
290900050;644;367;1;649;4;276;4;0;276;2;4;2;0;8;268;9;1;119;5;2;128;4;
290900051;577;335;4;577;0;238;0;0;238;3;1;9;0;13;225;20;1;94;2;1;104;3;
290900052;410;281;1;419;0;128;0;9;128;1;0;6;0;7;121;4;2;99;1;2;12;1;
290900053;523;360;2;524;0;161;0;0;161;4;1;0;0;5;156;5;1;94;1;0;51;4;
290900054;630;350;1;639;0;279;0;0;279;3;3;0;0;6;273;17;1;130;2;2;118;3;
290900055;523;349;0;525;0;174;0;0;174;0;10;2;0;12;162;4;1;99;3;0;48;7;
290900056;391;191;3;397;0;197;0;6;197;0;0;0;0;0;197;2;1;173;3;2;15;1;
290900057;559;228;2;565;0;329;0;4;329;0;2;15;0;17;312;1;0;308;0;0;2;1;
290900058;551;225;0;553;0;326;0;2;326;3;17;0;0;20;306;0;1;300;1;1;3;0;
290900059;50;0;3;55;0;47;0;7;47;0;2;1;0;3;44;6;0;25;0;0;11;2;
290900060;387;222;2;393;2;163;2;6;163;2;4;2;0;8;155;6;0;98;1;1;48;1;
290900061;78;46;1;84;0;31;0;6;31;0;3;0;0;3;28;4;0;16;0;0;7;1;
290900062;535;313;2;531;0;220;0;0;220;1;3;11;0;15;205;23;1;65;0;2;109;5;
290900063;520;289;2;526;0;229;0;6;229;1;2;0;0;3;226;18;3;102;1;2;96;4;
290900064;400;223;1;405;2;176;2;5;176;8;0;0;0;8;168;9;2;107;5;3;38;4;
290900065;61;14;1;46;0;46;0;0;46;1;0;0;0;1;45;4;0;29;1;0;10;1;
290900066;572;330;1;572;4;241;4;0;241;2;4;0;0;6;235;13;1;119;4;3;88;7;
290900067;682;432;1;686;0;249;0;4;249;1;1;1;0;3;246;27;2;98;2;7;106;4;
290900068;365;154;1;371;1;210;1;0;210;2;3;0;0;5;205;5;3;122;2;2;71;0;
290900069;544;303;0;546;1;241;1;2;241;0;3;0;1;4;237;13;0;94;5;1;120;4;
290900070;729;462;2;730;0;265;0;0;265;1;0;1;0;2;263;13;1;126;3;2;110;8;
290900071;411;222;0;409;1;189;1;3;189;1;19;0;0;20;169;6;1;63;5;0;88;6;
290900072;471;240;1;472;3;230;3;0;230;7;7;8;1;23;207;12;2;131;1;1;58;2;
290900073;367;176;7;367;2;184;2;1;184;1;4;1;0;6;178;14;1;97;6;0;57;3;
290900074;303;150;2;306;1;151;1;4;151;0;2;5;0;7;144;15;0;105;1;0;18;5;
290900075;84;22;0;89;0;62;0;5;62;1;0;1;0;2;60;11;0;38;1;2;8;0;
290900076;471;240;1;474;1;230;1;3;230;1;5;6;0;12;218;8;0;99;5;1;102;3;
290900077;556;270;1;556;0;285;0;0;285;2;1;0;0;3;282;13;1;117;2;0;145;4;
290900078;630;269;1;634;0;360;0;3;360;0;11;10;0;21;339;8;0;168;1;4;154;4;
290900079;141;40;2;140;2;99;2;0;99;1;0;0;0;1;98;0;1;81;1;1;11;3;
290900080;585;318;1;587;3;266;3;0;266;5;0;15;0;20;246;12;0;181;4;2;47;0;
290900081;526;291;1;528;0;234;0;3;234;3;0;0;0;3;231;10;0;141;0;0;74;6;
290900082;697;406;0;704;1;291;1;5;291;1;1;0;0;2;289;9;1;205;7;1;61;5;
290900083;264;129;2;263;1;133;1;0;133;1;1;0;0;2;131;6;1;92;1;0;19;12;
290900084;154;47;1;159;0;106;0;0;106;1;2;0;1;4;102;6;0;40;6;0;47;3;
290900085;159;63;2;162;1;94;1;2;94;0;0;4;1;5;89;2;0;58;1;3;24;1;
290900086;500;227;1;502;4;272;4;3;272;2;3;6;0;11;261;15;2;171;4;2;59;8;
290900087;810;487;0;819;0;323;0;6;323;0;1;0;0;1;322;29;0;196;6;3;86;2;
290900088;342;146;1;348;1;195;1;6;195;1;2;0;0;3;192;23;0;112;4;2;48;3;
290900089;113;35;1;119;0;77;0;5;77;0;0;0;0;0;77;4;0;36;2;1;34;0;
290900090;689;368;3;693;0;318;0;4;318;1;5;0;0;6;312;18;1;135;6;3;144;5;
290900091;299;92;2;300;1;205;1;0;205;4;6;0;0;10;195;9;1;116;4;5;58;2;
291100001;750;348;1;741;0;401;0;0;401;7;5;0;0;12;389;35;2;211;2;0;121;18;
291100002;850;445;1;811;4;404;4;3;404;8;1;0;0;9;395;34;1;199;11;3;124;23;
291100003;1050;591;2;1040;1;457;1;3;457;2;8;0;0;10;447;32;0;246;0;5;150;14;
291100004;770;431;1;721;0;338;0;0;338;0;7;0;0;7;331;21;2;168;4;1;130;5;
291100005;500;192;1;485;0;307;0;0;307;12;3;0;1;16;291;19;2;174;2;3;86;5;
291100006;350;142;1;343;0;207;0;0;207;2;3;0;0;5;202;13;2;143;3;1;34;6;
291100007;67;18;1;62;0;48;0;6;48;0;0;0;0;0;48;4;0;41;0;0;3;0;
291100008;85;28;1;86;0;56;0;6;56;3;0;1;0;4;52;2;1;36;0;1;9;3;
291100009;245;134;1;243;0;110;0;2;110;4;2;0;0;6;104;2;0;94;1;0;5;2;
291100010;140;36;1;139;0;103;0;0;103;1;1;0;0;2;101;1;1;81;0;0;17;1;
291100011;52;14;0;52;2;38;2;4;38;1;2;0;0;3;35;6;0;21;1;2;5;0;
291100012;40;6;0;41;1;34;1;6;34;1;1;0;0;2;32;2;0;25;0;0;5;0;
291100013;95;19;1;99;3;75;3;0;75;1;0;6;0;7;68;4;0;45;2;0;17;0;
291100014;53;28;0;53;0;25;0;0;25;0;0;0;0;0;25;1;1;20;1;0;2;0;
291100015;35;7;0;34;0;28;0;5;28;0;0;0;0;0;28;3;0;24;1;0;0;0;
291100016;180;134;1;74;1;45;1;3;45;0;0;0;0;0;45;1;0;42;0;0;1;1;
291100017;225;104;1;223;0;120;0;2;120;0;2;1;0;3;117;0;4;106;3;1;2;1;
291100018;28;6;1;31;0;21;0;5;21;0;0;0;0;0;21;1;0;18;0;0;2;0;
291100019;55;22;0;53;0;33;0;3;33;0;0;0;0;0;33;1;0;32;0;0;0;0;
291100020;55;20;1;53;5;34;5;0;34;0;0;0;0;0;34;0;0;32;0;0;2;0;
291100021;125;27;2;124;0;96;0;4;96;0;3;0;0;3;93;5;0;80;1;0;4;3;
291100022;115;25;1;116;0;89;0;6;89;0;0;0;0;0;89;0;0;81;1;0;7;0;
291100023;55;12;0;55;2;43;2;2;43;0;0;0;0;0;43;0;0;41;0;0;2;0;
291100024;155;69;2;154;0;84;0;6;84;2;2;0;0;4;80;4;0;51;3;0;22;0;
291100025;175;60;3;179;0;112;0;10;112;1;1;0;0;2;110;1;2;85;1;0;21;0;
291100026;195;115;0;191;3;80;3;0;80;0;0;2;0;2;78;1;0;72;0;1;4;0;
291100027;85;18;1;83;7;66;7;0;66;0;0;0;0;0;66;0;1;58;1;0;6;0;
291100028;335;196;0;331;8;139;8;0;139;0;2;11;0;13;126;2;1;101;2;0;20;0;
291100029;90;39;1;91;0;50;0;0;50;2;4;1;0;7;43;0;1;40;1;1;0;0;
291100030;200;86;1;206;0;113;0;2;113;2;2;0;0;4;109;3;0;103;1;2;0;0;
291100031;65;41;0;63;3;24;3;0;24;1;0;0;0;1;23;0;0;23;0;0;0;0;
291700001;900;487;1;899;2;412;2;0;412;7;6;1;0;14;398;24;2;230;4;3;124;11;
291700002;750;472;3;733;0;275;0;0;275;2;4;0;0;6;269;11;1;140;3;1;110;3;
291700003;800;395;1;801;0;404;0;0;404;5;2;6;0;13;391;21;2;228;4;0;130;6;
291700004;800;426;9;778;2;365;2;4;365;3;5;0;0;8;357;36;1;203;2;4;106;5;
291700005;650;321;1;650;0;328;0;0;328;4;6;0;1;11;317;21;1;171;1;1;115;7;
291700006;800;443;2;772;1;355;1;0;355;2;0;14;0;16;339;31;0;163;3;2;130;10;
291700007;800;429;1;739;0;370;0;0;370;0;3;0;0;3;367;12;3;232;7;1;108;4;
291700008;400;187;1;393;0;212;0;0;212;0;0;0;0;0;212;29;1;86;0;2;94;0;
291700009;850;408;2;846;0;440;0;6;440;4;2;0;0;6;434;8;5;391;5;5;18;2;
291700010;460;225;1;454;3;234;3;0;234;2;3;1;0;6;228;18;1;113;1;0;90;5;
291700011;400;161;1;342;1;238;1;0;238;4;4;0;0;8;230;7;0;186;4;1;30;2;
291700012;230;117;1;220;0;112;0;4;112;0;2;0;0;2;110;3;2;84;2;0;17;2;
291700013;150;60;1;145;0;89;0;0;89;0;1;0;0;1;88;2;4;57;0;0;25;0;
291700014;550;225;1;541;3;324;3;3;324;3;7;9;0;19;305;13;0;185;3;3;98;3;
291700015;250;104;2;244;0;144;0;0;144;3;3;0;0;6;138;2;0;101;3;0;30;2;
291700016;46;12;2;46;1;32;1;3;32;0;0;1;0;1;31;0;0;23;2;0;6;0;
291700017;330;115;2;322;1;213;1;5;213;1;5;0;0;6;207;5;1;183;1;1;12;4;
291700018;80;19;2;59;2;59;2;0;59;2;0;1;0;3;56;0;0;46;2;0;6;2;
291800001;600;308;3;596;1;289;1;0;289;2;1;0;0;3;286;21;2;148;8;3;101;3;
291800002;260;115;1;260;5;144;5;3;144;8;0;0;0;8;136;16;1;82;6;0;30;1;
291800003;40;14;0;36;0;26;0;0;26;1;1;0;0;2;24;0;0;19;1;0;2;2;
291800004;210;126;1;215;1;83;1;4;83;4;1;0;0;5;78;0;1;70;1;0;6;0;
291800005;210;141;1;214;2;68;2;2;68;0;0;0;0;0;68;1;0;66;0;0;0;1;
291800006;106;31;1;108;0;74;0;2;74;2;0;4;0;6;68;7;1;45;1;1;12;1;
291800007;84;44;1;89;0;39;0;4;39;0;0;0;0;0;39;0;0;37;0;0;2;0;
291800008;297;216;2;304;0;79;0;4;79;1;1;3;0;5;74;2;3;67;0;0;2;0;
291800009;88;62;1;91;0;25;0;4;25;0;1;0;0;1;24;0;0;22;1;0;1;0;
291800010;143;92;1;50;0;50;0;2;50;0;0;0;0;0;50;2;0;48;0;0;0;0;
291800011;114;53;0;119;0;61;0;0;61;1;0;0;0;1;60;1;1;58;0;0;0;0;
291800012;93;29;0;96;0;64;0;0;64;2;0;0;0;2;62;3;0;50;2;0;7;0;
291800013;111;79;1;118;0;31;0;0;31;0;0;0;0;0;31;0;0;27;0;1;3;0;
291900001;511;230;1;519;0;280;0;4;280;5;4;0;0;9;271;9;0;131;0;2;122;7;
291900002;532;234;1;538;2;297;2;6;297;0;0;1;0;1;296;10;1;143;1;2;135;4;
291900003;503;213;2;506;1;288;1;3;288;0;6;0;0;6;282;20;1;153;3;4;95;6;
291900004;400;264;2;359;0;134;0;0;134;0;2;2;0;4;130;1;0;99;4;2;23;1;
291900005;150;72;1;154;0;77;0;4;77;0;1;0;0;1;76;1;0;49;0;0;25;1;
291900006;143;60;0;144;0;83;0;0;83;0;0;2;0;2;81;3;0;46;0;0;31;1;
291900007;165;87;1;165;0;77;0;3;77;0;2;0;0;2;75;6;0;24;1;1;42;1;
291900008;86;12;4;95;1;70;1;0;70;1;0;2;0;3;67;2;0;58;1;0;2;4;
291900009;180;6;0;181;1;174;1;0;174;1;0;0;0;1;173;0;0;173;0;0;0;0;
291900010;568;65;1;575;0;502;0;5;502;0;3;0;0;3;499;0;1;494;1;1;2;0;
291900011;540;145;3;550;0;392;0;0;392;3;1;2;0;6;386;1;2;380;1;0;2;0;
291900012;490;117;1;495;0;372;0;3;372;0;1;0;0;1;371;1;1;364;1;3;0;1;
291900013;255;56;0;268;0;199;0;3;199;2;0;0;0;2;197;0;0;195;0;0;2;0;
291900014;420;78;1;421;0;341;0;1;341;0;0;0;0;0;341;1;0;339;0;0;1;0;
291900015;714;70;5;731;1;639;1;0;639;0;6;2;0;8;631;0;2;623;3;1;2;0;
291900016;100;69;0;27;6;31;6;0;31;0;0;0;0;0;31;3;0;20;0;0;7;1;
292800001;800;431;2;857;0;367;0;10;367;2;1;10;0;13;354;38;3;221;1;0;82;9;
292800002;900;555;2;970;0;343;0;5;343;1;4;0;0;5;338;27;2;216;2;1;82;8;
292800003;500;275;0;503;2;225;2;1;225;0;3;0;0;3;222;19;2;145;0;3;50;3;
292800004;600;255;3;706;0;342;0;3;342;3;1;0;0;4;338;25;2;203;6;0;85;17;
292800005;900;586;4;905;0;310;0;4;310;2;2;11;0;15;295;23;4;176;1;3;80;8;
292800006;900;646;4;929;0;250;0;0;250;3;0;0;0;3;247;13;1;153;3;2;67;8;
292800007;800;431;1;858;3;368;3;2;368;3;6;0;0;9;359;38;1;234;4;6;71;5;
292800008;993;595;2;986;0;396;0;0;396;17;4;2;0;23;373;23;3;227;4;4;107;5;
292800009;998;610;0;1003;5;388;5;5;388;1;1;2;0;4;384;20;5;246;3;0;103;7;
292800010;600;378;0;624;0;222;0;7;222;1;2;0;4;7;215;5;0;144;1;1;60;4;
292800011;477;323;1;480;0;153;0;5;153;5;0;0;0;5;148;15;0;86;3;0;36;8;
292800012;1000;645;2;1060;0;353;0;2;353;11;0;0;1;12;341;26;3;202;3;0;96;11;
292800013;1000;571;1;1062;0;428;0;5;428;0;3;0;0;3;425;21;4;240;1;1;146;12;
292800014;600;408;0;598;0;192;0;0;192;0;0;0;0;0;192;7;0;99;0;1;80;5;
292800015;500;324;1;560;0;175;0;0;175;0;1;0;0;1;174;12;0;120;1;1;36;4;
292800016;800;575;5;772;0;220;0;0;220;1;0;20;0;21;199;7;1;180;1;1;8;1;
292800017;500;370;2;514;0;128;0;5;128;1;0;0;0;1;127;4;1;92;1;0;24;5;
292800018;900;514;1;976;0;385;0;5;385;0;2;0;0;2;383;26;2;233;6;1;109;6;
292800019;500;302;1;552;0;197;0;6;197;3;1;8;0;12;185;16;0;113;3;0;48;5;
292800020;699;479;1;776;1;219;1;3;219;1;1;2;0;4;215;18;1;145;3;2;42;4;
292800021;130;42;0;155;0;88;0;7;88;0;1;0;0;1;87;11;0;53;3;0;20;0;
292800022;221;89;0;223;3;132;3;0;132;0;4;5;0;9;123;12;0;45;1;1;64;0;
292800023;170;69;3;169;0;98;0;5;98;0;1;0;0;1;97;8;1;70;4;1;11;2;
292800024;221;113;1;230;4;107;4;3;107;1;1;0;0;2;105;5;0;74;4;2;18;2;
292800025;180;76;1;190;0;103;0;4;103;1;0;4;0;5;98;7;2;70;1;2;15;1;
292800026;660;332;1;661;0;327;0;1;327;19;3;0;0;22;305;35;1;125;2;7;132;3;
292800027;280;100;1;298;0;179;0;1;179;1;3;0;0;4;175;14;2;91;3;1;63;1;
292800028;450;202;1;466;0;247;0;4;247;1;4;0;2;7;240;8;2;93;9;1;124;3;
292800029;680;306;1;685;0;373;0;2;373;1;4;11;0;16;357;6;5;152;6;3;183;2;
292800030;160;60;2;155;0;98;0;3;98;0;2;0;0;2;96;2;1;88;0;0;5;0;
292800031;89;27;1;93;2;61;2;2;61;0;0;0;0;0;61;10;2;31;3;2;9;4;
292800032;52;15;1;51;7;36;7;0;36;2;0;0;0;2;34;0;1;24;1;0;6;2;
292800033;136;47;0;144;0;89;0;2;89;6;1;0;0;7;82;3;0;41;3;0;35;0;
292800034;240;91;1;244;0;148;0;1;148;0;4;0;0;4;144;3;1;125;1;0;10;4;
292800035;230;121;1;230;0;108;0;0;108;1;1;0;0;2;106;2;0;51;7;1;44;1;
292800036;800;446;0;783;1;354;1;2;354;0;4;18;1;23;331;22;0;151;4;4;141;9;
292800037;100;52;0;96;1;48;1;3;48;0;1;0;0;1;47;10;0;32;0;0;4;1;
292800038;45;13;1;57;0;31;0;6;31;0;1;0;0;1;30;2;0;22;0;1;2;3;
292800039;70;44;2;44;0;24;0;7;24;0;0;1;0;1;23;1;1;18;0;0;3;0;
292900001;840;494;1;850;0;345;0;0;345;3;3;16;0;22;323;26;2;154;3;1;136;1;
292900002;902;453;4;902;1;445;1;0;445;4;3;3;0;10;435;16;0;281;4;7;124;3;
292900003;470;243;9;470;0;218;0;7;218;3;2;3;0;8;210;18;1;136;4;1;50;0;
292900004;713;413;3;713;0;297;0;0;297;1;1;1;0;3;294;38;0;142;2;2;103;7;
292900005;866;530;0;871;0;336;0;5;336;3;5;0;0;8;328;31;2;206;0;3;84;2;
292900006;856;493;3;857;0;360;0;0;360;3;6;0;0;9;351;18;1;209;2;2;114;5;
292900007;679;360;1;317;1;318;1;0;318;6;2;0;0;8;310;25;2;167;1;2;111;2;
292900008;522;324;2;525;0;196;0;0;196;2;2;8;0;12;184;29;1;78;4;1;69;2;
292900009;388;212;1;171;4;175;4;0;175;2;2;0;0;4;171;6;1;135;2;0;23;4;
292900010;242;134;2;247;1;106;1;5;106;0;3;4;0;7;99;9;0;71;0;0;19;0;
292900011;160;59;1;160;0;100;0;3;100;4;0;0;0;4;96;18;0;53;2;2;21;0;
292900012;262;117;1;264;2;144;2;2;144;2;1;0;0;3;141;27;1;101;2;2;8;0;
292900013;280;113;5;288;1;162;1;0;162;0;1;0;0;1;161;8;0;117;3;1;29;3;
292900014;264;127;2;264;0;135;0;6;135;2;1;0;1;4;131;16;0;90;3;1;19;2;
292900015;73;41;1;78;2;31;2;0;31;1;0;0;0;1;30;8;0;16;0;1;5;0;
292900016;197;111;1;196;3;85;3;0;85;0;1;0;0;1;84;14;0;49;1;0;19;1;
293000001;570;341;0;572;2;229;2;2;229;2;12;0;0;14;215;12;0;169;1;3;24;6;
293000002;226;93;0;230;0;133;0;0;133;1;2;1;0;4;129;0;0;129;0;0;0;0;
293000003;294;208;1;309;0;85;0;0;85;0;0;2;0;2;83;1;0;79;0;0;3;0;
293000004;192;123;0;200;0;69;0;2;69;0;1;0;0;1;68;0;0;68;0;0;0;0;
293000005;136;61;0;142;0;75;0;0;75;0;1;0;0;1;74;0;1;72;0;0;1;0;
293000006;317;157;1;327;0;159;0;0;159;2;2;0;0;4;155;0;0;150;0;0;4;1;
293000007;163;117;2;173;0;44;0;4;44;0;0;0;0;0;44;0;0;43;0;0;1;0;
293000008;303;161;0;327;2;142;2;0;142;3;4;5;0;12;130;5;2;107;3;0;13;0;
293000009;329;165;1;337;0;163;0;5;163;8;1;0;1;10;153;2;1;143;0;0;6;1;
293000010;163;77;0;175;0;86;0;3;86;3;0;0;0;3;83;0;0;81;0;0;2;0;
293000011;524;360;0;537;0;164;0;3;164;2;1;0;0;3;161;2;0;156;0;0;3;0;
293000012;579;270;7;585;0;302;0;2;302;4;2;0;0;6;296;7;0;254;1;0;33;1;
293000013;345;149;3;352;0;193;0;6;193;1;0;0;0;1;192;1;0;188;0;1;2;0;
293000014;71;19;1;74;1;51;1;0;51;2;0;0;0;2;49;0;1;42;0;0;5;1;
293000015;181;77;1;184;0;103;0;3;103;2;0;7;0;9;94;5;0;82;0;0;7;0;
293000016;551;354;4;557;3;193;3;0;193;3;1;8;0;12;181;2;1;174;0;0;3;1;
293000017;360;220;2;367;0;138;0;4;138;0;0;1;0;1;137;1;0;131;2;1;2;0;
293000018;603;404;1;613;1;198;1;5;198;1;0;3;0;4;194;4;1;181;0;0;8;0;
293000019;425;204;1;437;0;220;0;5;220;2;1;0;0;3;217;0;0;214;1;0;2;0;
293000020;489;302;0;498;0;187;0;0;187;2;3;0;0;5;182;1;1;179;0;0;1;0;
293000021;159;106;1;171;0;52;0;0;52;0;0;2;0;2;50;1;1;47;0;0;1;0;
293000022;380;228;1;392;0;151;0;0;151;1;10;1;0;12;139;0;0;133;0;2;1;3;
293000023;245;129;0;260;0;116;0;0;116;1;3;2;0;6;110;1;2;105;1;0;1;0;
293000024;224;121;2;232;0;101;0;0;101;0;1;2;0;3;98;0;0;94;2;0;2;0;
293000025;315;82;1;320;1;232;1;0;232;5;5;2;0;12;220;3;1;177;3;0;34;2;
293000026;281;124;1;284;2;156;2;3;156;2;3;1;0;6;150;5;0;119;0;1;23;2;
293200001;673;313;3;685;0;357;0;7;357;0;12;0;0;12;345;22;1;159;0;9;148;6;
293200002;699;362;2;702;0;335;0;3;335;17;4;1;0;22;313;23;1;166;2;5;111;5;
293200003;874;569;2;874;0;303;0;0;303;2;2;0;0;4;299;29;2;145;0;1;118;4;
293200004;716;378;1;722;2;337;2;6;337;1;4;0;0;5;332;15;0;177;3;1;130;6;
293200005;751;395;2;751;0;354;0;0;354;7;0;0;0;7;347;35;1;175;2;1;121;12;
293200006;715;371;1;716;1;343;1;0;343;5;4;13;0;22;321;21;2;146;4;2;140;6;
293200007;905;428;0;907;0;477;0;0;477;5;9;13;0;27;450;32;1;295;3;4;108;7;
293200009;176;76;1;181;0;99;0;5;99;0;0;0;0;0;99;8;1;51;7;4;28;0;
293200010;116;26;0;122;0;90;0;6;90;0;0;0;0;0;90;9;1;41;0;0;39;0;
293200011;183;84;1;183;0;98;0;4;98;2;1;10;0;13;85;10;1;45;2;2;22;3;
293200012;134;33;0;139;5;101;5;0;101;1;1;1;0;3;98;24;0;56;0;1;15;2;
293200013;287;142;1;287;5;144;5;0;144;1;3;3;0;7;137;13;1;88;7;1;20;7;
293200014;435;244;0;438;3;191;3;4;191;0;5;0;0;5;186;12;4;82;3;7;73;5;
293200015;600;365;3;604;4;232;4;0;232;2;5;3;0;10;222;13;1;104;4;1;97;2;
293200016;505;207;1;505;3;297;3;2;297;2;3;22;0;27;270;29;1;153;15;2;69;1;
293200017;65;15;1;73;0;49;0;8;49;0;1;2;0;3;46;8;0;31;2;0;4;1;
293200018;72;35;1;77;0;36;0;6;36;2;0;0;0;2;34;4;2;20;0;1;7;0;
293200019;698;438;1;700;0;259;0;2;259;0;2;1;0;3;256;11;1;116;0;3;123;2;
293200020;181;55;1;186;4;125;4;0;125;4;1;0;0;5;120;11;1;81;2;1;22;2;
293200021;538;250;1;544;2;287;2;6;287;23;3;1;0;27;260;5;0;180;4;1;65;5;
293200022;487;205;1;488;2;281;2;0;281;2;2;0;1;5;276;15;1;142;3;2;113;0;
293200023;606;350;1;603;0;255;0;1;255;0;3;0;0;3;252;24;0;137;5;4;81;1;
293200024;492;283;1;495;0;208;0;3;208;13;3;0;0;16;192;25;1;83;3;4;70;6;
293200025;620;315;0;622;3;305;3;4;305;1;4;0;0;5;300;18;0;124;2;1;149;6;
293200026;75;20;1;82;7;54;7;0;54;0;1;0;0;1;53;5;0;38;0;0;9;1;
293300001;750;442;3;732;0;305;0;5;305;2;4;0;0;6;299;17;2;158;4;2;111;5;
293300002;987;630;2;963;0;355;0;0;355;1;7;0;0;8;347;11;0;168;1;5;156;6;
293300003;890;567;1;864;1;322;1;0;322;4;3;6;0;13;309;26;1;159;1;1;115;6;
293300004;894;520;0;871;0;374;0;3;374;4;2;9;0;15;359;18;2;184;5;3;136;11;
293300005;734;477;2;713;0;255;0;0;255;2;2;9;0;13;242;18;1;123;4;0;94;2;
293300006;784;552;0;770;9;232;9;0;232;1;22;0;0;23;209;1;0;200;1;3;3;1;
293300007;933;680;2;907;0;251;0;1;251;3;2;0;0;5;246;0;4;191;4;0;46;1;
293300008;836;494;5;815;0;337;0;1;337;2;3;17;0;22;315;26;0;184;1;1;102;1;
293300009;954;594;1;931;0;359;0;5;359;3;2;0;1;6;353;33;0;177;0;3;134;6;
293300010;957;634;1;931;2;322;2;3;322;3;0;0;0;3;319;23;0;163;1;2;120;10;
293300011;837;501;1;816;0;335;0;0;335;2;4;2;0;8;327;23;1;177;2;1;116;7;
293300012;838;464;1;823;2;373;2;8;373;6;3;1;0;10;363;16;2;194;2;3;140;6;
293300013;699;419;0;678;0;280;0;0;280;6;3;0;1;10;270;24;2;144;0;0;98;2;
293300014;908;553;2;885;0;353;0;0;353;1;2;1;0;4;349;20;0;179;2;4;135;9;
293300015;626;394;1;611;1;231;1;4;231;3;3;0;0;6;225;3;0;133;0;1;86;2;
293300016;861;527;0;838;0;334;0;2;334;2;1;2;0;5;329;38;0;167;2;1;115;6;
293300017;676;409;0;663;0;267;0;4;267;0;3;0;0;3;264;9;1;121;0;2;128;3;
293300018;856;502;0;830;2;354;2;0;354;0;7;0;0;7;347;20;1;188;2;3;126;7;
293300019;801;426;1;782;3;374;3;0;374;1;4;15;0;20;354;20;1;177;0;3;147;6;
293300020;967;530;2;947;0;435;0;0;435;6;1;0;0;7;428;10;2;370;2;4;38;2;
293300021;406;227;0;393;0;179;0;3;179;0;2;0;0;2;177;19;0;102;1;3;51;1;
293300022;754;442;1;734;2;311;2;0;311;2;3;0;0;5;306;34;1;128;1;2;129;11;
293300023;33;10;1;30;0;22;0;4;22;0;0;0;0;0;22;2;0;16;0;0;4;0;
293300024;290;151;0;289;0;139;0;3;139;0;6;0;0;6;133;7;3;91;6;2;22;2;
293300025;185;70;1;183;0;114;0;3;114;0;2;0;0;2;112;9;2;85;2;3;11;0;
293300026;371;207;0;361;0;164;0;3;164;0;2;0;0;2;162;5;0;87;7;2;59;2;
293300027;325;140;0;320;0;185;0;4;185;0;3;3;0;6;179;3;1;137;2;1;31;4;
293300028;305;114;0;299;0;191;0;0;191;0;0;0;0;0;191;8;2;146;4;0;25;6;
293300029;61;18;1;62;0;42;0;2;42;0;0;0;0;0;42;6;0;30;1;0;3;2;
293300030;309;156;1;303;0;152;0;4;152;1;4;8;0;13;139;2;0;113;1;0;21;2;
293300031;299;135;1;291;2;163;2;0;163;1;0;0;0;1;162;10;0;132;5;1;12;2;
293300032;40;10;0;36;0;30;0;3;30;1;1;0;0;2;28;3;0;23;0;0;2;0;
293300033;105;36;1;65;3;68;3;5;68;0;1;0;0;1;67;2;0;53;2;0;8;2;
293300034;218;60;2;218;1;156;1;1;156;0;2;0;0;2;154;3;1;143;1;0;6;0;
293300035;214;91;1;212;3;122;3;0;122;5;0;0;0;5;117;2;1;88;2;0;18;6;
293300036;287;123;1;283;0;163;0;2;163;3;0;0;0;3;160;12;0;102;5;4;36;1;
293300037;119;18;1;128;9;100;9;3;100;2;1;0;0;3;97;10;0;63;0;1;21;2;
293300038;277;177;1;272;1;99;1;0;99;2;2;2;0;6;93;8;3;68;2;2;10;0;
293300039;216;113;1;216;1;102;1;4;102;0;0;0;0;0;102;12;0;79;3;0;8;0;
293300040;156;71;1;155;1;84;1;4;84;4;1;3;0;8;76;2;1;59;2;0;12;0;
293300041;587;319;2;569;0;266;0;2;266;3;5;0;0;8;258;5;3;182;5;2;58;3;
293300042;164;69;0;159;0;95;0;0;95;1;0;0;0;1;94;5;2;63;3;0;19;2;
293300043;225;118;0;218;1;107;1;0;107;0;0;0;0;0;107;10;1;70;0;2;24;0;
293300044;137;59;0;135;1;78;1;4;78;1;0;0;0;1;77;1;0;56;1;0;17;2;
293300045;596;299;2;589;0;295;0;4;295;0;0;0;0;0;295;0;0;288;1;0;6;0;
293400001;700;353;2;777;0;345;0;1;345;1;4;2;0;7;338;8;3;222;0;1;90;14;
293400002;700;382;1;718;0;317;0;0;317;2;2;8;0;12;305;8;0;228;0;1;65;3;
293400003;600;287;2;685;0;311;0;7;311;13;0;1;0;14;297;16;5;176;4;1;91;4;
293400004;1000;620;3;1023;0;377;0;0;377;2;1;0;0;3;374;17;0;246;3;6;96;6;
293400005;1000;601;1;1034;0;398;0;6;398;4;2;0;0;6;392;28;0;233;5;5;115;6;
293400006;900;517;0;940;0;383;0;0;383;4;2;1;0;7;376;26;1;225;2;2;107;13;
293400007;900;471;2;996;0;427;0;8;427;0;2;0;1;3;424;29;1;208;4;3;164;15;
293400008;700;345;1;795;6;354;6;4;354;0;2;3;0;5;349;25;1;205;5;1;102;10;
293400009;600;316;2;779;0;282;0;5;282;0;5;0;0;5;277;39;2;137;0;0;94;5;
293400010;800;494;1;819;0;305;0;6;305;2;5;0;0;7;298;23;2;161;2;7;94;9;
293400011;600;283;2;666;0;315;0;7;315;1;1;0;0;2;313;17;3;184;0;3;96;10;
293400012;800;438;1;880;0;361;0;5;361;1;0;0;0;1;360;41;0;190;2;2;111;14;
293400013;500;239;0;536;0;261;0;0;261;0;1;0;0;1;260;25;0;130;5;3;88;9;
293400014;600;315;1;590;0;284;0;8;284;0;1;0;0;1;283;28;0;135;0;3;104;13;
293400015;400;188;0;491;4;212;4;0;212;4;6;0;0;10;202;15;0;97;0;3;86;1;
293400016;600;305;2;604;4;293;4;0;293;8;2;0;0;10;283;24;2;116;5;3;126;7;
293400017;500;256;2;515;1;242;1;5;242;2;0;2;0;4;238;26;3;122;0;0;75;12;
293400018;500;261;2;500;0;237;0;0;237;0;1;0;0;1;236;18;0;138;1;0;71;8;
293400019;500;203;8;576;0;289;0;0;289;1;3;3;1;8;281;36;3;137;1;3;90;11;
293400020;800;388;2;890;0;410;0;2;410;3;5;2;0;10;400;52;1;198;1;2;122;24;
293400021;400;217;1;407;0;182;0;1;182;1;0;0;0;1;181;23;2;90;1;2;56;7;
293400022;500;198;1;576;0;301;0;3;301;2;2;0;0;4;297;25;2;159;2;4;94;11;
293400023;400;227;1;398;0;172;0;0;172;0;3;1;0;4;168;6;0;81;0;1;66;14;
293400024;500;270;0;501;0;230;0;0;230;1;1;0;0;2;228;16;0;127;5;2;72;6;
293400025;700;395;1;713;0;304;0;1;304;2;7;0;0;9;295;27;0;157;5;7;96;3;
293400026;800;462;1;837;2;337;2;2;337;5;2;0;0;7;330;23;1;183;2;1;113;7;
293400027;700;364;1;713;0;335;0;0;335;1;0;0;0;1;334;21;3;174;1;3;121;11;
293400028;700;352;1;778;10;347;10;2;347;2;3;0;1;6;341;15;2;215;3;3;92;11;
293400029;500;229;3;534;1;268;1;6;268;4;2;0;0;6;262;13;2;135;3;1;100;8;
293400030;400;192;0;398;1;208;1;0;208;1;4;0;0;5;203;23;0;120;6;5;44;5;
293400031;500;207;1;586;0;292;0;0;292;1;7;1;0;9;283;12;3;149;4;3;106;6;
293400032;900;544;0;962;0;356;0;0;356;1;1;0;1;3;353;16;1;181;2;0;145;8;
293400033;400;186;1;439;0;213;0;0;213;4;0;5;0;9;204;18;2;118;0;1;59;6;
293400034;500;216;0;570;1;284;1;0;284;1;6;2;0;9;275;28;1;154;2;2;79;9;
293400035;400;142;2;487;0;256;0;0;256;5;0;0;0;5;251;34;1;153;0;2;52;9;
293400036;400;190;1;470;0;209;0;5;209;1;3;0;0;4;205;13;0;106;0;1;78;7;
293400037;400;168;1;461;0;231;0;4;231;0;6;0;0;6;225;38;1;112;7;5;60;2;
293400038;600;308;2;675;0;290;0;3;290;0;1;2;0;3;287;30;2;154;2;2;92;5;
293400039;400;183;0;212;5;217;5;8;217;1;4;0;0;5;212;26;3;118;4;1;53;7;
293400040;400;206;1;454;1;193;1;0;193;3;0;6;0;9;184;11;1;123;1;1;44;3;
293400041;495;288;1;535;0;206;0;0;206;0;4;0;0;4;202;12;1;123;2;2;57;5;
293400042;600;332;0;645;8;268;8;0;268;0;2;0;0;2;266;16;0;139;6;2;97;6;
293400043;600;304;3;651;0;293;0;0;293;1;1;16;0;18;275;6;0;195;0;0;69;5;
293400044;300;147;1;352;8;152;8;8;152;1;0;4;0;5;147;2;0;90;0;1;53;1;
293400045;700;482;1;721;0;217;0;8;217;1;1;6;0;8;209;11;0;117;1;1;74;5;
293400046;500;315;2;555;0;183;0;6;183;1;2;0;0;3;180;6;2;87;1;4;74;6;
293400047;600;378;1;645;0;221;0;0;221;4;3;5;0;12;209;11;2;138;0;1;54;3;
293400048;500;298;1;564;0;201;0;0;201;1;1;1;0;3;198;10;1;116;1;2;68;0;
293400049;500;248;1;570;0;251;0;2;251;4;0;0;0;4;247;11;0;159;2;1;71;3;
293400050;400;183;7;491;0;210;0;0;210;0;2;5;0;7;203;11;0;111;1;1;77;2;
293400051;800;442;4;906;6;354;6;0;354;1;3;0;0;4;350;16;1;213;3;1;107;9;
293400052;800;409;2;905;0;389;0;4;389;8;2;1;0;11;378;12;2;195;0;2;155;12;
293400053;600;299;0;703;0;301;0;0;301;0;0;3;0;3;298;12;1;146;4;5;121;9;
293400054;400;216;1;459;0;183;0;5;183;0;1;0;0;1;182;10;1;85;0;3;79;4;
293400055;800;564;2;873;0;234;0;0;234;4;0;0;1;5;229;8;1;153;5;2;56;4;
293400056;600;340;4;628;2;256;2;0;256;4;0;0;0;4;252;17;1;110;1;1;115;7;
293400057;600;316;2;691;0;282;0;1;282;3;0;14;0;17;265;9;0;162;4;1;79;10;
293400058;600;358;0;671;0;242;0;3;242;0;1;0;0;1;241;14;2;126;3;3;86;7;
293400059;500;299;2;592;0;199;0;7;199;0;0;0;0;0;199;8;0;114;2;3;66;6;
293400060;600;433;0;727;0;167;0;0;167;2;2;17;0;21;146;4;1;137;1;1;1;1;
293400061;600;279;2;715;0;319;0;4;319;2;2;14;0;18;301;10;1;206;5;4;69;6;
293400062;800;534;0;890;0;266;0;0;266;2;0;1;0;3;263;1;2;209;3;0;44;4;
293400063;400;194;0;489;0;206;0;6;206;0;0;0;0;0;206;4;1;128;1;2;69;1;
293400064;1000;852;1;1016;0;147;0;0;147;3;1;0;0;4;143;3;2;135;2;0;1;0;
293400065;702;524;5;778;0;173;0;0;173;1;0;16;0;17;156;3;0;143;1;1;7;1;
293400066;500;283;0;502;0;217;0;3;217;1;4;0;0;5;212;9;2;94;2;0;101;4;
293400067;300;156;0;356;2;144;2;3;144;0;0;0;0;0;144;8;0;60;3;0;70;3;
293400068;700;480;1;796;0;219;0;6;219;3;1;0;0;4;215;2;0;168;4;1;38;2;
293400069;700;375;1;742;0;324;0;1;324;2;5;3;1;11;313;26;0;153;2;1;114;17;
293400070;703;404;1;725;1;298;1;0;298;1;1;0;0;2;296;35;2;132;1;1;111;14;
293400071;700;353;1;725;0;346;0;7;346;0;4;0;0;4;342;38;2;153;0;1;136;12;
293400072;700;355;0;730;2;345;2;1;345;3;5;1;0;9;336;21;2;158;2;2;138;13;
293400073;500;246;0;525;0;254;0;6;254;2;2;1;0;5;249;27;0;122;1;0;96;3;
293400074;700;337;1;718;2;362;2;0;362;1;0;0;0;1;361;23;1;176;3;3;150;5;
293400075;600;267;0;694;0;333;0;0;333;3;3;0;0;6;327;26;3;159;2;4;121;12;
293400076;700;376;2;714;0;322;0;7;322;1;1;0;0;2;320;16;0;144;3;3;149;5;
293400077;500;264;1;534;0;235;0;4;235;6;3;0;0;9;226;13;2;123;2;0;77;9;
293400078;500;188;1;579;0;311;0;11;311;0;2;0;0;2;309;23;3;174;2;2;79;26;
293400079;600;257;2;698;8;341;8;32;341;0;2;0;0;2;339;37;4;166;5;0;113;14;
293400080;700;343;0;770;0;357;0;0;357;0;2;0;0;2;355;21;1;178;4;3;138;10;
293400081;700;327;1;795;0;372;0;8;372;0;4;0;0;4;368;14;1;216;2;1;125;9;
293400082;600;266;3;641;0;331;0;3;331;0;0;4;0;4;327;6;1;180;3;0;131;6;
293400083;600;357;2;651;0;241;0;0;241;1;2;0;0;3;238;12;0;112;1;3;103;7;
293400084;500;238;1;587;0;261;0;7;261;2;2;5;0;9;252;20;0;144;0;4;78;6;
293400085;500;295;1;520;0;204;0;0;204;4;1;2;0;7;197;9;1;125;0;0;58;4;
293400086;600;367;2;633;4;231;4;0;231;1;2;0;0;3;228;3;1;215;0;0;8;1;
293400087;600;405;2;642;0;193;0;0;193;4;1;0;0;5;188;3;0;180;1;1;2;1;
293400088;700;454;1;553;0;245;0;0;245;7;0;4;1;12;233;7;0;197;3;0;25;1;
293400089;500;298;3;499;0;199;0;2;199;1;1;2;0;4;195;8;1;156;3;2;25;0;
293400090;500;299;2;575;0;199;0;5;199;3;3;2;0;8;191;5;0;152;3;0;29;2;
293400091;500;268;2;554;0;230;0;5;230;2;2;0;0;4;226;4;0;173;3;2;35;9;
293400092;400;198;1;380;0;201;0;5;201;0;2;0;0;2;199;26;1;105;0;0;63;4;
293400093;400;170;1;477;1;229;1;1;229;2;3;0;0;5;224;24;3;125;2;3;59;8;
293400094;400;158;1;461;0;241;0;5;241;0;4;0;0;4;237;46;2;98;2;3;74;12;
293400095;400;153;1;434;0;246;0;4;246;2;5;0;0;7;239;47;0;115;1;4;66;6;
293400096;500;265;1;477;0;234;0;0;234;0;2;1;0;3;231;50;0;109;6;1;57;8;
293400097;400;181;1;453;0;218;0;0;218;1;1;6;0;8;210;30;0;114;1;1;56;8;
293400098;600;344;2;604;0;254;0;7;254;3;2;0;0;5;249;27;1;112;1;1;103;4;
293400099;600;300;1;598;0;299;0;9;299;2;0;2;0;4;295;53;0;144;4;3;77;14;
293400100;400;161;2;457;0;237;0;3;237;0;6;0;0;6;231;26;0;119;3;2;74;7;
293400101;800;459;1;871;0;340;0;4;340;2;2;0;0;4;336;31;0;190;3;1;104;7;
293400102;800;506;2;793;0;292;0;0;292;0;8;0;0;8;284;6;4;170;1;0;95;8;
293400103;600;371;1;664;0;228;0;2;228;0;5;4;0;9;219;16;1;132;3;1;63;3;
293400104;500;285;2;531;0;213;0;6;213;1;1;1;0;3;210;6;0;129;1;3;69;2;
293400105;900;513;1;901;0;386;0;6;386;0;1;0;0;1;385;11;3;278;2;1;88;2;
293400106;900;617;0;906;0;283;0;2;283;1;1;1;0;3;280;13;0;174;1;1;81;10;
293400107;800;403;0;859;8;397;8;0;397;1;1;0;0;2;395;10;0;326;5;1;48;5;
293400108;500;251;1;477;0;248;0;1;248;0;0;4;0;4;244;21;0;116;3;1;98;5;
293400109;400;221;1;425;0;178;0;4;178;2;1;8;0;11;167;14;2;64;0;3;80;4;
293400110;400;223;0;418;0;177;0;5;177;1;1;8;0;10;167;8;2;63;0;2;88;4;
293400111;80;15;0;84;5;65;5;0;65;1;3;4;0;8;57;8;1;34;1;0;11;2;
293400112;200;69;2;194;0;129;0;2;129;3;4;6;0;13;116;11;2;83;2;2;14;2;
293400113;190;155;0;70;0;35;0;5;35;0;0;0;0;0;35;3;1;21;0;1;8;1;
293400114;450;168;1;460;1;281;1;4;281;5;0;3;0;8;273;5;2;192;7;2;56;9;
293400115;600;302;0;569;0;298;0;6;298;0;17;0;0;17;281;14;2;189;2;0;71;3;
293400116;500;249;4;503;5;247;5;0;247;2;4;12;0;18;229;13;3;121;2;2;86;2;
293400117;623;319;1;621;0;303;0;6;303;5;1;9;1;16;287;8;1;180;3;2;91;2;
293400118;150;55;1;165;0;94;0;4;94;0;0;0;0;0;94;24;3;43;1;1;18;4;
293400119;600;293;3;605;3;304;3;5;304;1;6;3;0;10;294;13;3;225;3;2;46;2;
293400120;600;294;1;609;1;305;1;4;305;0;2;2;1;5;300;6;2;229;3;1;54;5;
293400121;200;120;1;220;0;79;0;1;79;0;3;4;0;7;72;4;1;51;3;0;9;4;
293400122;500;317;0;494;0;183;0;5;183;0;7;0;0;7;176;5;0;137;3;7;24;0;
293400123;300;106;0;317;0;194;0;2;194;2;0;0;0;2;192;0;0;188;1;0;2;1;
293400124;400;163;2;401;0;235;0;0;235;3;17;5;0;25;210;8;1;165;6;2;26;2;
293400125;97;33;3;109;0;61;0;0;61;3;0;0;0;3;58;2;1;37;1;0;15;2;
293400126;500;311;1;517;0;188;0;0;188;0;4;6;0;10;178;16;1;96;4;2;58;1;
293400127;180;62;0;182;0;118;0;4;118;5;0;0;0;5;113;4;1;91;1;0;11;5;
293400128;100;36;1;97;0;63;0;6;63;0;1;0;0;1;62;9;1;39;2;0;9;2;
293400129;700;381;0;695;0;319;0;5;319;3;3;21;0;27;292;4;1;231;2;3;48;3;
293400130;500;341;4;481;1;155;1;4;155;1;2;10;0;13;142;8;2;96;2;2;28;4;
293400131;400;264;1;391;1;135;1;5;135;5;0;2;0;7;128;4;3;65;4;1;45;6;
293400132;500;334;1;496;0;165;0;0;165;0;5;7;0;12;153;6;1;104;2;1;37;2;
293400133;500;224;1;507;2;275;2;2;275;3;1;0;0;4;271;9;1;187;2;1;70;1;
293400134;170;81;3;173;0;86;0;3;86;0;0;1;0;1;85;2;0;62;2;0;14;5;
293400135;270;136;2;286;0;132;0;3;132;0;0;2;0;2;130;5;1;106;0;1;16;1;
293400136;130;63;2;136;0;65;0;4;65;1;2;0;0;3;62;1;0;50;4;0;7;0;
293400137;200;89;0;206;0;111;0;0;111;1;2;5;0;8;103;1;1;95;2;1;2;1;
293400138;360;259;2;374;0;99;0;0;99;4;2;0;0;6;93;2;2;68;10;1;10;0;
293400139;450;229;0;463;18;221;18;6;221;0;4;0;0;4;217;5;2;186;1;0;21;2;
293400140;460;158;4;493;0;298;0;4;298;4;2;0;0;6;292;6;3;254;4;1;19;5;
293400141;450;167;2;460;0;281;0;6;281;2;3;4;0;9;272;11;0;212;1;0;45;3;
293400142;410;210;0;416;0;200;0;2;200;1;12;0;0;13;187;12;0;143;3;0;25;4;
293400143;480;204;3;493;0;273;0;0;273;2;2;0;0;4;269;0;2;258;4;1;3;1;
293400144;490;237;1;493;8;252;8;0;252;3;17;0;0;20;232;2;4;217;1;3;2;3;
293400145;370;129;2;377;0;239;0;2;239;0;0;0;0;0;239;1;0;236;1;0;1;0;
293400146;535;295;1;548;1;239;1;6;239;3;2;3;0;8;231;16;1;145;1;2;62;4;
293400147;460;223;0;463;17;237;17;0;237;3;6;0;0;9;228;9;0;187;1;1;28;2;
293400148;440;195;1;459;0;244;0;6;244;5;4;5;2;16;228;1;0;215;3;1;8;0;
293400149;350;140;3;361;0;207;0;0;207;2;2;11;0;15;192;8;1;175;3;1;3;1;
293400150;230;55;1;241;0;174;0;7;174;0;2;0;0;2;172;7;5;141;1;1;14;3;
293400151;360;122;0;387;0;238;0;3;238;0;0;0;0;0;238;0;1;236;0;0;1;0;
293400152;26;3;1;28;1;22;1;0;22;1;0;0;0;1;21;4;0;9;1;0;7;0;
300700001;590;141;3;595;0;446;0;2;446;3;0;0;0;3;443;0;0;442;0;0;1;0;
300700002;480;200;1;472;0;279;0;2;279;0;2;0;0;2;277;2;1;270;1;1;1;1;
300700003;280;98;1;282;2;181;2;3;181;1;0;0;0;1;180;0;0;179;0;0;1;0;
300700004;820;311;1;836;2;508;2;3;508;5;2;0;0;7;501;12;2;471;0;2;13;1;
300700005;425;131;0;428;4;294;4;0;294;1;1;0;0;2;292;1;0;286;0;0;4;1;
300700006;140;33;0;132;2;107;2;0;107;0;0;0;0;0;107;0;0;106;0;0;1;0;
300700007;290;34;2;289;4;254;4;0;254;2;1;0;0;3;251;1;0;246;0;1;3;0;
300700008;660;220;1;664;0;439;0;0;439;1;0;0;0;1;438;5;1;430;0;1;1;0;
300700009;600;226;5;604;0;369;0;2;369;9;1;0;0;10;359;0;1;352;1;3;2;0;
300700010;420;111;2;441;0;307;0;0;307;0;1;0;0;1;306;1;1;299;3;1;0;1;
300700011;110;25;0;85;4;85;4;4;85;0;0;0;0;0;85;0;0;84;0;0;1;0;
300700012;530;196;0;523;2;334;2;1;334;2;2;0;0;4;330;3;0;319;2;1;4;1;
300700013;540;172;0;538;2;368;2;2;368;0;1;0;0;1;367;0;2;361;1;2;1;0;
300700014;650;225;2;658;0;423;0;2;423;3;1;0;0;4;419;2;5;408;1;0;3;0;
300700015;620;168;2;624;0;450;0;2;450;1;0;9;0;10;440;0;1;436;0;1;1;1;
301000001;256;97;1;271;15;158;15;0;158;2;3;0;0;5;153;2;1;148;1;0;1;0;
301000002;464;214;2;470;0;248;0;3;248;3;0;0;0;3;245;1;2;238;1;0;2;1;
301000003;566;239;2;566;0;325;0;0;325;1;4;0;0;5;320;3;2;308;2;0;3;2;
301000004;832;380;0;829;2;452;2;0;452;9;4;17;0;30;422;11;2;266;4;2;134;3;
301000005;910;544;2;910;6;364;6;3;364;6;3;0;0;9;355;5;0;321;1;1;25;2;
301000006;1017;467;0;1017;4;550;4;0;550;5;6;1;0;12;538;8;5;500;11;5;9;0;
301000007;432;218;0;437;0;214;0;0;214;9;0;0;0;9;205;4;1;170;1;0;29;0;
301000008;201;80;0;209;9;121;9;4;121;3;1;0;0;4;117;2;0;115;0;0;0;0;
301000009;235;83;0;243;2;152;2;3;152;5;0;1;0;6;146;1;0;142;0;1;1;1;
301000010;77;17;0;81;1;60;1;4;60;0;0;0;0;0;60;2;0;57;1;0;0;0;
301000011;346;132;0;356;0;214;0;5;214;0;2;0;0;2;212;5;0;196;0;1;9;1;
301000012;408;164;0;413;0;244;0;3;244;2;4;2;0;8;236;7;0;222;2;0;4;1;
301000013;405;225;1;407;3;179;3;0;179;1;3;3;0;7;172;3;1;159;1;1;5;2;
301000014;433;205;3;433;0;225;0;0;225;4;0;0;0;4;221;1;1;213;1;0;2;3;
301000015;465;248;0;450;0;217;0;0;217;2;2;10;0;14;203;28;1;163;2;2;4;3;
301000016;521;224;1;533;0;296;0;6;296;1;0;0;0;1;295;3;1;288;1;0;1;1;
301000017;272;93;3;279;2;176;2;5;176;4;1;7;0;12;164;3;3;149;3;1;5;0;
301000018;793;352;3;799;0;438;0;0;438;0;0;0;0;0;438;1;1;432;2;1;1;0;
301000019;490;167;0;503;0;323;0;3;323;1;1;0;0;2;321;6;0;312;0;1;1;1;
301100001;220;111;1;222;1;108;1;2;108;0;2;2;0;4;104;0;0;102;1;0;1;0;
301100002;209;60;1;214;2;148;2;3;148;0;5;2;0;7;141;3;0;135;1;1;1;0;
301100003;316;174;3;318;3;139;3;0;139;3;1;0;0;4;135;3;0;127;0;2;2;1;
301100004;259;104;1;261;7;154;7;0;154;4;4;8;0;16;138;12;3;102;3;0;13;5;
301100005;732;256;3;739;2;473;2;2;473;5;5;0;0;10;463;11;4;352;11;5;77;3;
301100006;226;100;1;233;7;125;7;5;125;1;0;0;0;1;124;0;2;118;1;0;2;1;
301100007;189;78;0;193;4;111;4;2;111;1;2;0;0;3;108;0;0;100;1;1;4;2;
301100008;178;65;0;182;2;113;2;2;113;0;0;0;0;0;113;1;0;110;0;2;0;0;
301100009;562;221;0;568;0;341;0;0;341;5;4;0;0;9;332;2;0;325;0;1;2;2;
301100010;315;80;0;316;4;235;4;0;235;0;0;0;0;0;235;1;0;232;0;0;2;0;
301100011;230;79;1;233;2;150;2;3;150;0;2;0;0;2;148;0;1;143;0;0;2;2;
301100012;168;55;2;170;3;111;3;2;111;0;0;0;0;0;111;2;0;108;0;0;1;0;
301100013;412;127;7;412;7;278;7;2;278;7;6;0;0;13;265;4;1;223;2;3;26;6;
301100014;911;405;1;918;7;505;7;5;505;0;3;0;0;3;502;5;1;480;5;0;11;0;
301100015;244;75;1;250;0;168;0;0;168;0;1;4;0;5;163;1;0;159;0;0;2;1;
301100016;208;78;0;130;2;130;2;0;130;0;0;0;0;0;130;0;1;120;1;2;6;0;
301100018;500;161;0;510;3;339;3;4;339;1;0;0;0;1;338;1;0;335;0;0;2;0;
301100019;322;92;1;329;1;229;1;0;229;0;2;0;0;2;227;2;1;221;1;0;2;0;
301100020;379;165;0;386;7;214;7;0;214;0;0;0;0;0;214;1;1;210;1;0;1;0;
301100021;289;54;0;293;2;235;2;3;235;2;0;0;0;2;233;5;0;224;2;1;1;0;
301800001;540;204;1;510;1;335;1;1;335;0;1;0;0;1;334;2;1;319;3;1;7;1;
301800002;760;350;1;743;0;409;0;2;409;4;0;2;0;6;403;1;1;397;1;0;1;2;
301800003;590;189;0;581;0;401;0;0;401;1;0;0;0;1;400;0;0;394;1;2;2;1;
301800004;455;194;1;444;2;260;2;2;260;0;0;0;0;0;260;4;2;239;2;1;12;0;
301800005;412;210;0;383;0;202;0;1;202;0;8;0;0;8;194;34;0;156;2;0;2;0;
301800006;680;95;0;680;1;585;1;1;585;2;0;0;0;2;583;3;0;575;0;1;4;0;
301800007;550;257;1;522;13;292;13;2;292;3;1;0;0;4;288;4;1;246;0;0;37;0;
301800008;445;161;2;434;0;282;0;0;282;0;2;14;0;16;266;0;2;263;1;0;0;0;
301800009;560;176;2;565;0;382;0;6;382;0;16;0;0;16;366;2;1;357;2;1;3;0;
301800010;590;198;0;578;0;392;0;2;392;0;9;0;0;9;383;5;2;368;3;1;4;0;
301800011;550;193;2;527;0;355;0;2;355;0;1;0;2;3;352;0;1;343;0;0;6;2;
301800012;65;27;0;55;0;38;0;2;38;0;0;0;0;0;38;5;0;24;0;1;6;2;
301800013;540;263;3;507;2;274;2;1;274;1;1;0;0;2;272;93;0;173;1;0;5;0;
301800014;465;130;2;444;0;333;0;3;333;0;0;2;0;2;331;0;1;326;3;0;1;0;
301800015;40;18;0;34;0;22;0;0;22;0;1;0;0;1;21;3;0;10;0;0;8;0;
301800016;570;213;0;553;0;357;0;0;357;0;1;0;0;1;356;2;1;344;4;2;2;1;
301800017;400;118;0;385;0;282;0;1;282;0;0;0;0;0;282;1;0;281;0;0;0;0;
301800018;510;243;0;490;1;267;1;1;267;0;9;0;0;9;258;36;2;193;7;1;16;3;
301800019;590;183;0;571;0;407;0;0;407;1;1;0;0;2;405;2;2;399;0;1;1;0;
301800020;650;320;0;626;0;330;0;0;330;3;7;23;2;35;295;7;3;249;1;1;33;1;
301800021;670;309;0;656;0;361;0;2;361;7;1;1;0;9;352;0;3;330;2;1;16;0;
301800022;660;265;0;630;0;395;0;0;395;2;3;5;0;10;385;1;3;369;2;1;6;3;
301800023;670;109;3;646;0;558;0;1;558;0;0;4;0;4;554;0;1;552;0;1;0;0;
301900001;504;310;0;471;0;194;0;0;194;3;1;1;0;5;189;11;0;100;2;3;66;7;
301900002;564;327;1;522;0;236;0;1;236;1;1;0;0;2;234;6;0;140;2;2;78;6;
301900003;903;575;3;839;2;325;2;0;325;3;2;7;1;13;312;14;4;202;2;0;83;7;
301900004;910;525;3;845;0;382;0;1;382;4;0;4;0;8;374;25;2;220;4;3;112;8;
301900005;513;284;0;478;1;229;1;0;229;6;1;14;1;22;207;2;0;180;6;4;14;1;
301900006;677;392;0;630;1;285;1;0;285;6;1;9;0;16;269;4;1;241;6;0;16;1;
301900007;245;151;0;232;0;94;0;5;94;0;1;0;0;1;93;4;1;63;1;0;23;1;
301900008;448;233;3;415;0;212;0;1;212;8;5;0;0;13;199;6;1;126;3;1;59;3;
301900009;435;178;1;403;3;256;3;0;256;0;13;2;0;15;241;13;0;180;4;0;44;0;
301900010;482;190;2;448;1;290;1;0;290;1;4;16;0;21;269;3;0;208;0;0;56;2;
301900011;482;273;3;453;6;206;6;0;206;4;3;4;0;11;195;3;1;174;1;2;14;0;
301900012;300;140;3;278;4;157;4;2;157;3;2;9;1;15;142;2;0;111;3;2;23;1;
301900013;389;178;2;361;3;209;3;4;209;11;1;0;0;12;197;7;5;115;3;1;63;3;
301900014;475;290;1;448;2;184;2;6;184;3;2;11;0;16;168;4;1;146;0;1;12;4;
301900015;176;101;2;162;0;73;0;5;73;0;0;0;0;0;73;2;1;64;2;2;1;1;
301900016;208;88;0;195;0;120;0;1;120;2;0;3;0;5;115;0;1;100;5;0;9;0;
302100001;111;30;1;98;0;80;0;0;80;0;0;0;0;0;80;3;0;60;3;0;14;0;
302100002;760;273;1;715;1;486;1;4;486;4;1;0;0;5;481;4;1;465;5;1;3;2;
302100003;698;234;1;670;3;463;3;0;463;3;0;0;0;3;460;4;1;439;0;1;15;0;
302100004;348;207;2;332;0;139;0;0;139;3;3;0;0;6;133;5;3;115;4;0;5;1;
302100005;129;54;0;112;0;75;0;3;75;0;2;0;0;2;73;0;0;54;2;1;16;0;
302100006;397;154;3;368;0;240;0;3;240;0;0;0;0;0;240;0;1;230;2;0;7;0;
302100007;698;368;2;657;0;328;0;0;328;7;4;0;0;11;317;7;0;240;2;2;61;5;
302100008;612;231;1;578;0;380;0;3;380;2;2;14;0;18;362;4;1;318;2;1;34;2;
302100009;468;239;0;427;1;229;1;0;229;4;2;14;0;20;209;0;0;179;2;2;25;1;
302100010;366;148;1;339;0;217;0;1;217;2;0;2;0;4;213;1;0;209;2;0;1;0;
302100011;320;123;0;303;2;197;2;0;197;2;3;0;0;5;192;6;1;148;1;4;26;6;
302100012;401;216;3;369;0;182;0;2;182;0;17;0;0;17;165;0;1;150;1;0;13;0;
302100013;641;368;0;273;0;273;0;1;273;9;3;0;0;12;261;1;1;256;0;0;2;1;
302200001;680;425;1;635;0;254;0;4;254;0;4;0;0;4;250;15;0;166;0;0;67;2;
302200002;955;614;3;900;2;338;2;0;338;2;0;0;0;2;336;1;3;323;2;1;6;0;
302200003;880;551;3;819;0;326;0;2;326;2;5;0;0;7;319;8;3;256;0;3;48;1;
302200004;610;341;0;565;1;269;1;6;269;3;0;10;0;13;256;7;2;174;1;1;70;1;
302200005;650;368;2;602;0;280;0;0;280;1;2;0;0;3;277;10;4;201;0;3;58;1;
302200006;710;390;1;662;1;319;1;2;319;1;1;5;0;7;312;30;0;199;1;1;75;6;
302200007;590;330;0;548;0;260;0;2;260;6;1;0;0;7;253;12;0;169;2;1;63;6;
302200008;690;403;2;639;0;285;0;0;285;1;0;0;0;1;284;9;1;171;4;1;94;4;
302200009;590;346;0;547;2;244;2;2;244;5;0;0;0;5;239;13;2;128;2;0;90;4;
302200010;650;409;1;605;0;240;0;4;240;1;1;2;0;4;236;15;0;135;1;1;81;3;
302200011;850;507;0;787;0;343;0;0;343;2;1;0;0;3;340;14;3;196;2;6;112;7;
302200012;610;367;0;569;1;243;1;0;243;0;1;3;0;4;239;19;0;162;0;3;47;8;
302200013;590;335;0;554;0;255;0;0;255;1;4;2;0;7;248;20;0;130;1;0;90;7;
302200014;600;373;1;561;0;226;0;0;226;2;2;2;0;6;220;6;1;140;5;2;60;6;
302200015;710;376;1;662;0;333;0;0;333;3;3;1;0;7;326;16;2;200;1;2;98;7;
302200016;510;281;2;476;1;227;1;0;227;0;3;0;0;3;224;16;1;119;0;1;83;4;
302200017;710;399;2;664;0;309;0;4;309;0;2;3;0;5;304;10;6;151;1;6;121;9;
302200018;640;345;2;601;0;293;0;0;293;2;2;0;0;4;289;12;1;168;4;1;100;3;
302200019;30;6;0;26;4;24;4;0;24;1;1;0;0;2;22;0;0;17;0;1;4;0;
302200020;780;434;0;734;0;346;0;0;346;6;2;0;0;8;338;11;0;295;3;3;25;1;
302200021;30;5;0;30;0;25;0;3;25;2;0;0;0;2;23;2;0;17;0;0;4;0;
302200022;520;278;0;483;4;242;4;0;242;0;1;0;0;1;241;2;2;225;0;0;12;0;
302200023;350;172;0;327;2;178;2;4;178;1;1;5;0;7;171;4;0;104;1;0;61;1;
302200024;140;60;1;131;2;79;2;0;79;1;1;2;0;4;75;3;0;67;0;1;4;0;
302200025;220;86;0;206;2;134;2;0;134;0;7;0;0;7;127;11;3;91;4;2;15;1;
302200026;340;154;0;316;1;186;1;1;186;2;1;0;0;3;183;16;1;140;1;0;23;2;
302200027;360;217;0;336;2;143;2;4;143;7;0;0;0;7;136;4;1;99;3;0;27;2;
302200028;590;301;0;550;4;289;4;0;289;2;3;12;0;17;272;4;0;229;3;2;34;0;
302200029;620;311;0;590;0;309;0;4;309;2;2;1;0;5;304;11;1;280;0;1;11;0;
302200030;85;29;2;82;2;54;2;6;54;0;2;0;0;2;52;2;0;46;1;0;3;0;
302200031;280;132;2;272;0;146;0;0;146;1;2;0;0;3;143;2;1;123;1;1;11;4;
302200032;220;97;1;208;2;122;2;0;122;2;1;7;0;10;112;3;1;92;1;1;14;0;
302200033;125;58;0;121;1;67;1;0;67;2;4;0;0;6;61;3;0;53;2;1;2;0;
302200034;380;197;0;355;0;183;0;0;183;2;8;2;0;12;171;7;0;112;2;2;45;3;
302200035;105;51;0;98;2;54;2;3;54;0;0;0;0;0;54;1;1;32;2;2;16;0;
302300001;770;372;3;711;2;395;2;1;395;2;4;4;0;10;385;13;2;195;2;3;159;11;
302300002;899;477;3;833;0;419;0;1;419;0;4;0;0;4;415;24;0;192;7;1;185;6;
302300003;870;450;2;804;1;418;1;0;418;0;3;0;0;3;415;43;0;190;1;0;167;14;
302300004;760;381;0;691;0;379;0;0;379;2;6;1;0;9;370;17;2;179;1;3;162;6;
302300005;840;444;1;774;1;395;1;7;395;5;8;2;0;15;380;6;0;222;0;4;145;3;
302300006;930;403;4;864;0;523;0;2;523;8;0;5;1;14;509;13;3;425;0;1;65;2;
302300007;600;336;3;547;0;261;0;0;261;0;4;7;0;11;250;14;0;114;2;2;115;3;
302300008;920;437;4;848;0;479;0;1;479;1;3;0;0;4;475;16;3;272;1;2;173;8;
302300009;500;261;0;476;0;239;0;5;239;2;14;0;0;16;223;14;2;191;2;1;12;1;
302300010;950;542;1;871;0;407;0;0;407;3;4;0;0;7;400;27;1;194;2;3;169;4;
302300011;930;410;1;853;1;519;1;0;519;6;6;1;0;13;506;9;4;161;2;1;323;6;
302300012;980;500;6;917;4;474;4;0;474;18;6;0;0;24;450;8;5;352;4;3;78;0;
302300013;300;140;1;277;0;159;0;7;159;2;2;0;0;4;155;7;2;98;3;2;38;5;
302300014;600;347;2;557;7;251;7;0;251;4;2;0;0;6;245;8;2;189;8;0;37;1;
302300015;570;265;2;523;0;303;0;6;303;3;7;12;0;22;281;7;0;260;4;3;6;1;
302300016;300;109;2;275;0;189;0;2;189;0;2;0;0;2;187;2;2;181;1;0;1;0;
302300017;280;149;2;257;0;129;0;2;129;1;0;0;0;1;128;5;1;118;2;1;1;0;
302300018;250;84;0;237;0;166;0;3;166;2;0;0;0;2;164;5;3;75;2;2;73;4;
302300019;100;24;2;89;0;74;0;0;74;1;1;0;0;2;72;2;2;60;0;0;8;0;
302300020;700;340;2;356;2;358;2;3;358;1;7;13;0;21;337;10;1;232;1;1;90;2;
302300021;300;116;3;292;2;181;2;1;181;0;1;0;0;1;180;11;2;91;0;1;72;3;
302300022;50;18;1;48;0;31;0;0;31;2;1;0;0;3;28;2;0;17;0;0;7;2;
302500001;800;513;1;742;1;286;1;0;286;4;2;0;2;8;278;26;0;146;5;2;88;11;
302500002;640;445;2;594;0;193;0;0;193;2;0;0;0;2;191;9;1;117;0;4;55;5;
302500003;470;314;1;444;0;155;0;9;155;2;4;7;0;13;142;7;1;95;3;0;34;2;
302500004;900;607;1;823;1;292;1;7;292;1;2;0;0;3;289;25;1;184;1;1;72;5;
302500005;900;583;1;832;1;316;1;5;316;2;5;0;1;8;308;22;1;164;3;3;108;7;
302500006;80;25;2;74;4;53;4;4;53;0;0;0;0;0;53;7;1;38;0;0;7;0;
302500007;260;105;1;245;1;154;1;1;154;6;2;0;0;8;146;6;1;120;1;2;16;0;
302500008;700;446;2;641;5;252;5;0;252;5;3;5;0;13;239;13;0;128;8;0;88;2;
302500009;80;18;0;79;1;62;1;2;62;0;0;0;0;0;62;1;0;47;0;0;14;0;
302500010;160;66;1;152;0;93;0;0;93;2;2;0;0;4;89;13;0;54;0;1;16;5;
302500011;140;57;1;127;2;82;2;3;82;0;0;1;0;1;81;6;2;60;0;1;11;1;
302500012;820;524;3;750;0;293;0;4;293;1;3;1;0;5;288;11;2;248;5;1;18;3;
302500013;50;21;0;47;2;29;2;6;29;1;0;0;0;1;28;3;0;19;0;0;4;2;
302500014;700;333;2;646;3;365;3;2;365;2;1;0;0;3;362;7;0;330;3;3;17;2;
303000001;600;325;4;713;1;271;1;6;271;2;1;12;0;15;256;8;0;163;1;1;79;4;
303000002;595;335;2;750;0;258;0;6;258;1;1;7;0;9;249;6;1;173;2;2;60;5;
303000003;700;300;2;877;2;398;2;0;398;7;4;4;2;17;381;45;1;194;1;3;126;11;
303000004;800;342;3;965;1;455;1;5;455;6;3;1;1;11;444;36;5;270;4;2;114;13;
303000005;700;327;1;796;1;372;1;0;372;3;8;0;0;11;361;42;7;167;3;4;129;9;
303000006;800;374;2;913;0;424;0;3;424;11;3;0;0;14;410;40;3;220;6;5;118;18;
303000007;700;250;1;845;4;449;4;0;449;1;8;0;0;9;440;25;0;225;4;6;164;16;
303000008;600;210;1;759;7;389;7;0;389;1;6;0;0;7;382;28;0;204;3;3;136;8;
303000009;800;333;11;933;2;456;2;0;456;4;5;1;0;10;446;41;7;236;0;5;140;17;
303000010;800;174;2;1194;11;624;11;0;624;1;10;0;1;12;612;38;3;373;7;13;157;21;
303000011;700;309;1;872;8;390;8;4;390;1;9;2;1;13;377;32;10;179;3;4;135;14;
303000012;800;352;1;924;2;447;2;0;447;2;4;0;0;6;441;29;2;247;1;2;126;34;
303000013;700;292;1;849;1;407;1;4;407;0;2;2;0;4;403;26;0;237;2;3;119;16;
303000014;700;269;1;891;3;430;3;0;430;6;0;0;0;6;424;23;0;219;3;2;166;11;
303000015;800;336;2;923;1;462;1;2;462;5;4;0;0;9;453;25;4;237;3;2;169;13;
303000016;600;213;1;799;0;386;0;3;386;1;5;1;2;9;377;19;2;189;1;3;149;14;
303000017;800;292;0;914;0;508;0;4;508;0;8;12;7;27;481;17;5;293;0;7;146;13;
303000018;800;332;2;954;0;466;0;8;466;4;7;0;0;11;455;37;2;270;2;11;122;11;
303000019;800;288;2;961;5;510;5;4;510;2;4;2;0;8;502;34;3;269;0;8;169;19;
303000020;700;271;5;866;4;424;4;8;424;5;7;7;1;20;404;35;3;207;2;2;142;13;
303000021;800;341;0;928;1;459;1;0;459;5;10;3;0;18;441;53;1;220;0;5;139;23;
303000022;600;261;1;713;0;338;0;5;338;2;9;1;0;12;326;32;0;149;2;7;129;7;
303000023;700;199;2;851;5;499;5;1;499;3;2;5;1;11;488;38;4;321;4;8;113;0;
303000024;800;292;2;969;1;506;1;3;506;11;3;0;0;14;492;39;8;284;6;7;126;22;
303000025;700;249;2;848;4;449;4;5;449;5;11;3;0;19;430;40;1;213;1;5;157;13;
303000026;700;273;2;813;3;425;3;0;425;1;11;0;0;12;413;49;1;185;1;4;157;16;
303000027;700;269;2;879;0;429;0;3;429;0;13;0;1;14;415;59;1;194;1;3;136;21;
303000028;700;286;1;880;1;413;1;1;413;1;2;0;0;3;410;42;1;221;0;3;129;14;
303000029;500;168;1;666;0;331;0;0;331;1;1;0;1;3;328;39;6;157;3;3;116;4;
303000030;700;296;3;819;1;401;1;0;401;1;5;1;0;7;394;34;4;206;1;6;132;11;
303000031;800;310;2;948;38;488;38;0;488;3;2;0;0;5;483;35;0;246;5;8;178;11;
303000032;700;280;2;888;1;418;1;8;418;1;6;1;0;8;410;31;0;240;1;7;123;8;
303000033;700;255;1;830;1;444;1;2;444;0;5;2;0;7;437;32;3;202;1;9;182;8;
303000034;600;290;2;728;0;308;0;0;308;1;4;3;0;8;300;31;3;149;2;3;105;7;
303000035;700;287;3;826;0;410;0;2;410;2;5;3;0;10;400;44;1;172;1;3;159;20;
303000036;700;291;3;865;2;406;2;5;406;2;4;5;0;11;395;30;3;211;5;6;123;17;
303000037;600;285;1;733;3;314;3;3;314;0;9;0;0;9;305;10;4;164;0;3;118;6;
303000038;500;207;1;640;0;292;0;7;292;2;2;0;0;4;288;40;4;156;0;3;75;10;
303000039;600;232;3;779;1;365;1;0;365;3;1;0;0;4;361;26;1;225;2;2;104;1;
303000040;600;217;4;798;0;379;0;0;379;2;2;0;0;4;375;37;2;199;1;0;123;13;
303000041;500;181;1;659;9;318;9;0;318;1;2;1;0;4;314;6;5;170;3;3;123;4;
303000042;600;268;2;786;0;330;0;8;330;1;9;4;0;14;316;17;2;202;1;4;84;6;
303000043;700;331;2;828;0;367;0;4;367;0;6;14;2;22;345;6;3;210;1;4;119;2;
303000044;700;377;2;852;0;321;0;9;321;7;1;1;0;9;312;17;1;177;1;1;105;10;
303000045;702;334;1;893;0;367;0;3;367;2;1;0;0;3;364;12;1;209;0;5;130;7;
303000046;600;354;1;732;0;245;0;6;245;4;5;0;0;9;236;15;0;157;1;0;61;2;
303000047;600;287;1;763;0;312;0;0;312;1;1;2;0;4;308;7;3;192;4;0;96;6;
303000048;700;355;2;850;0;343;0;8;343;1;3;2;0;6;337;17;1;182;3;3;126;5;
303000049;600;265;1;792;3;334;3;0;334;2;2;1;2;7;327;13;0;188;0;4;111;11;
303000050;600;250;3;773;1;347;1;5;347;1;1;5;0;7;340;14;1;201;3;2;113;6;
303000051;599;291;1;752;0;307;0;9;307;0;1;12;0;13;294;8;0;184;1;3;88;10;
303000052;600;244;4;759;0;352;0;6;352;4;2;1;0;7;345;20;3;198;0;2;106;16;
303000053;600;275;3;760;0;322;0;5;322;2;7;2;0;11;311;7;0;234;0;2;58;10;
303000054;700;377;1;830;0;322;0;6;322;0;3;0;0;3;319;2;0;306;2;0;9;0;
303000055;700;412;1;819;1;287;1;10;287;12;3;0;0;15;272;19;1;187;0;2;59;4;
303000056;800;381;1;898;9;418;9;0;418;1;5;0;0;6;412;30;4;202;4;4;161;7;
303000057;800;347;1;941;0;452;0;3;452;0;4;3;1;8;444;31;3;220;3;5;174;8;
303000058;700;305;2;945;0;393;0;0;393;1;3;2;0;6;387;30;1;215;3;2;131;5;
303000059;700;409;1;903;10;290;10;8;290;4;5;3;0;12;278;6;3;250;2;2;11;4;
303000060;600;331;2;767;0;267;0;0;267;2;0;5;0;7;260;12;1;159;1;3;79;5;
303000061;700;360;2;860;2;338;2;8;338;5;1;4;0;10;328;12;2;201;1;6;103;3;
303000062;700;316;1;843;1;383;1;1;383;1;3;4;0;8;375;12;2;190;2;2;157;10;
303000063;700;308;1;839;1;391;1;8;391;3;1;0;0;4;387;28;3;207;1;3;131;14;
303000064;700;337;3;813;1;360;1;9;360;5;2;4;0;11;349;13;2;183;2;2;136;11;
303000065;800;381;4;954;2;415;2;6;415;12;5;2;0;19;396;19;4;230;3;4;131;5;
303000066;600;299;0;715;0;301;0;14;301;1;3;5;0;9;292;19;1;136;3;3;118;12;
303000067;700;319;1;860;2;380;2;0;380;4;1;0;0;5;375;17;1;213;2;2;122;18;
303000068;800;403;2;902;0;395;0;4;395;1;0;0;0;1;394;13;2;213;6;2;151;7;
303000069;500;184;1;680;1;315;1;0;315;5;1;0;0;6;309;18;4;178;0;5;93;11;
303000070;506;187;3;660;15;316;15;10;316;0;7;1;0;8;308;26;2;153;5;3;107;12;
303000071;600;225;2;794;0;373;0;2;373;1;4;0;0;5;368;21;2;203;3;1;126;12;
303000072;800;349;4;941;3;447;3;0;447;6;8;24;1;39;408;12;0;228;4;1;156;7;
303000073;800;316;2;943;6;482;6;4;482;2;5;2;5;14;468;14;2;239;3;6;194;10;
303000074;800;321;2;918;4;477;4;0;477;12;3;3;0;18;459;12;2;222;3;4;205;11;
303000075;700;233;4;864;3;463;3;0;463;2;9;0;2;13;450;20;1;232;5;2;186;4;
303000076;400;60;3;583;0;337;0;0;337;0;4;3;0;7;330;17;0;186;3;3;116;5;
303000077;400;173;1;497;6;226;6;4;226;2;4;10;0;16;210;8;1;128;1;1;69;2;
303000078;697;343;1;868;0;353;0;8;353;3;5;1;0;9;344;16;0;204;2;4;105;13;
303000079;700;285;2;865;1;413;1;4;413;7;3;4;0;14;399;49;1;202;3;1;126;17;
303000080;700;410;2;845;0;288;0;0;288;2;1;8;0;11;277;12;0;192;1;3;68;1;
303000081;500;254;1;632;12;245;12;7;245;3;3;1;3;10;235;16;0;148;1;1;68;1;
303000082;700;349;1;856;8;350;8;8;350;1;4;0;0;5;345;17;1;199;27;4;90;7;
303000083;600;295;1;821;7;304;7;0;304;1;3;1;0;5;299;5;0;181;4;3;100;6;
303000084;700;335;1;850;8;364;8;7;364;1;4;0;1;6;358;16;0;220;4;6;105;7;
303000085;800;420;2;994;1;378;1;0;378;1;2;14;1;18;360;5;1;262;0;4;79;9;
303000086;700;403;1;821;0;296;0;5;296;3;2;0;0;5;291;16;1;143;4;2;123;2;
303000087;700;260;2;895;1;438;1;0;438;6;8;0;0;14;424;23;0;247;3;4;141;6;
303000088;700;282;0;865;0;418;0;0;418;2;2;1;0;5;413;28;0;196;3;3;175;8;
303000089;600;236;3;751;2;361;2;1;361;0;3;0;0;3;358;28;1;180;5;2;131;11;
303000090;571;204;2;729;4;365;4;0;365;4;3;0;0;7;358;8;1;223;4;2;114;6;
303000091;90;22;2;88;10;66;10;3;66;2;1;3;2;8;58;1;1;43;1;0;12;0;
303000092;120;30;1;130;0;89;0;0;89;0;3;4;0;7;82;1;0;39;1;1;38;2;
303000093;80;15;1;84;8;64;8;0;64;0;0;1;0;1;63;2;2;40;3;1;15;0;
303000094;150;59;1;158;1;90;1;5;90;0;2;0;0;2;88;8;0;45;2;1;30;2;
303000095;300;112;1;290;1;187;1;0;187;3;8;3;1;15;172;6;1;106;6;2;49;2;
303000096;530;289;2;239;0;239;0;3;239;2;4;6;0;12;227;9;2;185;5;3;20;3;
303000097;200;61;2;212;0;137;0;3;137;2;0;0;0;2;135;1;0;131;1;1;1;0;
303000098;700;294;2;699;6;404;6;0;404;24;1;1;0;26;378;4;3;348;5;1;15;2;
303000099;895;353;1;909;1;541;1;4;541;1;1;5;0;7;534;1;5;493;6;0;24;5;
303000100;800;372;1;785;2;427;2;0;427;1;10;3;0;14;413;12;0;196;2;0;195;8;
303000101;500;193;2;507;14;305;14;0;305;9;0;20;0;29;276;2;1;233;4;2;33;1;
303000102;600;261;0;624;7;339;7;3;339;3;6;8;0;17;322;4;1;178;1;2;135;1;
303000103;300;142;1;299;7;157;7;0;157;2;0;14;0;16;141;10;0;94;0;1;35;1;
303000104;130;40;1;127;6;89;6;0;89;1;0;0;0;1;88;3;0;79;0;0;5;1;
303000105;300;144;1;316;1;155;1;7;155;0;0;0;0;0;155;1;0;145;2;1;3;3;
303000106;60;21;1;55;1;38;1;0;38;0;0;0;0;0;38;3;0;29;0;0;4;2;
303000107;220;59;2;228;0;159;0;0;159;1;0;3;0;4;155;1;1;112;1;1;37;2;
303000108;1000;469;7;995;6;524;6;0;524;0;12;0;0;12;512;18;6;252;5;2;224;5;
303000109;400;170;3;403;4;227;4;0;227;1;2;14;1;18;209;2;2;82;1;0;120;2;
303000110;500;222;1;499;6;277;6;2;277;2;1;10;0;13;264;6;0;238;4;0;16;0;
303000111;110;37;1;110;4;72;4;0;72;0;3;2;0;5;67;8;0;44;3;0;12;0;
303000112;250;81;0;255;1;169;1;0;169;1;1;4;0;6;163;9;2;97;0;0;51;4;
303000113;257;120;1;256;0;136;0;6;136;4;0;0;0;4;132;6;2;69;0;1;54;0;
303000114;600;267;1;665;2;332;2;0;332;0;2;0;0;2;330;10;1;206;6;3;102;2;
303000115;350;174;1;383;4;175;4;4;175;3;4;9;0;16;159;4;2;130;3;0;18;2;
303000116;302;100;1;313;5;201;5;0;201;3;1;2;0;6;195;4;2;171;4;3;11;0;
303000117;450;211;3;470;0;236;0;2;236;0;3;1;1;5;231;11;1;124;1;4;86;4;
303000118;600;259;1;648;2;340;2;0;340;2;0;0;1;3;337;7;0;242;4;1;80;3;
303000119;300;113;2;185;12;185;12;0;185;0;5;0;0;5;180;3;0;157;2;2;16;0;
303000120;125;36;1;131;4;88;4;7;88;1;1;0;0;2;86;3;0;65;1;1;16;0;
303000121;70;37;2;27;4;31;4;1;31;0;2;5;0;7;24;7;1;10;1;1;3;1;
310300001;385;117;2;360;1;266;1;3;266;6;1;0;0;7;259;9;2;219;2;0;23;4;
310300002;840;316;1;780;2;523;2;2;523;8;3;3;1;15;508;19;3;429;8;1;40;8;
310300003;120;43;2;110;0;75;0;0;75;0;1;0;0;1;74;2;3;60;0;0;9;0;
310300004;40;3;1;36;0;36;0;2;36;0;0;0;0;0;36;0;0;31;0;0;4;1;
310300005;100;29;1;91;5;70;5;0;70;0;1;2;0;3;67;4;0;42;0;0;19;2;
310300006;370;114;2;335;1;254;1;1;254;1;3;2;0;6;248;13;1;176;4;3;45;6;
310300007;520;200;2;473;2;318;2;0;318;4;6;1;0;11;307;3;0;223;2;3;65;11;
310300008;80;23;1;73;0;56;0;1;56;0;0;0;0;0;56;5;0;44;2;0;4;1;
310300009;90;16;3;86;3;71;3;0;71;1;1;0;0;2;69;5;0;47;2;0;11;4;
310300010;45;7;1;44;0;37;0;3;37;2;1;1;0;4;33;0;2;22;0;0;9;0;
310300011;90;28;1;80;2;61;2;1;61;0;1;1;0;2;59;6;0;41;0;0;10;2;
310300012;310;115;2;282;5;193;5;0;193;5;4;2;0;11;182;5;0;144;2;2;26;3;
310300013;55;17;1;54;0;37;0;4;37;3;1;0;0;4;33;4;0;24;0;0;3;2;
310300014;410;183;2;377;3;225;3;0;225;5;3;0;0;8;217;8;1;151;8;1;47;1;
310300015;105;22;0;99;4;83;4;3;83;1;1;1;0;3;80;1;0;65;1;1;10;2;
310300016;210;73;1;195;1;136;1;0;136;0;2;0;0;2;134;2;2;92;0;4;26;8;
310300017;75;19;1;66;0;55;0;0;55;1;1;0;0;2;53;5;1;45;0;0;2;0;
310300018;55;13;2;50;1;40;1;1;40;0;0;0;0;0;40;1;0;32;0;0;7;0;
310300019;315;92;2;287;1;221;1;0;221;1;3;2;0;6;215;4;1;186;3;1;18;2;
310300020;53;15;1;49;0;37;0;0;37;0;0;0;0;0;37;3;0;30;1;0;3;0;
310700001;795;459;1;734;0;335;0;6;335;2;3;0;0;5;330;28;1;244;1;2;49;5;
310700002;840;473;0;367;0;367;0;4;367;4;3;1;0;8;359;20;1;266;1;6;53;12;
310700003;820;525;2;743;0;293;0;0;293;6;3;5;0;14;279;32;1;206;4;2;23;11;
310700004;630;414;1;570;0;215;0;0;215;1;1;0;0;2;213;25;2;132;4;4;35;11;
310700005;595;417;2;535;0;176;0;1;176;4;4;4;0;12;164;15;0;128;0;1;16;4;
310700006;565;317;2;605;0;246;0;0;246;2;4;6;0;12;234;22;1;173;3;1;30;4;
310700007;890;579;2;814;0;309;0;0;309;3;2;0;0;5;304;21;2;228;2;1;40;10;
310700008;680;452;1;609;0;227;0;0;227;5;3;0;0;8;219;16;1;157;1;1;40;3;
310700009;755;493;0;686;1;262;1;0;262;3;5;0;0;8;254;17;0;183;3;4;39;8;
310700010;1085;558;1;989;2;526;2;0;526;3;5;4;0;12;514;5;3;456;5;1;13;31;
310700011;730;498;1;660;0;231;0;1;231;3;0;0;0;3;228;16;1;150;4;2;46;9;
310700012;960;690;0;872;0;270;0;0;270;2;2;2;0;6;264;18;1;192;0;1;47;5;
310700013;890;601;0;815;4;289;4;0;289;4;5;0;0;9;280;26;2;192;2;10;35;13;
310700014;885;576;1;802;1;308;1;1;308;1;2;5;0;8;300;33;2;203;5;5;27;25;
310700015;40;12;0;37;0;28;0;0;28;2;1;0;0;3;25;0;0;17;0;0;7;1;
310700016;135;69;1;125;1;65;1;0;65;2;1;3;0;6;59;5;0;45;0;0;9;0;
310700017;770;378;2;713;2;390;2;4;390;24;2;0;0;26;364;9;3;241;4;1;103;3;
310700018;135;49;2;126;0;84;0;0;84;2;0;1;0;3;81;6;3;67;1;1;2;1;
310700019;85;26;0;79;0;59;0;2;59;0;0;0;0;0;59;0;0;45;0;1;7;6;
310700020;660;362;0;604;0;298;0;0;298;3;4;1;0;8;290;7;5;193;5;6;67;7;
310700021;115;32;1;110;0;82;0;5;82;3;0;0;0;3;79;8;1;55;3;2;10;0;
310700022;235;101;2;217;0;132;0;0;132;5;7;2;0;14;118;4;0;72;5;4;29;4;
310700023;540;270;2;488;4;268;4;0;268;20;4;0;0;24;244;8;4;181;6;2;39;4;
310700024;340;189;1;312;0;150;0;4;150;6;4;2;0;12;138;8;1;114;5;3;7;0;
310700025;130;17;10;124;0;103;0;5;103;4;6;0;0;10;93;3;1;70;0;0;16;3;
310700026;738;332;3;668;4;403;4;0;403;5;3;31;0;39;364;11;6;269;6;4;64;4;
310700027;380;179;0;347;0;201;0;3;201;3;3;0;0;6;195;8;1;149;1;4;26;6;
310700028;650;259;0;605;0;391;0;0;391;1;3;13;0;17;374;20;1;113;3;3;230;4;
310700029;390;175;2;357;0;213;0;0;213;3;8;1;0;12;201;14;0;126;5;2;50;4;
310700030;420;205;0;381;2;215;2;0;215;3;2;25;0;30;185;9;2;119;5;3;47;0;
310700031;323;125;1;291;1;197;1;0;197;2;2;0;0;4;193;6;0;160;1;0;20;6;
310700032;40;16;1;41;1;23;1;5;23;0;0;0;0;0;23;0;0;17;0;0;5;1;
310700033;155;68;2;144;2;85;2;0;85;1;4;0;0;5;80;2;3;56;3;0;9;7;
310700034;70;29;0;67;2;41;2;3;41;0;1;1;0;2;39;4;0;20;1;0;13;1;
312200001;585;294;3;532;0;288;0;1;288;4;4;2;1;11;277;15;1;188;2;1;65;5;
312200002;975;554;0;886;0;421;0;0;421;2;5;1;0;8;413;29;1;273;5;2;100;3;
312200003;735;402;0;670;0;333;0;0;333;2;1;13;0;16;317;12;4;258;3;1;30;9;
312200004;900;477;4;822;0;419;0;0;419;2;3;22;0;27;392;8;2;311;6;2;55;8;
312200005;665;302;5;610;0;358;0;2;358;7;11;2;3;23;335;13;2;261;0;2;53;4;
312200006;535;316;2;481;0;217;0;0;217;2;3;2;0;7;210;11;0;135;3;2;54;5;
312200007;700;302;3;626;0;395;0;0;395;4;0;9;1;14;381;25;2;344;3;0;1;6;
312200008;184;64;1;165;0;119;0;0;119;3;1;3;0;7;112;1;1;89;3;0;17;1;
312200009;165;71;1;153;0;93;0;2;93;3;2;0;0;5;88;2;1;61;3;0;20;1;
312200010;125;35;2;114;4;88;4;0;88;1;1;1;1;4;84;12;0;53;5;2;11;1;
312200011;460;224;1;422;2;235;2;0;235;1;3;1;0;5;230;9;1;167;0;3;40;10;
312200012;500;261;1;451;2;238;2;1;238;5;0;3;1;9;229;8;0;172;11;3;34;1;
312200013;300;118;1;280;1;181;1;3;181;1;5;3;4;13;168;9;0;122;3;3;28;3;
312200014;690;310;2;628;2;378;2;0;378;0;5;2;0;7;371;3;2;259;3;2;101;1;
312200015;950;430;0;870;0;520;0;7;520;2;3;2;1;8;512;7;1;352;2;2;145;3;
312200016;510;245;3;466;0;262;0;1;262;4;9;6;0;19;243;15;1;167;5;3;46;6;
312200017;490;290;4;446;5;196;5;0;196;4;2;0;0;6;190;12;0;135;4;4;29;6;
312200018;50;16;0;47;4;34;4;0;34;1;0;0;0;1;33;1;0;26;0;0;6;0;
312200019;455;256;2;414;1;197;1;0;197;4;4;3;0;11;186;12;2;140;2;2;24;4;
312200020;220;65;1;205;5;154;5;4;154;1;0;0;0;1;153;21;0;92;2;2;33;3;
312200021;290;174;1;266;0;115;0;1;115;1;5;1;0;7;108;8;2;83;2;1;10;2;
312200022;325;178;1;299;1;146;1;3;146;2;5;0;0;7;139;18;1;102;2;1;11;4;
312200023;180;74;2;152;2;104;2;8;104;2;9;0;0;11;93;14;0;55;1;2;18;3;
312200024;300;110;2;271;0;188;0;0;188;3;6;3;0;12;176;2;0;141;5;0;25;3;
312200025;165;66;0;151;2;99;2;0;99;6;2;0;0;8;91;9;0;56;3;4;16;3;
312200026;360;114;2;330;1;244;1;1;244;3;10;10;1;24;220;17;1;167;2;4;18;11;
312200027;115;45;1;60;9;69;9;2;69;0;1;1;0;2;67;2;0;50;2;1;9;3;
312200028;240;108;3;217;1;129;1;2;129;1;3;0;0;4;125;7;1;86;1;1;22;7;
312200029;370;187;3;334;0;180;0;1;180;5;1;2;0;8;172;8;2;130;3;0;29;0;
312500001;145;34;0;135;0;111;0;5;111;0;0;0;0;0;111;3;1;92;2;0;13;0;
312500002;520;289;1;510;3;230;3;0;230;0;2;0;0;2;228;1;1;127;3;2;91;3;
312500003;590;341;1;537;1;248;1;0;248;0;5;3;0;8;240;10;0;161;6;0;62;1;
312500004;990;470;3;899;0;517;0;0;517;4;9;3;0;16;501;24;1;355;6;1;108;6;
312500005;295;127;0;270;2;168;2;1;168;2;4;0;0;6;162;8;1;117;4;0;30;2;
312500006;690;407;0;627;3;283;3;0;283;0;4;2;0;6;277;19;1;140;5;0;107;5;
312500007;670;369;0;603;1;301;1;1;301;2;4;1;0;7;294;22;0;132;2;2;129;7;
312500008;900;416;3;819;0;481;0;3;481;5;5;5;0;15;466;17;2;336;5;2;99;5;
312500009;60;12;0;55;0;48;0;3;48;1;1;0;1;3;45;5;1;33;2;0;2;2;
312500010;550;273;0;501;2;277;2;2;277;0;5;0;0;5;272;14;0;127;3;2;122;4;
312500011;515;242;3;468;0;270;0;3;270;5;6;1;0;12;258;15;0;125;2;2;111;3;
312500012;410;155;2;374;0;253;0;4;253;6;8;4;0;18;235;19;0;187;1;2;20;6;
312500013;450;243;1;409;2;206;2;1;206;2;1;0;0;3;203;36;1;115;2;3;43;3;
312500014;460;185;5;422;1;270;1;0;270;3;9;0;0;12;258;7;1;165;6;1;70;8;
312500015;620;299;0;566;4;321;4;0;321;2;4;0;0;6;315;6;0;190;2;0;101;16;
312500016;135;33;0;123;0;102;0;2;102;0;1;0;0;1;101;6;0;79;2;0;14;0;
312500017;168;64;0;147;0;104;0;1;104;0;3;1;0;4;100;9;3;62;5;1;19;1;
312500018;730;316;5;658;1;409;1;0;409;0;20;0;0;20;389;5;2;284;1;3;84;10;
312500019;210;84;0;194;1;126;1;0;126;2;9;0;0;11;115;10;0;80;1;1;15;8;
312500020;925;501;0;922;2;424;2;0;424;3;12;0;0;15;409;26;2;179;4;1;183;14;
312500021;540;293;0;496;2;247;2;4;247;2;3;1;1;7;240;5;2;156;4;1;69;3;
312500022;435;150;1;396;0;284;0;0;284;3;0;2;0;5;279;9;1;222;1;4;41;1;
312500023;345;147;2;196;0;196;0;3;196;1;4;1;0;6;190;2;0;141;2;2;41;2;
312500024;245;47;2;223;1;196;1;1;196;0;2;1;1;4;192;8;0;166;0;0;18;0;
312500025;530;306;1;481;0;223;0;0;223;1;1;0;0;2;221;6;2;141;6;1;51;14;
312500026;605;320;15;549;0;270;0;0;270;2;4;0;0;6;264;9;1;137;1;1;106;9;
312500027;770;480;0;697;1;290;1;0;290;3;2;1;0;6;284;21;2;170;4;79;0;8;
312500028;520;248;2;464;3;270;3;1;270;0;2;13;0;15;255;10;0;100;1;0;143;1;
312500029;560;268;0;506;3;292;3;0;292;6;1;5;1;13;279;10;0;116;2;2;146;3;
312500030;315;122;1;285;0;192;0;0;192;2;4;5;0;11;181;5;1;124;4;1;38;8;
312500031;220;82;1;202;0;137;0;1;137;0;3;0;0;3;134;9;1;89;5;2;20;8;
312500032;340;134;0;312;1;206;1;2;206;0;0;5;0;5;201;7;2;147;2;0;40;3;
312500033;400;193;2;362;0;205;0;2;205;0;3;1;0;4;201;9;0;132;2;0;56;2;
312500034;730;308;2;669;2;420;2;1;420;2;8;3;0;13;407;20;2;262;3;1;114;5;
312500035;580;301;0;534;1;279;1;1;279;0;3;0;0;3;276;9;2;174;1;0;88;2;
312500036;660;334;3;603;0;323;0;4;323;1;5;0;1;7;316;14;5;172;4;2;109;10;
312500037;125;57;1;116;0;67;0;0;67;1;1;0;0;2;65;3;0;52;1;0;1;8;
312500038;620;392;0;567;2;228;2;0;228;2;7;2;0;11;217;9;1;129;1;2;72;3;
312500039;640;384;0;592;6;256;6;0;256;0;4;2;1;7;249;8;2;111;5;4;112;7;
312500040;180;67;3;175;0;110;0;3;110;1;1;0;0;2;108;7;2;86;1;1;8;3;
312500041;330;82;3;307;2;245;2;0;245;1;4;4;1;10;235;7;2;190;6;1;29;0;
312500042;660;311;1;607;1;348;1;0;348;3;15;5;0;23;325;10;1;227;2;2;80;3;
312500043;215;89;2;198;0;124;0;3;124;0;1;0;0;1;123;7;1;97;0;0;15;3;
312500044;225;123;1;206;0;101;0;3;101;0;1;0;0;1;100;4;0;53;1;3;38;1;
312500045;640;356;2;589;0;282;0;2;282;1;4;7;0;12;270;12;3;171;6;2;71;5;
312500046;1040;556;2;944;1;482;1;0;482;5;11;7;0;23;459;14;2;298;4;1;136;4;
312500047;220;107;0;218;2;113;2;0;113;4;0;0;0;4;109;5;0;72;2;1;27;2;
312500048;490;261;5;222;2;224;2;3;224;1;2;0;3;6;218;11;3;140;6;1;40;17;
312500049;710;344;1;650;0;365;0;0;365;6;6;1;0;13;352;17;3;163;4;2;163;0;
312500050;590;288;1;536;2;301;2;0;301;3;6;2;0;11;290;14;0;202;4;2;62;6;
312500051;370;217;1;337;0;152;0;0;152;3;5;3;0;11;141;8;0;94;2;1;30;6;
312600001;694;360;2;697;0;332;0;0;332;1;2;0;0;3;329;40;0;190;1;5;85;8;
312600002;677;357;2;682;1;318;1;4;318;4;9;3;0;16;302;33;3;181;3;4;70;8;
312600003;528;280;1;527;0;247;0;0;247;1;4;0;0;5;242;29;1;107;1;0;94;10;
312600004;700;420;0;702;2;280;2;0;280;2;5;4;1;12;268;25;1;154;1;1;74;12;
312600005;598;349;0;601;0;249;0;6;249;1;0;0;0;1;248;19;0;140;0;3;80;6;
312600006;746;439;1;757;0;306;0;0;306;2;2;0;0;4;302;27;0;164;0;5;97;9;
312600007;798;435;2;360;1;361;1;6;361;1;4;2;0;7;354;39;5;187;8;4;97;14;
312600008;695;361;2;696;0;332;0;0;332;0;4;1;0;5;327;44;0;168;1;2;96;16;
312600009;610;316;1;608;0;293;0;0;293;1;2;3;0;6;287;43;2;170;2;2;57;11;
312600010;568;300;4;569;0;264;0;0;264;0;4;0;0;4;260;32;0;166;0;1;56;5;
312600011;625;333;1;627;1;291;1;1;291;3;1;0;0;4;287;15;2;173;1;6;75;15;
312600012;614;247;2;774;0;365;0;0;365;4;0;0;0;4;361;20;3;225;7;5;91;10;
312600013;594;317;1;598;0;276;0;4;276;0;5;0;0;5;271;34;0;170;3;1;50;13;
312600014;697;404;1;705;0;292;0;7;292;1;2;2;0;5;287;33;0;163;1;3;75;12;
312600015;595;306;1;596;1;288;1;0;288;0;8;0;0;8;280;40;0;143;2;1;76;18;
312600016;573;296;0;586;0;277;0;2;277;14;0;0;0;14;263;36;0;138;1;2;73;13;
312600017;661;357;2;661;2;302;2;6;302;1;8;0;0;9;293;49;0;157;3;1;72;11;
312600018;638;303;1;642;1;334;1;5;334;1;3;0;0;4;330;40;1;203;3;1;71;11;
312600019;715;384;1;712;0;330;0;0;330;2;0;2;0;4;326;62;5;167;1;2;67;22;
312600020;833;462;1;840;0;370;0;7;370;0;0;1;0;1;369;45;0;213;0;5;97;9;
312600021;592;379;0;608;1;213;1;7;213;6;2;0;1;9;204;12;0;103;3;2;76;8;
312600022;746;448;1;751;0;297;0;6;297;2;5;1;0;8;289;31;0;163;2;4;83;6;
312600023;690;482;0;696;0;208;0;0;208;0;1;0;0;1;207;12;1;106;1;3;70;14;
312600024;775;493;1;781;2;281;2;5;281;2;1;4;0;7;274;19;1;145;0;2;97;10;
312600025;830;522;2;833;0;306;0;0;306;1;4;0;0;5;301;10;4;162;0;1;107;17;
312600026;854;604;1;862;0;249;0;0;249;6;3;0;0;9;240;15;0;118;2;1;97;7;
312600027;705;454;1;713;0;250;0;7;250;1;2;0;0;3;247;19;0;149;0;3;69;7;
312600028;704;452;1;711;1;251;1;7;251;0;4;0;0;4;247;23;1;124;0;1;90;8;
312600029;744;425;1;751;0;318;0;1;318;0;0;4;0;4;314;23;2;170;1;2;106;10;
312600030;268;175;1;273;0;92;0;7;92;0;0;0;0;0;92;8;0;48;3;1;30;2;
312600031;126;57;1;132;0;68;0;6;68;1;1;0;0;2;66;6;4;42;2;2;9;1;
312600032;602;343;1;603;0;258;0;4;258;0;4;0;0;4;254;24;1;152;1;3;63;10;
312600033;641;385;1;645;1;255;1;0;255;6;3;0;0;9;246;26;2;132;2;1;81;2;
312600034;708;401;1;702;1;306;1;0;306;3;2;2;3;10;296;33;3;157;2;1;90;10;
312600035;563;306;1;568;0;256;0;5;256;1;1;0;0;2;254;42;0;114;1;4;87;6;
312600036;608;342;2;608;0;264;0;6;264;1;0;2;0;3;261;29;1;135;1;4;81;10;
312600037;834;463;2;835;1;369;1;1;369;0;3;3;1;7;362;36;1;196;1;3;118;7;
312600038;686;395;5;686;0;286;0;0;286;2;1;3;0;6;280;29;2;117;0;3;123;6;
312600039;575;332;3;575;0;240;0;3;240;1;2;1;0;4;236;5;2;140;0;4;72;13;
312600040;583;339;1;589;1;243;1;8;243;2;3;0;0;5;238;24;0;106;1;0;97;10;
312600041;680;433;0;689;0;247;0;0;247;0;8;0;0;8;239;6;0;151;2;0;70;10;
312600042;789;476;1;796;0;312;0;0;312;1;2;2;0;5;307;0;0;251;0;3;46;7;
312600043;891;489;2;902;0;400;0;8;400;4;7;3;0;14;386;5;1;313;2;2;23;40;
312600044;865;467;14;873;0;384;0;8;384;8;1;5;0;14;370;4;2;272;2;2;71;17;
312600045;659;253;1;659;4;405;4;3;405;3;8;0;0;11;394;10;1;373;0;2;3;5;
312600046;701;334;4;707;0;363;0;6;363;6;6;0;1;13;350;8;0;312;4;1;14;11;
312600047;827;336;1;831;0;490;0;0;490;6;6;0;0;12;478;3;3;462;1;1;4;4;
312600048;824;387;0;831;0;437;0;0;437;1;1;0;0;2;435;4;2;402;2;2;18;5;
312600049;656;224;6;649;0;426;0;6;426;13;6;9;0;28;398;2;1;379;5;2;4;5;
312600050;970;629;2;970;1;339;1;0;339;0;3;0;0;3;336;25;2;163;2;2;134;8;
312600051;837;534;5;838;1;298;1;0;298;4;0;0;0;4;294;5;0;132;3;0;144;10;
312600052;853;510;0;857;0;343;0;2;343;6;0;0;0;6;337;14;2;148;3;2;161;7;
312600053;832;579;3;833;0;250;0;0;250;1;3;0;0;4;246;12;0;99;0;5;127;3;
312600054;826;534;1;834;0;291;0;0;291;1;4;0;0;5;286;19;2;137;0;1;119;8;
312600055;549;361;2;558;0;186;0;0;186;0;3;0;0;3;183;10;0;106;0;1;59;7;
312600056;660;446;1;213;0;213;0;1;213;0;2;0;0;2;211;8;0;113;1;2;87;0;
312600057;699;486;1;696;0;212;0;0;212;0;2;0;0;2;210;5;0;121;2;1;76;5;
312600058;690;448;3;699;0;239;0;0;239;1;0;2;0;3;236;4;0;135;2;0;91;4;
312600059;642;355;0;645;1;287;1;2;287;0;5;4;0;9;278;12;1;138;1;3;108;15;
312600060;649;377;1;658;0;271;0;8;271;4;3;0;0;7;264;20;0;162;1;1;72;8;
312600061;563;376;2;547;0;185;0;0;185;0;4;0;0;4;181;14;1;74;2;1;81;8;
312600062;476;303;1;483;0;172;0;0;172;1;4;0;0;5;167;8;1;102;1;3;45;7;
312600063;743;447;2;747;0;294;0;0;294;2;1;2;0;5;289;28;1;167;1;4;74;14;
312600064;518;280;2;523;0;236;0;9;236;3;4;0;0;7;229;15;1;142;0;4;60;7;
312600065;533;290;1;537;0;242;0;4;242;0;0;0;0;0;242;18;1;114;1;3;97;8;
312600066;643;362;1;651;0;280;0;0;280;0;3;2;0;5;275;26;1;147;1;3;92;5;
312600067;833;514;1;835;1;318;1;6;318;0;1;0;0;1;317;14;0;180;2;3;111;7;
312600068;654;408;1;655;0;245;0;1;245;1;2;0;0;3;242;13;1;159;1;1;62;5;
312600069;506;324;1;506;0;181;0;0;181;0;3;0;0;3;178;12;1;79;1;2;77;6;
312600070;679;446;2;683;0;231;0;4;231;0;2;2;0;4;227;12;1;139;1;6;60;8;
312600071;615;421;2;622;0;192;0;0;192;0;1;0;0;1;191;13;0;105;2;2;67;2;
312600072;770;456;1;774;2;313;2;0;313;0;10;0;0;10;303;16;1;178;0;6;92;10;
312600073;762;439;1;762;5;322;5;0;322;0;0;1;0;1;321;23;1;199;1;1;88;8;
312600074;700;419;6;705;0;275;0;0;275;0;7;2;1;10;265;14;2;164;1;1;74;9;
312600075;461;238;1;466;7;222;7;4;222;2;2;0;0;4;218;12;0;118;1;1;76;10;
312600076;740;494;2;742;1;244;1;3;244;1;0;1;0;2;242;19;1;145;2;1;68;6;
312600077;698;441;1;697;0;256;0;0;256;1;1;0;0;2;254;20;3;145;0;2;80;4;
312600078;602;335;2;607;0;265;0;5;265;1;2;0;0;3;262;21;0;153;0;0;72;16;
312600079;1000;662;7;760;0;331;0;3;331;2;5;0;0;7;324;21;2;213;3;0;71;14;
312600080;1000;669;0;766;6;331;6;0;331;2;5;0;0;7;324;19;2;203;5;2;80;13;
312600081;595;337;2;606;0;256;0;8;256;1;2;1;0;4;252;15;1;147;0;2;74;13;
312600082;1008;726;1;1015;0;281;0;5;281;0;1;0;0;1;280;17;0;161;0;2;97;3;
312600083;660;416;2;668;0;242;0;7;242;0;4;0;0;4;238;17;2;131;2;3;77;6;
312600084;666;432;0;673;0;234;0;0;234;0;1;3;0;4;230;14;2;149;0;4;57;4;
312600085;733;434;2;736;1;297;1;3;297;1;5;0;0;6;291;21;2;140;1;9;107;11;
312600086;642;393;1;642;2;248;2;4;248;2;2;0;0;4;244;22;1;124;1;7;83;6;
312600087;757;494;1;767;0;262;0;9;262;0;2;2;0;4;258;14;2;118;2;6;106;10;
312600088;793;537;7;793;7;249;7;0;249;2;5;0;0;7;242;12;1;135;1;1;86;6;
312600089;842;494;1;851;0;347;0;7;347;1;4;0;1;6;341;25;4;198;1;0;103;10;
312600090;604;336;1;610;0;267;0;0;267;0;3;0;0;3;264;34;1;131;0;3;83;12;
312600091;727;406;5;734;0;316;0;0;316;1;6;3;0;10;306;24;0;169;3;1;97;12;
312600092;713;423;0;717;3;290;3;0;290;2;1;5;0;8;282;23;0;149;4;0;98;8;
312600093;659;426;1;665;0;232;0;6;232;3;4;0;0;7;225;14;0;127;0;6;78;0;
312600094;700;418;1;699;0;281;0;0;281;2;3;3;0;8;273;21;3;134;4;1;102;8;
312600095;665;381;0;664;1;284;1;0;284;1;2;0;0;3;281;12;2;121;2;2;130;12;
312600096;710;422;0;666;0;288;0;9;288;1;4;0;0;5;283;19;3;137;0;1;116;7;
312600097;686;399;4;699;0;283;0;9;283;1;7;2;0;10;273;16;1;125;2;1;119;9;
312600098;820;537;4;823;0;279;0;0;279;0;0;0;0;0;279;6;1;150;3;2;109;8;
312600099;570;343;0;574;5;227;5;2;227;0;2;1;0;3;224;14;0;117;0;4;77;12;
312600100;490;278;2;493;0;210;0;4;210;0;2;0;0;2;208;24;1;103;1;0;71;8;
312600101;538;317;0;541;0;221;0;0;221;0;1;1;0;2;219;14;0;119;3;3;68;12;
312600102;378;135;1;426;0;242;0;3;242;11;2;17;0;30;212;11;1;161;2;6;26;5;
312600103;324;236;1;180;2;87;2;7;87;1;3;0;0;4;83;4;2;43;0;0;32;2;
329900001;100;0;0;0;0;0;0;0;54;0;0;0;0;1;53;10;0;22;0;1;17;3;
329900002;300;0;0;0;0;0;0;0;56;0;0;0;0;1;55;16;0;27;0;1;8;3;
329900003;1000;0;0;0;0;0;0;0;249;0;0;0;0;2;247;70;0;125;0;1;46;5;
329900004;1000;0;0;0;0;0;0;0;355;0;0;0;0;2;353;94;1;204;0;5;42;7;
329900005;499;0;0;0;0;0;0;0;89;0;0;0;0;0;89;8;3;71;2;3;0;2;
329900006;130;0;0;0;0;0;0;0;27;0;0;0;0;27;27;7;2;14;0;0;4;0;
329900007;1500;0;0;0;0;0;0;0;461;0;0;0;0;3;458;100;0;246;2;2;97;11;
329900008;500;0;0;0;0;0;0;0;259;0;0;0;0;6;253;82;2;146;3;3;8;9;
329900009;200;0;0;0;0;0;0;0;114;0;0;0;0;1;113;10;0;75;0;1;24;3;
329900010;704;0;0;0;0;0;0;0;120;0;0;0;0;1;119;5;0;99;0;1;14;0;
329900011;600;0;0;0;0;0;0;0;450;0;0;0;0;7;443;134;1;195;2;13;86;12;
329900012;600;0;0;0;0;0;0;0;232;0;0;0;0;0;232;53;2;102;2;6;61;6;
329900013;500;0;0;0;0;0;0;0;242;0;0;0;0;1;241;40;0;120;1;3;76;1;
329900014;300;0;0;0;0;0;0;0;59;0;0;0;0;0;59;3;0;47;0;2;6;1;
329900015;1000;0;0;0;0;0;0;0;605;0;0;0;0;3;602;60;2;339;3;6;177;15;
329900016;1000;0;0;0;0;0;0;0;436;0;0;0;0;13;423;52;0;206;2;3;151;9;
329900017;110;0;0;0;0;0;0;0;177;0;0;0;0;4;173;17;0;115;2;2;34;3;
329900018;113;0;0;0;0;0;0;0;161;0;0;0;0;1;161;14;1;99;1;4;38;4;
329900019;500;0;0;0;0;0;0;0;65;0;0;0;0;0;65;28;0;29;0;2;3;3;
329900020;1200;0;0;0;0;0;0;0;155;0;0;0;0;2;153;34;0;105;0;4;9;1;
329900021;300;0;0;0;0;0;0;0;138;0;0;0;0;0;138;7;4;95;0;2;30;0;
329900022;300;0;0;0;0;0;0;0;139;0;0;0;0;4;135;33;0;81;5;1;10;5;
329900023;1000;0;0;0;0;0;0;0;588;0;0;0;0;4;584;100;3;245;3;3;214;16;
329900024;800;0;0;0;0;0;0;0;183;0;0;0;0;3;180;22;1;84;0;2;63;8;
329900025;800;0;0;0;0;0;0;0;505;0;0;0;0;7;498;37;1;194;4;5;241;16;
329900026;800;0;0;0;0;0;0;0;265;0;0;0;0;1;264;26;2;106;1;8;107;14;
329900027;600;0;0;0;0;0;0;0;134;0;0;0;0;2;132;25;2;65;0;2;35;3;
329900028;1000;0;0;0;0;0;0;0;301;0;0;0;0;8;293;66;0;156;3;1;54;13;
329900029;1000;0;0;0;0;0;0;0;359;0;0;0;0;11;348;100;0;137;0;1;96;14;
329900030;300;0;0;0;0;0;0;0;122;0;0;0;0;3;119;28;1;68;0;3;14;5;
329900031;500;0;0;0;0;0;0;0;204;0;0;0;0;1;203;68;1;56;3;2;71;2;
329900032;1000;0;0;0;0;0;0;0;401;0;0;0;0;5;396;30;3;266;3;10;77;7;
329900033;1000;0;0;0;0;0;0;0;237;0;0;0;0;2;235;10;1;167;3;6;45;3;
329900034;120;0;0;0;0;0;0;0;36;0;0;0;0;1;35;6;0;21;0;3;3;2;
329900035;600;0;0;0;0;0;0;0;155;0;0;0;0;1;154;45;0;93;0;2;10;4;
329900036;400;0;0;0;0;0;0;0;218;0;0;0;0;4;214;21;2;143;2;2;36;8;
329900037;300;0;0;0;0;0;0;0;40;0;0;0;0;0;40;3;0;25;0;0;11;1;
329900038;250;0;0;0;0;0;0;0;52;0;0;0;0;1;51;10;0;35;0;4;1;1;
329900039;1000;0;0;0;0;0;0;0;223;0;0;0;0;6;217;23;0;162;11;0;15;6;
329900040;193;0;0;0;0;0;0;0;72;0;0;0;0;7;65;19;0;31;3;1;9;2;
329900041;200;0;0;0;0;0;0;0;61;0;0;0;0;1;60;19;0;32;1;0;7;1;
329900042;279;0;0;0;0;0;0;0;47;0;0;0;0;1;46;5;0;28;0;0;11;2;
329900043;2000;0;0;0;0;0;0;0;321;0;0;0;0;6;315;8;6;224;8;5;62;2;
329900044;1200;0;0;0;0;0;0;0;241;0;0;0;0;3;238;77;2;112;2;5;37;3;
329900045;300;0;0;0;0;0;0;0;90;0;0;0;0;1;89;20;0;37;0;3;23;6;
329900046;300;0;0;0;0;0;0;0;59;0;0;0;0;2;57;16;1;23;0;4;11;2;
329900047;150;0;0;0;0;0;0;0;119;0;0;0;0;0;119;41;0;55;1;2;12;8;
329900048;1000;0;0;0;0;0;0;0;115;0;0;0;0;0;115;26;0;66;1;0;12;10;
329900049;300;0;0;0;0;0;0;0;104;0;0;0;0;1;103;18;2;66;0;3;14;0;
329900050;300;0;0;0;0;0;0;0;97;0;0;0;0;1;96;12;0;70;0;4;6;4;
329900051;650;0;0;0;0;0;0;0;281;0;0;0;0;5;276;28;0;215;0;5;24;4;
329900052;650;0;0;0;0;0;0;0;168;0;0;0;0;0;168;11;3;141;0;1;9;3;
329900053;200;0;0;0;0;0;0;0;93;0;0;0;0;1;92;4;1;66;0;2;17;2;
329900054;200;0;0;0;0;0;0;0;113;0;0;0;0;4;109;1;1;96;2;2;3;4;
329900055;200;0;0;0;0;0;0;0;90;0;0;0;0;0;90;9;5;46;3;7;17;3;
329900056;800;0;0;0;0;0;0;0;220;0;0;0;0;2;218;87;0;113;1;5;11;1;
329900057;650;0;0;0;0;0;0;0;142;0;0;0;0;1;141;43;2;46;1;2;43;4;
329900058;650;0;0;0;0;0;0;0;248;0;0;0;0;0;248;81;1;98;4;3;59;2;
329900059;549;0;0;0;0;0;0;0;128;0;0;0;0;2;126;69;0;43;0;2;11;1;
329900060;400;0;0;0;0;0;0;0;66;0;0;0;0;0;66;30;0;22;1;2;10;1;
329900061;400;0;0;0;0;0;0;0;45;0;0;0;0;0;45;14;2;17;0;3;7;2;
329900062;287;0;0;0;0;0;0;0;35;0;0;0;0;0;35;5;0;16;0;1;13;0;
329900063;1200;0;0;0;0;0;0;0;156;0;0;0;0;0;156;63;1;71;1;3;13;4;
329900064;1200;0;0;0;0;0;0;0;152;0;0;0;0;1;151;68;0;61;2;1;16;3;
329900065;1180;0;0;0;0;0;0;0;178;0;0;0;0;3;175;77;1;87;0;2;3;5;
329900066;200;0;0;0;0;0;0;0;105;0;0;0;0;0;105;34;0;44;0;0;25;2;
329900067;400;0;0;0;0;0;0;0;88;0;0;0;0;2;86;9;0;69;1;2;2;3;
329900068;290;0;0;0;0;0;0;0;42;0;0;0;0;1;41;1;0;39;0;0;1;0;
329900069;500;0;0;0;0;0;0;0;108;0;0;0;0;0;108;30;2;58;1;2;11;4;
329900070;120;0;0;0;0;0;0;0;38;0;0;0;0;0;38;7;0;23;0;0;7;1;
329900071;500;0;0;0;0;0;0;0;90;0;0;0;0;0;90;18;1;62;0;0;7;2;
329900072;500;0;0;0;0;0;0;0;74;0;0;0;0;1;73;14;0;21;4;2;30;2;
329900073;500;0;0;0;0;0;0;0;110;0;0;0;0;2;108;17;1;68;8;0;12;2;
329900074;120;0;0;0;0;0;0;0;62;0;0;0;0;1;61;5;0;47;0;1;5;3;
329900075;200;0;0;0;0;0;0;0;92;0;0;0;0;4;88;27;0;41;0;0;15;5;
329900076;800;0;0;0;0;0;0;0;86;0;0;0;0;2;84;3;0;75;3;0;3;0;
329900077;1000;0;0;0;0;0;0;0;369;0;0;0;0;15;354;3;1;343;3;1;0;3;
329900078;1000;0;0;0;0;0;0;0;541;0;0;0;0;10;531;0;5;521;2;1;2;0;
329900079;1000;0;0;0;0;0;0;0;249;0;0;0;0;2;247;3;1;241;0;1;0;1;
329900080;1000;0;0;0;0;0;0;0;645;0;0;0;0;8;637;3;3;623;1;3;3;1;
329900081;1005;0;0;0;0;0;0;0;456;0;0;0;0;5;451;1;0;449;0;0;0;1;
329900082;1009;0;0;0;0;0;0;0;625;0;0;0;0;6;619;2;4;608;0;1;4;0;
329900083;1350;0;0;0;0;0;0;0;1212;0;0;0;0;17;1192;5;16;1152;9;5;4;1;
329900084;1300;0;0;0;0;0;0;0;1216;0;0;0;0;14;1202;1;3;1193;2;3;0;0;
329900085;1012;0;0;0;0;0;0;0;588;0;0;0;0;1;587;0;1;580;1;1;2;2;
329900086;1000;0;0;0;0;0;0;0;568;0;0;0;0;11;557;0;0;553;0;1;1;2;
329900087;1708;0;0;0;0;0;0;0;1204;0;0;0;0;68;1136;4;1;1124;3;3;0;1;
329900088;1200;0;0;0;0;0;0;0;373;0;0;0;0;20;343;7;2;329;0;0;2;3;
329900089;1200;0;0;0;0;0;0;0;832;0;0;0;0;32;800;2;2;793;1;1;1;0;
329900090;1200;0;0;0;0;0;0;0;568;0;0;0;0;38;530;0;0;530;0;0;0;0;
329900091;1200;0;0;0;0;0;0;0;899;0;0;0;0;39;860;0;3;851;1;3;2;0;
329900092;1200;0;0;0;0;0;0;0;748;0;0;0;0;28;720;0;2;710;2;0;2;4;
329900093;1200;0;0;0;0;0;0;0;651;0;0;0;0;4;647;0;1;639;4;1;2;0;
329900094;1190;0;0;0;0;0;0;0;386;0;0;0;0;1;385;1;3;377;1;2;1;0;
329900095;1201;0;0;0;0;0;0;0;326;0;0;0;0;0;326;2;2;312;4;4;2;0;
329900096;1200;0;0;0;0;0;0;0;684;0;0;0;0;0;684;2;0;680;1;0;0;1;
329900097;1200;0;0;0;0;0;0;0;1087;0;0;0;0;23;1064;2;3;1058;1;0;0;0;
329900098;1199;0;0;0;0;0;0;0;318;0;0;0;0;2;316;0;1;315;0;0;0;0;
329900099;1200;0;0;0;0;0;0;0;260;0;0;0;0;1;259;0;0;259;0;0;0;0;
329900100;1200;0;0;0;0;0;0;0;309;0;0;0;0;3;306;0;4;299;1;0;1;1;
329900101;1200;0;0;0;0;0;0;0;1003;0;0;0;0;21;982;1;1;971;2;4;1;2;
329900102;1200;0;0;0;0;0;0;0;981;0;0;0;0;15;966;1;5;956;2;0;0;2;
329900103;1200;0;0;0;0;0;0;0;669;0;0;0;0;9;660;1;2;655;1;1;0;0;
329900104;1200;0;0;0;0;0;0;0;474;0;0;0;0;6;468;0;0;465;2;0;0;1;
329900105;1200;0;0;0;0;0;0;0;455;0;0;0;0;41;414;1;2;409;1;0;0;1;
329900106;1200;0;0;0;0;0;0;0;628;0;0;0;0;18;610;2;4;594;4;1;0;5;
329900107;1000;0;0;0;0;0;0;0;898;0;0;0;0;2;896;4;0;887;4;1;0;0;
329900108;1200;0;0;0;0;0;0;0;307;0;0;0;0;30;277;0;0;275;0;0;2;0;
329900109;1300;0;0;0;0;0;0;0;1297;0;0;0;0;17;1280;1;2;1271;2;2;2;0;
329900110;1300;0;0;0;0;0;0;0;1241;0;0;0;0;10;1231;0;1;1227;2;1;0;0;
329900111;1300;0;0;0;0;0;0;0;1227;0;0;0;0;32;1195;0;3;1189;1;0;1;1;
329900112;1300;0;0;0;0;0;0;0;1073;0;0;0;0;24;1049;6;5;1035;3;0;0;0;
329900113;1300;0;0;0;0;0;0;0;1077;0;0;0;0;20;1057;0;6;1044;3;1;1;2;
329900114;1300;0;0;0;0;0;0;0;1106;0;0;0;0;19;1087;0;1;1079;1;4;1;1;
329900115;1200;0;0;0;0;0;0;0;447;0;0;0;0;7;440;0;1;438;1;0;0;0;
329900116;1200;0;0;0;0;0;0;0;388;0;0;0;0;11;377;0;2;373;1;1;0;0;
329900117;1000;0;0;0;0;0;0;0;911;0;0;0;0;20;891;0;1;887;1;2;0;0;
329900118;1200;0;0;0;0;0;0;0;204;0;0;0;0;0;204;0;2;202;0;0;0;0;
329900119;350;0;0;0;0;0;0;0;78;0;0;0;0;0;78;9;0;57;3;0;8;1;
329900120;100;0;0;0;0;0;0;0;46;0;0;0;0;0;46;2;0;36;1;1;2;4;
329900121;600;0;0;0;0;0;0;0;181;0;0;0;0;4;177;64;1;76;1;0;25;10;
329900122;200;0;0;0;0;0;0;0;65;0;0;0;0;1;64;8;0;33;1;0;20;2;
329900123;600;0;0;0;0;0;0;0;362;0;0;0;0;10;352;112;3;187;1;9;35;5;
329900124;599;0;0;0;0;0;0;0;417;0;0;0;0;17;400;133;0;214;2;4;36;11;
329900125;500;0;0;0;0;0;0;0;107;0;0;0;0;2;105;34;1;59;0;3;5;3;
329900126;300;0;0;0;0;0;0;0;64;0;0;0;0;1;63;17;0;36;0;3;6;1;
329900127;1000;0;0;0;0;0;0;0;280;0;0;0;0;1;279;91;1;165;1;7;11;3;
329900128;1000;0;0;0;0;0;0;0;229;0;0;0;0;5;224;82;0;109;0;5;22;6;
329900129;1000;0;0;0;0;0;0;0;227;0;0;0;0;3;224;81;1;105;2;5;20;10;
329900130;1000;0;0;0;0;0;0;0;201;0;0;0;0;1;200;68;1;105;0;7;13;6;
329900131;1000;0;0;0;0;0;0;0;282;0;0;0;0;2;280;77;1;149;3;2;39;9;
329900132;1000;0;0;0;0;0;0;0;237;0;0;0;0;4;233;75;3;115;0;6;23;11;
329900133;1000;0;0;0;0;0;0;0;108;0;0;0;0;4;104;27;0;57;0;0;15;5;
329900134;550;0;0;0;0;0;0;0;158;0;0;0;0;1;157;49;0;84;0;1;16;7;
329900135;500;0;0;0;0;0;0;0;163;0;0;0;0;1;162;51;2;78;0;2;21;8;
329900136;500;0;0;0;0;0;0;0;141;0;0;0;0;2;139;44;1;66;1;2;22;3;
329900137;1000;0;0;0;0;0;0;0;257;0;0;0;0;2;255;86;2;126;0;2;29;10;
329900138;700;0;0;0;0;0;0;0;313;0;0;0;0;2;311;54;4;176;4;9;58;6;
329900139;300;0;0;0;0;0;0;0;52;0;0;0;0;1;51;2;0;41;0;3;5;0;
329900140;1000;0;0;0;0;0;0;0;185;0;0;0;0;1;184;67;1;91;0;5;18;2;
329900141;431;0;0;0;0;0;0;0;117;0;0;0;0;0;117;22;1;63;0;2;21;8;
329900142;250;0;0;0;0;0;0;0;101;0;0;0;0;1;100;40;0;41;1;0;17;1;
329900143;400;0;0;0;0;0;0;0;83;0;0;0;0;1;82;12;0;52;1;1;16;0;
329900144;400;0;0;0;0;0;0;0;53;0;0;0;0;0;53;0;1;32;1;2;9;8;
